outcome,method,test_start,pre_days,treated_units,pre_gap,observed_test_gap,twfe,predicted_untreated_test_gap,bias_term,adjusted_estimate,status
total,twfe,2014-03-26,84,94,0.0030836480304565405,0.021084412041858843,0.0180007640114023,0.0030836480304565405,0.0,0.0180007640114023,ok
total,linear_gap,2014-03-26,84,94,0.0030836480304565405,0.021084412041858843,0.0180007640114023,0.010481581025398905,0.007397932994942365,0.010602831016459938,ok
total,synthetic_control,2014-03-26,84,94,0.0030836480304565405,0.021084412041858843,0.0180007640114023,0.0028605148620392054,-0.00022313316841733512,0.018223897179819638,exact_mean_match
total,random_forest,2014-03-26,84,94,0.0030836480304565405,0.021084412041858843,0.0180007640114023,0.0030338088667874585,-4.9839163669082066e-05,0.018050603175071383,ok
total,gradient_boosting,2014-03-26,84,94,0.0030836480304565405,0.021084412041858843,0.0180007640114023,0.006365878287139716,0.0032822302566831753,0.014718533754719126,ok
total,twfe,2014-04-09,84,94,0.007404976819870439,-0.00490998363338789,-0.012314960453258328,0.007404976819870439,0.0,-0.012314960453258328,ok
total,linear_gap,2014-04-09,84,94,0.007404976819870439,-0.00490998363338789,-0.012314960453258328,0.0161755545534001,0.008770577733529659,-0.02108553818678799,ok
total,synthetic_control,2014-04-09,84,94,0.007404976819870439,-0.00490998363338789,-0.012314960453258328,0.007164507824497325,-0.00024046899537311355,-0.012074491457885216,exact_mean_match
total,random_forest,2014-04-09,84,94,0.007404976819870439,-0.00490998363338789,-0.012314960453258328,0.01050449888902615,0.003099522069155712,-0.01541448252241404,ok
total,gradient_boosting,2014-04-09,84,94,0.007404976819870439,-0.00490998363338789,-0.012314960453258328,0.013521156545308591,0.0061161797254381525,-0.01843114017869648,ok
total,twfe,2014-04-23,84,94,0.0054323631451291005,0.002820760799484204,-0.0026116023456448966,0.0054323631451291005,0.0,-0.0026116023456448966,ok
total,linear_gap,2014-04-23,84,94,0.0054323631451291005,0.002820760799484204,-0.0026116023456448966,0.00922633302487491,0.0037939698797458087,-0.006405572225390705,ok
total,synthetic_control,2014-04-23,84,94,0.0054323631451291005,0.002820760799484204,-0.0026116023456448966,0.0034109013477729953,-0.002021461797356105,-0.0005901405482887914,exact_mean_match
total,random_forest,2014-04-23,84,94,0.0054323631451291005,0.002820760799484204,-0.0026116023456448966,0.00015046149885233868,-0.005281901646276762,0.002670299300631865,ok
total,gradient_boosting,2014-04-23,84,94,0.0054323631451291005,0.002820760799484204,-0.0026116023456448966,-0.00012995592387471229,-0.005562319069003813,0.002950716723358916,ok
total,twfe,2014-05-07,84,94,0.006476236529428018,0.004841789416257504,-0.0016344471131705136,0.006476236529428018,0.0,-0.0016344471131705136,ok
total,linear_gap,2014-05-07,84,94,0.006476236529428018,0.004841789416257504,-0.0016344471131705136,0.00454141838422451,-0.0019348181452035077,0.0003003710320329941,ok
total,synthetic_control,2014-05-07,84,94,0.006476236529428018,0.004841789416257504,-0.0016344471131705136,0.0066768242011391865,0.0002005876717111688,-0.0018350347848816824,exact_mean_match
total,random_forest,2014-05-07,84,94,0.006476236529428018,0.004841789416257504,-0.0016344471131705136,0.0008647329407593228,-0.005611503588668695,0.003977056475498181,ok
total,gradient_boosting,2014-05-07,84,94,0.006476236529428018,0.004841789416257504,-0.0016344471131705136,0.002351578402388529,-0.004124658127039488,0.0024902110138689745,ok
total,twfe,2014-05-21,84,94,0.007006808203616715,-0.007848534444279125,-0.01485534264789584,0.007006808203616715,0.0,-0.01485534264789584,ok
total,linear_gap,2014-05-21,84,94,0.007006808203616715,-0.007848534444279125,-0.01485534264789584,-0.0002238179499747748,-0.00723062615359149,-0.00762471649430435,ok
total,synthetic_control,2014-05-21,84,94,0.007006808203616715,-0.007848534444279125,-0.01485534264789584,0.007365404843271001,0.00035859663965428536,-0.015213939287550125,exact_mean_match
total,random_forest,2014-05-21,84,94,0.007006808203616715,-0.007848534444279125,-0.01485534264789584,0.0013670130696178296,-0.005639795133998886,-0.009215547513896954,ok
total,gradient_boosting,2014-05-21,84,94,0.007006808203616715,-0.007848534444279125,-0.01485534264789584,0.003819559816995861,-0.0031872483866208544,-0.011668094261274985,ok
total,twfe,2014-06-04,84,94,0.003720717816462497,-0.0035089024450726566,-0.007229620261535154,0.003720717816462497,0.0,-0.007229620261535154,ok
total,linear_gap,2014-06-04,84,94,0.003720717816462497,-0.0035089024450726566,-0.007229620261535154,-0.009521464541178866,-0.013242182357641363,0.006012562096106209,ok
total,synthetic_control,2014-06-04,84,94,0.003720717816462497,-0.0035089024450726566,-0.007229620261535154,0.004080589501899691,0.00035987168543719387,-0.007589491946972348,exact_mean_match
total,random_forest,2014-06-04,84,94,0.003720717816462497,-0.0035089024450726566,-0.007229620261535154,-0.002658273933916939,-0.006378991750379436,-0.0008506285111557176,ok
total,gradient_boosting,2014-06-04,84,94,0.003720717816462497,-0.0035089024450726566,-0.007229620261535154,-0.006451775182918327,-0.010172492999380825,0.002942872737845671,ok
total,twfe,2014-06-18,84,94,0.0016473626845967284,-0.00334151663938898,-0.004988879323985708,0.0016473626845967284,0.0,-0.004988879323985708,ok
total,linear_gap,2014-06-18,84,94,0.0016473626845967284,-0.00334151663938898,-0.004988879323985708,-0.013053499923013386,-0.014700862607610114,0.009711983283624406,ok
total,synthetic_control,2014-06-18,84,94,0.0016473626845967284,-0.00334151663938898,-0.004988879323985708,0.0017530114970669766,0.00010564881247024827,-0.005094528136455956,exact_mean_match
total,random_forest,2014-06-18,84,94,0.0016473626845967284,-0.00334151663938898,-0.004988879323985708,-0.0025762830243020243,-0.004223645708898753,-0.000765233615086955,ok
total,gradient_boosting,2014-06-18,84,94,0.0016473626845967284,-0.00334151663938898,-0.004988879323985708,-0.004659142923379178,-0.006306505607975906,0.0013176262839901982,ok
total,twfe,2014-07-02,84,94,-0.0020148291424887167,0.005009175221941179,0.007024004364429896,-0.0020148291424887167,0.0,0.007024004364429896,ok
total,linear_gap,2014-07-02,84,94,-0.0020148291424887167,0.005009175221941179,0.007024004364429896,-0.0054209386061045035,-0.003406109463615787,0.010430113828045684,ok
total,synthetic_control,2014-07-02,84,94,-0.0020148291424887167,0.005009175221941179,0.007024004364429896,-0.0018557999517250894,0.00015902919076362732,0.0068649751736662695,exact_mean_match
total,random_forest,2014-07-02,84,94,-0.0020148291424887167,0.005009175221941179,0.007024004364429896,-0.0016578537500022612,0.0003569753924864555,0.006667028971943441,ok
total,gradient_boosting,2014-07-02,84,94,-0.0020148291424887167,0.005009175221941179,0.007024004364429896,-0.003590191916696327,-0.0015753627742076102,0.008599367138637506,ok
total,twfe,2014-07-16,84,94,-0.00047972122440207506,-0.0013824827654614906,-0.0009027615410594156,-0.00047972122440207506,0.0,-0.0009027615410594156,ok
total,linear_gap,2014-07-16,84,94,-0.00047972122440207506,-0.0013824827654614906,-0.0009027615410594156,-0.0015973421344645884,-0.0011176209100625134,0.0002148593690030978,ok
total,synthetic_control,2014-07-16,84,94,-0.00047972122440207506,-0.0013824827654614906,-0.0009027615410594156,-0.0003431262972643685,0.00013659492713770653,-0.001039356468197122,exact_mean_match
total,random_forest,2014-07-16,84,94,-0.00047972122440207506,-0.0013824827654614906,-0.0009027615410594156,0.00018354357732574246,0.0006632648017278175,-0.001566026342787233,ok
total,gradient_boosting,2014-07-16,84,94,-0.00047972122440207506,-0.0013824827654614906,-0.0009027615410594156,0.002880721454380903,0.0033604426787829777,-0.004263204219842393,ok
total,twfe,2014-07-30,84,94,-0.0015274323784962075,0.005040172593364081,0.006567604971860288,-0.0015274323784962075,0.0,0.006567604971860288,ok
total,linear_gap,2014-07-30,84,94,-0.0015274323784962075,0.005040172593364081,0.006567604971860288,-0.0011334065511271279,0.0003940258273690796,0.006173579144491208,ok
total,synthetic_control,2014-07-30,84,94,-0.0015274323784962075,0.005040172593364081,0.006567604971860288,-0.0010946898193303876,0.00043274255916581983,0.0061348624126944685,exact_mean_match
total,random_forest,2014-07-30,84,94,-0.0015274323784962075,0.005040172593364081,0.006567604971860288,-0.0010790418503466512,0.0004483905281495563,0.006119214443710732,ok
total,gradient_boosting,2014-07-30,84,94,-0.0015274323784962075,0.005040172593364081,0.006567604971860288,0.0007660552371292046,0.002293487615625412,0.004274117356234876,ok
total,twfe,2014-08-13,84,94,-0.0015418240152282705,0.004066855130684918,0.005608679145913189,-0.0015418240152282705,0.0,0.005608679145913189,ok
total,linear_gap,2014-08-13,84,94,-0.0015418240152282705,0.004066855130684918,0.005608679145913189,0.006991385385597551,0.008533209400825822,-0.0029245302549126334,ok
total,synthetic_control,2014-08-13,84,94,-0.0015418240152282705,0.004066855130684918,0.005608679145913189,-0.0013010498450475166,0.00024077417018075384,0.005367904975732435,exact_mean_match
total,random_forest,2014-08-13,84,94,-0.0015418240152282705,0.004066855130684918,0.005608679145913189,0.00021184941763790244,0.0017536734328661729,0.003855005713047016,ok
total,gradient_boosting,2014-08-13,84,94,-0.0015418240152282705,0.004066855130684918,0.005608679145913189,0.004064964789536599,0.00560678880476487,1.890341148318847e-06,ok
total,twfe,2014-08-27,84,94,0.0009805501826778422,0.006453652730248473,0.00547310254757063,0.0009805501826778422,0.0,0.00547310254757063,ok
total,linear_gap,2014-08-27,84,94,0.0009805501826778422,0.006453652730248473,0.00547310254757063,0.008032099164371144,0.0070515489816933025,-0.0015784464341226725,ok
total,synthetic_control,2014-08-27,84,94,0.0009805501826778422,0.006453652730248473,0.00547310254757063,0.0007904143153937768,-0.00019013586728406544,0.005663238414854695,exact_mean_match
total,random_forest,2014-08-27,84,94,0.0009805501826778422,0.006453652730248473,0.00547310254757063,0.003828098103750541,0.0028475479210726988,0.0026255546264979312,ok
total,gradient_boosting,2014-08-27,84,94,0.0009805501826778422,0.006453652730248473,0.00547310254757063,0.007081484287639194,0.006100934104961351,-0.000627831557390721,ok
total,twfe,2014-09-10,84,94,0.003172876178195326,0.019962307196349748,0.016789431018154423,0.003172876178195326,0.0,0.016789431018154423,ok
total,linear_gap,2014-09-10,84,94,0.003172876178195326,0.019962307196349748,0.016789431018154423,0.009739879885691515,0.0065670037074961884,0.010222427310658234,ok
total,synthetic_control,2014-09-10,84,94,0.003172876178195326,0.019962307196349748,0.016789431018154423,0.0030850959762810937,-8.778020191423227e-05,0.016877211220068654,exact_mean_match
total,random_forest,2014-09-10,84,94,0.003172876178195326,0.019962307196349748,0.016789431018154423,0.003298097799684286,0.00012522162148896013,0.016664209396665464,ok
total,gradient_boosting,2014-09-10,84,94,0.003172876178195326,0.019962307196349748,0.016789431018154423,0.007479323894467963,0.004306447716272636,0.012482983301881787,ok
total,twfe,2014-09-24,84,94,0.0063994811335236846,0.002485989188116845,-0.0039134919454068395,0.0063994811335236846,0.0,-0.0039134919454068395,ok
total,linear_gap,2014-09-24,84,94,0.0063994811335236846,0.002485989188116845,-0.0039134919454068395,0.016538219670194067,0.010138738536670383,-0.014052230482077223,ok
total,synthetic_control,2014-09-24,84,94,0.0063994811335236846,0.002485989188116845,-0.0039134919454068395,0.00763121821199662,0.0012317370784729357,-0.005145229023879775,exact_mean_match
total,random_forest,2014-09-24,84,94,0.0063994811335236846,0.002485989188116845,-0.0039134919454068395,0.008995155871388159,0.0025956747378644745,-0.006509166683271314,ok
total,gradient_boosting,2014-09-24,84,94,0.0063994811335236846,0.002485989188116845,-0.0039134919454068395,0.016026716362735186,0.009627235229211502,-0.013540727174618341,ok
total,twfe,2014-10-08,84,94,0.005530226274907123,0.004482219907751823,-0.0010480063671552999,0.005530226274907123,0.0,-0.0010480063671552999,ok
total,linear_gap,2014-10-08,84,94,0.005530226274907123,0.004482219907751823,-0.0010480063671552999,0.011611563724344555,0.006081337449437432,-0.007129343816592732,ok
total,synthetic_control,2014-10-08,84,94,0.005530226274907123,0.004482219907751823,-0.0010480063671552999,0.005416005387641552,-0.00011422088726557086,-0.000933785479889729,exact_mean_match
total,random_forest,2014-10-08,84,94,0.005530226274907123,0.004482219907751823,-0.0010480063671552999,0.0035396618982602773,-0.001990564376646846,0.000942558009491546,ok
total,gradient_boosting,2014-10-08,84,94,0.005530226274907123,0.004482219907751823,-0.0010480063671552999,0.00373048767366585,-0.0017997386012412733,0.0007517322340859734,ok
total,twfe,2014-10-22,84,94,0.006826433023241531,0.0027339681595000757,-0.004092464863741456,0.006826433023241531,0.0,-0.004092464863741456,ok
total,linear_gap,2014-10-22,84,94,0.006826433023241531,0.0027339681595000757,-0.004092464863741456,0.007059877912429608,0.00023344488918807752,-0.004325909752929533,ok
total,synthetic_control,2014-10-22,84,94,0.006826433023241531,0.0027339681595000757,-0.004092464863741456,0.007486955441378992,0.0006605224181374615,-0.004752987281878917,exact_mean_match
total,random_forest,2014-10-22,84,94,0.006826433023241531,0.0027339681595000757,-0.004092464863741456,0.004280198007847258,-0.0025462350153942727,-0.001546229848347183,ok
total,gradient_boosting,2014-10-22,84,94,0.006826433023241531,0.0027339681595000757,-0.004092464863741456,0.003837188117925841,-0.00298924490531569,-0.0011032199584257657,ok
total,twfe,2014-11-05,84,94,0.007003929876270301,-0.0021078212567574263,-0.009111751133027727,0.007003929876270301,0.0,-0.009111751133027727,ok
total,linear_gap,2014-11-05,84,94,0.007003929876270301,-0.0021078212567574263,-0.009111751133027727,0.00453832587257672,-0.0024656040036935807,-0.0066461471293341465,ok
total,synthetic_control,2014-11-05,84,94,0.007003929876270301,-0.0021078212567574263,-0.009111751133027727,0.00871642649642021,0.0017124966201499088,-0.010824247753177637,exact_mean_match
total,random_forest,2014-11-05,84,94,0.007003929876270301,-0.0021078212567574263,-0.009111751133027727,0.0038021924335260885,-0.0032017374427442125,-0.005910013690283515,ok
total,gradient_boosting,2014-11-05,84,94,0.007003929876270301,-0.0021078212567574263,-0.009111751133027727,0.005515966483942459,-0.0014879633923278422,-0.007623787740699885,ok
total,twfe,2014-11-19,84,94,0.005930313776058457,0.00996255517532113,0.004032241399262674,0.005930313776058457,0.0,0.004032241399262674,ok
total,linear_gap,2014-11-19,84,94,0.005930313776058457,0.00996255517532113,0.004032241399262674,-0.001540763415856409,-0.0074710771919148655,0.01150331859117754,ok
total,synthetic_control,2014-11-19,84,94,0.005930313776058457,0.00996255517532113,0.004032241399262674,0.004936283811722078,-0.0009940299643363786,0.0050262713635990525,exact_mean_match
total,random_forest,2014-11-19,84,94,0.005930313776058457,0.00996255517532113,0.004032241399262674,0.0013813348782074966,-0.00454897889785096,0.008581220297113633,ok
total,gradient_boosting,2014-11-19,84,94,0.005930313776058457,0.00996255517532113,0.004032241399262674,0.001115460655039736,-0.00481485312101872,0.008847094520281394,ok
total,twfe,2014-12-03,84,94,0.0055695634153080965,-0.002758766056638398,-0.008328329471946495,0.0055695634153080965,0.0,-0.008328329471946495,ok
total,linear_gap,2014-12-03,84,94,0.0055695634153080965,-0.002758766056638398,-0.008328329471946495,-0.0001454925573360335,-0.00571505597264413,-0.0026132734993023644,ok
total,synthetic_control,2014-12-03,84,94,0.0055695634153080965,-0.002758766056638398,-0.008328329471946495,0.005431418975994022,-0.00013814443931407447,-0.00819018503263242,exact_mean_match
total,random_forest,2014-12-03,84,94,0.0055695634153080965,-0.002758766056638398,-0.008328329471946495,0.002968876986037641,-0.0026006864292704556,-0.005727643042676039,ok
total,gradient_boosting,2014-12-03,84,94,0.0055695634153080965,-0.002758766056638398,-0.008328329471946495,0.00515348909397085,-0.0004160743213372465,-0.007912255150609247,ok
total,twfe,2014-12-17,84,94,0.0023515934420189734,-0.008821851906958292,-0.011173445348977264,0.0023515934420189734,0.0,-0.011173445348977264,ok
total,linear_gap,2014-12-17,84,94,0.0023515934420189734,-0.008821851906958292,-0.011173445348977264,0.0015632615413154012,-0.0007883319007035722,-0.010385113448273692,ok
total,synthetic_control,2014-12-17,84,94,0.0023515934420189734,-0.008821851906958292,-0.011173445348977264,0.002618189289599747,0.0002665958475807735,-0.011440041196558039,exact_mean_match
total,random_forest,2014-12-17,84,94,0.0023515934420189734,-0.008821851906958292,-0.011173445348977264,0.00015545332678341427,-0.002196140115235559,-0.008977305233741704,ok
total,gradient_boosting,2014-12-17,84,94,0.0023515934420189734,-0.008821851906958292,-0.011173445348977264,-0.0005019214703615659,-0.0028535149123805393,-0.008319930436596725,ok
total,twfe,2014-12-31,84,94,0.001043873384298916,-0.004965778901949113,-0.0060096522862480295,0.001043873384298916,0.0,-0.0060096522862480295,ok
total,linear_gap,2014-12-31,84,94,0.001043873384298916,-0.004965778901949113,-0.0060096522862480295,-0.006228509418138937,-0.007272382802437853,0.0012627305161898236,ok
total,synthetic_control,2014-12-31,84,94,0.001043873384298916,-0.004965778901949113,-0.0060096522862480295,0.0011421603925506132,9.828700825169714e-05,-0.006107939294499726,exact_mean_match
total,random_forest,2014-12-31,84,94,0.001043873384298916,-0.004965778901949113,-0.0060096522862480295,-0.0007164861607399834,-0.0017603595450388994,-0.0042492927412091305,ok
total,gradient_boosting,2014-12-31,84,94,0.001043873384298916,-0.004965778901949113,-0.0060096522862480295,-0.00397155428274675,-0.005015427667045666,-0.0009942246192023631,ok
total,twfe,2015-01-14,84,94,-0.00047204568481164206,0.0007067400684421972,0.0011787857532538392,-0.00047204568481164206,0.0,0.0011787857532538392,ok
total,linear_gap,2015-01-14,84,94,-0.00047204568481164206,0.0007067400684421972,0.0011787857532538392,-0.008034763307416188,-0.007562717622604546,0.008741503375858386,ok
total,synthetic_control,2015-01-14,84,94,-0.00047204568481164206,0.0007067400684421972,0.0011787857532538392,-0.0006274868520765794,-0.0001554411672649374,0.0013342269205187766,exact_mean_match
total,random_forest,2015-01-14,84,94,-0.00047204568481164206,0.0007067400684421972,0.0011787857532538392,-0.0026267459496959415,-0.0021547002648842992,0.0033334860181381386,ok
total,gradient_boosting,2015-01-14,84,94,-0.00047204568481164206,0.0007067400684421972,0.0011787857532538392,-0.004105147288339771,-0.003633101603528129,0.0048118873567819685,ok
total,twfe,2015-01-28,84,94,-0.0009402535998280672,0.008462282398452613,0.00940253599828068,-0.0009402535998280672,0.0,0.00940253599828068,ok
total,linear_gap,2015-01-28,84,94,-0.0009402535998280672,0.008462282398452613,0.00940253599828068,-0.002839200261458853,-0.0018989466616307856,0.011301482659911466,ok
total,synthetic_control,2015-01-28,84,94,-0.0009402535998280672,0.008462282398452613,0.00940253599828068,-0.00081970775731037,0.00012054584251769711,0.009281990155762983,exact_mean_match
total,random_forest,2015-01-28,84,94,-0.0009402535998280672,0.008462282398452613,0.00940253599828068,-0.0002553263410972596,0.0006849272587308075,0.008717608739549873,ok
total,gradient_boosting,2015-01-28,84,94,-0.0009402535998280672,0.008462282398452613,0.00940253599828068,0.00017977379576222113,0.0011200273955902884,0.008282508602690392,ok
total,twfe,2015-02-11,84,94,0.0009488885818673056,0.010266329415265583,0.009317440833398277,0.0009488885818673056,0.0,0.009317440833398277,ok
total,linear_gap,2015-02-11,84,94,0.0009488885818673056,0.010266329415265583,0.009317440833398277,0.004575551620262229,0.003626663038394924,0.005690777795003353,ok
total,synthetic_control,2015-02-11,84,94,0.0009488885818673056,0.010266329415265583,0.009317440833398277,0.000743688255351399,-0.00020520032651590654,0.009522641159914184,exact_mean_match
total,random_forest,2015-02-11,84,94,0.0009488885818673056,0.010266329415265583,0.009317440833398277,0.003699099789913326,0.0027502112080460203,0.006567229625352257,ok
total,gradient_boosting,2015-02-11,84,94,0.0009488885818673056,0.010266329415265583,0.009317440833398277,0.007191700477712143,0.006242811895844838,0.0030746289375534397,ok
total,twfe,2015-02-25,84,94,0.001682862055202481,0.00902023508406487,0.0073373730288623885,0.001682862055202481,0.0,0.0073373730288623885,ok
total,linear_gap,2015-02-25,84,94,0.001682862055202481,0.00902023508406487,0.0073373730288623885,0.012875885913752301,0.01119302385854982,-0.003855650829687431,ok
total,synthetic_control,2015-02-25,84,94,0.001682862055202481,0.00902023508406487,0.0073373730288623885,0.0012927838184181514,-0.00039007823678432964,0.007727451265646718,exact_mean_match
total,random_forest,2015-02-25,84,94,0.001682862055202481,0.00902023508406487,0.0073373730288623885,0.0033190659632708337,0.0016362039080683526,0.005701169120794036,ok
total,gradient_boosting,2015-02-25,84,94,0.001682862055202481,0.00902023508406487,0.0073373730288623885,0.007432617149235955,0.005749755094033474,0.0015876179348289143,ok
total,twfe,2015-03-11,84,94,0.003641084093211754,-0.005405941576154342,-0.009047025669366096,0.003641084093211754,0.0,-0.009047025669366096,ok
total,linear_gap,2015-03-11,84,94,0.003641084093211754,-0.005405941576154342,-0.009047025669366096,0.016454209877807546,0.012813125784595793,-0.02186015145396189,ok
total,synthetic_control,2015-03-11,84,94,0.003641084093211754,-0.005405941576154342,-0.009047025669366096,0.003451858028016768,-0.00018922606519498593,-0.00885779960417111,exact_mean_match
total,random_forest,2015-03-11,84,94,0.003641084093211754,-0.005405941576154342,-0.009047025669366096,0.006867859953147723,0.0032267758599359687,-0.012273801529302065,ok
total,gradient_boosting,2015-03-11,84,94,0.003641084093211754,-0.005405941576154342,-0.009047025669366096,0.009587332591098802,0.005946248497887049,-0.014993274167253145,ok
total,twfe,2015-03-25,84,94,0.0036458813054557745,0.0009733174626791642,-0.0026725638427766104,0.0036458813054557745,0.0,-0.0026725638427766104,ok
total,linear_gap,2015-03-25,84,94,0.0036458813054557745,0.0009733174626791642,-0.0026725638427766104,0.0030825869149779233,-0.0005632943904778512,-0.002109269452298759,ok
total,synthetic_control,2015-03-25,84,94,0.0036458813054557745,0.0009733174626791642,-0.0026725638427766104,0.003200726271212574,-0.0004451550342432003,-0.00222740880853341,exact_mean_match
total,random_forest,2015-03-25,84,94,0.0036458813054557745,0.0009733174626791642,-0.0026725638427766104,-0.0009653435713294606,-0.004611224876785235,0.0019386610340086249,ok
total,gradient_boosting,2015-03-25,84,94,0.0036458813054557745,0.0009733174626791642,-0.0026725638427766104,-0.0022170871467098317,-0.005862968452165607,0.0031904046093889963,ok
total,twfe,2015-04-08,84,94,0.00483558994197292,0.014928334077270245,0.010092744135297326,0.00483558994197292,0.0,0.010092744135297326,ok
total,linear_gap,2015-04-08,84,94,0.00483558994197292,0.014928334077270245,0.010092744135297326,-0.0009957681063171382,-0.005831358048290059,0.015924102183587384,ok
total,synthetic_control,2015-04-08,84,94,0.00483558994197292,0.014928334077270245,0.010092744135297326,0.003704008340832267,-0.0011315816011406533,0.01122432573643798,exact_mean_match
total,random_forest,2015-04-08,84,94,0.00483558994197292,0.014928334077270245,0.010092744135297326,0.0014469264849161698,-0.00338866345705675,0.013481407592354076,ok
total,gradient_boosting,2015-04-08,84,94,0.00483558994197292,0.014928334077270245,0.010092744135297326,1.761725247825834e-05,-0.004817972689494662,0.014910716824791989,ok
total,twfe,2015-04-22,84,94,0.006439777716373459,-0.007557159152903835,-0.013996936869277294,0.006439777716373459,0.0,-0.013996936869277294,ok
total,linear_gap,2015-04-22,84,94,0.006439777716373459,-0.007557159152903835,-0.013996936869277294,0.002806108528843234,-0.003633669187530225,-0.01036326768174707,ok
total,synthetic_control,2015-04-22,84,94,0.006439777716373459,-0.007557159152903835,-0.013996936869277294,0.007900504252101329,0.00146072653572787,-0.015457663405005165,exact_mean_match
total,random_forest,2015-04-22,84,94,0.006439777716373459,-0.007557159152903835,-0.013996936869277294,0.005774872249610133,-0.0006649054667633254,-0.013332031402513968,ok
total,gradient_boosting,2015-04-22,84,94,0.006439777716373459,-0.007557159152903835,-0.013996936869277294,0.009277418687079868,0.002837640970706409,-0.016834577839983704,ok
total,twfe,2015-05-06,84,94,0.003436722851616469,-0.0007873332341417451,-0.004224056085758214,0.003436722851616469,0.0,-0.004224056085758214,ok
total,linear_gap,2015-05-06,84,94,0.003436722851616469,-0.0007873332341417451,-0.004224056085758214,-0.0037039443470778107,-0.00714066719869428,0.0029166111129360654,ok
total,synthetic_control,2015-05-06,84,94,0.003436722851616469,-0.0007873332341417451,-0.004224056085758214,0.0032042501266202027,-0.0002324727249962662,-0.003991583360761948,exact_mean_match
total,random_forest,2015-05-06,84,94,0.003436722851616469,-0.0007873332341417451,-0.004224056085758214,-0.0009681095939422009,-0.00440483244555867,0.0001807763598004556,ok
total,gradient_boosting,2015-05-06,84,94,0.003436722851616469,-0.0007873332341417451,-0.004224056085758214,-0.0037220418780790888,-0.007158764729695557,0.002934708643937343,ok
total,twfe,2015-05-20,84,94,0.0017797657425316989,-0.006571442741655507,-0.008351208484187207,0.0017797657425316989,0.0,-0.008351208484187207,ok
total,linear_gap,2015-05-20,84,94,0.0017797657425316989,-0.006571442741655507,-0.008351208484187207,-0.0015604859192123012,-0.003340251661744,-0.005010956822443206,ok
total,synthetic_control,2015-05-20,84,94,0.0017797657425316989,-0.006571442741655507,-0.008351208484187207,0.0016096332844215376,-0.00017013245811016127,-0.008181076026077046,exact_mean_match
total,random_forest,2015-05-20,84,94,0.0017797657425316989,-0.006571442741655507,-0.008351208484187207,-0.00027542902929212384,-0.0020551947718238225,-0.006296013712363384,ok
total,gradient_boosting,2015-05-20,84,94,0.0017797657425316989,-0.006571442741655507,-0.008351208484187207,-0.0010286861300482497,-0.0028084518725799484,-0.005542756611607258,ok
total,twfe,2015-06-03,84,94,-0.0008136071965859208,-0.001729653325398006,-0.0009160461288120851,-0.0008136071965859208,0.0,-0.0009160461288120851,ok
total,linear_gap,2015-06-03,84,94,-0.0008136071965859208,-0.001729653325398006,-0.0009160461288120851,-0.0032439002086375986,-0.002430293012051678,0.0015142468832395927,ok
total,synthetic_control,2015-06-03,84,94,-0.0008136071965859208,-0.001729653325398006,-0.0009160461288120851,-0.0006753909914840803,0.0001382162051018405,-0.0010542623339139256,exact_mean_match
total,random_forest,2015-06-03,84,94,-0.0008136071965859208,-0.001729653325398006,-0.0009160461288120851,-0.002747122908822398,-0.001933515712236477,0.001017469583424392,ok
total,gradient_boosting,2015-06-03,84,94,-0.0008136071965859208,-0.001729653325398006,-0.0009160461288120851,-0.004428848395483261,-0.00361524119889734,0.002699195070085255,ok
total,twfe,2015-06-17,84,94,6.236375917226939e-05,-0.0017296533253980072,-0.0017920170845702765,6.236375917226939e-05,0.0,-0.0017920170845702765,ok
total,linear_gap,2015-06-17,84,94,6.236375917226939e-05,-0.0017296533253980072,-0.0017920170845702765,-0.007496150173951093,-0.007558513933123363,0.005766496848553087,ok
total,synthetic_control,2015-06-17,84,94,6.236375917226939e-05,-0.0017296533253980072,-0.0017920170845702765,5.712366777089334e-05,-5.240091401376048e-06,-0.0017867769931689003,exact_mean_match
total,random_forest,2015-06-17,84,94,6.236375917226939e-05,-0.0017296533253980072,-0.0017920170845702765,-0.00267194518969218,-0.0027343089488644497,0.0009422918642941732,ok
total,gradient_boosting,2015-06-17,84,94,6.236375917226939e-05,-0.0017296533253980072,-0.0017920170845702765,-0.003988169818007267,-0.004050533577179536,0.0022585164926092597,ok
total,twfe,2015-07-01,84,94,-0.0006907985631389893,0.012225363289193075,0.012916161852332065,-0.0006907985631389893,0.0,0.012916161852332065,ok
total,linear_gap,2015-07-01,84,94,-0.0006907985631389893,0.012225363289193075,0.012916161852332065,-0.0066785338601288565,-0.005987735296989868,0.018903897149321933,ok
total,synthetic_control,2015-07-01,84,94,-0.0006907985631389893,0.012225363289193075,0.012916161852332065,-0.0005151713703510676,0.00017562719278792173,0.012740534659544143,exact_mean_match
total,random_forest,2015-07-01,84,94,-0.0006907985631389893,0.012225363289193075,0.012916161852332065,-0.0004556126697257959,0.00023518589341319337,0.012680975958918872,ok
total,gradient_boosting,2015-07-01,84,94,-0.0006907985631389893,0.012225363289193075,0.012916161852332065,-0.0003785238444748541,0.00031227471866413517,0.01260388713366793,ok
total,twfe,2015-07-15,84,94,-0.0005938948758097702,-0.00010539106283787334,0.0004885038129718968,-0.0005938948758097702,0.0,0.0004885038129718968,ok
total,linear_gap,2015-07-15,84,94,-0.0005938948758097702,-0.00010539106283787334,0.0004885038129718968,0.009214433667640035,0.009808328543449804,-0.009319824730477908,ok
total,synthetic_control,2015-07-15,84,94,-0.0005938948758097702,-0.00010539106283787334,0.0004885038129718968,-0.000540024356612108,5.387051919766221e-05,0.00043463329377423456,exact_mean_match
total,random_forest,2015-07-15,84,94,-0.0005938948758097702,-0.00010539106283787334,0.0004885038129718968,0.004683130464563397,0.0052770253403731674,-0.004788521527401271,ok
total,gradient_boosting,2015-07-15,84,94,-0.0005938948758097702,-0.00010539106283787334,0.0004885038129718968,0.008987719389410493,0.009581614265220263,-0.009093110452248365,ok
total,twfe,2015-07-29,84,94,0.0006668125019188843,0.0025417844566780713,0.001874971954759187,0.0006668125019188843,0.0,0.001874971954759187,ok
total,linear_gap,2015-07-29,84,94,0.0006668125019188843,0.0025417844566780713,0.001874971954759187,0.006387473393871251,0.005720660891952367,-0.0038456889371931797,ok
total,synthetic_control,2015-07-29,84,94,0.0006668125019188843,0.0025417844566780713,0.001874971954759187,0.000777459489911668,0.00011064698799278367,0.0017643249667664033,exact_mean_match
total,random_forest,2015-07-29,84,94,0.0006668125019188843,0.0025417844566780713,0.001874971954759187,0.0009068951825031453,0.000240082680584261,0.001634889274174926,ok
total,gradient_boosting,2015-07-29,84,94,0.0006668125019188843,0.0025417844566780713,0.001874971954759187,0.0025120017419441526,0.0018451892400252684,2.978271473391865e-05,ok
total,twfe,2015-08-12,84,94,0.0009757529704338206,0.018728611813718196,0.017752858843284376,0.0009757529704338206,0.0,0.017752858843284376,ok
total,linear_gap,2015-08-12,84,94,0.0009757529704338206,0.018728611813718196,0.017752858843284376,0.007565176355162961,0.0065894233847291405,0.011163435458555235,ok
total,synthetic_control,2015-08-12,84,94,0.0009757529704338206,0.018728611813718196,0.017752858843284376,0.000981492566643087,5.739596209266467e-06,0.01774711924707511,exact_mean_match
total,random_forest,2015-08-12,84,94,0.0009757529704338206,0.018728611813718196,0.017752858843284376,0.0008221293515116691,-0.00015362361892215157,0.017906482462206528,ok
total,gradient_boosting,2015-08-12,84,94,0.0009757529704338206,0.018728611813718196,0.017752858843284376,0.004274157577647036,0.003298404607213215,0.014454454236071161,ok
total,twfe,2015-08-26,84,94,0.005026518989284945,-0.004172246193522789,-0.009198765182807735,0.005026518989284945,0.0,-0.009198765182807735,ok
total,linear_gap,2015-08-26,84,94,0.005026518989284945,-0.004172246193522789,-0.009198765182807735,0.015738921017153414,0.010712402027868467,-0.019911167210676203,ok
total,synthetic_control,2015-08-26,84,94,0.005026518989284945,-0.004172246193522789,-0.009198765182807735,0.0056177477414449985,0.0005912287521600531,-0.009789993934967788,exact_mean_match
total,random_forest,2015-08-26,84,94,0.005026518989284945,-0.004172246193522789,-0.009198765182807735,0.008442510502034725,0.0034159915127497794,-0.012614756695557516,ok
total,gradient_boosting,2015-08-26,84,94,0.005026518989284945,-0.004172246193522789,-0.009198765182807735,0.01664703864980314,0.011620519660518195,-0.02081928484332593,ok
total,twfe,2015-09-09,84,94,0.004783780049737496,0.0012646927540544551,-0.0035190872956830407,0.004783780049737496,0.0,-0.0035190872956830407,ok
total,linear_gap,2015-09-09,84,94,0.004783780049737496,0.0012646927540544551,-0.0035190872956830407,0.005872815871327994,0.0010890358215904982,-0.0046081231172735385,ok
total,synthetic_control,2015-09-09,84,94,0.004783780049737496,0.0012646927540544551,-0.0035190872956830407,0.005209818319465279,0.00042603826972778275,-0.003945125565410823,exact_mean_match
total,random_forest,2015-09-09,84,94,0.004783780049737496,0.0012646927540544551,-0.0035190872956830407,0.001024167906248425,-0.003759612143489071,0.00024052484780603045,ok
total,gradient_boosting,2015-09-09,84,94,0.004783780049737496,0.0012646927540544551,-0.0035190872956830407,-9.725138297787924e-05,-0.004881031432715375,0.0013619441370323342,ok
total,twfe,2015-09-23,84,94,0.005410295968806604,-0.0021202202053265864,-0.007530516174133191,0.005410295968806604,0.0,-0.007530516174133191,ok
total,linear_gap,2015-09-23,84,94,0.005410295968806604,-0.0021202202053265864,-0.007530516174133191,0.0012466816606825542,-0.00416361430812405,-0.0033669018660091405,ok
total,synthetic_control,2015-09-23,84,94,0.005410295968806604,-0.0021202202053265864,-0.007530516174133191,0.006512012734643649,0.0011017167658370448,-0.008632232939970235,exact_mean_match
total,random_forest,2015-09-23,84,94,0.005410295968806604,-0.0021202202053265864,-0.007530516174133191,0.0010638731791094943,-0.00434642278969711,-0.003184093384436081,ok
total,gradient_boosting,2015-09-23,84,94,0.005410295968806604,-0.0021202202053265864,-0.007530516174133191,0.0017976213802834576,-0.0036126745885231466,-0.003917841585610044,ok
total,twfe,2015-10-07,84,94,0.0030184059439378576,0.001543669096860585,-0.0014747368470772726,0.0030184059439378576,0.0,-0.0014747368470772726,ok
total,linear_gap,2015-10-07,84,94,0.0030184059439378576,0.001543669096860585,-0.0014747368470772726,0.0011160963307221287,-0.0019023096132157289,0.00042757276613845626,ok
total,synthetic_control,2015-10-07,84,94,0.0030184059439378576,0.001543669096860585,-0.0014747368470772726,0.002319792875396288,-0.0006986130685415698,-0.0007761237785357028,exact_mean_match
total,random_forest,2015-10-07,84,94,0.0030184059439378576,0.001543669096860585,-0.0014747368470772726,0.0009054657588433809,-0.002112940185094477,0.0006382033380172042,ok
total,gradient_boosting,2015-10-07,84,94,0.0030184059439378576,0.001543669096860585,-0.0014747368470772726,0.0012686413796300295,-0.0017497645643078281,0.0002750277172305555,ok
total,twfe,2015-10-21,84,94,0.00312970126799914,0.002622377622377622,-0.0005073236456215181,0.00312970126799914,0.0,-0.0005073236456215181,ok
total,linear_gap,2015-10-21,84,94,0.00312970126799914,0.002622377622377622,-0.0005073236456215181,-0.0022555052033552303,-0.0053852064713543705,0.004877882825732852,ok
total,synthetic_control,2015-10-21,84,94,0.00312970126799914,0.002622377622377622,-0.0005073236456215181,0.004292654526369635,0.0011629532583704951,-0.0016702769039920132,exact_mean_match
total,random_forest,2015-10-21,84,94,0.00312970126799914,0.002622377622377622,-0.0005073236456215181,0.00011552548558487933,-0.003014175782414261,0.002506852136792743,ok
total,gradient_boosting,2015-10-21,84,94,0.00312970126799914,0.002622377622377622,-0.0005073236456215181,0.0007271653380226523,-0.002402535929976488,0.00189521228435497,ok
total,twfe,2015-11-04,84,94,0.0028975161953885354,0.00769974706144919,0.004802230866060655,0.0028975161953885354,0.0,0.004802230866060655,ok
total,linear_gap,2015-11-04,84,94,0.0028975161953885354,0.00769974706144919,0.004802230866060655,-0.0043176964301053,-0.007215212625493835,0.01201744349155449,ok
total,synthetic_control,2015-11-04,84,94,0.0028975161953885354,0.00769974706144919,0.004802230866060655,0.00333398168159163,0.00043646548620309474,0.00436576537985756,exact_mean_match
total,random_forest,2015-11-04,84,94,0.0028975161953885354,0.00769974706144919,0.004802230866060655,0.0003218879210592432,-0.0025756282743292923,0.007377859140389947,ok
total,gradient_boosting,2015-11-04,84,94,0.0028975161953885354,0.00769974706144919,0.004802230866060655,0.0008152059959743734,-0.002082310199414162,0.006884541065474817,ok
total,twfe,2015-11-18,84,94,0.0007119062970126801,0.0031803303079898817,0.0024684240109772017,0.0007119062970126801,0.0,0.0024684240109772017,ok
total,linear_gap,2015-11-18,84,94,0.0007119062970126801,0.0031803303079898817,0.0024684240109772017,0.005494023450800716,0.004782117153788036,-0.0023136931428108343,ok
total,synthetic_control,2015-11-18,84,94,0.0007119062970126801,0.0031803303079898817,0.0024684240109772017,0.0005076867622987105,-0.00020421953471396956,0.0026726435456911712,exact_mean_match
total,random_forest,2015-11-18,84,94,0.0007119062970126801,0.0031803303079898817,0.0024684240109772017,0.0014665023066742276,0.0007545960096615476,0.001713828001315654,ok
total,gradient_boosting,2015-11-18,84,94,0.0007119062970126801,0.0031803303079898817,0.0024684240109772017,0.004840126705530301,0.004128220408517621,-0.0016597963975404193,ok
total,twfe,2015-12-02,84,94,0.001787441282122133,-0.0037692803650250487,-0.005556721647147182,0.001787441282122133,0.0,-0.005556721647147182,ok
total,linear_gap,2015-12-02,84,94,0.001787441282122133,-0.0037692803650250487,-0.005556721647147182,0.003571767343899465,0.0017843260617773319,-0.0073410477089245136,ok
total,synthetic_control,2015-12-02,84,94,0.001787441282122133,-0.0037692803650250487,-0.005556721647147182,0.0013317875040993916,-0.0004556537780227414,-0.005101067869124441,exact_mean_match
total,random_forest,2015-12-02,84,94,0.001787441282122133,-0.0037692803650250487,-0.005556721647147182,0.001279480858541661,-0.0005079604235804719,-0.00504876122356671,ok
total,gradient_boosting,2015-12-02,84,94,0.001787441282122133,-0.0037692803650250487,-0.005556721647147182,0.0009678002350420752,-0.0008196410470800578,-0.004737080600067124,ok
total,twfe,2015-12-16,84,94,0.0008366338153572199,-0.007656350741457123,-0.008492984556814343,0.0008366338153572199,0.0,-0.008492984556814343,ok
total,linear_gap,2015-12-16,84,94,0.0008366338153572199,-0.007656350741457123,-0.008492984556814343,0.00030977140038291495,-0.000526862414974305,-0.007966122141840039,ok
total,synthetic_control,2015-12-16,84,94,0.0008366338153572199,-0.007656350741457123,-0.008492984556814343,0.000852033746556291,1.539993119907112e-05,-0.008508384488013415,exact_mean_match
total,random_forest,2015-12-16,84,94,0.0008366338153572199,-0.007656350741457123,-0.008492984556814343,-0.0011801918848956467,-0.002016825700252867,-0.006476158856561476,ok
total,gradient_boosting,2015-12-16,84,94,0.0008366338153572199,-0.007656350741457123,-0.008492984556814343,-0.003578472615777489,-0.004415106431134709,-0.004077878125679634,ok
total,twfe,2015-12-30,84,94,7.003929876270349e-05,-0.000595149531319745,-0.0006651888300824486,7.003929876270349e-05,0.0,-0.0006651888300824486,ok
total,linear_gap,2015-12-30,84,94,7.003929876270349e-05,-0.000595149531319745,-0.0006651888300824486,-0.005356923821438029,-0.005426963120200733,0.004761774290118284,ok
total,synthetic_control,2015-12-30,84,94,7.003929876270349e-05,-0.000595149531319745,-0.0006651888300824486,5.8838181957322766e-05,-1.120111680538072e-05,-0.0006539877132770678,exact_mean_match
total,random_forest,2015-12-30,84,94,7.003929876270349e-05,-0.000595149531319745,-0.0006651888300824486,-0.0009474417223859198,-0.0010174810211486232,0.00035229219106617464,ok
total,gradient_boosting,2015-12-30,84,94,7.003929876270349e-05,-0.000595149531319745,-0.0006651888300824486,-0.004132632788763498,-0.004202672087526202,0.003537483257443753,ok
total,twfe,2016-01-13,84,94,-0.00020723956894169702,-0.0023681991767098153,-0.0021609596077681184,-0.00020723956894169702,0.0,-0.0021609596077681184,ok
total,linear_gap,2016-01-13,84,94,-0.00020723956894169702,-0.0023681991767098153,-0.0021609596077681184,-0.005454565025313426,-0.005247325456371728,0.00308636584860361,ok
total,synthetic_control,2016-01-13,84,94,-0.00020723956894169702,-0.0023681991767098153,-0.0021609596077681184,-0.0001682631217460144,3.897644719568261e-05,-0.002199936054963801,exact_mean_match
total,random_forest,2016-01-13,84,94,-0.00020723956894169702,-0.0023681991767098153,-0.0021609596077681184,-0.0007174060889589711,-0.0005101665200172741,-0.0016507930877508444,ok
total,gradient_boosting,2016-01-13,84,94,-0.00020723956894169702,-0.0023681991767098153,-0.0021609596077681184,-0.0026407971194507144,-0.0024335575505090175,0.0002725979427408991,ok
total,twfe,2016-01-27,84,94,-0.0006188403794786771,0.005691117393245051,0.0063099577727237285,-0.0006188403794786771,0.0,0.0063099577727237285,ok
total,linear_gap,2016-01-27,84,94,-0.0006188403794786771,0.005691117393245051,0.0063099577727237285,-0.006275044699386315,-0.005656204319907638,0.011966162092631367,ok
total,synthetic_control,2016-01-27,84,94,-0.0006188403794786771,0.005691117393245051,0.0063099577727237285,-0.00042315784505895376,0.0001956825344197233,0.006114275238304006,exact_mean_match
total,random_forest,2016-01-27,84,94,-0.0006188403794786771,0.005691117393245051,0.0063099577727237285,-0.0012152315094075326,-0.0005963911299288556,0.006906348902652584,ok
total,gradient_boosting,2016-01-27,84,94,-0.0006188403794786771,0.005691117393245051,0.0063099577727237285,-0.001052315445717393,-0.0004334750662387159,0.006743432838962444,ok
total,twfe,2016-02-10,84,94,-0.0006677719443676898,-0.0020644249367653632,-0.0013966529923976735,-0.0006677719443676898,0.0,-0.0013966529923976735,ok
total,linear_gap,2016-02-10,84,94,-0.0006677719443676898,-0.0020644249367653632,-0.0013966529923976735,0.0011723230645266072,0.0018400950088942971,-0.0032367480012919707,ok
total,synthetic_control,2016-02-10,84,94,-0.0006677719443676898,-0.0020644249367653632,-0.0013966529923976735,-0.0006693456771515935,-1.5737327839036993e-06,-0.0013950792596137697,exact_mean_match
total,random_forest,2016-02-10,84,94,-0.0006677719443676898,-0.0020644249367653632,-0.0013966529923976735,0.0017291806065716257,0.0023969525509393154,-0.003793605543336989,ok
total,gradient_boosting,2016-02-10,84,94,-0.0006677719443676898,-0.0020644249367653632,-0.0013966529923976735,0.004218433202040224,0.004886205146407914,-0.006282858138805587,ok
total,twfe,2016-02-24,84,94,-0.0015974716772589122,0.006497049050240538,0.00809452072749945,-0.0015974716772589122,0.0,0.00809452072749945,ok
total,linear_gap,2016-02-24,84,94,-0.0015974716772589122,0.006497049050240538,0.00809452072749945,0.0021648304083953535,0.0037623020856542657,0.004332218641845185,ok
total,synthetic_control,2016-02-24,84,94,-0.0015974716772589122,0.006497049050240538,0.00809452072749945,-0.0011664935583021764,0.0004309781189567358,0.007663542608542715,exact_mean_match
total,random_forest,2016-02-24,84,94,-0.0015974716772589122,0.006497049050240538,0.00809452072749945,0.0002963289082485085,0.0018938005855074207,0.00620072014199203,ok
total,gradient_boosting,2016-02-24,84,94,-0.0015974716772589122,0.006497049050240538,0.00809452072749945,0.00042570710597188437,0.0020231787832307967,0.006071341944268654,ok
total,twfe,2016-03-09,84,94,3.645881305455659e-05,0.0019032386053662645,0.0018667797923117078,3.645881305455659e-05,0.0,0.0018667797923117078,ok
total,linear_gap,2016-03-09,84,94,3.645881305455659e-05,0.0019032386053662645,0.0018667797923117078,0.006486039461043178,0.006449580647988622,-0.0045828008556769145,ok
total,synthetic_control,2016-03-09,84,94,3.645881305455659e-05,0.0019032386053662645,0.0018667797923117078,3.7532590982925634e-05,1.0737779283690423e-06,0.0018657060143833389,exact_mean_match
total,random_forest,2016-03-09,84,94,3.645881305455659e-05,0.0019032386053662645,0.0018667797923117078,0.0015026381930946567,0.0014661793800401,0.0004006004122716078,ok
total,gradient_boosting,2016-03-09,84,94,3.645881305455659e-05,0.0019032386053662645,0.0018667797923117078,0.00468540681355856,0.004648948000504004,-0.002782168208192296,ok
total,twfe,2016-03-23,84,94,0.0010908860642903188,-0.0012584932797698749,-0.002349379344060194,0.0010908860642903188,0.0,-0.002349379344060194,ok
total,linear_gap,2016-03-23,84,94,0.0010908860642903188,-0.0012584932797698749,-0.002349379344060194,0.003657098369566749,0.00256621230527643,-0.004915591649336624,ok
total,synthetic_control,2016-03-23,84,94,0.0010908860642903188,-0.0012584932797698749,-0.002349379344060194,0.0011421462481929316,5.126018390261278e-05,-0.0024006395279628067,exact_mean_match
total,random_forest,2016-03-23,84,94,0.0010908860642903188,-0.0012584932797698749,-0.002349379344060194,0.00014045834845765625,-0.0009504277158326626,-0.0013989516282275315,ok
total,gradient_boosting,2016-03-23,84,94,0.0010908860642903188,-0.0012584932797698749,-0.002349379344060194,0.002260087497812336,0.0011692014335220173,-0.003518580777582211,ok
total,twfe,2016-04-06,84,94,0.001531270148291424,0.008425085552745126,0.0068938154044537025,0.001531270148291424,0.0,0.0068938154044537025,ok
total,linear_gap,2016-04-06,84,94,0.001531270148291424,0.008425085552745126,0.0068938154044537025,0.0037547416378691484,0.002223471489577724,0.004670343914875978,ok
total,synthetic_control,2016-04-06,84,94,0.001531270148291424,0.008425085552745126,0.0068938154044537025,0.0010734150467741552,-0.00045785510151726883,0.007351670505970971,exact_mean_match
total,random_forest,2016-04-06,84,94,0.001531270148291424,0.008425085552745126,0.0068938154044537025,0.0018076136863677042,0.0002763435380762802,0.006617471866377423,ok
total,gradient_boosting,2016-04-06,84,94,0.001531270148291424,0.008425085552745126,0.0068938154044537025,0.0030840081309162397,0.0015527379826248157,0.0053410774218288866,ok
total,twfe,2016-04-20,84,94,0.003373399649995394,0.009076030352626096,0.005702630702630702,0.003373399649995394,0.0,0.005702630702630702,ok
total,linear_gap,2016-04-20,84,94,0.003373399649995394,0.009076030352626096,0.005702630702630702,0.007856214112723556,0.004482814462728163,0.0012198162399025391,ok
total,synthetic_control,2016-04-20,84,94,0.003373399649995394,0.009076030352626096,0.005702630702630702,0.0030464244549759933,-0.00032697519501940055,0.006029605897650102,exact_mean_match
total,random_forest,2016-04-20,84,94,0.003373399649995394,0.009076030352626096,0.005702630702630702,0.005620914653104866,0.0022475150031094717,0.0034551156995212304,ok
total,gradient_boosting,2016-04-20,84,94,0.003373399649995394,0.009076030352626096,0.005702630702630702,0.009440570019017007,0.006067170369021614,-0.00036453966639091173,ok
total,twfe,2016-05-04,84,94,0.003373399649995394,0.010644497346625006,0.007271097696629612,0.003373399649995394,0.0,0.007271097696629612,ok
total,linear_gap,2016-05-04,84,94,0.003373399649995394,0.010644497346625006,0.007271097696629612,0.00952928252623238,0.006155882876236987,0.0011152148203926252,ok
total,synthetic_control,2016-05-04,84,94,0.003373399649995394,0.010644497346625006,0.007271097696629612,0.00200677778740933,-0.001366621862586064,0.008637719559215676,exact_mean_match
total,random_forest,2016-05-04,84,94,0.003373399649995394,0.010644497346625006,0.007271097696629612,0.004064622297100955,0.0006912226471055614,0.0065798750495240504,ok
total,gradient_boosting,2016-05-04,84,94,0.003373399649995394,0.010644497346625006,0.007271097696629612,0.00635954637992829,0.002986146729932896,0.004284950966696717,ok
total,twfe,2016-05-18,84,94,0.005421809278192255,0.0073835738729355746,0.0019617645947433192,0.005421809278192255,0.0,0.0019617645947433192,ok
total,linear_gap,2016-05-18,84,94,0.005421809278192255,0.0073835738729355746,0.0019617645947433192,0.009941896454320196,0.004520087176127941,-0.002558322581384622,ok
total,synthetic_control,2016-05-18,84,94,0.005421809278192255,0.0073835738729355746,0.0019617645947433192,0.005312668189819781,-0.00010914108837247437,0.0020709056831157936,exact_mean_match
total,random_forest,2016-05-18,84,94,0.005421809278192255,0.0073835738729355746,0.0019617645947433192,0.004039827127113425,-0.0013819821510788304,0.0033437467458221496,ok
total,gradient_boosting,2016-05-18,84,94,0.005421809278192255,0.0073835738729355746,0.0019617645947433192,0.00711199360402732,0.0016901843258350646,0.0002715802689082546,ok
total,twfe,2016-06-01,84,94,0.005784478523840225,0.015610276248574119,0.009825797724733895,0.005784478523840225,0.0,0.009825797724733895,ok
total,linear_gap,2016-06-01,84,94,0.005784478523840225,0.015610276248574119,0.009825797724733895,0.012322336650933578,0.006537858127093353,0.0032879395976405422,ok
total,synthetic_control,2016-06-01,84,94,0.005784478523840225,0.015610276248574119,0.009825797724733895,0.003519456601951569,-0.0022650219218886556,0.01209081964662255,exact_mean_match
total,random_forest,2016-06-01,84,94,0.005784478523840225,0.015610276248574119,0.009825797724733895,0.007666571512972688,0.0018820929891324636,0.007943704735601432,ok
total,gradient_boosting,2016-06-01,84,94,0.005784478523840225,0.015610276248574119,0.009825797724733895,0.007801835623389154,0.002017357099548929,0.007808440625184966,ok
total,twfe,2016-06-15,84,94,0.008584131589450738,0.01572186678569657,0.007137735196245833,0.008584131589450738,0.0,0.007137735196245833,ok
total,linear_gap,2016-06-15,84,94,0.008584131589450738,0.01572186678569657,0.007137735196245833,0.017494552059720926,0.008910420470270188,-0.0017726852740243548,ok
total,synthetic_control,2016-06-15,84,94,0.008584131589450738,0.01572186678569657,0.007137735196245833,0.0061633861542569335,-0.002420745435193805,0.009558480631439638,exact_mean_match
total,random_forest,2016-06-15,84,94,0.008584131589450738,0.01572186678569657,0.007137735196245833,0.010698043275858228,0.0021139116864074894,0.005023823509838344,ok
total,gradient_boosting,2016-06-15,84,94,0.008584131589450738,0.01572186678569657,0.007137735196245833,0.015185622613617646,0.006601491024166907,0.0005362441720789257,ok
total,twfe,2016-06-29,84,94,0.01054235362746001,0.004903784159103307,-0.005638569468356703,0.01054235362746001,0.0,-0.005638569468356703,ok
total,linear_gap,2016-06-29,84,94,0.01054235362746001,0.004903784159103307,-0.005638569468356703,0.016213410983534467,0.0056710573560744566,-0.011309626824431158,ok
total,synthetic_control,2016-06-29,84,94,0.01054235362746001,0.004903784159103307,-0.005638569468356703,0.007280568364665764,-0.003261785262794246,-0.0023767842055624567,exact_mean_match
total,random_forest,2016-06-29,84,94,0.01054235362746001,0.004903784159103307,-0.005638569468356703,0.011669989307560273,0.0011276356801002627,-0.006766205148456965,ok
total,gradient_boosting,2016-06-29,84,94,0.01054235362746001,0.004903784159103307,-0.005638569468356703,0.01675646524449219,0.006214111617032178,-0.01185268108538888,ok
total,twfe,2016-07-13,84,94,0.009907202726351661,0.001890839656797103,-0.008016363069554559,0.009907202726351661,0.0,-0.008016363069554559,ok
total,linear_gap,2016-07-13,84,94,0.009907202726351661,0.001890839656797103,-0.008016363069554559,0.012268555230912016,0.002361352504560354,-0.010377715574114913,ok
total,synthetic_control,2016-07-13,84,94,0.009907202726351661,0.001890839656797103,-0.008016363069554559,0.01455223266967538,0.004645029943323718,-0.012661393012878277,exact_mean_match
total,random_forest,2016-07-13,84,94,0.009907202726351661,0.001890839656797103,-0.008016363069554559,0.005065637834384685,-0.004841564891966976,-0.003174798177587582,ok
total,gradient_boosting,2016-07-13,84,94,0.009907202726351661,0.001890839656797103,-0.008016363069554559,0.007375697873912822,-0.0025315048524388395,-0.005484858217115719,ok
total,twfe,2016-07-27,84,94,0.00910223051180498,-0.003601894559341369,-0.01270412507114635,0.00910223051180498,0.0,-0.01270412507114635,ok
total,linear_gap,2016-07-27,84,94,0.00910223051180498,-0.003601894559341369,-0.01270412507114635,0.0036662995207110607,-0.005435930991093919,-0.00726819408005243,ok
total,synthetic_control,2016-07-27,84,94,0.00910223051180498,-0.003601894559341369,-0.01270412507114635,0.010549450908423047,0.0014472203966180673,-0.014151345467764417,exact_mean_match
total,random_forest,2016-07-27,84,94,0.00910223051180498,-0.003601894559341369,-0.01270412507114635,0.002819852690665881,-0.006282377821139098,-0.006421747250007251,ok
total,gradient_boosting,2016-07-27,84,94,0.00910223051180498,-0.003601894559341369,-0.01270412507114635,0.0010957181421075144,-0.008006512369697466,-0.004697612701448884,ok
total,twfe,2016-08-10,84,94,0.006824514138343925,0.003180330307989881,-0.0036441838303540443,0.006824514138343925,0.0,-0.0036441838303540443,ok
total,linear_gap,2016-08-10,84,94,0.006824514138343925,0.003180330307989881,-0.0036441838303540443,-0.005272863450589984,-0.012097377588933908,0.008453193758579863,ok
total,synthetic_control,2016-08-10,84,94,0.006824514138343925,0.003180330307989881,-0.0036441838303540443,0.009805950802063729,0.0029814366637198036,-0.006625620494073848,exact_mean_match
total,random_forest,2016-08-10,84,94,0.006824514138343925,0.003180330307989881,-0.0036441838303540443,-0.0010915640599220373,-0.007916078198265963,0.004271894367911918,ok
total,gradient_boosting,2016-08-10,84,94,0.006824514138343925,0.003180330307989881,-0.0036441838303540443,-0.002833380441323973,-0.009657894579667897,0.0060137107493138525,ok
total,twfe,2016-08-24,84,94,0.006002271959718767,0.008189505529931062,0.002187233570212295,0.006002271959718767,0.0,0.002187233570212295,ok
total,linear_gap,2016-08-24,84,94,0.006002271959718767,0.008189505529931062,0.002187233570212295,-0.006696233225023589,-0.012698505184742356,0.01488573875495465,ok
total,synthetic_control,2016-08-24,84,94,0.006002271959718767,0.008189505529931062,0.002187233570212295,0.005603219620115247,-0.0003990523396035202,0.0025862859098158154,exact_mean_match
total,random_forest,2016-08-24,84,94,0.006002271959718767,0.008189505529931062,0.002187233570212295,0.0007797406591847598,-0.005222531300534007,0.007409764870746302,ok
total,gradient_boosting,2016-08-24,84,94,0.006002271959718767,0.008189505529931062,0.002187233570212295,0.0014685505415404493,-0.004533721418178318,0.006720954988390613,ok
total,twfe,2016-09-07,84,94,0.004437421325719198,0.0005207558399047747,-0.003916665485814423,0.004437421325719198,0.0,-0.003916665485814423,ok
total,linear_gap,2016-09-07,84,94,0.004437421325719198,0.0005207558399047747,-0.003916665485814423,-0.00029677376798341543,-0.0047341950937026134,0.0008175296078881903,ok
total,synthetic_control,2016-09-07,84,94,0.004437421325719198,0.0005207558399047747,-0.003916665485814423,0.002408817910097675,-0.002028603415621523,-0.0018880620701929004,exact_mean_match
total,random_forest,2016-09-07,84,94,0.004437421325719198,0.0005207558399047747,-0.003916665485814423,0.0034428442698707117,-0.000994577055848486,-0.002922088429965937,ok
total,gradient_boosting,2016-09-07,84,94,0.004437421325719198,0.0005207558399047747,-0.003916665485814423,0.006228229718005425,0.0017908083922862274,-0.005707473878100651,ok
total,twfe,2016-09-21,84,94,0.0019946808510638288,0.009547190398254225,0.007552509547190396,0.0019946808510638288,0.0,0.007552509547190396,ok
total,linear_gap,2016-09-21,84,94,0.0019946808510638288,0.009547190398254225,0.007552509547190396,0.0011609491039635345,-0.0008337317471002943,0.00838624129429069,ok
total,synthetic_control,2016-09-21,84,94,0.0019946808510638288,0.009547190398254225,0.007552509547190396,0.0019319097231226233,-6.277112794120547e-05,0.007615280675131602,exact_mean_match
total,random_forest,2016-09-21,84,94,0.0019946808510638288,0.009547190398254225,0.007552509547190396,0.0008510858023314544,-0.0011435950487323743,0.00869610459592277,ok
total,gradient_boosting,2016-09-21,84,94,0.0019946808510638288,0.009547190398254225,0.007552509547190396,0.0019749147449909313,-1.9766106072897482e-05,0.007572275653263294,ok
total,twfe,2016-10-05,84,94,0.0027583970403119323,0.014736150374448243,0.011977753334136311,0.0027583970403119323,0.0,0.011977753334136311,ok
total,linear_gap,2016-10-05,84,94,0.0027583970403119323,0.014736150374448243,0.011977753334136311,0.008779481607185814,0.006021084566873882,0.005956668767262429,ok
total,synthetic_control,2016-10-05,84,94,0.0027583970403119323,0.014736150374448243,0.011977753334136311,0.0023990035108954304,-0.0003593935294165019,0.012337146863552813,exact_mean_match
total,random_forest,2016-10-05,84,94,0.0027583970403119323,0.014736150374448243,0.011977753334136311,0.0028227043870591656,6.430734674723335e-05,0.011913445987389078,ok
total,gradient_boosting,2016-10-05,84,94,0.0027583970403119323,0.014736150374448243,0.011977753334136311,0.008013352068661179,0.005254955028349247,0.006722798305787064,ok
total,twfe,2016-10-19,84,94,0.004918101992570076,-0.00454421465059763,-0.009462316643167705,0.004918101992570076,0.0,-0.009462316643167705,ok
total,linear_gap,2016-10-19,84,94,0.004918101992570076,-0.00454421465059763,-0.009462316643167705,0.014369677422050569,0.009451575429480493,-0.018913892072648198,ok
total,synthetic_control,2016-10-19,84,94,0.004918101992570076,-0.00454421465059763,-0.009462316643167705,0.00493361577942197,1.551378685189439e-05,-0.0094778304300196,exact_mean_match
total,random_forest,2016-10-19,84,94,0.004918101992570076,-0.00454421465059763,-0.009462316643167705,0.009164281599672135,0.004246179607102059,-0.013708496250269764,ok
total,gradient_boosting,2016-10-19,84,94,0.004918101992570076,-0.00454421465059763,-0.009462316643167705,0.013247615698876067,0.008329513706305991,-0.017791830349473695,ok
total,twfe,2016-11-02,84,94,0.004583256577937427,0.004054456182115755,-0.0005288003958216717,0.004583256577937427,0.0,-0.0005288003958216717,ok
total,linear_gap,2016-11-02,84,94,0.004583256577937427,0.004054456182115755,-0.0005288003958216717,0.0025898670259628413,-0.0019933895519745858,0.001464589156152914,ok
total,synthetic_control,2016-11-02,84,94,0.004583256577937427,0.004054456182115755,-0.0005288003958216717,0.005521498478595718,0.0009382419006582913,-0.001467042296479963,exact_mean_match
total,random_forest,2016-11-02,84,94,0.004583256577937427,0.004054456182115755,-0.0005288003958216717,-0.0003193339876543991,-0.004902590565591826,0.004373790169770154,ok
total,gradient_boosting,2016-11-02,84,94,0.004583256577937427,0.004054456182115755,-0.0005288003958216717,-0.0019647817773337673,-0.006548038355271194,0.006019237959449523,ok
total,twfe,2016-11-16,84,94,0.004836549384421723,0.001487873828299359,-0.0033486755561223636,0.004836549384421723,0.0,-0.0033486755561223636,ok
total,linear_gap,2016-11-16,84,94,0.004836549384421723,0.001487873828299359,-0.0033486755561223636,0.003077445459531457,-0.0017591039248902656,-0.001589571631232098,ok
total,synthetic_control,2016-11-16,84,94,0.004836549384421723,0.001487873828299359,-0.0033486755561223636,0.0054470438325162525,0.0006104944480945299,-0.003959170004216894,exact_mean_match
total,random_forest,2016-11-16,84,94,0.004836549384421723,0.001487873828299359,-0.0033486755561223636,0.0026270230916372434,-0.0022095262927844792,-0.0011391492633378844,ok
total,gradient_boosting,2016-11-16,84,94,0.004836549384421723,0.001487873828299359,-0.0033486755561223636,0.004418902360205122,-0.00041764702421660024,-0.0029310285319057634,ok
total,twfe,2016-11-30,84,94,0.0036641107119830514,0.0019466349253583288,-0.0017174757866247226,0.0036641107119830514,0.0,-0.0017174757866247226,ok
total,linear_gap,2016-11-30,84,94,0.0036641107119830514,0.0019466349253583288,-0.0017174757866247226,0.001964979423690921,-0.0016991312882921306,-1.8344498332591988e-05,ok
total,synthetic_control,2016-11-30,84,94,0.0036641107119830514,0.0019466349253583288,-0.0017174757866247226,0.003759913833256811,9.580312127375947e-05,-0.001813278907898482,exact_mean_match
total,random_forest,2016-11-30,84,94,0.0036641107119830514,0.0019466349253583288,-0.0017174757866247226,0.0017341403941874092,-0.0019299703177956423,0.00021249453117091967,ok
total,gradient_boosting,2016-11-30,84,94,0.0036641107119830514,0.0019466349253583288,-0.0017174757866247226,0.003356660807215323,-0.0003074499047677286,-0.001410025881856994,ok
total,twfe,2016-12-14,84,94,0.0038761474931687688,0.01732753062540296,0.01345138313223419,0.0038761474931687688,0.0,0.01345138313223419,ok
total,linear_gap,2016-12-14,84,94,0.0038761474931687688,0.01732753062540296,0.01345138313223419,-0.0030038909576924756,-0.006880038450861244,0.020331421583095435,ok
total,synthetic_control,2016-12-14,84,94,0.0038761474931687688,0.01732753062540296,0.01345138313223419,0.0034002734712048344,-0.0004758740219639344,0.013927257154198125,exact_mean_match
total,random_forest,2016-12-14,84,94,0.0038761474931687688,0.01732753062540296,0.01345138313223419,0.0010210964718762024,-0.0028550510212925666,0.016306434153526755,ok
total,gradient_boosting,2016-12-14,84,94,0.0038761474931687688,0.01732753062540296,0.01345138313223419,0.0008408001353874408,-0.003035347357781328,0.01648673049001552,ok
total,twfe,2016-12-28,84,94,0.005215529151699363,0.008518077667013835,0.0033025485153144723,0.005215529151699363,0.0,0.0033025485153144723,ok
total,linear_gap,2016-12-28,84,94,0.005215529151699363,0.008518077667013835,0.0033025485153144723,0.009154666441528512,0.003939137289829149,-0.0006365887745146768,ok
total,synthetic_control,2016-12-28,84,94,0.005215529151699363,0.008518077667013835,0.0033025485153144723,0.006513904649961197,0.0012983754982618338,0.0020041730170526385,exact_mean_match
total,random_forest,2016-12-28,84,94,0.005215529151699363,0.008518077667013835,0.0033025485153144723,0.005593560148383882,0.00037803099668451846,0.002924517518629954,ok
total,gradient_boosting,2016-12-28,84,94,0.005215529151699363,0.008518077667013835,0.0033025485153144723,0.012564540162964925,0.007349011011265562,-0.00404646249595109,ok
total,twfe,2017-01-11,84,94,0.004388489760830184,0.0003223726627981953,-0.004066117098031989,0.004388489760830184,0.0,-0.004066117098031989,ok
total,linear_gap,2017-01-11,84,94,0.004388489760830184,0.0003223726627981953,-0.004066117098031989,0.014803550819396669,0.010415061058566485,-0.014481178156598475,ok
total,synthetic_control,2017-01-11,84,94,0.004388489760830184,0.0003223726627981953,-0.004066117098031989,0.005336294437276304,0.0009478046764461196,-0.0050139217744781086,exact_mean_match
total,random_forest,2017-01-11,84,94,0.004388489760830184,0.0003223726627981953,-0.004066117098031989,0.0032977148202255955,-0.0010907749406045887,-0.0029753421574274003,ok
total,gradient_boosting,2017-01-11,84,94,0.004388489760830184,0.0003223726627981953,-0.004066117098031989,0.00573376585311519,0.0013452760922850054,-0.005411393190316994,ok
total,twfe,2017-01-25,84,94,0.005991718092781921,-0.003936666170708725,-0.009928384263490646,0.005991718092781921,0.0,-0.009928384263490646,ok
total,linear_gap,2017-01-25,84,94,0.005991718092781921,-0.003936666170708725,-0.009928384263490646,0.008472175132642321,0.0024804570398604,-0.012408841303351046,ok
total,synthetic_control,2017-01-25,84,94,0.005991718092781921,-0.003936666170708725,-0.009928384263490646,0.007605810196169571,0.0016140921033876501,-0.011542476366878296,exact_mean_match
total,random_forest,2017-01-25,84,94,0.005991718092781921,-0.003936666170708725,-0.009928384263490646,0.0039019176161268674,-0.0020898004766550537,-0.007838583786835593,ok
total,gradient_boosting,2017-01-25,84,94,0.005991718092781921,-0.003936666170708725,-0.009928384263490646,0.0016899420507394585,-0.004301776042042463,-0.0056266082214481835,ok
total,twfe,2017-02-08,84,94,0.004222506217187067,0.00818950552993106,0.003966999312743994,0.004222506217187067,0.0,0.003966999312743994,ok
total,linear_gap,2017-02-08,84,94,0.004222506217187067,0.00818950552993106,0.003966999312743994,0.0002556245767821426,-0.003966881640404925,0.007933880953148918,ok
total,synthetic_control,2017-02-08,84,94,0.004222506217187067,0.00818950552993106,0.003966999312743994,0.003178984228336696,-0.0010435219888503709,0.0050105213015943645,exact_mean_match
total,random_forest,2017-02-08,84,94,0.004222506217187067,0.00818950552993106,0.003966999312743994,-0.000530731911931816,-0.004753238129118883,0.008720237441862877,ok
total,gradient_boosting,2017-02-08,84,94,0.004222506217187067,0.00818950552993106,0.003966999312743994,-0.0012469246160057925,-0.005469430833192859,0.009436430145936852,ok
total,twfe,2017-02-22,84,94,0.005124382119062969,0.005275752616178147,0.00015137049711517764,0.005124382119062969,0.0,0.00015137049711517764,ok
total,linear_gap,2017-02-22,84,94,0.005124382119062969,0.005275752616178147,0.00015137049711517764,9.704974553954966e-05,-0.0050273323735234195,0.005178702870638597,ok
total,synthetic_control,2017-02-22,84,94,0.005124382119062969,0.005275752616178147,0.00015137049711517764,0.004340456097456771,-0.0007839260216061976,0.0009352965187213753,exact_mean_match
total,random_forest,2017-02-22,84,94,0.005124382119062969,0.005275752616178147,0.00015137049711517764,0.003000774868553165,-0.002123607250509804,0.0022749777476249815,ok
total,gradient_boosting,2017-02-22,84,94,0.005124382119062969,0.005275752616178147,0.00015137049711517764,0.002792623402815287,-0.002331758716247682,0.0024831292133628597,ok
total,twfe,2017-03-08,84,94,0.005774884099352184,-0.00603208847889699,-0.011806972578249173,0.005774884099352184,0.0,-0.011806972578249173,ok
total,linear_gap,2017-03-08,84,94,0.005774884099352184,-0.00603208847889699,-0.011806972578249173,-0.003649507471483369,-0.009424391570835553,-0.00238258100741362,ok
total,synthetic_control,2017-03-08,84,94,0.005774884099352184,-0.00603208847889699,-0.011806972578249173,0.007732219444487355,0.0019573353451351715,-0.013764307923384345,exact_mean_match
total,random_forest,2017-03-08,84,94,0.005774884099352184,-0.00603208847889699,-0.011806972578249173,0.0012513134112435724,-0.004523570688108611,-0.007283401890140562,ok
total,gradient_boosting,2017-03-08,84,94,0.005774884099352184,-0.00603208847889699,-0.011806972578249173,0.004935617295251506,-0.0008392668041006775,-0.010967705774148497,ok
total,twfe,2017-03-22,84,94,0.0013739215866875438,-0.002312403908148587,-0.0036863254948361307,0.0013739215866875438,0.0,-0.0036863254948361307,ok
total,linear_gap,2017-03-22,84,94,0.0013739215866875438,-0.002312403908148587,-0.0036863254948361307,-0.005939937618631259,-0.007313859205318803,0.003627533710482672,ok
total,synthetic_control,2017-03-22,84,94,0.0013739215866875438,-0.002312403908148587,-0.0036863254948361307,0.0013652859661539493,-8.635620533594453e-06,-0.0036776898743025362,exact_mean_match
total,random_forest,2017-03-22,84,94,0.0013739215866875438,-0.002312403908148587,-0.0036863254948361307,-0.0015765755539776326,-0.0029504971406651764,-0.0007358283541709543,ok
total,gradient_boosting,2017-03-22,84,94,0.0013739215866875438,-0.002312403908148587,-0.0036863254948361307,-0.005141273737229751,-0.006515195323917295,0.0028288698290811647,ok
total,twfe,2017-04-05,84,94,-0.00037514199748242284,0.0,0.00037514199748242284,-0.00037514199748242284,0.0,0.00037514199748242284,ok
total,linear_gap,2017-04-05,84,94,-0.00037514199748242284,0.0,0.00037514199748242284,-0.0042484214854397835,-0.0038732794879573606,0.0042484214854397835,ok
total,synthetic_control,2017-04-05,84,94,-0.00037514199748242284,0.0,0.00037514199748242284,0.0,0.00037514199748242284,0.0,exact_mean_match
total,random_forest,2017-04-05,84,94,-0.00037514199748242284,0.0,0.00037514199748242284,-0.0006201349433753358,-0.00024499294589291296,0.0006201349433753358,ok
total,gradient_boosting,2017-04-05,84,94,-0.00037514199748242284,0.0,0.00037514199748242284,-0.002644528613076115,-0.0022693866155936923,0.002644528613076115,ok
total,twfe,2017-04-19,84,94,-0.0009057136716711183,0.0002479789713832262,0.0011536926430543446,-0.0009057136716711183,0.0,0.0011536926430543446,ok
total,linear_gap,2017-04-19,84,94,-0.0009057136716711183,0.0002479789713832262,0.0011536926430543446,-0.00255468093215452,-0.0016489672604834017,0.0028026599035377462,ok
total,synthetic_control,2017-04-19,84,94,-0.0009057136716711183,0.0002479789713832262,0.0011536926430543446,-4.383381258698648e-05,0.0008618798590841318,0.00029181278397021277,exact_mean_match
total,random_forest,2017-04-19,84,94,-0.0009057136716711183,0.0002479789713832262,0.0011536926430543446,-4.957569221624163e-05,0.0008561379794548767,0.0002975546635994679,ok
total,gradient_boosting,2017-04-19,84,94,-0.0009057136716711183,0.0002479789713832262,0.0011536926430543446,-0.0017419437485439318,-0.0008362300768728135,0.001989922719927158,ok
total,twfe,2017-05-03,84,94,0.0005727871419360783,0.01951594504785994,0.018943157905923862,0.0005727871419360783,0.0,0.018943157905923862,ok
total,linear_gap,2017-05-03,84,94,0.0005727871419360783,0.01951594504785994,0.018943157905923862,-0.001881887269106433,-0.0024546744110425112,0.021397832316966375,ok
total,synthetic_control,2017-05-03,84,94,0.0005727871419360783,0.01951594504785994,0.018943157905923862,0.00026262317959827725,-0.00031016396233780105,0.019253321868261664,exact_mean_match
total,random_forest,2017-05-03,84,94,0.0005727871419360783,0.01951594504785994,0.018943157905923862,0.0005329523880860307,-3.983475385004758e-05,0.01898299265977391,ok
total,gradient_boosting,2017-05-03,84,94,0.0005727871419360783,0.01951594504785994,0.018943157905923862,0.0008996096268608108,0.00032682248492473247,0.01861633542099913,ok
total,twfe,2017-05-17,84,94,0.002832274108869854,0.01765610276248574,0.014823828653615888,0.002832274108869854,0.0,0.014823828653615888,ok
total,linear_gap,2017-05-17,84,94,0.002832274108869854,0.01765610276248574,0.014823828653615888,0.013792133324197004,0.01095985921532715,0.003863969438288737,ok
total,synthetic_control,2017-05-17,84,94,0.002832274108869854,0.01765610276248574,0.014823828653615888,0.0034211382714944977,0.0005888641626246435,0.014234964490991243,exact_mean_match
total,random_forest,2017-05-17,84,94,0.002832274108869854,0.01765610276248574,0.014823828653615888,0.011535342238993104,0.00870306813012325,0.0061207605234926375,ok
total,gradient_boosting,2017-05-17,84,94,0.002832274108869854,0.01765610276248574,0.014823828653615888,0.01815738471522741,0.015325110606357557,-0.0005012819527416695,ok
total,twfe,2017-05-31,84,94,0.0050831260937643915,0.021983335813123044,0.016900209719358652,0.0050831260937643915,0.0,0.016900209719358652,ok
total,linear_gap,2017-05-31,84,94,0.0050831260937643915,0.021983335813123044,0.016900209719358652,0.024604499552423963,0.01952137345865957,-0.0026211637393009184,ok
total,synthetic_control,2017-05-31,84,94,0.0050831260937643915,0.021983335813123044,0.016900209719358652,0.007926493286505167,0.002843367192740775,0.014056842526617878,exact_mean_match
total,random_forest,2017-05-31,84,94,0.0050831260937643915,0.021983335813123044,0.016900209719358652,0.011403917929752348,0.006320791835987956,0.010579417883370697,ok
total,gradient_boosting,2017-05-31,84,94,0.0050831260937643915,0.021983335813123044,0.016900209719358652,0.018266005177130416,0.013182879083366024,0.003717330635992628,ok
total,twfe,2017-06-14,84,94,0.010567299131128919,0.016657987402668252,0.006090688271539333,0.010567299131128919,0.0,0.006090688271539333,ok
total,linear_gap,2017-06-14,84,94,0.010567299131128919,0.016657987402668252,0.006090688271539333,0.03152577390042052,0.020958474769291604,-0.01486778649775227,ok
total,synthetic_control,2017-06-14,84,94,0.010567299131128919,0.016657987402668252,0.006090688271539333,0.014692932843814413,0.004125633712685494,0.001965054558853839,exact_mean_match
total,random_forest,2017-06-14,84,94,0.010567299131128919,0.016657987402668252,0.006090688271539333,0.021526635719508094,0.010959336588379175,-0.004868648316839842,ok
total,gradient_boosting,2017-06-14,84,94,0.010567299131128919,0.016657987402668252,0.006090688271539333,0.02571840058940409,0.015151101458275171,-0.009060413186735838,ok
total,twfe,2017-06-28,84,94,0.014037602468453531,0.018418638099489165,0.004381035631035634,0.014037602468453531,0.0,0.004381035631035634,ok
total,linear_gap,2017-06-28,84,94,0.014037602468453531,0.018418638099489165,0.004381035631035634,0.030677767156713727,0.016640164688260198,-0.012259129057224564,ok
total,synthetic_control,2017-06-28,84,94,0.014037602468453531,0.018418638099489165,0.004381035631035634,0.021997655903797923,0.007960053435344392,-0.003579017804308759,exact_mean_match
total,random_forest,2017-06-28,84,94,0.014037602468453531,0.018418638099489165,0.004381035631035634,0.01725013696733392,0.0032125344988803897,0.001168501132155244,ok
total,gradient_boosting,2017-06-28,84,94,0.014037602468453531,0.018418638099489165,0.004381035631035634,0.020617833390906396,0.006580230922452865,-0.0021991952914172316,ok
total,twfe,2017-07-12,84,94,0.01737742163274078,0.029379308634627784,0.012001887001887004,0.01737742163274078,0.0,0.012001887001887004,ok
total,linear_gap,2017-07-12,84,94,0.01737742163274078,0.029379308634627784,0.012001887001887004,0.0281926739299154,0.01081525229717462,0.0011866347047123846,ok
total,synthetic_control,2017-07-12,84,94,0.01737742163274078,0.029379308634627784,0.012001887001887004,0.013740195008671428,-0.003637226624069352,0.015639113625956356,exact_mean_match
total,random_forest,2017-07-12,84,94,0.01737742163274078,0.029379308634627784,0.012001887001887004,0.020270327648407655,0.0028929060156668747,0.009108980986220129,ok
total,gradient_boosting,2017-07-12,84,94,0.01737742163274078,0.029379308634627784,0.012001887001887004,0.020016424414680854,0.002639002781940073,0.00936288421994693,ok
total,twfe,2017-07-26,84,94,0.021153787111233918,0.025783613549570997,0.0046298264383370785,0.021153787111233918,0.0,0.0046298264383370785,ok
total,linear_gap,2017-07-26,84,94,0.021153787111233918,0.025783613549570997,0.0046298264383370785,0.02635683370507056,0.005203046593836642,-0.0005732201554995639,ok
total,synthetic_control,2017-07-26,84,94,0.021153787111233918,0.025783613549570997,0.0046298264383370785,0.017966101637441487,-0.0031876854737924315,0.00781751191212951,exact_mean_match
total,random_forest,2017-07-26,84,94,0.021153787111233918,0.025783613549570997,0.0046298264383370785,0.022030638169693494,0.0008768510584595754,0.003752975379877503,ok
total,gradient_boosting,2017-07-26,84,94,0.021153787111233918,0.025783613549570997,0.0046298264383370785,0.026953974949142104,0.005800187837908186,-0.001170361399571107,ok
total,twfe,2017-08-09,84,94,0.022512357618740597,0.01618682735704012,-0.006325530261700477,0.022512357618740597,0.0,-0.006325530261700477,ok
total,linear_gap,2017-08-09,84,94,0.022512357618740597,0.01618682735704012,-0.006325530261700477,0.02982901928371351,0.007316661664972912,-0.013642191926673389,ok
total,synthetic_control,2017-08-09,84,94,0.022512357618740597,0.01618682735704012,-0.006325530261700477,0.020343646997388783,-0.0021687106213518145,-0.004156819640348662,exact_mean_match
total,random_forest,2017-08-09,84,94,0.022512357618740597,0.01618682735704012,-0.006325530261700477,0.024972352846899977,0.00245999522815938,-0.008785525489859856,ok
total,gradient_boosting,2017-08-09,84,94,0.022512357618740597,0.01618682735704012,-0.006325530261700477,0.0254689099575338,0.002956552338793203,-0.00928208260049368,ok
total,twfe,2017-08-23,84,94,0.021834031807436063,0.012566334374845013,-0.00926769743259105,0.021834031807436063,0.0,-0.00926769743259105,ok
total,linear_gap,2017-08-23,84,94,0.021834031807436063,0.012566334374845013,-0.00926769743259105,0.021642623813059744,-0.00019140799437631847,-0.009076289438214731,ok
total,synthetic_control,2017-08-23,84,94,0.021834031807436063,0.012566334374845013,-0.00926769743259105,0.020117293142908763,-0.0017167386645273001,-0.00755095876806375,exact_mean_match
total,random_forest,2017-08-23,84,94,0.021834031807436063,0.012566334374845013,-0.00926769743259105,0.016088713906061185,-0.005745317901374877,-0.0035223795312161726,ok
total,gradient_boosting,2017-08-23,84,94,0.021834031807436063,0.012566334374845013,-0.00926769743259105,0.01702647365143332,-0.004807558156002742,-0.004460139276588308,ok
total,twfe,2017-09-06,84,94,0.02015980473427282,0.035398998164955606,0.015239193430682786,0.02015980473427282,0.0,0.015239193430682786,ok
total,linear_gap,2017-09-06,84,94,0.02015980473427282,0.035398998164955606,0.015239193430682786,0.01753109757870952,-0.0026287071555632993,0.017867900586246085,ok
total,synthetic_control,2017-09-06,84,94,0.02015980473427282,0.035398998164955606,0.015239193430682786,0.01631796534248254,-0.0038418393917902804,0.019081032822473067,exact_mean_match
total,random_forest,2017-09-06,84,94,0.02015980473427282,0.035398998164955606,0.015239193430682786,0.010161223213518469,-0.00999858152075435,0.025237774951437135,ok
total,gradient_boosting,2017-09-06,84,94,0.02015980473427282,0.035398998164955606,0.015239193430682786,0.013756720859955949,-0.006403083874316871,0.02164227730499966,ok
total,twfe,2017-09-20,84,94,0.022139134506155782,0.019639934533551555,-0.002499199972604227,0.022139134506155782,0.0,-0.002499199972604227,ok
total,linear_gap,2017-09-20,84,94,0.022139134506155782,0.019639934533551555,-0.002499199972604227,0.023792305456120343,0.0016531709499645608,-0.004152370922568788,ok
total,synthetic_control,2017-09-20,84,94,0.022139134506155782,0.019639934533551555,-0.002499199972604227,0.02026008619516912,-0.0018790483109866613,-0.0006201516616175656,exact_mean_match
total,random_forest,2017-09-20,84,94,0.022139134506155782,0.019639934533551555,-0.002499199972604227,0.02412664279379872,0.0019875082876429397,-0.0044867082602471665,ok
total,gradient_boosting,2017-09-20,84,94,0.022139134506155782,0.019639934533551555,-0.002499199972604227,0.02826639503468864,0.006127260528532859,-0.008626460501137086,ok
total,twfe,2017-10-04,84,94,0.022147769488195017,0.007780340227148737,-0.01436742926104628,0.022147769488195017,0.0,-0.01436742926104628,ok
total,linear_gap,2017-10-04,84,94,0.022147769488195017,0.007780340227148737,-0.01436742926104628,0.02075774949975217,-0.0013900199884428477,-0.012977409272603432,ok
total,synthetic_control,2017-10-04,84,94,0.022147769488195017,0.007780340227148737,-0.01436742926104628,0.019503962262255703,-0.002643807225939314,-0.011723622035106965,exact_mean_match
total,random_forest,2017-10-04,84,94,0.022147769488195017,0.007780340227148737,-0.01436742926104628,0.01900187720626281,-0.0031458922819322076,-0.011221536979114072,ok
total,gradient_boosting,2017-10-04,84,94,0.022147769488195017,0.007780340227148737,-0.01436742926104628,0.022709684175601035,0.0005619146874060177,-0.014929343948452297,ok
total,twfe,2017-10-18,84,94,0.0191850112062878,0.015337499380052569,-0.0038475118262352326,0.0191850112062878,0.0,-0.0038475118262352326,ok
total,linear_gap,2017-10-18,84,94,0.0191850112062878,0.015337499380052569,-0.0038475118262352326,0.013651274373265132,-0.005533736833022669,0.0016862250067874365,ok
total,synthetic_control,2017-10-18,84,94,0.0191850112062878,0.015337499380052569,-0.0038475118262352326,0.019364250386169776,0.00017923917988197507,-0.004026751006117208,exact_mean_match
total,random_forest,2017-10-18,84,94,0.0191850112062878,0.015337499380052569,-0.0038475118262352326,0.006437485660065783,-0.012747525546222018,0.008900013719986785,ok
total,gradient_boosting,2017-10-18,84,94,0.0191850112062878,0.015337499380052569,-0.0038475118262352326,0.00983970515021895,-0.00934530605606885,0.005497794229833618,ok
total,twfe,2017-11-01,84,94,0.017478163089865217,0.021760154738878143,0.004281991649012926,0.017478163089865217,0.0,0.004281991649012926,ok
total,linear_gap,2017-11-01,84,94,0.017478163089865217,0.021760154738878143,0.004281991649012926,0.01640398030444153,-0.0010741827854236878,0.005356174434436613,ok
total,synthetic_control,2017-11-01,84,94,0.017478163089865217,0.021760154738878143,0.004281991649012926,0.022087083785012708,0.004608920695147491,-0.000326929046134565,exact_mean_match
total,random_forest,2017-11-01,84,94,0.017478163089865217,0.021760154738878143,0.004281991649012926,0.011257950944256299,-0.006220212145608918,0.010502203794621844,ok
total,gradient_boosting,2017-11-01,84,94,0.017478163089865217,0.021760154738878143,0.004281991649012926,0.013617086894571494,-0.0038610761952937236,0.00814306784430665,ok
total,twfe,2017-11-15,84,94,0.018104679008934327,0.01040271784952636,-0.007701961159407968,0.018104679008934327,0.0,-0.007701961159407968,ok
total,linear_gap,2017-11-15,84,94,0.018104679008934327,0.01040271784952636,-0.007701961159407968,0.013710422271276296,-0.004394256737658031,-0.003307704421749937,ok
total,synthetic_control,2017-11-15,84,94,0.018104679008934327,0.01040271784952636,-0.007701961159407968,0.014751487424475691,-0.003353191584458636,-0.004348769574949332,exact_mean_match
total,random_forest,2017-11-15,84,94,0.018104679008934327,0.01040271784952636,-0.007701961159407968,0.014929225647664916,-0.003175453361269412,-0.004526507798138556,ok
total,gradient_boosting,2017-11-15,84,94,0.018104679008934327,0.01040271784952636,-0.007701961159407968,0.017129711433527314,-0.0009749675754070139,-0.006726993584000954,ok
total,twfe,2017-11-29,84,94,0.017615363360044208,0.019112979219362197,0.001497615859317989,0.017615363360044208,0.0,0.001497615859317989,ok
total,linear_gap,2017-11-29,84,94,0.017615363360044208,0.019112979219362197,0.001497615859317989,0.008884580553603007,-0.008730782806441201,0.01022839866575919,ok
total,synthetic_control,2017-11-29,84,94,0.017615363360044208,0.019112979219362197,0.001497615859317989,0.019851155990108914,0.0022357926300647056,-0.0007381767707467166,exact_mean_match
total,random_forest,2017-11-29,84,94,0.017615363360044208,0.019112979219362197,0.001497615859317989,0.011550448500196157,-0.0060649148598480515,0.0075625307191660406,ok
total,gradient_boosting,2017-11-29,84,94,0.017615363360044208,0.019112979219362197,0.001497615859317989,0.012383965488284687,-0.005231397871759521,0.00672901373107751,ok
total,twfe,2017-12-13,84,94,0.015736775045285683,0.027383077914992813,0.01164630286970713,0.015736775045285683,0.0,0.01164630286970713,ok
total,linear_gap,2017-12-13,84,94,0.015736775045285683,0.027383077914992813,0.01164630286970713,0.016230007944410547,0.0004932328991248645,0.011153069970582265,ok
total,synthetic_control,2017-12-13,84,94,0.015736775045285683,0.027383077914992813,0.01164630286970713,0.01082795752559949,-0.004908817519686193,0.016555120389393323,exact_mean_match
total,random_forest,2017-12-13,84,94,0.015736775045285683,0.027383077914992813,0.01164630286970713,0.01601857124352449,0.00028179619823880814,0.011364506671468322,ok
total,gradient_boosting,2017-12-13,84,94,0.015736775045285683,0.027383077914992813,0.01164630286970713,0.018945293366987474,0.0032085183217017907,0.00843778454800534,ok
total,twfe,2017-12-27,84,94,0.01750406803598293,0.033439964291028114,0.015935896255045184,0.01750406803598293,0.0,0.015935896255045184,ok
total,linear_gap,2017-12-27,84,94,0.01750406803598293,0.033439964291028114,0.015935896255045184,0.027865882361121145,0.010361814325138215,0.005574081929906969,ok
total,synthetic_control,2017-12-27,84,94,0.01750406803598293,0.033439964291028114,0.015935896255045184,0.018991605997207672,0.0014875379612247427,0.014448358293820442,exact_mean_match
total,random_forest,2017-12-27,84,94,0.01750406803598293,0.033439964291028114,0.015935896255045184,0.020643788335246993,0.0031397202992640635,0.01279617595578112,ok
total,gradient_boosting,2017-12-27,84,94,0.01750406803598293,0.033439964291028114,0.015935896255045184,0.027612402001054488,0.010108333965071558,0.005827562289973626,ok
total,twfe,2018-01-10,84,94,0.021936692149458103,0.022665277984426926,0.0007285858349688236,0.021936692149458103,0.0,0.0007285858349688236,ok
total,linear_gap,2018-01-10,84,94,0.021936692149458103,0.022665277984426926,0.0007285858349688236,0.03547593523043603,0.013539243080977929,-0.012810657246009105,ok
total,synthetic_control,2018-01-10,84,94,0.021936692149458103,0.022665277984426926,0.0007285858349688236,0.016789928080935032,-0.005146764068523071,0.005875349903491894,exact_mean_match
total,random_forest,2018-01-10,84,94,0.021936692149458103,0.022665277984426926,0.0007285858349688236,0.023616444102738946,0.0016797519532808433,-0.0009511661183120197,ok
total,gradient_boosting,2018-01-10,84,94,0.021936692149458103,0.022665277984426926,0.0007285858349688236,0.03394282489133935,0.01200613274188125,-0.011277546906912427,ok
total,twfe,2018-01-24,84,94,0.022735907709311966,0.036632693547587164,0.013896785838275198,0.022735907709311966,0.0,0.013896785838275198,ok
total,linear_gap,2018-01-24,84,94,0.022735907709311966,0.036632693547587164,0.013896785838275198,0.03441123487433558,0.011675327165023616,0.002221458673251582,ok
total,synthetic_control,2018-01-24,84,94,0.022735907709311966,0.036632693547587164,0.013896785838275198,0.02444248741377937,0.0017065797044674043,0.012190206133807793,exact_mean_match
total,random_forest,2018-01-24,84,94,0.022735907709311966,0.036632693547587164,0.013896785838275198,0.022485956648901274,-0.00024995106041069207,0.01414673689868589,ok
total,gradient_boosting,2018-01-24,84,94,0.022735907709311966,0.036632693547587164,0.013896785838275198,0.02842467389541616,0.0056887661861041924,0.008208019652171005,ok
total,twfe,2018-02-07,84,94,0.025761029750391455,0.025746416703863514,-1.4613046527941348e-05,0.025761029750391455,0.0,-1.4613046527941348e-05,ok
total,linear_gap,2018-02-07,84,94,0.025761029750391455,0.025746416703863514,-1.4613046527941348e-05,0.039493642547503566,0.01373261279711211,-0.013747225843640052,ok
total,synthetic_control,2018-02-07,84,94,0.025761029750391455,0.025746416703863514,-1.4613046527941348e-05,0.016116504421187818,-0.009644525329203638,0.009629912282675696,exact_mean_match
total,random_forest,2018-02-07,84,94,0.025761029750391455,0.025746416703863514,-1.4613046527941348e-05,0.027875988507686453,0.0021149587572949977,-0.002129571803822939,ok
total,gradient_boosting,2018-02-07,84,94,0.025761029750391455,0.025746416703863514,-1.4613046527941348e-05,0.03122890801277813,0.005467878262386674,-0.005482491308914615,ok
total,twfe,2018-02-21,84,94,0.0278286282275644,0.012429945940584237,-0.015398682286980162,0.0278286282275644,0.0,-0.015398682286980162,ok
total,linear_gap,2018-02-21,84,94,0.0278286282275644,0.012429945940584237,-0.015398682286980162,0.030894799335135573,0.0030661711075711737,-0.018464853394551336,ok
total,synthetic_control,2018-02-21,84,94,0.0278286282275644,0.012429945940584237,-0.015398682286980162,0.020367222731090658,-0.007461405496473741,-0.00793727679050642,exact_mean_match
total,random_forest,2018-02-21,84,94,0.0278286282275644,0.012429945940584237,-0.015398682286980162,0.01892955535649121,-0.00889907287107319,-0.006499609415906972,ok
total,gradient_boosting,2018-02-21,84,94,0.0278286282275644,0.012429945940584237,-0.015398682286980162,0.022787953795335304,-0.005040674432229095,-0.010358007854751067,ok
total,twfe,2018-03-07,84,94,0.027661685241472472,0.013787630808907402,-0.01387405443256507,0.027661685241472472,0.0,-0.01387405443256507,ok
total,linear_gap,2018-03-07,84,94,0.027661685241472472,0.013787630808907402,-0.01387405443256507,0.020705139642053765,-0.006956545599418707,-0.006917508833146364,ok
total,synthetic_control,2018-03-07,84,94,0.027661685241472472,0.013787630808907402,-0.01387405443256507,0.02519324516397082,-0.0024684400775016532,-0.011405614355063418,exact_mean_match
total,random_forest,2018-03-07,84,94,0.027661685241472472,0.013787630808907402,-0.01387405443256507,0.018463985477690473,-0.009197699763782,-0.004676354668783071,ok
total,gradient_boosting,2018-03-07,84,94,0.027661685241472472,0.013787630808907402,-0.01387405443256507,0.0240513717355641,-0.003610313505908371,-0.0102637409266567,ok
total,twfe,2018-03-21,84,94,0.024518551779190077,0.008518077667013835,-0.01600047411217624,0.024518551779190077,0.0,-0.01600047411217624,ok
total,linear_gap,2018-03-21,84,94,0.024518551779190077,0.008518077667013835,-0.01600047411217624,0.01209889133003251,-0.012419660449157566,-0.003580813663018675,ok
total,synthetic_control,2018-03-21,84,94,0.024518551779190077,0.008518077667013835,-0.01600047411217624,0.02011222445786126,-0.004406327321328816,-0.011594146790847425,exact_mean_match
total,random_forest,2018-03-21,84,94,0.024518551779190077,0.008518077667013835,-0.01600047411217624,0.013432780792878065,-0.011085770986312011,-0.00491470312586423,ok
total,gradient_boosting,2018-03-21,84,94,0.024518551779190077,0.008518077667013835,-0.01600047411217624,0.014905705560751123,-0.009612846218438954,-0.006387627893737287,ok
total,twfe,2018-04-04,84,94,0.02050712290073992,0.02265287903585776,0.002145756135117839,0.02050712290073992,0.0,0.002145756135117839,ok
total,linear_gap,2018-04-04,84,94,0.02050712290073992,0.02265287903585776,0.002145756135117839,0.00825476929293325,-0.01225235360780667,0.01439810974292451,ok
total,synthetic_control,2018-04-04,84,94,0.02050712290073992,0.02265287903585776,0.002145756135117839,0.013486405365126124,-0.007020717535613796,0.009166473670731635,exact_mean_match
total,random_forest,2018-04-04,84,94,0.02050712290073992,0.02265287903585776,0.002145756135117839,0.01061544893571692,-0.009891673965023,0.012037430100140838,ok
total,gradient_boosting,2018-04-04,84,94,0.02050712290073992,0.02265287903585776,0.002145756135117839,0.01008844027960389,-0.01041868262113603,0.01256443875625387,ok
total,twfe,2018-04-18,84,94,0.02042365140769396,0.01738332589396419,-0.0030403255137297705,0.02042365140769396,0.0,-0.0030403255137297705,ok
total,linear_gap,2018-04-18,84,94,0.02042365140769396,0.01738332589396419,-0.0030403255137297705,0.009595788042075783,-0.010827863365618176,0.007787537851888406,ok
total,synthetic_control,2018-04-18,84,94,0.02042365140769396,0.01738332589396419,-0.0030403255137297705,0.01962867469730805,-0.0007949767103859091,-0.0022453488033438614,exact_mean_match
total,random_forest,2018-04-18,84,94,0.02042365140769396,0.01738332589396419,-0.0030403255137297705,0.015291210471947179,-0.005132440935746781,0.00209211542201701,ok
total,gradient_boosting,2018-04-18,84,94,0.02042365140769396,0.01738332589396419,-0.0030403255137297705,0.019519330785223835,-0.0009043206224701242,-0.0021360048912596463,ok
total,twfe,2018-05-02,84,94,0.01716346596665745,0.013291672866140945,-0.0038717931005165067,0.01716346596665745,0.0,-0.0038717931005165067,ok
total,linear_gap,2018-05-02,84,94,0.01716346596665745,0.013291672866140945,-0.0038717931005165067,0.015106180334568953,-0.0020572856320884986,-0.0018145074684280081,ok
total,synthetic_control,2018-05-02,84,94,0.01716346596665745,0.013291672866140945,-0.0038717931005165067,0.012179478568345104,-0.004983987398312347,0.0011121942977958404,exact_mean_match
total,random_forest,2018-05-02,84,94,0.01716346596665745,0.013291672866140945,-0.0038717931005165067,0.014869462564455612,-0.002294003402201839,-0.0015777896983146678,ok
total,gradient_boosting,2018-05-02,84,94,0.01716346596665745,0.013291672866140945,-0.0038717931005165067,0.015444562634070846,-0.0017189033325866049,-0.002152889767929902,ok
total,twfe,2018-05-16,84,94,0.015154393478861564,0.0027463671080692354,-0.012408026370792328,0.015154393478861564,0.0,-0.012408026370792328,ok
total,linear_gap,2018-05-16,84,94,0.015154393478861564,0.0027463671080692354,-0.012408026370792328,0.014896286944717221,-0.0002581065341443426,-0.012149919836647986,ok
total,synthetic_control,2018-05-16,84,94,0.015154393478861564,0.0027463671080692354,-0.012408026370792328,0.01694484325788012,0.0017904497790185575,-0.014198476149810886,exact_mean_match
total,random_forest,2018-05-16,84,94,0.015154393478861564,0.0027463671080692354,-0.012408026370792328,0.009834654044543133,-0.005319739434318431,-0.007088286936473898,ok
total,gradient_boosting,2018-05-16,84,94,0.015154393478861564,0.0027463671080692354,-0.012408026370792328,0.01226675951586783,-0.002887633962993734,-0.009520392407798594,ok
total,twfe,2018-05-30,84,94,0.012732760738079885,0.017284134305410898,0.004551373567331013,0.012732760738079885,0.0,0.004551373567331013,ok
total,linear_gap,2018-05-30,84,94,0.012732760738079885,0.017284134305410898,0.004551373567331013,0.008558497083270167,-0.004174263654809718,0.00872563722214073,ok
total,synthetic_control,2018-05-30,84,94,0.012732760738079885,0.017284134305410898,0.004551373567331013,0.010474505351989814,-0.0022582553860900703,0.006809628953421083,exact_mean_match
total,random_forest,2018-05-30,84,94,0.012732760738079885,0.017284134305410898,0.004551373567331013,0.0033820779452986578,-0.009350682792781227,0.01390205636011224,ok
total,gradient_boosting,2018-05-30,84,94,0.012732760738079885,0.017284134305410898,0.004551373567331013,0.0034725974638002035,-0.00926016327427968,0.013811536841610694,ok
total,twfe,2018-06-13,84,94,0.013851470633385524,0.024289540246987054,0.01043806961360153,0.013851470633385524,0.0,0.01043806961360153,ok
total,linear_gap,2018-06-13,84,94,0.013851470633385524,0.024289540246987054,0.01043806961360153,0.012165791151433153,-0.001685679481952371,0.012123749095553901,ok
total,synthetic_control,2018-06-13,84,94,0.013851470633385524,0.024289540246987054,0.01043806961360153,0.009958665777305434,-0.00389280485608009,0.01433087446968162,exact_mean_match
total,random_forest,2018-06-13,84,94,0.013851470633385524,0.024289540246987054,0.01043806961360153,0.013024249272636085,-0.0008272213607494385,0.011265290974350969,ok
total,gradient_boosting,2018-06-13,84,94,0.013851470633385524,0.024289540246987054,0.01043806961360153,0.014980216043230283,0.0011287454098447593,0.009309324203756771,ok
total,twfe,2018-06-27,84,94,0.016030364434619755,0.025870406189555127,0.009840041754935372,0.016030364434619755,0.0,0.009840041754935372,ok
total,linear_gap,2018-06-27,84,94,0.016030364434619755,0.025870406189555127,0.009840041754935372,0.0169719908784036,0.000941626443783844,0.008898415311151528,ok
total,synthetic_control,2018-06-27,84,94,0.016030364434619755,0.025870406189555127,0.009840041754935372,0.019177674659883546,0.0031473102252637906,0.006692731529671581,exact_mean_match
total,random_forest,2018-06-27,84,94,0.016030364434619755,0.025870406189555127,0.009840041754935372,0.020806774466855353,0.004776410032235598,0.005063631722699774,ok
total,gradient_boosting,2018-06-27,84,94,0.016030364434619755,0.025870406189555127,0.009840041754935372,0.024036666789179557,0.008006302354559802,0.0018337394003755704,ok
total,twfe,2018-07-11,84,94,0.01660986767369746,0.01587065416852651,-0.0007392135051709492,0.01660986767369746,0.0,-0.0007392135051709492,ok
total,linear_gap,2018-07-11,84,94,0.01660986767369746,0.01587065416852651,-0.0007392135051709492,0.0272838760043045,0.01067400833060704,-0.01141322183577799,ok
total,synthetic_control,2018-07-11,84,94,0.01660986767369746,0.01587065416852651,-0.0007392135051709492,0.014535099435310235,-0.0020747682383872243,0.001335554733216275,exact_mean_match
total,random_forest,2018-07-11,84,94,0.01660986767369746,0.01587065416852651,-0.0007392135051709492,0.023068108527842652,0.006458240854145193,-0.007197454359316142,ok
total,gradient_boosting,2018-07-11,84,94,0.01660986767369746,0.01587065416852651,-0.0007392135051709492,0.025280457391169568,0.008670589717472109,-0.009409803222643058,ok
total,twfe,2018-07-25,84,94,0.016592597709618986,0.017550711699647868,0.0009581139900288818,0.016592597709618986,0.0,0.0009581139900288818,ok
total,linear_gap,2018-07-25,84,94,0.016592597709618986,0.017550711699647868,0.0009581139900288818,0.02554757728838965,0.008954979578770665,-0.007996865588741783,ok
total,synthetic_control,2018-07-25,84,94,0.016592597709618986,0.017550711699647868,0.0009581139900288818,0.009089438428983524,-0.007503159280635462,0.008461273270664343,exact_mean_match
total,random_forest,2018-07-25,84,94,0.016592597709618986,0.017550711699647868,0.0009581139900288818,0.014801538473425845,-0.0017910592361931408,0.0027491732262220226,ok
total,gradient_boosting,2018-07-25,84,94,0.016592597709618986,0.017550711699647868,0.0009581139900288818,0.017945693934801027,0.0013530962251820412,-0.0003949822351531594,ok
total,twfe,2018-08-08,84,94,0.017223910840932118,0.0023619997024252335,-0.014861911138506885,0.017223910840932118,0.0,-0.014861911138506885,ok
total,linear_gap,2018-08-08,84,94,0.017223910840932118,0.0023619997024252335,-0.014861911138506885,0.022959424769051304,0.005735513928119187,-0.020597425066626072,ok
total,synthetic_control,2018-08-08,84,94,0.017223910840932118,0.0023619997024252335,-0.014861911138506885,0.014189179435214631,-0.0030347314057174862,-0.011827179732789399,exact_mean_match
total,random_forest,2018-08-08,84,94,0.017223910840932118,0.0023619997024252335,-0.014861911138506885,0.010362199815976875,-0.006861711024955242,-0.008000200113551643,ok
total,gradient_boosting,2018-08-08,84,94,0.017223910840932118,0.0023619997024252335,-0.014861911138506885,0.012528849155259664,-0.004695061685672453,-0.010166849452834432,ok
total,twfe,2018-08-22,84,94,0.01728243683030917,0.023787382829936025,0.006504945999626855,0.01728243683030917,0.0,0.006504945999626855,ok
total,linear_gap,2018-08-22,84,94,0.01728243683030917,0.023787382829936025,0.006504945999626855,0.00776892704247264,-0.00951350978783653,0.016018455787463387,ok
total,synthetic_control,2018-08-22,84,94,0.01728243683030917,0.023787382829936025,0.006504945999626855,0.03007206136460748,0.01278962453429831,-0.006284678534671455,exact_mean_match
total,random_forest,2018-08-22,84,94,0.01728243683030917,0.023787382829936025,0.006504945999626855,0.005885030478837696,-0.011397406351471474,0.017902352351098327,ok
total,gradient_boosting,2018-08-22,84,94,0.01728243683030917,0.023787382829936025,0.006504945999626855,0.005064885222454796,-0.012217551607854375,0.01872249760748123,ok
total,twfe,2018-09-05,84,94,0.018316715790120047,0.024692506075484802,0.006375790285364755,0.018316715790120047,0.0,0.006375790285364755,ok
total,linear_gap,2018-09-05,84,94,0.018316715790120047,0.024692506075484802,0.006375790285364755,0.012378584029008056,-0.00593813176111199,0.012313922046476746,ok
total,synthetic_control,2018-09-05,84,94,0.018316715790120047,0.024692506075484802,0.006375790285364755,0.015987617646371643,-0.0023290981437484037,0.008704888429113159,exact_mean_match
total,random_forest,2018-09-05,84,94,0.018316715790120047,0.024692506075484802,0.006375790285364755,0.015086619147104156,-0.0032300966430158905,0.009605886928380646,ok
total,gradient_boosting,2018-09-05,84,94,0.018316715790120047,0.024692506075484802,0.006375790285364755,0.020752053416290037,0.00243533762616999,0.003940452659194765,ok
total,twfe,2018-09-19,84,94,0.01842417334438611,0.02183454843029311,0.0034103750859070005,0.01842417334438611,0.0,0.0034103750859070005,ok
total,linear_gap,2018-09-19,84,94,0.01842417334438611,0.02183454843029311,0.0034103750859070005,0.018901432223482496,0.0004772588790963872,0.0029331162068106133,ok
total,synthetic_control,2018-09-19,84,94,0.01842417334438611,0.02183454843029311,0.0034103750859070005,0.011751430466699592,-0.006672742877686516,0.010083117963593517,exact_mean_match
total,random_forest,2018-09-19,84,94,0.01842417334438611,0.02183454843029311,0.0034103750859070005,0.0182848174534097,-0.00013935589097640796,0.0035497309768834084,ok
total,gradient_boosting,2018-09-19,84,94,0.01842417334438611,0.02183454843029311,0.0034103750859070005,0.020770903914390685,0.0023467305700045765,0.001063644515902424,ok
total,twfe,2018-10-03,84,94,0.017836035123269162,0.02620517780092248,0.008369142677653318,0.017836035123269162,0.0,0.008369142677653318,ok
total,linear_gap,2018-10-03,84,94,0.017836035123269162,0.02620517780092248,0.008369142677653318,0.02389551338740446,0.006059478264135297,0.0023096644135180214,ok
total,synthetic_control,2018-10-03,84,94,0.017836035123269162,0.02620517780092248,0.008369142677653318,0.0180592443988854,0.00022320927561623669,0.008145933402037082,exact_mean_match
total,random_forest,2018-10-03,84,94,0.017836035123269162,0.02620517780092248,0.008369142677653318,0.01970700514595567,0.0018709700226865085,0.00649817265496681,ok
total,gradient_boosting,2018-10-03,84,94,0.017836035123269162,0.02620517780092248,0.008369142677653318,0.01991107673418855,0.0020750416109193877,0.006294101066733931,ok
total,twfe,2018-10-17,84,94,0.01938169690829265,0.027674453206368098,0.008292756298075448,0.01938169690829265,0.0,0.008292756298075448,ok
total,linear_gap,2018-10-17,84,94,0.01938169690829265,0.027674453206368098,0.008292756298075448,0.027972636977993307,0.008590940069700657,-0.00029818377162520865,ok
total,synthetic_control,2018-10-17,84,94,0.01938169690829265,0.027674453206368098,0.008292756298075448,0.01652830332047776,-0.0028533935878148897,0.011146149885890338,exact_mean_match
total,random_forest,2018-10-17,84,94,0.01938169690829265,0.027674453206368098,0.008292756298075448,0.023477023083964012,0.004095326175671363,0.004197430122404085,ok
total,gradient_boosting,2018-10-17,84,94,0.01938169690829265,0.027674453206368098,0.008292756298075448,0.02412827172690901,0.004746574818616359,0.0035461814794590894,ok
total,twfe,2018-10-31,84,94,0.021148030456541095,0.004302435153498983,-0.01684559530304211,0.021148030456541095,0.0,-0.01684559530304211,ok
total,linear_gap,2018-10-31,84,94,0.021148030456541095,0.004302435153498983,-0.01684559530304211,0.031179154542493308,0.010031124085952213,-0.026876719388994323,ok
total,synthetic_control,2018-10-31,84,94,0.021148030456541095,0.004302435153498983,-0.01684559530304211,0.022948380631896553,0.0018003501753554585,-0.01864594547839757,exact_mean_match
total,random_forest,2018-10-31,84,94,0.021148030456541095,0.004302435153498983,-0.01684559530304211,0.023982636902689643,0.0028346064461485486,-0.01968020174919066,ok
total,gradient_boosting,2018-10-31,84,94,0.021148030456541095,0.004302435153498983,-0.01684559530304211,0.02423836681592143,0.0030903363593803336,-0.019935931662422444,ok
total,twfe,2018-11-14,84,94,0.02158361732829818,0.01907578237365471,-0.002507834954643469,0.02158361732829818,0.0,-0.002507834954643469,ok
total,linear_gap,2018-11-14,84,94,0.02158361732829818,0.01907578237365471,-0.002507834954643469,0.012407243436852122,-0.009176373891446057,0.0066685389368025885,ok
total,synthetic_control,2018-11-14,84,94,0.02158361732829818,0.01907578237365471,-0.002507834954643469,0.013374313011953794,-0.008209304316344385,0.005701469361700916,exact_mean_match
total,random_forest,2018-11-14,84,94,0.02158361732829818,0.01907578237365471,-0.002507834954643469,0.005197248008797979,-0.016386369319500202,0.013878534364856733,ok
total,gradient_boosting,2018-11-14,84,94,0.02158361732829818,0.01907578237365471,-0.002507834954643469,0.009097265064744288,-0.012486352263553891,0.009978517308910423,ok
total,twfe,2018-11-28,84,94,0.020392949249332225,0.029757476565987203,0.009364527316654978,0.020392949249332225,0.0,0.009364527316654978,ok
total,linear_gap,2018-11-28,84,94,0.020392949249332225,0.029757476565987203,0.009364527316654978,0.01244377244042471,-0.007949176808907516,0.017313704125562494,ok
total,synthetic_control,2018-11-28,84,94,0.020392949249332225,0.029757476565987203,0.009364527316654978,0.012218224919989619,-0.008174724329342607,0.017539251645997584,exact_mean_match
total,random_forest,2018-11-28,84,94,0.020392949249332225,0.029757476565987203,0.009364527316654978,0.014119033923639356,-0.00627391532569287,0.015638442642347847,ok
total,gradient_boosting,2018-11-28,84,94,0.020392949249332225,0.029757476565987203,0.009364527316654978,0.015205649252678354,-0.005187299996653872,0.01455182731330885,ok
total,twfe,2018-12-12,84,94,0.02143874151852875,0.021295194167534597,-0.00014354735099415122,0.02143874151852875,0.0,-0.00014354735099415122,ok
total,linear_gap,2018-12-12,84,94,0.02143874151852875,0.021295194167534597,-0.00014354735099415122,0.02183528955958652,0.0003965480410577718,-0.000540095392051923,ok
total,synthetic_control,2018-12-12,84,94,0.02143874151852875,0.021295194167534597,-0.00014354735099415122,0.017449861234149856,-0.003988880284378892,0.003845332933384741,exact_mean_match
total,random_forest,2018-12-12,84,94,0.02143874151852875,0.021295194167534597,-0.00014354735099415122,0.02563591949962855,0.004197177981099802,-0.004340725332093953,ok
total,gradient_boosting,2018-12-12,84,94,0.02143874151852875,0.021295194167534597,-0.00014354735099415122,0.028452875986965047,0.007014134468436298,-0.00715768181943045,ok
total,twfe,2018-12-26,84,94,0.021200799791225324,0.012987898626196497,-0.008212901165028827,0.021200799791225324,0.0,-0.008212901165028827,ok
total,linear_gap,2018-12-26,84,94,0.021200799791225324,0.012987898626196497,-0.008212901165028827,0.021616404557931103,0.0004156047667057787,-0.008628505931734606,ok
total,synthetic_control,2018-12-26,84,94,0.021200799791225324,0.012987898626196497,-0.008212901165028827,0.015259006397834146,-0.005941793393391178,-0.0022711077716376493,exact_mean_match
total,random_forest,2018-12-26,84,94,0.021200799791225324,0.012987898626196497,-0.008212901165028827,0.01825215443049713,-0.0029486453607281936,-0.005264255804300634,ok
total,gradient_boosting,2018-12-26,84,94,0.021200799791225324,0.012987898626196497,-0.008212901165028827,0.023171752065741666,0.0019709522745163417,-0.010183853439545169,ok
total,twfe,2019-01-09,84,94,0.01915526849037487,0.006348261667410602,-0.012807006822964267,0.01915526849037487,0.0,-0.012807006822964267,ok
total,linear_gap,2019-01-09,84,94,0.01915526849037487,0.006348261667410602,-0.012807006822964267,0.017758802844727542,-0.0013964656456473268,-0.01141054117731694,ok
total,synthetic_control,2019-01-09,84,94,0.01915526849037487,0.006348261667410602,-0.012807006822964267,0.005410782163818739,-0.01374448632655613,0.0009374795035918624,exact_mean_match
total,random_forest,2019-01-09,84,94,0.01915526849037487,0.006348261667410602,-0.012807006822964267,0.014065804716988718,-0.005089463773386151,-0.007717543049578116,ok
total,gradient_boosting,2019-01-09,84,94,0.01915526849037487,0.006348261667410602,-0.012807006822964267,0.013351650925138117,-0.005803617565236752,-0.007003389257727515,ok
total,twfe,2019-01-23,84,94,0.015953609038715417,0.003961464067847045,-0.011992144970868372,0.015953609038715417,0.0,-0.011992144970868372,ok
total,linear_gap,2019-01-23,84,94,0.015953609038715417,0.003961464067847045,-0.011992144970868372,0.013806364451729714,-0.0021472445869857026,-0.009844900383882669,ok
total,synthetic_control,2019-01-23,84,94,0.015953609038715417,0.003961464067847045,-0.011992144970868372,0.00944565148032921,-0.006507957558386207,-0.0054841874124821645,exact_mean_match
total,random_forest,2019-01-23,84,94,0.015953609038715417,0.003961464067847045,-0.011992144970868372,0.006267873103089094,-0.009685735935626324,-0.0023064090352420477,ok
total,gradient_boosting,2019-01-23,84,94,0.015953609038715417,0.003961464067847045,-0.011992144970868372,0.007321924796030495,-0.008631684242684921,-0.00336046072818345,ok
total,twfe,2019-02-06,84,94,0.015692640692640685,0.006304865347418539,-0.009387775345222147,0.015692640692640685,0.0,-0.009387775345222147,ok
total,linear_gap,2019-02-06,84,94,0.015692640692640685,0.006304865347418539,-0.009387775345222147,0.002212809756330054,-0.013479830936310631,0.004092055591088484,ok
total,synthetic_control,2019-02-06,84,94,0.015692640692640685,0.006304865347418539,-0.009387775345222147,0.012344056612990064,-0.003348584079650621,-0.006039191265571526,exact_mean_match
total,random_forest,2019-02-06,84,94,0.015692640692640685,0.006304865347418539,-0.009387775345222147,0.003958585991691641,-0.011734054700949044,0.0023462793557268973,ok
total,gradient_boosting,2019-02-06,84,94,0.015692640692640685,0.006304865347418539,-0.009387775345222147,0.005628015116075881,-0.010064625576564803,0.0006768502313426565,ok
total,twfe,2019-02-20,84,94,0.014023210831721469,0.0025603828795318136,-0.011462827952189655,0.014023210831721469,0.0,-0.011462827952189655,ok
total,linear_gap,2019-02-20,84,94,0.014023210831721469,0.0025603828795318136,-0.011462827952189655,-0.00246814324890505,-0.01649135408062652,0.005028526128436864,ok
total,synthetic_control,2019-02-20,84,94,0.014023210831721469,0.0025603828795318136,-0.011462827952189655,0.01167539020427299,-0.002347820627448479,-0.009115007324741176,exact_mean_match
total,random_forest,2019-02-20,84,94,0.014023210831721469,0.0025603828795318136,-0.011462827952189655,0.005700162371072955,-0.008323048460648514,-0.0031397794915411417,ok
total,gradient_boosting,2019-02-20,84,94,0.014023210831721469,0.0025603828795318136,-0.011462827952189655,0.006860218856499189,-0.00716299197522228,-0.004299835976967375,ok
total,twfe,2019-03-06,84,94,0.009605937797427157,0.01973292664782026,0.010126988850393103,0.009605937797427157,0.0,0.010126988850393103,ok
total,linear_gap,2019-03-06,84,94,0.009605937797427157,0.01973292664782026,0.010126988850393103,-0.0003949197242606018,-0.010000857521687759,0.020127846372080864,ok
total,synthetic_control,2019-03-06,84,94,0.009605937797427157,0.01973292664782026,0.010126988850393103,0.006302916082406176,-0.0033030217150209814,0.013430010565414085,exact_mean_match
total,random_forest,2019-03-06,84,94,0.009605937797427157,0.01973292664782026,0.010126988850393103,0.004219992754631833,-0.005385945042795324,0.015512933893188427,ok
total,gradient_boosting,2019-03-06,84,94,0.009605937797427157,0.01973292664782026,0.010126988850393103,0.005840187119508349,-0.0037657506779188088,0.013892739528311913,ok
total,twfe,2019-03-20,84,94,0.009409252095422307,0.016403808957000447,0.006994556861578139,0.009409252095422307,0.0,0.006994556861578139,ok
total,linear_gap,2019-03-20,84,94,0.009409252095422307,0.016403808957000447,0.006994556861578139,0.011290543261232137,0.0018812911658098296,0.00511326569576831,ok
total,synthetic_control,2019-03-20,84,94,0.009409252095422307,0.016403808957000447,0.006994556861578139,0.008660806095107226,-0.0007484460003150811,0.0077430028618932206,exact_mean_match
total,random_forest,2019-03-20,84,94,0.009409252095422307,0.016403808957000447,0.006994556861578139,0.012378130163760397,0.00296887806833809,0.00402567879324005,ok
total,gradient_boosting,2019-03-20,84,94,0.009409252095422307,0.016403808957000447,0.006994556861578139,0.01703815665378824,0.007628904558365934,-0.0006343476967877945,ok
total,twfe,2019-04-03,84,94,0.009864987258604277,0.01950974557357536,0.009644758314971082,0.009864987258604277,0.0,0.009644758314971082,ok
total,linear_gap,2019-04-03,84,94,0.009864987258604277,0.01950974557357536,0.009644758314971082,0.01666935929880431,0.006804372040200032,0.00284038627477105,ok
total,synthetic_control,2019-04-03,84,94,0.009864987258604277,0.01950974557357536,0.009644758314971082,0.008726889773957492,-0.0011380974846467856,0.010782855799617868,exact_mean_match
total,random_forest,2019-04-03,84,94,0.009864987258604277,0.01950974557357536,0.009644758314971082,0.01196395223899522,0.002098964980390942,0.00754579333458014,ok
total,gradient_boosting,2019-04-03,84,94,0.009864987258604277,0.01950974557357536,0.009644758314971082,0.014362518929315718,0.00449753167071144,0.005147226644259642,ok
total,twfe,2019-04-17,84,94,0.012073623775751436,0.020855031493329363,0.008781407717577927,0.012073623775751436,0.0,0.008781407717577927,ok
total,linear_gap,2019-04-17,84,94,0.012073623775751436,0.020855031493329363,0.008781407717577927,0.022010024725394452,0.009936400949643017,-0.0011549932320650894,ok
total,synthetic_control,2019-04-17,84,94,0.012073623775751436,0.020855031493329363,0.008781407717577927,0.008337498563808736,-0.0037361252119426994,0.012517532929520627,exact_mean_match
total,random_forest,2019-04-17,84,94,0.012073623775751436,0.020855031493329363,0.008781407717577927,0.014775447914243076,0.0027018241384916403,0.006079583579086287,ok
total,gradient_boosting,2019-04-17,84,94,0.012073623775751436,0.020855031493329363,0.008781407717577927,0.018576996891771582,0.006503373116020146,0.002278034601557781,ok
total,twfe,2019-05-01,84,94,0.01481475085198489,0.018970391310816844,0.004155640458831954,0.01481475085198489,0.0,0.004155640458831954,ok
total,linear_gap,2019-05-01,84,94,0.01481475085198489,0.018970391310816844,0.004155640458831954,0.024302478011003516,0.009487727159018626,-0.005332086700186672,ok
total,synthetic_control,2019-05-01,84,94,0.01481475085198489,0.018970391310816844,0.004155640458831954,0.006441848372783023,-0.008372902479201867,0.012528542938033821,exact_mean_match
total,random_forest,2019-05-01,84,94,0.01481475085198489,0.018970391310816844,0.004155640458831954,0.016633935534972135,0.0018191846829872446,0.002336455775844709,ok
total,gradient_boosting,2019-05-01,84,94,0.01481475085198489,0.018970391310816844,0.004155640458831954,0.019760270957289962,0.004945520105305072,-0.0007898796464731184,ok
total,twfe,2019-05-15,84,94,0.01639495256516533,0.01383722660318405,-0.002557725961981278,0.01639495256516533,0.0,-0.002557725961981278,ok
total,linear_gap,2019-05-15,84,94,0.01639495256516533,0.01383722660318405,-0.002557725961981278,0.02157165603825326,0.005176703473087931,-0.007734429435069209,ok
total,synthetic_control,2019-05-15,84,94,0.01639495256516533,0.01383722660318405,-0.002557725961981278,0.01534974909746058,-0.001045203467704748,-0.00151252249427653,exact_mean_match
total,random_forest,2019-05-15,84,94,0.01639495256516533,0.01383722660318405,-0.002557725961981278,0.011753191206868664,-0.004641761358296664,0.0020840353963153865,ok
total,gradient_boosting,2019-05-15,84,94,0.01639495256516533,0.01383722660318405,-0.002557725961981278,0.013380688395461691,-0.0030142641697036374,0.00045653820772235953,ok
total,twfe,2019-05-29,84,94,0.018266824782782225,0.008164707632792739,-0.010102117149989487,0.018266824782782225,0.0,-0.010102117149989487,ok
total,linear_gap,2019-05-29,84,94,0.018266824782782225,0.008164707632792739,-0.010102117149989487,0.014965807556195877,-0.0033010172265863485,-0.006801099923403138,ok
total,synthetic_control,2019-05-29,84,94,0.018266824782782225,0.008164707632792739,-0.010102117149989487,0.020208410224978948,0.0019415854421967228,-0.01204370259218621,exact_mean_match
total,random_forest,2019-05-29,84,94,0.018266824782782225,0.008164707632792739,-0.010102117149989487,0.011911299775272038,-0.006355525007510188,-0.003746592142479299,ok
total,gradient_boosting,2019-05-29,84,94,0.018266824782782225,0.008164707632792739,-0.010102117149989487,0.014376886522854572,-0.003889938259927653,-0.006212178890061834,ok
total,twfe,2019-06-12,84,94,0.0161330247766418,0.005362545256162276,-0.010770479520479524,0.0161330247766418,0.0,-0.010770479520479524,ok
total,linear_gap,2019-06-12,84,94,0.0161330247766418,0.005362545256162276,-0.010770479520479524,0.008073431057362015,-0.008059593719279784,-0.00271088580119974,ok
total,synthetic_control,2019-06-12,84,94,0.0161330247766418,0.005362545256162276,-0.010770479520479524,0.014006851490912572,-0.002126173285729227,-0.008644306234750296,exact_mean_match
total,random_forest,2019-06-12,84,94,0.0161330247766418,0.005362545256162276,-0.010770479520479524,0.006558819886740084,-0.009574204889901714,-0.0011962746305778094,ok
total,gradient_boosting,2019-06-12,84,94,0.0161330247766418,0.005362545256162276,-0.010770479520479524,0.00908786389449321,-0.0070451608821485885,-0.003725318638330935,ok
total,twfe,2019-06-26,84,94,0.01479556200300881,0.01376903238605366,-0.0010265296169551501,0.01479556200300881,0.0,-0.0010265296169551501,ok
total,linear_gap,2019-06-26,84,94,0.01479556200300881,0.01376903238605366,-0.0010265296169551501,0.0021858947893020186,-0.012609667213706792,0.011583137596751641,ok
total,synthetic_control,2019-06-26,84,94,0.01479556200300881,0.01376903238605366,-0.0010265296169551501,0.008909894161987487,-0.005885667841021323,0.0048591382240661726,exact_mean_match
total,random_forest,2019-06-26,84,94,0.01479556200300881,0.01376903238605366,-0.0010265296169551501,0.005261819905958137,-0.009533742097050674,0.008507212480095524,ok
total,gradient_boosting,2019-06-26,84,94,0.01479556200300881,0.01376903238605366,-0.0010265296169551501,0.005931606022235357,-0.008863955980773454,0.007837426363818303,ok
total,twfe,2019-07-10,84,94,0.013482085290595927,0.004668204136289242,-0.008813881154306685,0.013482085290595927,0.0,-0.008813881154306685,ok
total,linear_gap,2019-07-10,84,94,0.013482085290595927,0.004668204136289242,-0.008813881154306685,0.003916169507227379,-0.009565915783368548,0.0007520346290618637,ok
total,synthetic_control,2019-07-10,84,94,0.013482085290595927,0.004668204136289242,-0.008813881154306685,0.01572894823007836,0.0022468629394824316,-0.011060744093789116,exact_mean_match
total,random_forest,2019-07-10,84,94,0.013482085290595927,0.004668204136289242,-0.008813881154306685,0.009624101246020532,-0.0038579840445753955,-0.004955897109731289,ok
total,gradient_boosting,2019-07-10,84,94,0.013482085290595927,0.004668204136289242,-0.008813881154306685,0.011727860606012976,-0.0017542246845829515,-0.007059656469723733,ok
total,twfe,2019-07-24,84,94,0.01058840686500261,0.019038585527947224,0.008450178662944615,0.01058840686500261,0.0,0.008450178662944615,ok
total,linear_gap,2019-07-24,84,94,0.01058840686500261,0.019038585527947224,0.008450178662944615,0.002775709841250674,-0.007812697023751935,0.01626287568669655,ok
total,synthetic_control,2019-07-24,84,94,0.01058840686500261,0.019038585527947224,0.008450178662944615,0.01144143640902497,0.0008530295440223601,0.007597149118922255,exact_mean_match
total,random_forest,2019-07-24,84,94,0.01058840686500261,0.019038585527947224,0.008450178662944615,0.003770728085108004,-0.006817678779894605,0.01526785744283922,ok
total,gradient_boosting,2019-07-24,84,94,0.01058840686500261,0.019038585527947224,0.008450178662944615,0.004651675871972193,-0.005936730993030416,0.014386909655975031,ok
total,twfe,2019-08-07,84,94,0.010716972153142365,0.01132643951792888,0.0006094673647865142,0.010716972153142365,0.0,0.0006094673647865142,ok
total,linear_gap,2019-08-07,84,94,0.010716972153142365,0.01132643951792888,0.0006094673647865142,0.011354251478488935,0.0006372793253465701,-2.7811960560055957e-05,ok
total,synthetic_control,2019-08-07,84,94,0.010716972153142365,0.01132643951792888,0.0006094673647865142,0.010302305015875583,-0.0004146671372667818,0.001024134502053296,exact_mean_match
total,random_forest,2019-08-07,84,94,0.010716972153142365,0.01132643951792888,0.0006094673647865142,0.01343622394150139,0.0027192517883590245,-0.0021097844235725104,ok
total,gradient_boosting,2019-08-07,84,94,0.010716972153142365,0.01132643951792888,0.0006094673647865142,0.01564056075619232,0.004923588603049953,-0.004314121238263439,ok
total,twfe,2019-08-21,84,94,0.009948458751650242,0.01061969944948668,0.000671240697836438,0.009948458751650242,0.0,0.000671240697836438,ok
total,linear_gap,2019-08-21,84,94,0.009948458751650242,0.01061969944948668,0.000671240697836438,0.013760644619147807,0.0038121858674975643,-0.0031409451696611263,ok
total,synthetic_control,2019-08-21,84,94,0.009948458751650242,0.01061969944948668,0.000671240697836438,0.008627905007668637,-0.0013205537439816058,0.001991794441818044,exact_mean_match
total,random_forest,2019-08-21,84,94,0.009948458751650242,0.01061969944948668,0.000671240697836438,0.009324737184213746,-0.000623721567436496,0.001294962265272934,ok
total,gradient_boosting,2019-08-21,84,94,0.009948458751650242,0.01061969944948668,0.000671240697836438,0.011814153218748579,0.0018656944670983368,-0.0011944537692618988,ok
total,twfe,2019-09-04,84,94,0.010590325749900218,0.01787308436244606,0.0072827586125458425,0.010590325749900218,0.0,0.0072827586125458425,ok
total,linear_gap,2019-09-04,84,94,0.010590325749900218,0.01787308436244606,0.0072827586125458425,0.012439949121618507,0.0018496233717182897,0.005433135240827553,ok
total,synthetic_control,2019-09-04,84,94,0.010590325749900218,0.01787308436244606,0.0072827586125458425,0.007787763187640857,-0.0028025625622593604,0.010085321174805203,exact_mean_match
total,random_forest,2019-09-04,84,94,0.010590325749900218,0.01787308436244606,0.0072827586125458425,0.009079167807893992,-0.0015111579420062256,0.008793916554552068,ok
total,gradient_boosting,2019-09-04,84,94,0.010590325749900218,0.01787308436244606,0.0072827586125458425,0.010076555476107205,-0.0005137702737930128,0.007796528886338855,ok
total,twfe,2019-09-18,84,94,0.01245356298547788,0.011729405346426625,-0.0007241576390512542,0.01245356298547788,0.0,-0.0007241576390512542,ok
total,linear_gap,2019-09-18,84,94,0.01245356298547788,0.011729405346426625,-0.0007241576390512542,0.01605864708453608,0.003605084099058199,-0.004329241738109453,ok
total,synthetic_control,2019-09-18,84,94,0.01245356298547788,0.011729405346426625,-0.0007241576390512542,0.007576807846754064,-0.004876755138723815,0.004152597499672561,exact_mean_match
total,random_forest,2019-09-18,84,94,0.01245356298547788,0.011729405346426625,-0.0007241576390512542,0.014721045516475378,0.002267482530997499,-0.002991640170048753,ok
total,gradient_boosting,2019-09-18,84,94,0.01245356298547788,0.011729405346426625,-0.0007241576390512542,0.017011179662885723,0.004557616677407844,-0.005281774316459098,ok
total,twfe,2019-10-02,84,94,0.012137906419821312,0.005653920547537567,-0.006483985872283745,0.012137906419821312,0.0,-0.006483985872283745,ok
total,linear_gap,2019-10-02,84,94,0.012137906419821312,0.005653920547537567,-0.006483985872283745,0.015266852623644762,0.00312894620382345,-0.009612932076107195,ok
total,synthetic_control,2019-10-02,84,94,0.012137906419821312,0.005653920547537567,-0.006483985872283745,0.011202064239669999,-0.0009358421801513132,-0.005548143692132431,exact_mean_match
total,random_forest,2019-10-02,84,94,0.012137906419821312,0.005653920547537567,-0.006483985872283745,0.009238671894292335,-0.0028992345255289768,-0.003584751346754768,ok
total,gradient_boosting,2019-10-02,84,94,0.012137906419821312,0.005653920547537567,-0.006483985872283745,0.010298051234791024,-0.0018398551850302876,-0.004644130687253457,ok
total,twfe,2019-10-16,84,94,0.012850772159282793,0.01611243366562515,0.0032616615063423577,0.012850772159282793,0.0,0.0032616615063423577,ok
total,linear_gap,2019-10-16,84,94,0.012850772159282793,0.01611243366562515,0.0032616615063423577,0.008816351241213606,-0.004034420918069187,0.007296082424411545,ok
total,synthetic_control,2019-10-16,84,94,0.012850772159282793,0.01611243366562515,0.0032616615063423577,0.010617393455978664,-0.0022333787033041296,0.005495040209646487,exact_mean_match
total,random_forest,2019-10-16,84,94,0.012850772159282793,0.01611243366562515,0.0032616615063423577,0.007599758552288082,-0.005251013606994711,0.00851267511333707,ok
total,gradient_boosting,2019-10-16,84,94,0.012850772159282793,0.01611243366562515,0.0032616615063423577,0.0072224126234896,-0.005628359535793193,0.00889002104213555,ok
total,twfe,2019-10-30,84,94,0.012659843111970773,0.013018895997619403,0.0003590528856486294,0.012659843111970773,0.0,0.0003590528856486294,ok
total,linear_gap,2019-10-30,84,94,0.012659843111970773,0.013018895997619403,0.0003590528856486294,0.013832672477219405,0.001172829365248632,-0.0008137764796000025,ok
total,synthetic_control,2019-10-30,84,94,0.012659843111970773,0.013018895997619403,0.0003590528856486294,0.015419513417478556,0.002759670305507783,-0.0024006174198591534,exact_mean_match
total,random_forest,2019-10-30,84,94,0.012659843111970773,0.013018895997619403,0.0003590528856486294,0.012628316453853346,-3.1526658117427345e-05,0.00039057954376605676,ok
total,gradient_boosting,2019-10-30,84,94,0.012659843111970773,0.013018895997619403,0.0003590528856486294,0.01603684222472904,0.0033769991127582666,-0.003017946227109637,ok
total,twfe,2019-11-13,84,94,0.012966864695588096,0.016236423151316768,0.0032695584557286723,0.012966864695588096,0.0,0.0032695584557286723,ok
total,linear_gap,2019-11-13,84,94,0.012966864695588096,0.016236423151316768,0.0032695584557286723,0.01315042580293286,0.00018356110734476377,0.0030859973483839086,ok
total,synthetic_control,2019-11-13,84,94,0.012966864695588096,0.016236423151316768,0.0032695584557286723,0.015427114163186558,0.002460249467598463,0.0008093089881302095,exact_mean_match
total,random_forest,2019-11-13,84,94,0.012966864695588096,0.016236423151316768,0.0032695584557286723,0.010131722631183405,-0.0028351420644046905,0.006104700520133363,ok
total,gradient_boosting,2019-11-13,84,94,0.012966864695588096,0.016236423151316768,0.0032695584557286723,0.012855126237867292,-0.00011173845772080408,0.0033812969134494764,ok
total,twfe,2019-11-27,84,94,0.01416232998679807,0.009162822992610226,-0.004999506994187844,0.01416232998679807,0.0,-0.004999506994187844,ok
total,linear_gap,2019-11-27,84,94,0.01416232998679807,0.009162822992610226,-0.004999506994187844,0.014918153355513854,0.0007558233687157846,-0.0057553303629036285,ok
total,synthetic_control,2019-11-27,84,94,0.01416232998679807,0.009162822992610226,-0.004999506994187844,0.01258204437086893,-0.00158028561592914,-0.003419221378258704,exact_mean_match
total,random_forest,2019-11-27,84,94,0.01416232998679807,0.009162822992610226,-0.004999506994187844,0.015583650887258414,0.0014213209004603437,-0.006420827894648188,ok
total,gradient_boosting,2019-11-27,84,94,0.01416232998679807,0.009162822992610226,-0.004999506994187844,0.017213061820539395,0.003050731833741325,-0.00805023882792917,ok
total,twfe,2019-12-11,84,94,0.012679031960946854,0.016887367951197736,0.004208335990250882,0.012679031960946854,0.0,0.004208335990250882,ok
total,linear_gap,2019-12-11,84,94,0.012679031960946854,0.016887367951197736,0.004208335990250882,0.014483535732233833,0.0018045037712869794,0.0024038322189639024,ok
total,synthetic_control,2019-12-11,84,94,0.012679031960946854,0.016887367951197736,0.004208335990250882,0.009390125250763708,-0.003288906710183146,0.007497242700434028,exact_mean_match
total,random_forest,2019-12-11,84,94,0.012679031960946854,0.016887367951197736,0.004208335990250882,0.007601365497833527,-0.005077666463113327,0.009286002453364209,ok
total,gradient_boosting,2019-12-11,84,94,0.012679031960946854,0.016887367951197736,0.004208335990250882,0.009545555483050836,-0.0031334764778960175,0.007341812468146899,ok
total,twfe,2019-12-25,84,94,0.013558840686500259,0.012268759609185139,-0.0012900810773151198,0.013558840686500259,0.0,-0.0012900810773151198,ok
total,linear_gap,2019-12-25,84,94,0.013558840686500259,0.012268759609185139,-0.0012900810773151198,0.015786796111524563,0.002227955425024304,-0.003518036502339424,ok
total,synthetic_control,2019-12-25,84,94,0.013558840686500259,0.012268759609185139,-0.0012900810773151198,0.014971340797490285,0.0014125001109900268,-0.0027025811883051466,exact_mean_match
total,random_forest,2019-12-25,84,94,0.013558840686500259,0.012268759609185139,-0.0012900810773151198,0.011526077083142402,-0.0020327636033578567,0.0007426825260427369,ok
total,gradient_boosting,2019-12-25,84,94,0.013558840686500259,0.012268759609185139,-0.0012900810773151198,0.014304264039750754,0.0007454233532504951,-0.002035504430565615,ok
total,twfe,2020-01-08,84,94,0.014790764790764788,0.020049099836333885,0.0052583350455690965,0.014790764790764788,0.0,0.0052583350455690965,ok
total,linear_gap,2020-01-08,84,94,0.014790764790764788,0.020049099836333885,0.0052583350455690965,0.015033457796811459,0.00024269300604667053,0.005015642039522426,ok
total,synthetic_control,2020-01-08,84,94,0.014790764790764788,0.020049099836333885,0.0052583350455690965,0.024079623324313307,0.009288858533548518,-0.004030523487979422,exact_mean_match
total,random_forest,2020-01-08,84,94,0.014790764790764788,0.020049099836333885,0.0052583350455690965,0.014929721517006543,0.00013895672624175508,0.005119378319327341,ok
total,gradient_boosting,2020-01-08,84,94,0.014790764790764788,0.020049099836333885,0.0052583350455690965,0.023120539769786567,0.008329774979021778,-0.003071439933452682,ok
total,twfe,2020-01-22,84,94,0.015653303552239723,0.032658830531170954,0.01700552697893123,0.015653303552239723,0.0,0.01700552697893123,ok
total,linear_gap,2020-01-22,84,94,0.015653303552239723,0.032658830531170954,0.01700552697893123,0.020686240845071355,0.005032937292831632,0.0119725896860996,ok
total,synthetic_control,2020-01-22,84,94,0.015653303552239723,0.032658830531170954,0.01700552697893123,0.01318806606799149,-0.002465237484248234,0.019470764463179465,exact_mean_match
total,random_forest,2020-01-22,84,94,0.015653303552239723,0.032658830531170954,0.01700552697893123,0.017447228715003763,0.0017939251627640401,0.015211601816167191,ok
total,gradient_boosting,2020-01-22,84,94,0.015653303552239723,0.032658830531170954,0.01700552697893123,0.02249595477360047,0.006842651221360747,0.010162875757570484,ok
total,twfe,2020-02-05,84,94,0.018484618218660768,0.015331299905767988,-0.00315331831289278,0.018484618218660768,0.0,-0.00315331831289278,ok
total,linear_gap,2020-02-05,84,94,0.018484618218660768,0.015331299905767988,-0.00315331831289278,0.028679405948413526,0.010194787729752759,-0.013348106042645538,ok
total,synthetic_control,2020-02-05,84,94,0.018484618218660768,0.015331299905767988,-0.00315331831289278,0.026609288066782495,0.008124669848121727,-0.011277988161014506,exact_mean_match
total,random_forest,2020-02-05,84,94,0.018484618218660768,0.015331299905767988,-0.00315331831289278,0.021453799662747304,0.002969181444086536,-0.006122499756979316,ok
total,gradient_boosting,2020-02-05,84,94,0.018484618218660768,0.015331299905767988,-0.00315331831289278,0.023921830645573853,0.005437212426913085,-0.008590530739805865,ok
men,twfe,2014-03-26,84,94,0.00264230450400663,0.019323761345037934,0.016681456841031304,0.00264230450400663,0.0,0.016681456841031304,ok
men,linear_gap,2014-03-26,84,94,0.00264230450400663,0.019323761345037934,0.016681456841031304,0.009655179542473096,0.007012875038466466,0.009668581802564838,ok
men,synthetic_control,2014-03-26,84,94,0.00264230450400663,0.019323761345037934,0.016681456841031304,0.002452455265260639,-0.00018984923874599104,0.016871306079777295,exact_mean_match
men,random_forest,2014-03-26,84,94,0.00264230450400663,0.019323761345037934,0.016681456841031304,0.0018934978255191817,-0.0007488066784874484,0.017430263519518752,ok
men,gradient_boosting,2014-03-26,84,94,0.00264230450400663,0.019323761345037934,0.016681456841031304,0.005264668391218841,0.002622363887212211,0.014059092953819094,ok
men,twfe,2014-04-09,84,94,0.006665246691842437,-0.006726429598770025,-0.013391676290612463,0.006665246691842437,0.0,-0.013391676290612463,ok
men,linear_gap,2014-04-09,84,94,0.006665246691842437,-0.006726429598770025,-0.013391676290612463,0.015190609205636725,0.008525362513794288,-0.02191703880440675,ok
men,synthetic_control,2014-04-09,84,94,0.006665246691842437,-0.006726429598770025,-0.013391676290612463,0.006687010521257079,2.1763829414642166e-05,-0.013413440120027105,exact_mean_match
men,random_forest,2014-04-09,84,94,0.006665246691842437,-0.006726429598770025,-0.013391676290612463,0.00911037040950202,0.0024451237176595832,-0.015836800008272048,ok
men,gradient_boosting,2014-04-09,84,94,0.006665246691842437,-0.006726429598770025,-0.013391676290612463,0.013276432960454117,0.00661118626861168,-0.020002862559224142,ok
men,twfe,2014-04-23,84,94,0.0048020094562647745,0.0012398948569161332,-0.0035621145993486414,0.0048020094562647745,0.0,-0.0035621145993486414,ok
men,linear_gap,2014-04-23,84,94,0.0048020094562647745,0.0012398948569161332,-0.0035621145993486414,0.00707116103820463,0.0022691515819398553,-0.005831266181288496,ok
men,synthetic_control,2014-04-23,84,94,0.0048020094562647745,0.0012398948569161332,-0.0035621145993486414,0.0030824934528554324,-0.0017195160034093422,-0.0018425985959392992,exact_mean_match
men,random_forest,2014-04-23,84,94,0.0048020094562647745,0.0012398948569161332,-0.0035621145993486414,-0.0009907376443388715,-0.005792747100603646,0.0022306325012550047,ok
men,gradient_boosting,2014-04-23,84,94,0.0048020094562647745,0.0012398948569161332,-0.0035621145993486414,-0.000729679482022294,-0.005531688938287069,0.001969574338938427,ok
men,twfe,2014-05-07,84,94,0.0055388612569463634,0.006118881118881119,0.0005800198619347555,0.0055388612569463634,0.0,0.0005800198619347555,ok
men,linear_gap,2014-05-07,84,94,0.0055388612569463634,0.006118881118881119,0.0005800198619347555,0.002292772239580743,-0.0032460890173656204,0.003826108879300376,ok
men,synthetic_control,2014-05-07,84,94,0.0055388612569463634,0.006118881118881119,0.0005800198619347555,0.005424759393912494,-0.00011410186303386933,0.0006941217249686249,exact_mean_match
men,random_forest,2014-05-07,84,94,0.0055388612569463634,0.006118881118881119,0.0005800198619347555,0.0005417514055105455,-0.004997109851435818,0.005577129713370574,ok
men,gradient_boosting,2014-05-07,84,94,0.0055388612569463634,0.006118881118881119,0.0005800198619347555,0.00016131343005690567,-0.005377547826889458,0.005957567688824213,ok
men,twfe,2014-05-21,84,94,0.006294901906604035,-0.004934781530526212,-0.011229683437130246,0.006294901906604035,0.0,-0.011229683437130246,ok
men,linear_gap,2014-05-21,84,94,0.006294901906604035,-0.004934781530526212,-0.011229683437130246,-0.0007804679821492892,-0.007075369888753324,-0.004154313548376922,ok
men,synthetic_control,2014-05-21,84,94,0.006294901906604035,-0.004934781530526212,-0.011229683437130246,0.006575486988571678,0.0002805850819676426,-0.011510268519097889,exact_mean_match
men,random_forest,2014-05-21,84,94,0.006294901906604035,-0.004934781530526212,-0.011229683437130246,0.001582388249355437,-0.004712513657248598,-0.006517169779881648,ok
men,gradient_boosting,2014-05-21,84,94,0.006294901906604035,-0.004934781530526212,-0.011229683437130246,0.004244935175349179,-0.0020499667312548564,-0.00917971670587539,ok
men,twfe,2014-06-04,84,94,0.0032621043259341126,-0.0028703565937608496,-0.006132460919694962,0.0032621043259341126,0.0,-0.006132460919694962,ok
men,linear_gap,2014-06-04,84,94,0.0032621043259341126,-0.0028703565937608496,-0.006132460919694962,-0.006740995163476932,-0.010003099489411044,0.0038706385697160825,ok
men,synthetic_control,2014-06-04,84,94,0.0032621043259341126,-0.0028703565937608496,-0.006132460919694962,0.0036116451706389857,0.00034954084470487307,-0.0064820017643998345,exact_mean_match
men,random_forest,2014-06-04,84,94,0.0032621043259341126,-0.0028703565937608496,-0.006132460919694962,-0.0017690149461926231,-0.005031119272126736,-0.001101341647568226,ok
men,gradient_boosting,2014-06-04,84,94,0.0032621043259341126,-0.0028703565937608496,-0.006132460919694962,-0.00474482531909168,-0.008006929645025793,0.0018744687253308308,ok
men,twfe,2014-06-18,84,94,0.0017317936200914917,-0.003409710856519368,-0.00514150447661086,0.0017317936200914917,0.0,-0.00514150447661086,ok
men,linear_gap,2014-06-18,84,94,0.0017317936200914917,-0.003409710856519368,-0.00514150447661086,-0.010174456220431513,-0.011906249840523006,0.006764745363912146,ok
men,synthetic_control,2014-06-18,84,94,0.0017317936200914917,-0.003409710856519368,-0.00514150447661086,0.0018246539485641255,9.28603284726338e-05,-0.005234364805083494,exact_mean_match
men,random_forest,2014-06-18,84,94,0.0017317936200914917,-0.003409710856519368,-0.00514150447661086,-0.0019251637200439417,-0.0036569573401354334,-0.0014845471364754266,ok
men,gradient_boosting,2014-06-18,84,94,0.0017317936200914917,-0.003409710856519368,-0.00514150447661086,-0.004429067356084089,-0.006160860976175581,0.001019356499564721,ok
men,twfe,2014-07-02,84,94,-0.0017951168217125674,0.0034841045479343355,0.005279221369646903,-0.0017951168217125674,0.0,0.005279221369646903,ok
men,linear_gap,2014-07-02,84,94,-0.0017951168217125674,0.0034841045479343355,0.005279221369646903,-0.004229053031314599,-0.002433936209602032,0.007713157579248935,ok
men,synthetic_control,2014-07-02,84,94,-0.0017951168217125674,0.0034841045479343355,0.005279221369646903,-0.0016207704214159686,0.00017434640029659874,0.005104874969350305,exact_mean_match
men,random_forest,2014-07-02,84,94,-0.0017951168217125674,0.0034841045479343355,0.005279221369646903,-0.002068462780846691,-0.00027334595913412383,0.005552567328781027,ok
men,gradient_boosting,2014-07-02,84,94,-0.0017951168217125674,0.0034841045479343355,0.005279221369646903,-0.0038727532333266753,-0.002077636411614108,0.007356857781261011,ok
men,twfe,2014-07-16,84,94,-0.00026000890362592533,-0.0020892228339036848,-0.0018292139302777594,-0.00026000890362592533,0.0,-0.0018292139302777594,ok
men,linear_gap,2014-07-16,84,94,-0.00026000890362592533,-0.0020892228339036848,-0.0018292139302777594,-0.0023167340437835913,-0.002056725140157666,0.00022751120987990654,ok
men,synthetic_control,2014-07-16,84,94,-0.00026000890362592533,-0.0020892228339036848,-0.0018292139302777594,-0.00017522490065479193,8.47840029711334e-05,-0.0019139979332488928,exact_mean_match
men,random_forest,2014-07-16,84,94,-0.00026000890362592533,-0.0020892228339036848,-0.0018292139302777594,-0.00036300812044994635,-0.00010299921682402103,-0.0017262147134537384,ok
men,gradient_boosting,2014-07-16,84,94,-0.00026000890362592533,-0.0020892228339036848,-0.0018292139302777594,0.0016232565318414335,0.0018832654354673589,-0.0037124793657451185,ok
men,twfe,2014-07-30,84,94,-0.001127344877344877,0.002405396022417299,0.003532740899762176,-0.001127344877344877,0.0,0.003532740899762176,ok
men,linear_gap,2014-07-30,84,94,-0.001127344877344877,0.002405396022417299,0.003532740899762176,-0.003038342115488369,-0.0019109972381434921,0.005443738137905668,ok
men,synthetic_control,2014-07-30,84,94,-0.001127344877344877,0.002405396022417299,0.003532740899762176,-0.000802241825741918,0.0003251030516029591,0.003207637848159217,exact_mean_match
men,random_forest,2014-07-30,84,94,-0.001127344877344877,0.002405396022417299,0.003532740899762176,-0.0015824316249749616,-0.0004550867476300845,0.003987827647392261,ok
men,gradient_boosting,2014-07-30,84,94,-0.001127344877344877,0.002405396022417299,0.003532740899762176,4.244414481052434e-05,0.0011697890221554013,0.002362951877606775,ok
men,twfe,2014-08-13,84,94,-0.0017020509041785637,0.003012944502306205,0.004714995406484769,-0.0017020509041785637,0.0,0.004714995406484769,ok
men,linear_gap,2014-08-13,84,94,-0.0017020509041785637,0.003012944502306205,0.004714995406484769,0.0038759647913791653,0.005578015695557729,-0.00086302028907296,ok
men,synthetic_control,2014-08-13,84,94,-0.0017020509041785637,0.003012944502306205,0.004714995406484769,-0.0015059946745934576,0.00019605622958510614,0.004518939176899663,exact_mean_match
men,random_forest,2014-08-13,84,94,-0.0017020509041785637,0.003012944502306205,0.004714995406484769,9.836801274096599e-05,0.0018004189169195297,0.0029145764895652394,ok
men,gradient_boosting,2014-08-13,84,94,-0.0017020509041785637,0.003012944502306205,0.004714995406484769,0.002359572030347752,0.004061622934526316,0.0006533724719584534,ok
men,twfe,2014-08-27,84,94,0.00020628012649289245,0.006329663244556858,0.006123383118063966,0.00020628012649289245,0.0,0.006123383118063966,ok
men,linear_gap,2014-08-27,84,94,0.00020628012649289245,0.006329663244556858,0.006123383118063966,0.0058310968982743985,0.005624816771781506,0.0004985663462824599,ok
men,synthetic_control,2014-08-27,84,94,0.00020628012649289245,0.006329663244556858,0.006123383118063966,0.00015911280649049883,-4.716732000239362e-05,0.00617055043806636,exact_mean_match
men,random_forest,2014-08-27,84,94,0.00020628012649289245,0.006329663244556858,0.006123383118063966,0.002535795122369236,0.002329514995876343,0.003793868122187623,ok
men,gradient_boosting,2014-08-27,84,94,0.00020628012649289245,0.006329663244556858,0.006123383118063966,0.005577698251830943,0.005371418125338051,0.0007519649927259153,ok
men,twfe,2014-09-10,84,94,0.002190407110619876,0.017507315379655806,0.01531690826903593,0.002190407110619876,0.0,0.01531690826903593,ok
men,linear_gap,2014-09-10,84,94,0.002190407110619876,0.017507315379655806,0.01531690826903593,0.009039338259320401,0.006848931148700525,0.008467977120335405,ok
men,synthetic_control,2014-09-10,84,94,0.002190407110619876,0.017507315379655806,0.01531690826903593,0.0022772909390520665,8.688382843219074e-05,0.01523002444060374,exact_mean_match
men,random_forest,2014-09-10,84,94,0.002190407110619876,0.017507315379655806,0.01531690826903593,0.004017141776982553,0.0018267346663626773,0.013490173602673253,ok
men,gradient_boosting,2014-09-10,84,94,0.002190407110619876,0.017507315379655806,0.01531690826903593,0.007459670516178276,0.005269263405558401,0.010047644863477529,ok
men,twfe,2014-09-24,84,94,0.005174273126400784,0.0017234538511134228,-0.0034508192752873614,0.005174273126400784,0.0,-0.0034508192752873614,ok
men,linear_gap,2014-09-24,84,94,0.005174273126400784,0.0017234538511134228,-0.0034508192752873614,0.015132813507311344,0.00995854038091056,-0.013409359656197922,ok
men,synthetic_control,2014-09-24,84,94,0.005174273126400784,0.0017234538511134228,-0.0034508192752873614,0.006389436479056501,0.0012151633526557171,-0.0046659826279430786,exact_mean_match
men,random_forest,2014-09-24,84,94,0.005174273126400784,0.0017234538511134228,-0.0034508192752873614,0.006823704721579197,0.0016494315951784133,-0.005100250870465775,ok
men,gradient_boosting,2014-09-24,84,94,0.005174273126400784,0.0017234538511134228,-0.0034508192752873614,0.013769237860538824,0.00859496473413804,-0.012045784009425402,ok
men,twfe,2014-10-08,84,94,0.004423029688987134,0.005467936319000147,0.001044906630013013,0.004423029688987134,0.0,0.001044906630013013,ok
men,linear_gap,2014-10-08,84,94,0.004423029688987134,0.005467936319000147,0.001044906630013013,0.010532952226896576,0.006109922537909442,-0.005065015907896429,ok
men,synthetic_control,2014-10-08,84,94,0.004423029688987134,0.005467936319000147,0.001044906630013013,0.00412032900237214,-0.0003027006866149944,0.0013476073166280075,exact_mean_match
men,random_forest,2014-10-08,84,94,0.004423029688987134,0.005467936319000147,0.001044906630013013,0.0026920649952560096,-0.0017309646937311244,0.0027758713237441375,ok
men,gradient_boosting,2014-10-08,84,94,0.004423029688987134,0.005467936319000147,0.001044906630013013,0.003046332540232213,-0.0013766971487549212,0.0024216037787679343,ok
men,twfe,2014-10-22,84,94,0.0057278714193607794,0.002083023359619106,-0.0036448480597416734,0.0057278714193607794,0.0,-0.0036448480597416734,ok
men,linear_gap,2014-10-22,84,94,0.0057278714193607794,0.002083023359619106,-0.0036448480597416734,0.006702566887063235,0.0009746954677024551,-0.0046195435274441286,ok
men,synthetic_control,2014-10-22,84,94,0.0057278714193607794,0.002083023359619106,-0.0036448480597416734,0.006044444410545649,0.00031657299118486963,-0.003961421050926543,exact_mean_match
men,random_forest,2014-10-22,84,94,0.0057278714193607794,0.002083023359619106,-0.0036448480597416734,0.0032478527966437664,-0.002480018622717013,-0.0011648294370246604,ok
men,gradient_boosting,2014-10-22,84,94,0.0057278714193607794,0.002083023359619106,-0.0036448480597416734,0.003077030589870319,-0.0026508408294904605,-0.000994007230251213,ok
men,twfe,2014-11-05,84,94,0.006040649657670932,-0.0013576848683231667,-0.0073983345259940984,0.006040649657670932,0.0,-0.0073983345259940984,ok
men,linear_gap,2014-11-05,84,94,0.006040649657670932,-0.0013576848683231667,-0.0073983345259940984,0.003386720365220583,-0.002653929292450349,-0.00474440523354375,ok
men,synthetic_control,2014-11-05,84,94,0.006040649657670932,-0.0013576848683231667,-0.0073983345259940984,0.007036826773342067,0.000996177115671135,-0.008394511641665233,exact_mean_match
men,random_forest,2014-11-05,84,94,0.006040649657670932,-0.0013576848683231667,-0.0073983345259940984,0.002720297018129929,-0.003320352639541003,-0.0040779818864530954,ok
men,gradient_boosting,2014-11-05,84,94,0.006040649657670932,-0.0013576848683231667,-0.0073983345259940984,0.0034969325070831458,-0.002543717150587786,-0.004854617375406312,ok
men,twfe,2014-11-19,84,94,0.005246231310061098,0.009726975152507068,0.00448074384244597,0.005246231310061098,0.0,0.00448074384244597,ok
men,linear_gap,2014-11-19,84,94,0.005246231310061098,0.009726975152507068,0.00448074384244597,-0.001618113366737087,-0.006864344676798185,0.011345088519244154,ok
men,synthetic_control,2014-11-19,84,94,0.005246231310061098,0.009726975152507068,0.00448074384244597,0.0045486273020939536,-0.0006976040079671444,0.005178347850413115,exact_mean_match
men,random_forest,2014-11-19,84,94,0.005246231310061098,0.009726975152507068,0.00448074384244597,0.0012622782409168994,-0.003983953069144198,0.008464696911590169,ok
men,gradient_boosting,2014-11-19,84,94,0.005246231310061098,0.009726975152507068,0.00448074384244597,0.0013902027071415574,-0.0038560286029195407,0.008336772445365511,ok
men,twfe,2014-12-03,84,94,0.004913304780326055,-0.002702970788077172,-0.007616275568403227,0.004913304780326055,0.0,-0.007616275568403227,ok
men,linear_gap,2014-12-03,84,94,0.004913304780326055,-0.002702970788077172,-0.007616275568403227,0.0005114814016019188,-0.004401823378724136,-0.0032144521896790906,ok
men,synthetic_control,2014-12-03,84,94,0.004913304780326055,-0.002702970788077172,-0.007616275568403227,0.004851853813356746,-6.145096696930866e-05,-0.007554824601433918,exact_mean_match
men,random_forest,2014-12-03,84,94,0.004913304780326055,-0.002702970788077172,-0.007616275568403227,0.003067317377901969,-0.0018459874024240861,-0.00577028816597914,ok
men,gradient_boosting,2014-12-03,84,94,0.004913304780326055,-0.002702970788077172,-0.007616275568403227,0.004645309938068157,-0.00026799484225789767,-0.007348280726145329,ok
men,twfe,2014-12-17,84,94,0.002083908998802616,-0.008418886078460546,-0.010502795077263162,0.002083908998802616,0.0,-0.010502795077263162,ok
men,linear_gap,2014-12-17,84,94,0.002083908998802616,-0.008418886078460546,-0.010502795077263162,0.0019342576532726786,-0.00014965134552993734,-0.010353143731733225,ok
men,synthetic_control,2014-12-17,84,94,0.002083908998802616,-0.008418886078460546,-0.010502795077263162,0.0023593149916327563,0.0002754059928301404,-0.010778201070093302,exact_mean_match
men,random_forest,2014-12-17,84,94,0.002083908998802616,-0.008418886078460546,-0.010502795077263162,0.00042043483613990993,-0.001663474162662706,-0.008839320914600456,ok
men,gradient_boosting,2014-12-17,84,94,0.002083908998802616,-0.008418886078460546,-0.010502795077263162,0.00044168451291122675,-0.001642224485891389,-0.008860570591371773,ok
men,twfe,2014-12-31,84,94,0.0009565641214577387,-0.006490849575955957,-0.007447413697413696,0.0009565641214577387,0.0,-0.007447413697413696,ok
men,linear_gap,2014-12-31,84,94,0.0009565641214577387,-0.006490849575955957,-0.007447413697413696,-0.005738792238197088,-0.006695356359654827,-0.000752057337758869,ok
men,synthetic_control,2014-12-31,84,94,0.0009565641214577387,-0.006490849575955957,-0.007447413697413696,0.0010683158409914364,0.0001117517195336977,-0.007559165416947394,exact_mean_match
men,random_forest,2014-12-31,84,94,0.0009565641214577387,-0.006490849575955957,-0.007447413697413696,-0.0007947527934695802,-0.001751316914927319,-0.005696096782486377,ok
men,gradient_boosting,2014-12-31,84,94,0.0009565641214577387,-0.006490849575955957,-0.007447413697413696,-0.0034999596790120774,-0.004456523800469816,-0.0029908898969438803,ok
men,twfe,2015-01-14,84,94,-0.0008212827361763533,-0.0019280365025045854,-0.001106753766328232,-0.0008212827361763533,0.0,-0.001106753766328232,ok
men,linear_gap,2015-01-14,84,94,-0.0008212827361763533,-0.0019280365025045854,-0.001106753766328232,-0.008735989291338198,-0.007914706555161844,0.006807952788833612,ok
men,synthetic_control,2015-01-14,84,94,-0.0008212827361763533,-0.0019280365025045854,-0.001106753766328232,-0.001121224771237203,-0.0002999420350608498,-0.0008068117312673822,exact_mean_match
men,random_forest,2015-01-14,84,94,-0.0008212827361763533,-0.0019280365025045854,-0.001106753766328232,-0.003142263525820401,-0.0023209807896440475,0.0012142270233158154,ok
men,gradient_boosting,2015-01-14,84,94,-0.0008212827361763533,-0.0019280365025045854,-0.001106753766328232,-0.006373841825815967,-0.005552559089639614,0.004445805323311382,ok
men,twfe,2015-01-28,84,94,-0.001469865831567958,0.0077555423300104155,0.009225408161578373,-0.001469865831567958,0.0,0.009225408161578373,ok
men,linear_gap,2015-01-28,84,94,-0.001469865831567958,0.0077555423300104155,0.009225408161578373,-0.005407321645604635,-0.003937455814036678,0.013162863975615051,ok
men,synthetic_control,2015-01-28,84,94,-0.001469865831567958,0.0077555423300104155,0.009225408161578373,-0.0012962255906381545,0.00017364024092980353,0.00905176792064857,exact_mean_match
men,random_forest,2015-01-28,84,94,-0.001469865831567958,0.0077555423300104155,0.009225408161578373,-0.0015171611945874223,-4.729536301946425e-05,0.009272703524597838,ok
men,gradient_boosting,2015-01-28,84,94,-0.001469865831567958,0.0077555423300104155,0.009225408161578373,-0.0017574959981378386,-0.0002876301665698806,0.009513038328148253,ok
men,twfe,2015-02-11,84,94,6.716097141629129e-05,0.011834796409264494,0.011767635437848202,6.716097141629129e-05,0.0,0.011767635437848202,ok
men,linear_gap,2015-02-11,84,94,6.716097141629129e-05,0.011834796409264494,0.011767635437848202,0.002061951753217935,0.0019947907818016436,0.009772844656046558,ok
men,synthetic_control,2015-02-11,84,94,6.716097141629129e-05,0.011834796409264494,0.011767635437848202,4.98666060230156e-05,-1.7294365393275696e-05,0.011784929803241478,exact_mean_match
men,random_forest,2015-02-11,84,94,6.716097141629129e-05,0.011834796409264494,0.011767635437848202,0.0024340139400288122,0.002366852968612521,0.009400782469235681,ok
men,gradient_boosting,2015-02-11,84,94,6.716097141629129e-05,0.011834796409264494,0.011767635437848202,0.005762387926053148,0.005695226954636857,0.0060724084832113456,ok
men,twfe,2015-02-25,84,94,0.00112542599244727,0.009714576203937906,0.008589150211490636,0.00112542599244727,0.0,0.008589150211490636,ok
men,linear_gap,2015-02-25,84,94,0.00112542599244727,0.009714576203937906,0.008589150211490636,0.012735175601564534,0.011609749609117264,-0.0030205993976266284,ok
men,synthetic_control,2015-02-25,84,94,0.00112542599244727,0.009714576203937906,0.008589150211490636,0.0008501730792125177,-0.0002752529132347523,0.008864403124725388,exact_mean_match
men,random_forest,2015-02-25,84,94,0.00112542599244727,0.009714576203937906,0.008589150211490636,0.0038389516661942345,0.0027135256737469645,0.005875624537743672,ok
men,gradient_boosting,2015-02-25,84,94,0.00112542599244727,0.009714576203937906,0.008589150211490636,0.009073352349644468,0.007947926357197198,0.0006412238542934379,ok
men,twfe,2015-03-11,84,94,0.0031824706026833682,-0.006639636958785894,-0.009822107561469264,0.0031824706026833682,0.0,-0.009822107561469264,ok
men,linear_gap,2015-03-11,84,94,0.0031824706026833682,-0.006639636958785894,-0.009822107561469264,0.01736263620655824,0.014180165603874872,-0.024002273165344135,ok
men,synthetic_control,2015-03-11,84,94,0.0031824706026833682,-0.006639636958785894,-0.009822107561469264,0.002941888204377345,-0.00024058239830602318,-0.00958152516316324,exact_mean_match
men,random_forest,2015-03-11,84,94,0.0031824706026833682,-0.006639636958785894,-0.009822107561469264,0.007031269978389785,0.0038487993757064165,-0.01367090693717568,ok
men,gradient_boosting,2015-03-11,84,94,0.0031824706026833682,-0.006639636958785894,-0.009822107561469264,0.01101422523863642,0.007831754635953052,-0.017653862197422314,ok
men,twfe,2015-03-25,84,94,0.002933975008443094,0.0028331597480533645,-0.0001008152603897295,0.002933975008443094,0.0,-0.0001008152603897295,ok
men,linear_gap,2015-03-25,84,94,0.002933975008443094,0.0028331597480533645,-0.0001008152603897295,0.0038655125974721236,0.0009315375890290296,-0.0010323528494187591,ok
men,synthetic_control,2015-03-25,84,94,0.002933975008443094,0.0028331597480533645,-0.0001008152603897295,0.0023590725403600486,-0.0005749024680830454,0.0004740872076933159,exact_mean_match
men,random_forest,2015-03-25,84,94,0.002933975008443094,0.0028331597480533645,-0.0001008152603897295,-0.0015984254705299745,-0.0045324004789730685,0.004431585218583339,ok
men,gradient_boosting,2015-03-25,84,94,0.002933975008443094,0.0028331597480533645,-0.0001008152603897295,-0.0037253983913291423,-0.006659373399772236,0.006558558139382506,ok
men,twfe,2015-04-08,84,94,0.004602445426913511,0.01369463869463869,0.00909219326772518,0.004602445426913511,0.0,0.00909219326772518,ok
men,linear_gap,2015-04-08,84,94,0.004602445426913511,0.01369463869463869,0.00909219326772518,0.0002353725479004388,-0.004367072879013072,0.013459266146738253,ok
men,synthetic_control,2015-04-08,84,94,0.004602445426913511,0.01369463869463869,0.00909219326772518,0.0033769877528165397,-0.001225457674096971,0.010317650941822153,exact_mean_match
men,random_forest,2015-04-08,84,94,0.004602445426913511,0.01369463869463869,0.00909219326772518,0.0018210324692163808,-0.00278141295769713,0.011873606225422311,ok
men,gradient_boosting,2015-04-08,84,94,0.004602445426913511,0.01369463869463869,0.00909219326772518,0.0004287432745387551,-0.004173702152374756,0.013265895420099937,ok
men,twfe,2015-04-22,84,94,0.006423467194743788,-0.008208103952784804,-0.014631571147528593,0.006423467194743788,0.0,-0.014631571147528593,ok
men,linear_gap,2015-04-22,84,94,0.006423467194743788,-0.008208103952784804,-0.014631571147528593,0.00226433682206632,-0.004159130372677468,-0.010472440774851124,ok
men,synthetic_control,2015-04-22,84,94,0.006423467194743788,-0.008208103952784804,-0.014631571147528593,0.007987627855118595,0.0015641606603748063,-0.0161957318079034,exact_mean_match
men,random_forest,2015-04-22,84,94,0.006423467194743788,-0.008208103952784804,-0.014631571147528593,0.005033256017093963,-0.0013902111776498251,-0.013241359969878769,ok
men,gradient_boosting,2015-04-22,84,94,0.006423467194743788,-0.008208103952784804,-0.014631571147528593,0.008125376261066434,0.0017019090663226459,-0.01633348021385124,ok
men,twfe,2015-05-06,84,94,0.0035556937152681828,0.0003099737142290322,-0.0032457200010391507,0.0035556937152681828,0.0,-0.0032457200010391507,ok
men,linear_gap,2015-05-06,84,94,0.0035556937152681828,0.0003099737142290322,-0.0032457200010391507,-0.005316333057740587,-0.00887202677300877,0.0056263067719696195,ok
men,synthetic_control,2015-05-06,84,94,0.0035556937152681828,0.0003099737142290322,-0.0032457200010391507,0.002929887379793654,-0.0006258063354745288,-0.002619913665564622,exact_mean_match
men,random_forest,2015-05-06,84,94,0.0035556937152681828,0.0003099737142290322,-0.0032457200010391507,-0.0010543776006599471,-0.0046100713159281295,0.0013643513148889788,ok
men,gradient_boosting,2015-05-06,84,94,0.0035556937152681828,0.0003099737142290322,-0.0032457200010391507,-0.003842143968868225,-0.007397837684136408,0.004152117683097258,ok
men,twfe,2015-05-20,84,94,0.0017356313898867083,-0.005877101621782474,-0.007612733011669182,0.0017356313898867083,0.0,-0.007612733011669182,ok
men,linear_gap,2015-05-20,84,94,0.0017356313898867083,-0.005877101621782474,-0.007612733011669182,-0.0017441827626324018,-0.00347981415251911,-0.004132918859150072,ok
men,synthetic_control,2015-05-20,84,94,0.0017356313898867083,-0.005877101621782474,-0.007612733011669182,0.0015945723090397199,-0.0001410590808469884,-0.0074716739308221935,exact_mean_match
men,random_forest,2015-05-20,84,94,0.0017356313898867083,-0.005877101621782474,-0.007612733011669182,0.00014838482421701308,-0.0015872465656696952,-0.006025486445999487,ok
men,gradient_boosting,2015-05-20,84,94,0.0017356313898867083,-0.005877101621782474,-0.007612733011669182,-0.0003563799611626392,-0.0020920113510493475,-0.005520721660619834,ok
men,twfe,2015-06-03,84,94,-0.0008126477541371167,-0.0005083568913356131,0.00030429086280150356,-0.0008126477541371167,0.0,0.00030429086280150356,ok
men,linear_gap,2015-06-03,84,94,-0.0008126477541371167,-0.0005083568913356131,0.00030429086280150356,-0.002380063438685671,-0.0015674156845485545,0.001871706547350058,ok
men,synthetic_control,2015-06-03,84,94,-0.0008126477541371167,-0.0005083568913356131,0.00030429086280150356,-0.000651684638973974,0.00016096311516314266,0.0001433277476383609,exact_mean_match
men,random_forest,2015-06-03,84,94,-0.0008126477541371167,-0.0005083568913356131,0.00030429086280150356,-0.0027706286112337596,-0.001957980857096643,0.0022622717198981465,ok
men,gradient_boosting,2015-06-03,84,94,-0.0008126477541371167,-0.0005083568913356131,0.00030429086280150356,-0.0035261605631384256,-0.002713512809001309,0.0030178036718028125,ok
men,twfe,2015-06-17,84,94,0.000488356206441312,-0.0033105192679660773,-0.0037988754744073894,0.000488356206441312,0.0,-0.0037988754744073894,ok
men,linear_gap,2015-06-17,84,94,0.000488356206441312,-0.0033105192679660773,-0.0037988754744073894,-0.006149829976269495,-0.0066381861827108065,0.002839310708303417,ok
men,synthetic_control,2015-06-17,84,94,0.000488356206441312,-0.0033105192679660773,-0.0037988754744073894,0.0004962580230520111,7.901816610699137e-06,-0.0038067772910180884,exact_mean_match
men,random_forest,2015-06-17,84,94,0.000488356206441312,-0.0033105192679660773,-0.0037988754744073894,-0.0021677435394301813,-0.0026560997458714933,-0.001142775728535896,ok
men,gradient_boosting,2015-06-17,84,94,0.000488356206441312,-0.0033105192679660773,-0.0037988754744073894,-0.002483416810587689,-0.002971773017029001,-0.0008271024573783883,ok
men,twfe,2015-07-01,84,94,-0.000625556476620307,0.01151862322075088,0.012144179697371187,-0.000625556476620307,0.0,0.012144179697371187,ok
men,linear_gap,2015-07-01,84,94,-0.000625556476620307,0.01151862322075088,0.012144179697371187,-0.006014125899559612,-0.005388569422939305,0.01753274912031049,ok
men,synthetic_control,2015-07-01,84,94,-0.000625556476620307,0.01151862322075088,0.012144179697371187,-0.00048658584858343734,0.00013897062803686967,0.012005209069334317,exact_mean_match
men,random_forest,2015-07-01,84,94,-0.000625556476620307,0.01151862322075088,0.012144179697371187,-0.0004900807073547117,0.00013547576926559526,0.012008703928105591,ok
men,gradient_boosting,2015-07-01,84,94,-0.000625556476620307,0.01151862322075088,0.012144179697371187,-0.00122970991710748,-0.0006041534404871731,0.012748333137858359,ok
men,twfe,2015-07-15,84,94,-0.0004471001811427348,0.0007687348112880005,0.0012158349924307353,-0.0004471001811427348,0.0,0.0012158349924307353,ok
men,linear_gap,2015-07-15,84,94,-0.0004471001811427348,0.0007687348112880005,0.0012158349924307353,0.008807742580618637,0.009254842761761372,-0.008039007769330636,ok
men,synthetic_control,2015-07-15,84,94,-0.0004471001811427348,0.0007687348112880005,0.0012158349924307353,-0.00042090710485373495,2.619307628899984e-05,0.0011896419161417354,exact_mean_match
men,random_forest,2015-07-15,84,94,-0.0004471001811427348,0.0007687348112880005,0.0012158349924307353,0.004461867978220759,0.004908968159363494,-0.0036931331669327588,ok
men,gradient_boosting,2015-07-15,84,94,-0.0004471001811427348,0.0007687348112880005,0.0012158349924307353,0.00817726951011692,0.008624369691259655,-0.00740853469882892,ok
men,twfe,2015-07-29,84,94,0.0010496300389917401,0.00288895501661459,0.0018393249776228497,0.0010496300389917401,0.0,0.0018393249776228497,ok
men,linear_gap,2015-07-29,84,94,0.0010496300389917401,0.00288895501661459,0.0018393249776228497,0.005980838046378887,0.004931208007387148,-0.003091883029764298,ok
men,synthetic_control,2015-07-29,84,94,0.0010496300389917401,0.00288895501661459,0.0018393249776228497,0.0012881862896630576,0.00023855625067131748,0.0016007687269515322,exact_mean_match
men,random_forest,2015-07-29,84,94,0.0010496300389917401,0.00288895501661459,0.0018393249776228497,0.0007459941687834134,-0.00030363587020832675,0.0021429608478311765,ok
men,gradient_boosting,2015-07-29,84,94,0.0010496300389917401,0.00288895501661459,0.0018393249776228497,0.003088940445902878,0.002039310406911138,-0.00019998542928828826,ok
men,twfe,2015-08-12,84,94,0.001115831567959227,0.017439121162525415,0.01632328959456619,0.001115831567959227,0.0,0.01632328959456619,ok
men,linear_gap,2015-08-12,84,94,0.001115831567959227,0.017439121162525415,0.01632328959456619,0.006941864942906453,0.0058260333749472265,0.010497256219618962,ok
men,synthetic_control,2015-08-12,84,94,0.001115831567959227,0.017439121162525415,0.01632328959456619,0.0011561039101222297,4.0272342163002626e-05,0.016283017252403185,exact_mean_match
men,random_forest,2015-08-12,84,94,0.001115831567959227,0.017439121162525415,0.01632328959456619,0.0010796482637914853,-3.618330416774174e-05,0.01635947289873393,ok
men,gradient_boosting,2015-08-12,84,94,0.001115831567959227,0.017439121162525415,0.01632328959456619,0.0042485227002605295,0.0031326911323013027,0.013190598462264887,ok
men,twfe,2015-08-26,84,94,0.004814482208099229,-0.003769280365025045,-0.008583762573124274,0.004814482208099229,0.0,-0.008583762573124274,ok
men,linear_gap,2015-08-26,84,94,0.004814482208099229,-0.003769280365025045,-0.008583762573124274,0.014638224279646672,0.009823742071547443,-0.018407504644671717,ok
men,synthetic_control,2015-08-26,84,94,0.004814482208099229,-0.003769280365025045,-0.008583762573124274,0.005174387168307683,0.00035990496020845385,-0.008943667533332728,exact_mean_match
men,random_forest,2015-08-26,84,94,0.004814482208099229,-0.003769280365025045,-0.008583762573124274,0.00755876634027248,0.002744284132173251,-0.011328046705297525,ok
men,gradient_boosting,2015-08-26,84,94,0.004814482208099229,-0.003769280365025045,-0.008583762573124274,0.014545849630179124,0.009731367422079895,-0.01831512999520417,ok
men,twfe,2015-09-09,84,94,0.00444509686530963,-0.00026037791995238955,-0.00470547478526202,0.00444509686530963,0.0,-0.00470547478526202,ok
men,linear_gap,2015-09-09,84,94,0.00444509686530963,-0.00026037791995238955,-0.00470547478526202,0.006127413395677041,0.0016823165303674103,-0.00638779131562943,ok
men,synthetic_control,2015-09-09,84,94,0.00444509686530963,-0.00026037791995238955,-0.00470547478526202,0.00476592057541669,0.00032082371010705955,-0.005026298495369079,exact_mean_match
men,random_forest,2015-09-09,84,94,0.00444509686530963,-0.00026037791995238955,-0.00470547478526202,0.0011796580027935767,-0.0032654388625160537,-0.001440035922745966,ok
men,gradient_boosting,2015-09-09,84,94,0.00444509686530963,-0.00026037791995238955,-0.00470547478526202,-7.768740323933925e-05,-0.00452278426854897,-0.00018269051671305006,ok
men,twfe,2015-09-23,84,94,0.005035153971324182,-0.0009547190398254211,-0.0059898730111496035,0.005035153971324182,0.0,-0.0059898730111496035,ok
men,linear_gap,2015-09-23,84,94,0.005035153971324182,-0.0009547190398254211,-0.0059898730111496035,0.0003656956956317164,-0.004669458275692466,-0.0013204147354571377,ok
men,synthetic_control,2015-09-23,84,94,0.005035153971324182,-0.0009547190398254211,-0.0059898730111496035,0.006301925089446471,0.0012667711181222887,-0.007256644129271892,exact_mean_match
men,random_forest,2015-09-23,84,94,0.005035153971324182,-0.0009547190398254211,-0.0059898730111496035,0.0008245153879786805,-0.004210638583345501,-0.0017792344278041022,ok
men,gradient_boosting,2015-09-23,84,94,0.005035153971324182,-0.0009547190398254211,-0.0059898730111496035,0.0011336153396931707,-0.003901538631631012,-0.0020883343795185918,ok
men,twfe,2015-10-07,84,94,0.0028063691627521403,0.0016552596339830367,-0.0011511095287691036,0.0028063691627521403,0.0,-0.0011511095287691036,ok
men,linear_gap,2015-10-07,84,94,0.0028063691627521403,0.0016552596339830367,-0.0011511095287691036,0.0005248867583341593,-0.002281482404417981,0.0011303728756488773,ok
men,synthetic_control,2015-10-07,84,94,0.0028063691627521403,0.0016552596339830367,-0.0011511095287691036,0.0021471578293563026,-0.0006592113333958377,-0.0004918981953732659,exact_mean_match
men,random_forest,2015-10-07,84,94,0.0028063691627521403,0.0016552596339830367,-0.0011511095287691036,0.000952262338185349,-0.0018541068245667913,0.0007029972957976877,ok
men,gradient_boosting,2015-10-07,84,94,0.0028063691627521403,0.0016552596339830367,-0.0011511095287691036,0.0012907976280007996,-0.0015155715347513407,0.00036446200598223713,ok
men,twfe,2015-10-21,84,94,0.002799653065610512,0.00022318107424490369,-0.002576471991365608,0.002799653065610512,0.0,-0.002576471991365608,ok
men,linear_gap,2015-10-21,84,94,0.002799653065610512,0.00022318107424490369,-0.002576471991365608,-0.002026182458781774,-0.004825835524392285,0.0022493635330266774,ok
men,synthetic_control,2015-10-21,84,94,0.002799653065610512,0.00022318107424490369,-0.002576471991365608,0.003885348960994052,0.0010856958953835401,-0.003662167886749148,exact_mean_match
men,random_forest,2015-10-21,84,94,0.002799653065610512,0.00022318107424490369,-0.002576471991365608,-2.641635415783633e-05,-0.002826069419768348,0.0002495974284027402,ok
men,gradient_boosting,2015-10-21,84,94,0.002799653065610512,0.00022318107424490369,-0.002576471991365608,0.0006921437119902991,-0.0021075093536202126,-0.0004689626377453954,ok
men,twfe,2015-11-04,84,94,0.0021424349881796682,0.006937211724445769,0.004794776736266101,0.0021424349881796682,0.0,0.004794776736266101,ok
men,linear_gap,2015-11-04,84,94,0.0021424349881796682,0.006937211724445769,0.004794776736266101,-0.005655969491336252,-0.00779840447951592,0.012593181215782021,ok
men,synthetic_control,2015-11-04,84,94,0.0021424349881796682,0.006937211724445769,0.004794776736266101,0.0024895521271911317,0.00034711713901146345,0.004447659597254638,exact_mean_match
men,random_forest,2015-11-04,84,94,0.0021424349881796682,0.006937211724445769,0.004794776736266101,-0.0003093560180776499,-0.002451791006257318,0.007246567742523418,ok
men,gradient_boosting,2015-11-04,84,94,0.0021424349881796682,0.006937211724445769,0.004794776736266101,-4.5249570880842477e-05,-0.0021876845590605106,0.006982461295326611,ok
men,twfe,2015-11-18,84,94,3.837769795216571e-05,0.002709170262361749,0.0026707925644095833,3.837769795216571e-05,0.0,0.0026707925644095833,ok
men,linear_gap,2015-11-18,84,94,3.837769795216571e-05,0.002709170262361749,0.0026707925644095833,0.003860932666169983,0.0038225549682178173,-0.001151762403808234,ok
men,synthetic_control,2015-11-18,84,94,3.837769795216571e-05,0.002709170262361749,0.0026707925644095833,2.7938628523477976e-05,-1.0439069428687733e-05,0.002681231633838271,exact_mean_match
men,random_forest,2015-11-18,84,94,3.837769795216571e-05,0.002709170262361749,0.0026707925644095833,0.0006764891942527836,0.0006381114963006179,0.0020326810681089652,ok
men,gradient_boosting,2015-11-18,84,94,3.837769795216571e-05,0.002709170262361749,0.0026707925644095833,0.0036227848452849197,0.003584407147332754,-0.0009136145829231708,ok
men,twfe,2015-12-02,84,94,0.0009335375026864389,-0.003601894559341369,-0.004535432062027808,0.0009335375026864389,0.0,-0.004535432062027808,ok
men,linear_gap,2015-12-02,84,94,0.0009335375026864389,-0.003601894559341369,-0.004535432062027808,0.0028932975388115977,0.001959760036125159,-0.006495192098152967,ok
men,synthetic_control,2015-12-02,84,94,0.0009335375026864389,-0.003601894559341369,-0.004535432062027808,0.0006793504952558628,-0.00025418700743057613,-0.004281245054597232,exact_mean_match
men,random_forest,2015-12-02,84,94,0.0009335375026864389,-0.003601894559341369,-0.004535432062027808,0.0007843449298160533,-0.0001491925728703856,-0.004386239489157422,ok
men,gradient_boosting,2015-12-02,84,94,0.0009335375026864389,-0.003601894559341369,-0.004535432062027808,0.001180156766717354,0.0002466192640309151,-0.004782051326058723,ok
men,twfe,2015-12-16,84,94,0.00024465782444505775,-0.007197589644398154,-0.007442247468843212,0.00024465782444505775,0.0,-0.007442247468843212,ok
men,linear_gap,2015-12-16,84,94,0.00024465782444505775,-0.007197589644398154,-0.007442247468843212,-2.2416580592447254e-05,-0.000267074405037505,-0.007175173063805706,ok
men,synthetic_control,2015-12-16,84,94,0.00024465782444505775,-0.007197589644398154,-0.007442247468843212,0.00023495390940651145,-9.703915038546302e-06,-0.007432543553804665,exact_mean_match
men,random_forest,2015-12-16,84,94,0.00024465782444505775,-0.007197589644398154,-0.007442247468843212,-0.0011376123268228633,-0.001382270151267921,-0.00605997731757529,ok
men,gradient_boosting,2015-12-16,84,94,0.00024465782444505775,-0.007197589644398154,-0.007442247468843212,-0.003272943178786835,-0.003517601003231893,-0.003924646465611319,ok
men,twfe,2015-12-30,84,94,-0.0005046667280709829,-0.001593264891137233,-0.0010885981630662503,-0.0005046667280709829,0.0,-0.0010885981630662503,ok
men,linear_gap,2015-12-30,84,94,-0.0005046667280709829,-0.001593264891137233,-0.0010885981630662503,-0.004579443065159476,-0.004074776337088493,0.0029861781740222427,ok
men,synthetic_control,2015-12-30,84,94,-0.0005046667280709829,-0.001593264891137233,-0.0010885981630662503,-0.00041895928483209194,8.570744323889098e-05,-0.0011743056063051411,exact_mean_match
men,random_forest,2015-12-30,84,94,-0.0005046667280709829,-0.001593264891137233,-0.0010885981630662503,-0.0007305822363632142,-0.00022591550829223126,-0.000862682654774019,ok
men,gradient_boosting,2015-12-30,84,94,-0.0005046667280709829,-0.001593264891137233,-0.0010885981630662503,-0.0030208248965285286,-0.0025161581684575458,0.0014275600053912955,ok
men,twfe,2016-01-13,84,94,-0.0009536857941113259,-0.0005641521598968416,0.0003895336342144843,-0.0009536857941113259,0.0,0.0003895336342144843,ok
men,linear_gap,2016-01-13,84,94,-0.0009536857941113259,-0.0005641521598968416,0.0003895336342144843,-0.004682078117950757,-0.003728392323839431,0.004117925958053915,ok
men,synthetic_control,2016-01-13,84,94,-0.0009536857941113259,-0.0005641521598968416,0.0003895336342144843,-0.0007266181389837291,0.00022706765512759677,0.0001624659790868875,exact_mean_match
men,random_forest,2016-01-13,84,94,-0.0009536857941113259,-0.0005641521598968416,0.0003895336342144843,-0.0012619456274621263,-0.00030825983335080044,0.0006977934675652847,ok
men,gradient_boosting,2016-01-13,84,94,-0.0009536857941113259,-0.0005641521598968416,0.0003895336342144843,-0.0025006843041988102,-0.0015469985100874844,0.0019365321443019687,ok
men,twfe,2016-01-27,84,94,-0.0005881382211169447,0.004693002033427564,0.005281140254544508,-0.0005881382211169447,0.0,0.005281140254544508,ok
men,linear_gap,2016-01-27,84,94,-0.0005881382211169447,0.004693002033427564,0.005281140254544508,-0.005148020324333373,-0.004559882103216429,0.009841022357760937,ok
men,synthetic_control,2016-01-27,84,94,-0.0005881382211169447,0.004693002033427564,0.005281140254544508,-0.0004151710033263034,0.00017296721779064131,0.005108173036753867,exact_mean_match
men,random_forest,2016-01-27,84,94,-0.0005881382211169447,0.004693002033427564,0.005281140254544508,-0.0004374775310686786,0.00015066069004826614,0.005130479564496242,ok
men,gradient_boosting,2016-01-27,84,94,-0.0005881382211169447,0.004693002033427564,0.005281140254544508,-5.8452978484065374e-05,0.0005296852426328794,0.004751455011911629,ok
men,twfe,2016-02-10,84,94,-0.0006284348039667195,-0.0018970391310816855,-0.0012686043271149662,-0.0006284348039667195,0.0,-0.0012686043271149662,ok
men,linear_gap,2016-02-10,84,94,-0.0006284348039667195,-0.0018970391310816855,-0.0012686043271149662,0.0014411816505998918,0.002069616454566611,-0.0033382207816815774,ok
men,synthetic_control,2016-02-10,84,94,-0.0006284348039667195,-0.0018970391310816855,-0.0012686043271149662,-0.0006318680877106381,-3.433283743918612e-06,-0.0012651710433710475,exact_mean_match
men,random_forest,2016-02-10,84,94,-0.0006284348039667195,-0.0018970391310816855,-0.0012686043271149662,0.0019197930003430998,0.0025482278043098194,-0.0038168321314247856,ok
men,gradient_boosting,2016-02-10,84,94,-0.0006284348039667195,-0.0018970391310816855,-0.0012686043271149662,0.0036035645280188652,0.004231999331985585,-0.005500603659100552,ok
men,twfe,2016-02-24,84,94,-0.0013691243744435237,0.004680603084858403,0.006049727459301926,-0.0013691243744435237,0.0,0.006049727459301926,ok
men,linear_gap,2016-02-24,84,94,-0.0013691243744435237,0.004680603084858403,0.006049727459301926,0.0025938338224456357,0.003962958196889159,0.0020867692624127665,ok
men,synthetic_control,2016-02-24,84,94,-0.0013691243744435237,0.004680603084858403,0.006049727459301926,-0.0009305614089555256,0.0004385629654879981,0.005611164493813927,exact_mean_match
men,random_forest,2016-02-24,84,94,-0.0013691243744435237,0.004680603084858403,0.006049727459301926,0.00037994632311489263,0.0017490706975584163,0.004300656761743509,ok
men,gradient_boosting,2016-02-24,84,94,-0.0013691243744435237,0.004680603084858403,0.006049727459301926,0.0004987857529917621,0.0018679101274352858,0.00418181733186664,ok
men,twfe,2016-03-09,84,94,-4.221546774738322e-05,0.0009051232455487765,0.0009473387132961597,-4.221546774738322e-05,0.0,0.0009473387132961597,ok
men,linear_gap,2016-03-09,84,94,-4.221546774738322e-05,0.0009051232455487765,0.0009473387132961597,0.005589046961238598,0.005631262428985981,-0.004683923715689821,ok
men,synthetic_control,2016-03-09,84,94,-4.221546774738322e-05,0.0009051232455487765,0.0009473387132961597,-4.514797651092653e-05,-2.93250876354331e-06,0.000950271222059703,exact_mean_match
men,random_forest,2016-03-09,84,94,-4.221546774738322e-05,0.0009051232455487765,0.0009473387132961597,0.001471602888248845,0.0015138183559962283,-0.0005664796427000686,ok
men,gradient_boosting,2016-03-09,84,94,-4.221546774738322e-05,0.0009051232455487765,0.0009473387132961597,0.003268674822325208,0.0033108902900725913,-0.0023635515767764315,ok
men,twfe,2016-03-23,84,94,0.0007867428080194029,-3.71968457074839e-05,-0.0008239396537268868,0.0007867428080194029,0.0,-0.0008239396537268868,ok
men,linear_gap,2016-03-23,84,94,0.0007867428080194029,-3.71968457074839e-05,-0.0008239396537268868,0.002452524826427518,0.0016657820184081153,-0.002489721672135002,ok
men,synthetic_control,2016-03-23,84,94,0.0007867428080194029,-3.71968457074839e-05,-0.0008239396537268868,0.0008434724463730232,5.6729638353620335e-05,-0.0008806692920805072,exact_mean_match
men,random_forest,2016-03-23,84,94,0.0007867428080194029,-3.71968457074839e-05,-0.0008239396537268868,-0.0005949257416245717,-0.0013816685496439746,0.0005577288959170878,ok
men,gradient_boosting,2016-03-23,84,94,0.0007867428080194029,-3.71968457074839e-05,-0.0008239396537268868,0.0014719454007970448,0.0006852025927776418,-0.0015091422465045288,ok
men,twfe,2016-04-06,84,94,0.0015706072886923941,0.008245300798492287,0.006674693509799892,0.0015706072886923941,0.0,0.006674693509799892,ok
men,linear_gap,2016-04-06,84,94,0.0015706072886923941,0.008245300798492287,0.006674693509799892,0.0031907092147383767,0.0016201019260459826,0.0050545915837539096,ok
men,synthetic_control,2016-04-06,84,94,0.0015706072886923941,0.008245300798492287,0.006674693509799892,0.0010838718308866235,-0.0004867354578057706,0.007161428967605663,exact_mean_match
men,random_forest,2016-04-06,84,94,0.0015706072886923941,0.008245300798492287,0.006674693509799892,0.001435187329245643,-0.00013541995944675112,0.006810113469246643,ok
men,gradient_boosting,2016-04-06,84,94,0.0015706072886923941,0.008245300798492287,0.006674693509799892,0.003945780849718463,0.0023751735610260693,0.004299519948773823,ok
men,twfe,2016-04-20,84,94,0.0031057152067790355,0.009534791449685064,0.006429076242906029,0.0031057152067790355,0.0,0.006429076242906029,ok
men,linear_gap,2016-04-20,84,94,0.0031057152067790355,0.009534791449685064,0.006429076242906029,0.008010299847452053,0.004904584640673018,0.001524491602233011,ok
men,synthetic_control,2016-04-20,84,94,0.0031057152067790355,0.009534791449685064,0.006429076242906029,0.0024962274992219695,-0.000609487707557066,0.007038563950463095,exact_mean_match
men,random_forest,2016-04-20,84,94,0.0031057152067790355,0.009534791449685064,0.006429076242906029,0.006143251296041758,0.003037536089262722,0.003391540153643307,ok
men,gradient_boosting,2016-04-20,84,94,0.0031057152067790355,0.009534791449685064,0.006429076242906029,0.009179598247079927,0.0060738830403008915,0.0003551932026051377,ok
men,twfe,2016-05-04,84,94,0.0033311841822480114,0.009646381986807517,0.006315197804559506,0.0033311841822480114,0.0,0.006315197804559506,ok
men,linear_gap,2016-05-04,84,94,0.0033311841822480114,0.009646381986807517,0.006315197804559506,0.010226916407172318,0.0068957322249243065,-0.0005805344203648009,ok
men,synthetic_control,2016-05-04,84,94,0.0033311841822480114,0.009646381986807517,0.006315197804559506,0.0020472135414524827,-0.0012839706407955288,0.007599168445355034,exact_mean_match
men,random_forest,2016-05-04,84,94,0.0033311841822480114,0.009646381986807517,0.006315197804559506,0.005138622707303092,0.0018074385250550803,0.004507759279504425,ok
men,gradient_boosting,2016-05-04,84,94,0.0033311841822480114,0.009646381986807517,0.006315197804559506,0.006892363782406353,0.0035611796001583412,0.0027540182044011644,ok
men,twfe,2016-05-18,84,94,0.005109031039882103,0.007730744432872091,0.002621713392989988,0.005109031039882103,0.0,0.002621713392989988,ok
men,linear_gap,2016-05-18,84,94,0.005109031039882103,0.007730744432872091,0.002621713392989988,0.010362802153458297,0.005253771113576194,-0.0026320577205862063,ok
men,synthetic_control,2016-05-18,84,94,0.005109031039882103,0.007730744432872091,0.002621713392989988,0.005233922627779875,0.00012489158789777237,0.0024968218050922157,exact_mean_match
men,random_forest,2016-05-18,84,94,0.005109031039882103,0.007730744432872091,0.002621713392989988,0.0035420599330974784,-0.0015669711067846244,0.004188684499774612,ok
men,gradient_boosting,2016-05-18,84,94,0.005109031039882103,0.007730744432872091,0.002621713392989988,0.006338104127920665,0.0012290730880385623,0.0013926403049514258,ok
men,twfe,2016-06-01,84,94,0.00580654570016272,0.016013242077071863,0.010206696376909144,0.00580654570016272,0.0,0.010206696376909144,ok
men,linear_gap,2016-06-01,84,94,0.00580654570016272,0.016013242077071863,0.010206696376909144,0.012400733266303856,0.006594187566141136,0.003612508810768008,ok
men,synthetic_control,2016-06-01,84,94,0.00580654570016272,0.016013242077071863,0.010206696376909144,0.0035798301130007294,-0.0022267155871619907,0.012433411964071134,exact_mean_match
men,random_forest,2016-06-01,84,94,0.00580654570016272,0.016013242077071863,0.010206696376909144,0.006311511531023731,0.0005049658308610106,0.009701730546048132,ok
men,gradient_boosting,2016-06-01,84,94,0.00580654570016272,0.016013242077071863,0.010206696376909144,0.008044326125116373,0.002237780424953653,0.00796891595195549,ok
men,twfe,2016-06-15,84,94,0.008868126554296769,0.0141410008431285,0.005272874288831731,0.008868126554296769,0.0,0.005272874288831731,ok
men,linear_gap,2016-06-15,84,94,0.008868126554296769,0.0141410008431285,0.005272874288831731,0.017541458937828512,0.008673332383531743,-0.003400458094700012,ok
men,synthetic_control,2016-06-15,84,94,0.008868126554296769,0.0141410008431285,0.005272874288831731,0.006662186066954574,-0.0022059404873421944,0.007478814776173926,exact_mean_match
men,random_forest,2016-06-15,84,94,0.008868126554296769,0.0141410008431285,0.005272874288831731,0.012971605101129526,0.004103478546832757,0.0011693957419989746,ok
men,gradient_boosting,2016-06-15,84,94,0.008868126554296769,0.0141410008431285,0.005272874288831731,0.016288926493732016,0.007420799939435247,-0.0021479256506035157,ok
men,twfe,2016-06-29,84,94,0.01039268060544656,0.0046682041362892425,-0.005724476469157318,0.01039268060544656,0.0,-0.005724476469157318,ok
men,linear_gap,2016-06-29,84,94,0.01039268060544656,0.0046682041362892425,-0.005724476469157318,0.015531831119169308,0.005139150513722747,-0.010863626982880065,ok
men,synthetic_control,2016-06-29,84,94,0.01039268060544656,0.0046682041362892425,-0.005724476469157318,0.007494665957539514,-0.0028980146479070466,-0.0028264618212502715,exact_mean_match
men,random_forest,2016-06-29,84,94,0.01039268060544656,0.0046682041362892425,-0.005724476469157318,0.01066542444502205,0.00027274383957548963,-0.005997220308732808,ok
men,gradient_boosting,2016-06-29,84,94,0.01039268060544656,0.0046682041362892425,-0.005724476469157318,0.014947109771205346,0.004554429165758786,-0.010278905634916104,ok
men,twfe,2016-07-13,84,94,0.009748894722298975,0.0016552596339830384,-0.008093635088315936,0.009748894722298975,0.0,-0.008093635088315936,ok
men,linear_gap,2016-07-13,84,94,0.009748894722298975,0.0016552596339830384,-0.008093635088315936,0.011435134696182151,0.0016862399738831763,-0.009779875062199113,ok
men,synthetic_control,2016-07-13,84,94,0.009748894722298975,0.0016552596339830384,-0.008093635088315936,0.014688903130786836,0.004940008408487861,-0.013033643496803797,exact_mean_match
men,random_forest,2016-07-13,84,94,0.009748894722298975,0.0016552596339830384,-0.008093635088315936,0.005033976296254415,-0.00471491842604456,-0.003378716662271376,ok
men,gradient_boosting,2016-07-13,84,94,0.009748894722298975,0.0016552596339830384,-0.008093635088315936,0.005975954577052207,-0.0037729401452467684,-0.004320694943069168,ok
men,twfe,2016-07-27,84,94,0.008836464953486228,-0.0030191439765907854,-0.011855608930077014,0.008836464953486228,0.0,-0.011855608930077014,ok
men,linear_gap,2016-07-27,84,94,0.008836464953486228,-0.0030191439765907854,-0.011855608930077014,0.0033100145155642783,-0.005526450437921949,-0.006329158492155065,ok
men,synthetic_control,2016-07-27,84,94,0.008836464953486228,-0.0030191439765907854,-0.011855608930077014,0.010629529321843339,0.001793064368357111,-0.013648673298434125,exact_mean_match
men,random_forest,2016-07-27,84,94,0.008836464953486228,-0.0030191439765907854,-0.011855608930077014,0.0026065253806979204,-0.0062299395727883075,-0.005625669357288706,ok
men,gradient_boosting,2016-07-27,84,94,0.008836464953486228,-0.0030191439765907854,-0.011855608930077014,0.0015864753002020604,-0.007249989653284167,-0.0046056192767928465,ok
men,twfe,2016-08-10,84,94,0.006803406404470234,0.002417794970986458,-0.004385611433483776,0.006803406404470234,0.0,-0.004385611433483776,ok
men,linear_gap,2016-08-10,84,94,0.006803406404470234,0.002417794970986458,-0.004385611433483776,-0.005413355965729127,-0.01221676237019936,0.007831150936715584,ok
men,synthetic_control,2016-08-10,84,94,0.006803406404470234,0.002417794970986458,-0.004385611433483776,0.009918687872515507,0.003115281468045273,-0.007500892901529049,exact_mean_match
men,random_forest,2016-08-10,84,94,0.006803406404470234,0.002417794970986458,-0.004385611433483776,-0.0012958391632340352,-0.008099245567704269,0.0037136341342204927,ok
men,gradient_boosting,2016-08-10,84,94,0.006803406404470234,0.002417794970986458,-0.004385611433483776,-0.002892908622750429,-0.009696315027220664,0.005310703593736888,ok
men,twfe,2016-08-24,84,94,0.005682777624266985,0.0102291325695581,0.004546354945291115,0.005682777624266985,0.0,0.004546354945291115,ok
men,linear_gap,2016-08-24,84,94,0.005682777624266985,0.0102291325695581,0.004546354945291115,-0.007618536632076289,-0.013301314256343275,0.01784766920163439,ok
men,synthetic_control,2016-08-24,84,94,0.005682777624266985,0.0102291325695581,0.004546354945291115,0.0046229237835614945,-0.0010598538407054908,0.005606208785996606,exact_mean_match
men,random_forest,2016-08-24,84,94,0.005682777624266985,0.0102291325695581,0.004546354945291115,0.00015354460135999745,-0.005529233022906988,0.010075587968198102,ok
men,gradient_boosting,2016-08-24,84,94,0.005682777624266985,0.0102291325695581,0.004546354945291115,0.0008792109513695937,-0.004803566672897392,0.009349921618188508,ok
men,twfe,2016-09-07,84,94,0.004199479598415768,0.001977632296781232,-0.0022218473016345362,0.004199479598415768,0.0,-0.0022218473016345362,ok
men,linear_gap,2016-09-07,84,94,0.004199479598415768,0.001977632296781232,-0.0022218473016345362,0.0001507661361105739,-0.004048713462305194,0.0018268661606706577,ok
men,synthetic_control,2016-09-07,84,94,0.004199479598415768,0.001977632296781232,-0.0022218473016345362,0.0021858319429161055,-0.0020136476554996627,-0.00020819964613487353,exact_mean_match
men,random_forest,2016-09-07,84,94,0.004199479598415768,0.001977632296781232,-0.0022218473016345362,0.003652118328214859,-0.0005473612702009091,-0.0016744860314336272,ok
men,gradient_boosting,2016-09-07,84,94,0.004199479598415768,0.001977632296781232,-0.0022218473016345362,0.00576211420212842,0.0015626346037126522,-0.0037844819053471884,ok
men,twfe,2016-09-21,84,94,0.0022268659236744336,0.00884045032981203,0.006613584406137596,0.0022268659236744336,0.0,0.006613584406137596,ok
men,linear_gap,2016-09-21,84,94,0.0022268659236744336,0.00884045032981203,0.006613584406137596,0.002078055316040733,-0.0001488106076337004,0.006762395013771297,ok
men,synthetic_control,2016-09-21,84,94,0.0022268659236744336,0.00884045032981203,0.006613584406137596,0.0021398473976519984,-8.701852602243515e-05,0.006700602932160031,exact_mean_match
men,random_forest,2016-09-21,84,94,0.0022268659236744336,0.00884045032981203,0.006613584406137596,0.001831875102742368,-0.0003949908209320656,0.007008575227069662,ok
men,gradient_boosting,2016-09-21,84,94,0.0022268659236744336,0.00884045032981203,0.006613584406137596,0.0028137428611305004,0.0005868769374560668,0.006026707468681529,ok
men,twfe,2016-10-05,84,94,0.002917664486813421,0.017941278579576447,0.015023614092763026,0.002917664486813421,0.0,0.015023614092763026,ok
men,linear_gap,2016-10-05,84,94,0.002917664486813421,0.017941278579576447,0.015023614092763026,0.008984148900084026,0.006066484413270604,0.008957129679492422,ok
men,synthetic_control,2016-10-05,84,94,0.002917664486813421,0.017941278579576447,0.015023614092763026,0.002212178650843232,-0.000705485835970189,0.015729099928733215,exact_mean_match
men,random_forest,2016-10-05,84,94,0.002917664486813421,0.017941278579576447,0.015023614092763026,0.0033282962008228775,0.00041063171400945644,0.01461298237875357,ok
men,gradient_boosting,2016-10-05,84,94,0.002917664486813421,0.017941278579576447,0.015023614092763026,0.00747052719988044,0.004552862713067018,0.010470751379696008,ok
men,twfe,2016-10-19,84,94,0.005564766203064074,-0.0044326241134751785,-0.009997390316539252,0.005564766203064074,0.0,-0.009997390316539252,ok
men,linear_gap,2016-10-19,84,94,0.005564766203064074,-0.0044326241134751785,-0.009997390316539252,0.01644951949966084,0.010884753296596765,-0.020882143613136016,ok
men,synthetic_control,2016-10-19,84,94,0.005564766203064074,-0.0044326241134751785,-0.009997390316539252,0.00582013490539092,0.0002553687023268457,-0.010252759018866096,exact_mean_match
men,random_forest,2016-10-19,84,94,0.005564766203064074,-0.0044326241134751785,-0.009997390316539252,0.010512623614853913,0.004947857411789839,-0.01494524772832909,ok
men,gradient_boosting,2016-10-19,84,94,0.005564766203064074,-0.0044326241134751785,-0.009997390316539252,0.01565568303603998,0.010090916832975905,-0.020088307149515157,ok
men,twfe,2016-11-02,84,94,0.00503035675908016,0.005275752616178148,0.0002453958570979879,0.00503035675908016,0.0,0.0002453958570979879,ok
men,linear_gap,2016-11-02,84,94,0.00503035675908016,0.005275752616178148,0.0002453958570979879,0.0037745745880696045,-0.001255782171010556,0.0015011780281085439,ok
men,synthetic_control,2016-11-02,84,94,0.00503035675908016,0.005275752616178148,0.0002453958570979879,0.006058180992066758,0.001027824232986598,-0.0007824283758886101,exact_mean_match
men,random_forest,2016-11-02,84,94,0.00503035675908016,0.005275752616178148,0.0002453958570979879,-0.0008982276714132947,-0.005928584430493455,0.006173980287591443,ok
men,gradient_boosting,2016-11-02,84,94,0.00503035675908016,0.005275752616178148,0.0002453958570979879,-0.0012108225151964587,-0.006241179274276619,0.006486575131374607,ok
men,twfe,2016-11-16,84,94,0.005762411347517729,-0.001965233348212072,-0.007727644695729801,0.005762411347517729,0.0,-0.007727644695729801,ok
men,linear_gap,2016-11-16,84,94,0.005762411347517729,-0.001965233348212072,-0.007727644695729801,0.003941373064271438,-0.0018210382832462915,-0.005906606412483509,ok
men,synthetic_control,2016-11-16,84,94,0.005762411347517729,-0.001965233348212072,-0.007727644695729801,0.006729588406419667,0.0009671770589019376,-0.008694821754631737,exact_mean_match
men,random_forest,2016-11-16,84,94,0.005762411347517729,-0.001965233348212072,-0.007727644695729801,0.003871783170254978,-0.0018906281772627515,-0.005837016518467049,ok
men,gradient_boosting,2016-11-16,84,94,0.005762411347517729,-0.001965233348212072,-0.007727644695729801,0.005926143774617472,0.0001637324270997425,-0.007891377122829543,ok
men,twfe,2016-11-30,84,94,0.0038665530686807278,0.0020582254624807814,-0.0018083276061999463,0.0038665530686807278,0.0,-0.0018083276061999463,ok
men,linear_gap,2016-11-30,84,94,0.0038665530686807278,0.0020582254624807814,-0.0018083276061999463,0.000425693105353865,-0.003440859963326863,0.0016325323571269165,ok
men,synthetic_control,2016-11-30,84,94,0.0038665530686807278,0.0020582254624807814,-0.0018083276061999463,0.003944702074662902,7.81490059821744e-05,-0.0018864766121821207,exact_mean_match
men,random_forest,2016-11-30,84,94,0.0038665530686807278,0.0020582254624807814,-0.0018083276061999463,0.000951191700240003,-0.002915361368440725,0.0011070337622407786,ok
men,gradient_boosting,2016-11-30,84,94,0.0038665530686807278,0.0020582254624807814,-0.0018083276061999463,0.0012740981339358103,-0.0025924549347449174,0.0007841273285449711,ok
men,twfe,2016-12-14,84,94,0.003915484633569739,0.018021871745276,0.01410638711170626,0.003915484633569739,0.0,0.01410638711170626,ok
men,linear_gap,2016-12-14,84,94,0.003915484633569739,0.018021871745276,0.01410638711170626,-0.003886282797531127,-0.007801767431100866,0.021908154542807125,ok
men,synthetic_control,2016-12-14,84,94,0.003915484633569739,0.018021871745276,0.01410638711170626,0.0034138502916247725,-0.0005016343419449662,0.014608021453651227,exact_mean_match
men,random_forest,2016-12-14,84,94,0.003915484633569739,0.018021871745276,0.01410638711170626,0.0012281829982205524,-0.002687301635349186,0.016793688747055446,ok
men,gradient_boosting,2016-12-14,84,94,0.003915484633569739,0.018021871745276,0.01410638711170626,0.00046277610503799585,-0.0034527085285317428,0.017559095640238002,ok
men,twfe,2016-12-28,84,94,0.005516794080623866,0.008338292912760998,0.0028214988321371313,0.005516794080623866,0.0,0.0028214988321371313,ok
men,linear_gap,2016-12-28,84,94,0.005516794080623866,0.008338292912760998,0.0028214988321371313,0.008536724603902103,0.0030199305232782364,-0.00019843169114110507,ok
men,synthetic_control,2016-12-28,84,94,0.005516794080623866,0.008338292912760998,0.0028214988321371313,0.007407693006771014,0.001890898926147148,0.0009305999059899834,exact_mean_match
men,random_forest,2016-12-28,84,94,0.005516794080623866,0.008338292912760998,0.0028214988321371313,0.006603735165819377,0.0010869410851955105,0.0017345577469416208,ok
men,gradient_boosting,2016-12-28,84,94,0.005516794080623866,0.008338292912760998,0.0028214988321371313,0.012831341379163265,0.007314547298539398,-0.004493048466402267,ok
men,twfe,2017-01-11,84,94,0.0041658991127076226,0.0012522938054852946,-0.002913605307222328,0.0041658991127076226,0.0,-0.002913605307222328,ok
men,linear_gap,2017-01-11,84,94,0.0041658991127076226,0.0012522938054852946,-0.002913605307222328,0.015251869012470106,0.011085969899762484,-0.013999575206984811,ok
men,synthetic_control,2017-01-11,84,94,0.0041658991127076226,0.0012522938054852946,-0.002913605307222328,0.0050285498947640755,0.000862650782056453,-0.003776256089278781,exact_mean_match
men,random_forest,2017-01-11,84,94,0.0041658991127076226,0.0012522938054852946,-0.002913605307222328,0.003009007675981422,-0.0011568914367262005,-0.0017567138704961275,ok
men,gradient_boosting,2017-01-11,84,94,0.0041658991127076226,0.0012522938054852946,-0.002913605307222328,0.00660507050261606,0.0024391713899084375,-0.0053527766971307655,ok
men,twfe,2017-01-25,84,94,0.006022420251143654,-0.004990576799087438,-0.011012997050231092,0.006022420251143654,0.0,-0.011012997050231092,ok
men,linear_gap,2017-01-25,84,94,0.006022420251143654,-0.004990576799087438,-0.011012997050231092,0.009359308961302706,0.003336888710159052,-0.014349885760390143,ok
men,synthetic_control,2017-01-25,84,94,0.006022420251143654,-0.004990576799087438,-0.011012997050231092,0.00814965478314542,0.002127234532001765,-0.013140231582232858,exact_mean_match
men,random_forest,2017-01-25,84,94,0.006022420251143654,-0.004990576799087438,-0.011012997050231092,0.003600234350045071,-0.002422185901098583,-0.008590811149132509,ok
men,gradient_boosting,2017-01-25,84,94,0.006022420251143654,-0.004990576799087438,-0.011012997050231092,0.0029084741936671677,-0.0031139460574764865,-0.007899050992754605,ok
men,twfe,2017-02-08,84,94,0.003774446593595528,0.008536676089867579,0.004762229496272051,0.003774446593595528,0.0,0.004762229496272051,ok
men,linear_gap,2017-02-08,84,94,0.003774446593595528,0.008536676089867579,0.004762229496272051,0.0007836616507201222,-0.002990784942875406,0.007753014439147457,ok
men,synthetic_control,2017-02-08,84,94,0.003774446593595528,0.008536676089867579,0.004762229496272051,0.0028987019834542174,-0.0008757446101413107,0.005637974106413361,exact_mean_match
men,random_forest,2017-02-08,84,94,0.003774446593595528,0.008536676089867579,0.004762229496272051,-0.001181425711437482,-0.00495587230503301,0.00971810180130506,ok
men,gradient_boosting,2017-02-08,84,94,0.003774446593595528,0.008536676089867579,0.004762229496272051,-0.0032669034727770096,-0.007041350066372538,0.011803579562644589,ok
men,twfe,2017-02-22,84,94,0.005354648306775965,0.006205673758865247,0.0008510254520892819,0.005354648306775965,0.0,0.0008510254520892819,ok
men,linear_gap,2017-02-22,84,94,0.005354648306775965,0.006205673758865247,0.0008510254520892819,-9.539717172516133e-06,-0.005364188023948481,0.006215213476037763,ok
men,synthetic_control,2017-02-22,84,94,0.005354648306775965,0.006205673758865247,0.0008510254520892819,0.004552765663062286,-0.000801882643713679,0.0016529080958029609,exact_mean_match
men,random_forest,2017-02-22,84,94,0.005354648306775965,0.006205673758865247,0.0008510254520892819,0.0029878364616981877,-0.002366811845077777,0.003217837297167059,ok
men,gradient_boosting,2017-02-22,84,94,0.005354648306775965,0.006205673758865247,0.0008510254520892819,0.002713396454342675,-0.00264125185243329,0.003492277304522572,ok
men,twfe,2017-03-08,84,94,0.005960056491971384,-0.006211873233149829,-0.012171929725121213,0.005960056491971384,0.0,-0.012171929725121213,ok
men,linear_gap,2017-03-08,84,94,0.005960056491971384,-0.006211873233149829,-0.012171929725121213,-0.003804273434908764,-0.009764329926880148,-0.002407599798241065,ok
men,synthetic_control,2017-03-08,84,94,0.005960056491971384,-0.006211873233149829,-0.012171929725121213,0.007828910944274778,0.001868854452303394,-0.014040784177424607,exact_mean_match
men,random_forest,2017-03-08,84,94,0.005960056491971384,-0.006211873233149829,-0.012171929725121213,0.0018852260398196578,-0.0040748304521517256,-0.008097099272969487,ok
men,gradient_boosting,2017-03-08,84,94,0.005960056491971384,-0.006211873233149829,-0.012171929725121213,0.005143985195883671,-0.0008160712960877132,-0.0113558584290335,ok
men,twfe,2017-03-22,84,94,0.001423812594025359,-0.0019652333482120684,-0.0033890459422374272,0.001423812594025359,0.0,-0.0033890459422374272,ok
men,linear_gap,2017-03-22,84,94,0.001423812594025359,-0.0019652333482120684,-0.0033890459422374272,-0.005911905796595573,-0.007335718390620932,0.003946672448383505,ok
men,synthetic_control,2017-03-22,84,94,0.001423812594025359,-0.0019652333482120684,-0.0033890459422374272,0.0014084883218807819,-1.532427214457721e-05,-0.00337372167009285,exact_mean_match
men,random_forest,2017-03-22,84,94,0.001423812594025359,-0.0019652333482120684,-0.0033890459422374272,-0.0014828340880144338,-0.002906646682039793,-0.0004823992601976344,ok
men,gradient_boosting,2017-03-22,84,94,0.001423812594025359,-0.0019652333482120684,-0.0033890459422374272,-0.004897904787671657,-0.006321717381697016,0.002932671439459589,ok
men,twfe,2017-04-05,84,94,-0.00024369838199625427,0.0,0.00024369838199625427,-0.00024369838199625427,0.0,0.00024369838199625427,ok
men,linear_gap,2017-04-05,84,94,-0.00024369838199625427,0.0,0.00024369838199625427,-0.0042041343651967045,-0.00396043598320045,0.0042041343651967045,ok
men,synthetic_control,2017-04-05,84,94,-0.00024369838199625427,0.0,0.00024369838199625427,0.0,0.00024369838199625427,0.0,exact_mean_match
men,random_forest,2017-04-05,84,94,-0.00024369838199625427,0.0,0.00024369838199625427,-0.00038472136005391163,-0.00014102297805765736,0.00038472136005391163,ok
men,gradient_boosting,2017-04-05,84,94,-0.00024369838199625427,0.0,0.00024369838199625427,-0.0035474915158126906,-0.0033037931338164364,0.0035474915158126906,ok
men,twfe,2017-04-19,84,94,-0.0009181864235055726,0.0005393542627585173,0.00145754068626409,-0.0009181864235055726,0.0,0.00145754068626409,ok
men,linear_gap,2017-04-19,84,94,-0.0009181864235055726,0.0005393542627585173,0.00145754068626409,-0.002182375973478485,-0.0012641895499729125,0.0027217302362370025,ok
men,synthetic_control,2017-04-19,84,94,-0.0009181864235055726,0.0005393542627585173,0.00145754068626409,-4.7872494322234206e-05,0.0008703139291833384,0.0005872267570807517,exact_mean_match
men,random_forest,2017-04-19,84,94,-0.0009181864235055726,0.0005393542627585173,0.00145754068626409,-4.7941794817478686e-05,0.0008702446286880939,0.0005872960575759961,ok
men,gradient_boosting,2017-04-19,84,94,-0.0009181864235055726,0.0005393542627585173,0.00145754068626409,-0.0014952175678116337,-0.0005770311443060611,0.002034571830570151,ok
men,twfe,2017-05-03,84,94,0.0007234196063983301,0.0179908743738531,0.01726745476745477,0.0007234196063983301,0.0,0.01726745476745477,ok
men,linear_gap,2017-05-03,84,94,0.0007234196063983301,0.0179908743738531,0.01726745476745477,-0.0024966065361839793,-0.0032200261425823096,0.020487480910037083,ok
men,synthetic_control,2017-05-03,84,94,0.0007234196063983301,0.0179908743738531,0.01726745476745477,0.0002845219403909624,-0.0004388976660073677,0.01770635243346214,exact_mean_match
men,random_forest,2017-05-03,84,94,0.0007234196063983301,0.0179908743738531,0.01726745476745477,0.0003125660881661936,-0.0004108535182321365,0.01767830828568691,ok
men,gradient_boosting,2017-05-03,84,94,0.0007234196063983301,0.0179908743738531,0.01726745476745477,0.0010279145586646675,0.0003044949522663374,0.016962959815188434,ok
men,twfe,2017-05-17,84,94,0.002602967363605662,0.013967415563160241,0.011364448199554579,0.002602967363605662,0.0,0.011364448199554579,ok
men,linear_gap,2017-05-17,84,94,0.002602967363605662,0.013967415563160241,0.011364448199554579,0.012452211818005595,0.009849244454399933,0.001515203745154646,ok
men,synthetic_control,2017-05-17,84,94,0.002602967363605662,0.013967415563160241,0.011364448199554579,0.0032566484400792725,0.0006536810764736106,0.010710767123080969,exact_mean_match
men,random_forest,2017-05-17,84,94,0.002602967363605662,0.013967415563160241,0.011364448199554579,0.010204935022112513,0.007601967658506851,0.003762480541047728,ok
men,gradient_boosting,2017-05-17,84,94,0.002602967363605662,0.013967415563160241,0.011364448199554579,0.015810345802051942,0.01320737843844628,-0.0018429302388917011,ok
men,twfe,2017-05-31,84,94,0.00440096251266464,0.020985220453305562,0.01658425794064092,0.00440096251266464,0.0,0.01658425794064092,ok
men,linear_gap,2017-05-31,84,94,0.00440096251266464,0.020985220453305562,0.01658425794064092,0.021914934121079033,0.01751397160841439,-0.0009297136677734706,ok
men,synthetic_control,2017-05-31,84,94,0.00440096251266464,0.020985220453305562,0.01658425794064092,0.0070925313306653,0.0026915688180006595,0.013892689122640262,exact_mean_match
men,random_forest,2017-05-31,84,94,0.00440096251266464,0.020985220453305562,0.01658425794064092,0.010000174140119222,0.005599211627454582,0.01098504631318634,ok
men,gradient_boosting,2017-05-31,84,94,0.00440096251266464,0.020985220453305562,0.01658425794064092,0.01628601960097054,0.011885057088305898,0.004699200852335023,ok
men,twfe,2017-06-14,84,94,0.009713395351693223,0.01577146257997322,0.006058067228279996,0.009713395351693223,0.0,0.006058067228279996,ok
men,linear_gap,2017-06-14,84,94,0.009713395351693223,0.01577146257997322,0.006058067228279996,0.02898310793341293,0.01926971258171971,-0.013211645353439713,ok
men,synthetic_control,2017-06-14,84,94,0.009713395351693223,0.01577146257997322,0.006058067228279996,0.0131952313160702,0.0034818359643769767,0.0025762312639030192,exact_mean_match
men,random_forest,2017-06-14,84,94,0.009713395351693223,0.01577146257997322,0.006058067228279996,0.019623140450112837,0.009909745098419614,-0.003851677870139618,ok
men,gradient_boosting,2017-06-14,84,94,0.009713395351693223,0.01577146257997322,0.006058067228279996,0.024491528524990973,0.01477813317329775,-0.008720065945017754,ok
men,twfe,2017-06-28,84,94,0.012866123238463664,0.015201110945791798,0.0023349877073281337,0.012866123238463664,0.0,0.0023349877073281337,ok
men,linear_gap,2017-06-28,84,94,0.012866123238463664,0.015201110945791798,0.0023349877073281337,0.028393431198073353,0.01552730795960969,-0.013192320252281555,ok
men,synthetic_control,2017-06-28,84,94,0.012866123238463664,0.015201110945791798,0.0023349877073281337,0.02123672638502594,0.008370603146562275,-0.0060356154392341415,exact_mean_match
men,random_forest,2017-06-28,84,94,0.012866123238463664,0.015201110945791798,0.0023349877073281337,0.016547665904616236,0.003681542666152572,-0.001346554958824438,ok
men,gradient_boosting,2017-06-28,84,94,0.012866123238463664,0.015201110945791798,0.0023349877073281337,0.018311171684199507,0.005445048445735843,-0.0031100607384077095,ok
men,twfe,2017-07-12,84,94,0.01570799177182156,0.025107870852551704,0.009399879080730145,0.01570799177182156,0.0,0.009399879080730145,ok
men,linear_gap,2017-07-12,84,94,0.01570799177182156,0.025107870852551704,0.009399879080730145,0.025226826233000894,0.009518834461179335,-0.00011895538044918996,ok
men,synthetic_control,2017-07-12,84,94,0.01570799177182156,0.025107870852551704,0.009399879080730145,0.011785654460669395,-0.0039223373111521645,0.01332221639188231,exact_mean_match
men,random_forest,2017-07-12,84,94,0.01570799177182156,0.025107870852551704,0.009399879080730145,0.01778865163516274,0.002080659863341182,0.007319219217388963,ok
men,gradient_boosting,2017-07-12,84,94,0.01570799177182156,0.025107870852551704,0.009399879080730145,0.01763587358856737,0.0019278818167458092,0.0074719972639843354,ok
men,twfe,2017-07-26,84,94,0.01890485401123699,0.020334275653424588,0.0014294216421875984,0.01890485401123699,0.0,0.0014294216421875984,ok
men,linear_gap,2017-07-26,84,94,0.01890485401123699,0.020334275653424588,0.0014294216421875984,0.02264557715755452,0.0037407231463175324,-0.002311301504129934,ok
men,synthetic_control,2017-07-26,84,94,0.01890485401123699,0.020334275653424588,0.0014294216421875984,0.015336072456915054,-0.0035687815543219356,0.004998203196509534,exact_mean_match
men,random_forest,2017-07-26,84,94,0.01890485401123699,0.020334275653424588,0.0014294216421875984,0.019132875613968817,0.00022802160273182812,0.0012014000394557703,ok
men,gradient_boosting,2017-07-26,84,94,0.01890485401123699,0.020334275653424588,0.0014294216421875984,0.02374834350561255,0.004843489494375561,-0.0034140678521879624,ok
men,twfe,2017-08-09,84,94,0.01957454484050229,0.014661756683033277,-0.004912788157469011,0.01957454484050229,0.0,-0.004912788157469011,ok
men,linear_gap,2017-08-09,84,94,0.01957454484050229,0.014661756683033277,-0.004912788157469011,0.02452200711388331,0.004947462273381022,-0.009860250430850034,ok
men,synthetic_control,2017-08-09,84,94,0.01957454484050229,0.014661756683033277,-0.004912788157469011,0.0175265665481334,-0.0020479782923688884,-0.002864809865100123,exact_mean_match
men,random_forest,2017-08-09,84,94,0.01957454484050229,0.014661756683033277,-0.004912788157469011,0.020063987696844345,0.000489442856342056,-0.005402231013811067,ok
men,gradient_boosting,2017-08-09,84,94,0.01957454484050229,0.014661756683033277,-0.004912788157469011,0.021259392677933146,0.001684847837430857,-0.006597635994899868,ok
men,twfe,2017-08-23,84,94,0.019140876853642814,0.011388434260774682,-0.007752442592868131,0.019140876853642814,0.0,-0.007752442592868131,ok
men,linear_gap,2017-08-23,84,94,0.019140876853642814,0.011388434260774682,-0.007752442592868131,0.01762362519690297,-0.0015172516567398438,-0.0062351909361282876,ok
men,synthetic_control,2017-08-23,84,94,0.019140876853642814,0.011388434260774682,-0.007752442592868131,0.018116810806604766,-0.0010240660470380476,-0.006728376545830084,exact_mean_match
men,random_forest,2017-08-23,84,94,0.019140876853642814,0.011388434260774682,-0.007752442592868131,0.014790930091469201,-0.004349946762173613,-0.0034024958306945186,ok
men,gradient_boosting,2017-08-23,84,94,0.019140876853642814,0.011388434260774682,-0.007752442592868131,0.015364674980352369,-0.003776201873290445,-0.003976240719577686,ok
men,twfe,2017-09-06,84,94,0.017529013539651837,0.03398551802807122,0.01645650448841938,0.017529013539651837,0.0,0.01645650448841938,ok
men,linear_gap,2017-09-06,84,94,0.017529013539651837,0.03398551802807122,0.01645650448841938,0.016081823374264965,-0.0014471901653868718,0.017903694653806253,ok
men,synthetic_control,2017-09-06,84,94,0.017529013539651837,0.03398551802807122,0.01645650448841938,0.012289954309833984,-0.005239059229817853,0.021695563718237235,exact_mean_match
men,random_forest,2017-09-06,84,94,0.017529013539651837,0.03398551802807122,0.01645650448841938,0.009383319738386235,-0.008145693801265601,0.024602198289684983,ok
men,gradient_boosting,2017-09-06,84,94,0.017529013539651837,0.03398551802807122,0.01645650448841938,0.01279798702411141,-0.004731026515540427,0.021187531003959807,ok
men,twfe,2017-09-20,84,94,0.019598530901722394,0.02126419679611169,0.0016656658943892955,0.019598530901722394,0.0,0.0016656658943892955,ok
men,linear_gap,2017-09-20,84,94,0.019598530901722394,0.02126419679611169,0.0016656658943892955,0.02379409324990339,0.004195562348180994,-0.002529896453791699,ok
men,synthetic_control,2017-09-20,84,94,0.019598530901722394,0.02126419679611169,0.0016656658943892955,0.01690649046813504,-0.0026920404335873532,0.004357706327976649,exact_mean_match
men,random_forest,2017-09-20,84,94,0.019598530901722394,0.02126419679611169,0.0016656658943892955,0.023313082233568885,0.0037145513318464912,-0.0020488854374571958,ok
men,gradient_boosting,2017-09-20,84,94,0.019598530901722394,0.02126419679611169,0.0016656658943892955,0.028157875814657635,0.008559344912935241,-0.006893679018545946,ok
men,twfe,2017-10-04,84,94,0.020229844033035523,0.008530476615582998,-0.011699367417452524,0.020229844033035523,0.0,-0.011699367417452524,ok
men,linear_gap,2017-10-04,84,94,0.020229844033035523,0.008530476615582998,-0.011699367417452524,0.022697409758486976,0.002467565725451454,-0.014166933142903978,ok
men,synthetic_control,2017-10-04,84,94,0.020229844033035523,0.008530476615582998,-0.011699367417452524,0.01698069204208267,-0.0032491519909528532,-0.008450215426499671,exact_mean_match
men,random_forest,2017-10-04,84,94,0.020229844033035523,0.008530476615582998,-0.011699367417452524,0.018238071202371954,-0.0019917728306635685,-0.009707594586788956,ok
men,gradient_boosting,2017-10-04,84,94,0.020229844033035523,0.008530476615582998,-0.011699367417452524,0.02279945305331714,0.002569609020281617,-0.014268976437734142,ok
men,twfe,2017-10-18,84,94,0.018044234134659665,0.012578733323414176,-0.005465500811245489,0.018044234134659665,0.0,-0.005465500811245489,ok
men,linear_gap,2017-10-18,84,94,0.018044234134659665,0.012578733323414176,-0.005465500811245489,0.016044118679515187,-0.002000115455144478,-0.003465385356101011,ok
men,synthetic_control,2017-10-18,84,94,0.018044234134659665,0.012578733323414176,-0.005465500811245489,0.019159295605173342,0.0011150614705136772,-0.006580562281759166,exact_mean_match
men,random_forest,2017-10-18,84,94,0.018044234134659665,0.012578733323414176,-0.005465500811245489,0.007764533862934663,-0.010279700271725003,0.004814199460479514,ok
men,gradient_boosting,2017-10-18,84,94,0.018044234134659665,0.012578733323414176,-0.005465500811245489,0.01013153058567213,-0.007912703548987534,0.0024472027377420453,ok
men,twfe,2017-11-01,84,94,0.016753784041018085,0.021512175767494916,0.004758391726476831,0.016753784041018085,0.0,0.004758391726476831,ok
men,linear_gap,2017-11-01,84,94,0.016753784041018085,0.021512175767494916,0.004758391726476831,0.015230927464970009,-0.0015228565760480768,0.006281248302524908,ok
men,synthetic_control,2017-11-01,84,94,0.016753784041018085,0.021512175767494916,0.004758391726476831,0.020688345454038595,0.00393456141302051,0.000823830313456321,exact_mean_match
men,random_forest,2017-11-01,84,94,0.016753784041018085,0.021512175767494916,0.004758391726476831,0.010076329638184927,-0.0066774544028331585,0.01143584612930999,ok
men,gradient_boosting,2017-11-01,84,94,0.016753784041018085,0.021512175767494916,0.004758391726476831,0.011146736983210741,-0.005607047057807344,0.010365438784284175,ok
men,twfe,2017-11-15,84,94,0.017532851309447057,0.009516193026831323,-0.008016658282615734,0.017532851309447057,0.0,-0.008016658282615734,ok
men,linear_gap,2017-11-15,84,94,0.017532851309447057,0.009516193026831323,-0.008016658282615734,0.012778198260269363,-0.004754653049177694,-0.00326200523343804,ok
men,synthetic_control,2017-11-15,84,94,0.017532851309447057,0.009516193026831323,-0.008016658282615734,0.014409602716637625,-0.003123248592809432,-0.004893409689806302,exact_mean_match
men,random_forest,2017-11-15,84,94,0.017532851309447057,0.009516193026831323,-0.008016658282615734,0.013303987804833798,-0.0042288635046132585,-0.0037877947780024755,ok
men,gradient_boosting,2017-11-15,84,94,0.017532851309447057,0.009516193026831323,-0.008016658282615734,0.01659847516607512,-0.0009343761433719365,-0.0070822821392437976,ok
men,twfe,2017-11-29,84,94,0.016998441865463138,0.01646580369984625,-0.0005326381656168867,0.016998441865463138,0.0,-0.0005326381656168867,ok
men,linear_gap,2017-11-29,84,94,0.016998441865463138,0.01646580369984625,-0.0005326381656168867,0.007605437842753707,-0.009393004022709431,0.008860365857092545,ok
men,synthetic_control,2017-11-29,84,94,0.016998441865463138,0.01646580369984625,-0.0005326381656168867,0.018477621882393658,0.0014791800169305196,-0.0020118181825474063,exact_mean_match
men,random_forest,2017-11-29,84,94,0.016998441865463138,0.01646580369984625,-0.0005326381656168867,0.010596582516448943,-0.006401859349014195,0.005869221183397309,ok
men,gradient_boosting,2017-11-29,84,94,0.016998441865463138,0.01646580369984625,-0.0005326381656168867,0.012288482075896416,-0.0047099597895667224,0.004177321623949836,ok
men,twfe,2017-12-13,84,94,0.014847371895244234,0.026676337846550616,0.011828965951306381,0.014847371895244234,0.0,0.011828965951306381,ok
men,linear_gap,2017-12-13,84,94,0.014847371895244234,0.026676337846550616,0.011828965951306381,0.013322553597438272,-0.0015248182978059629,0.013353784249112344,ok
men,synthetic_control,2017-12-13,84,94,0.014847371895244234,0.026676337846550616,0.011828965951306381,0.010344092528339073,-0.004503279366905161,0.016332245318211543,exact_mean_match
men,random_forest,2017-12-13,84,94,0.014847371895244234,0.026676337846550616,0.011828965951306381,0.015131868052273404,0.0002844961570291696,0.011544469794277212,ok
men,gradient_boosting,2017-12-13,84,94,0.014847371895244234,0.026676337846550616,0.011828965951306381,0.01700948679820596,0.002162114902961726,0.009666851048344655,ok
men,twfe,2017-12-27,84,94,0.01625391452519112,0.025188464018251252,0.008934549493060131,0.01625391452519112,0.0,0.008934549493060131,ok
men,linear_gap,2017-12-27,84,94,0.01625391452519112,0.025188464018251252,0.008934549493060131,0.025636829693145693,0.009382915167954572,-0.0004483656748944416,ok
men,synthetic_control,2017-12-27,84,94,0.01625391452519112,0.025188464018251252,0.008934549493060131,0.01667374011859367,0.000419825593402548,0.008514723899657583,exact_mean_match
men,random_forest,2017-12-27,84,94,0.01625391452519112,0.025188464018251252,0.008934549493060131,0.019648741589554614,0.0033948270643634933,0.005539722428696638,ok
men,gradient_boosting,2017-12-27,84,94,0.01625391452519112,0.025188464018251252,0.008934549493060131,0.025536118592322084,0.009282204067130963,-0.00034765457407083186,ok
men,twfe,2018-01-10,84,94,0.019293428203002668,0.019794921390666072,0.0005014931876634043,0.019293428203002668,0.0,0.0005014931876634043,ok
men,linear_gap,2018-01-10,84,94,0.019293428203002668,0.019794921390666072,0.0005014931876634043,0.030344367357088668,0.011050939154086,-0.010549445966422596,ok
men,synthetic_control,2018-01-10,84,94,0.019293428203002668,0.019794921390666072,0.0005014931876634043,0.015354963077007816,-0.003938465125994852,0.004439958313658256,exact_mean_match
men,random_forest,2018-01-10,84,94,0.019293428203002668,0.019794921390666072,0.0005014931876634043,0.020618255338838574,0.0013248271358359057,-0.0008233339481725013,ok
men,gradient_boosting,2018-01-10,84,94,0.019293428203002668,0.019794921390666072,0.0005014931876634043,0.02781932386992505,0.00852589566692238,-0.008024402479258976,ok
men,twfe,2018-01-24,84,94,0.020156926406926408,0.029658284977433908,0.0095013585705075,0.020156926406926408,0.0,0.0095013585705075,ok
men,linear_gap,2018-01-24,84,94,0.020156926406926408,0.029658284977433908,0.0095013585705075,0.028936191765383843,0.008779265358457435,0.000722093212050065,ok
men,synthetic_control,2018-01-24,84,94,0.020156926406926408,0.029658284977433908,0.0095013585705075,0.015291811978386506,-0.004865114428539902,0.014366472999047402,exact_mean_match
men,random_forest,2018-01-24,84,94,0.020156926406926408,0.029658284977433908,0.0095013585705075,0.019580133821854678,-0.0005767925850717302,0.01007815115557923,ok
men,gradient_boosting,2018-01-24,84,94,0.020156926406926408,0.029658284977433908,0.0095013585705075,0.024884295592168534,0.004727369185242126,0.0047739893852653745,ok
men,twfe,2018-02-07,84,94,0.02205950078290504,0.022931855378663882,0.0008723545957588438,0.02205950078290504,0.0,0.0008723545957588438,ok
men,linear_gap,2018-02-07,84,94,0.02205950078290504,0.022931855378663882,0.0008723545957588438,0.03247231987374822,0.01041281909084318,-0.009540464495084337,ok
men,synthetic_control,2018-02-07,84,94,0.02205950078290504,0.022931855378663882,0.0008723545957588438,0.013843175747325069,-0.00821632503557997,0.009088679631338813,exact_mean_match
men,random_forest,2018-02-07,84,94,0.02205950078290504,0.022931855378663882,0.0008723545957588438,0.021023404160520804,-0.0010360966223842347,0.0019084512181430785,ok
men,gradient_boosting,2018-02-07,84,94,0.02205950078290504,0.022931855378663882,0.0008723545957588438,0.023532666117274843,0.0014731653343698047,-0.0006008107386109608,ok
men,twfe,2018-02-21,84,94,0.023918900248687487,0.009435599861131773,-0.014483300387555714,0.023918900248687487,0.0,-0.014483300387555714,ok
men,linear_gap,2018-02-21,84,94,0.023918900248687487,0.009435599861131773,-0.014483300387555714,0.026337983422122666,0.0024190831734351784,-0.016902383560990893,ok
men,synthetic_control,2018-02-21,84,94,0.023918900248687487,0.009435599861131773,-0.014483300387555714,0.017970217847646335,-0.005948682401041152,-0.008534617986514562,exact_mean_match
men,random_forest,2018-02-21,84,94,0.023918900248687487,0.009435599861131773,-0.014483300387555714,0.015494439993318595,-0.008424460255368893,-0.006058840132186822,ok
men,gradient_boosting,2018-02-21,84,94,0.023918900248687487,0.009435599861131773,-0.014483300387555714,0.01899092889300972,-0.004927971355677768,-0.009555329031877946,ok
men,twfe,2018-03-07,84,94,0.023734687298517083,0.015411893071467543,-0.00832279422704954,0.023734687298517083,0.0,-0.00832279422704954,ok
men,linear_gap,2018-03-07,84,94,0.023734687298517083,0.015411893071467543,-0.00832279422704954,0.017573759994902672,-0.0061609273036144115,-0.002161866923435129,ok
men,synthetic_control,2018-03-07,84,94,0.023734687298517083,0.015411893071467543,-0.00832279422704954,0.022373907797167053,-0.0013607795013500304,-0.00696201472569951,exact_mean_match
men,random_forest,2018-03-07,84,94,0.023734687298517083,0.015411893071467543,-0.00832279422704954,0.015673132982101105,-0.008061554316415979,-0.00026123991063356153,ok
men,gradient_boosting,2018-03-07,84,94,0.023734687298517083,0.015411893071467543,-0.00832279422704954,0.018561031130999356,-0.0051736561675177276,-0.0031491380595318127,ok
men,twfe,2018-03-21,84,94,0.021259325780602373,0.003663889302187172,-0.017595436478415202,0.021259325780602373,0.0,-0.017595436478415202,ok
men,linear_gap,2018-03-21,84,94,0.021259325780602373,0.003663889302187172,-0.017595436478415202,0.014334447975275222,-0.006924877805327152,-0.01067055867308805,ok
men,synthetic_control,2018-03-21,84,94,0.021259325780602373,0.003663889302187172,-0.017595436478415202,0.01942547942183677,-0.0018338463587656041,-0.015761590119649598,exact_mean_match
men,random_forest,2018-03-21,84,94,0.021259325780602373,0.003663889302187172,-0.017595436478415202,0.014630941668349662,-0.006628384112252712,-0.01096705236616249,ok
men,gradient_boosting,2018-03-21,84,94,0.021259325780602373,0.003663889302187172,-0.017595436478415202,0.017049774503424667,-0.004209551277177707,-0.013385885201237496,ok
men,twfe,2018-04-04,84,94,0.017773671364096893,0.019838317710658138,0.002064646346561245,0.017773671364096893,0.0,0.002064646346561245,ok
men,linear_gap,2018-04-04,84,94,0.017773671364096893,0.019838317710658138,0.002064646346561245,0.007323019067923076,-0.010450652296173816,0.01251529864273506,ok
men,synthetic_control,2018-04-04,84,94,0.017773671364096893,0.019838317710658138,0.002064646346561245,0.011381059682105031,-0.006392611681991862,0.008457258028553107,exact_mean_match
men,random_forest,2018-04-04,84,94,0.017773671364096893,0.019838317710658138,0.002064646346561245,0.008782029770027372,-0.008991641594069521,0.011056287940630766,ok
men,gradient_boosting,2018-04-04,84,94,0.017773671364096893,0.019838317710658138,0.002064646346561245,0.008011902981200235,-0.009761768382896658,0.011826414729457902,ok
men,twfe,2018-04-18,84,94,0.017698834853090168,0.01562267519714328,-0.002076159655946888,0.017698834853090168,0.0,-0.002076159655946888,ok
men,linear_gap,2018-04-18,84,94,0.017698834853090168,0.01562267519714328,-0.002076159655946888,0.008748619455731474,-0.008950215397358694,0.006874055741411806,ok
men,synthetic_control,2018-04-18,84,94,0.017698834853090168,0.01562267519714328,-0.002076159655946888,0.017578154557095813,-0.00012068029599435551,-0.0019554793599525326,exact_mean_match
men,random_forest,2018-04-18,84,94,0.017698834853090168,0.01562267519714328,-0.002076159655946888,0.013638931729505597,-0.0040599031235845715,0.0019837434676376834,ok
men,gradient_boosting,2018-04-18,84,94,0.017698834853090168,0.01562267519714328,-0.002076159655946888,0.016484948750506705,-0.0012138861025834634,-0.0008622735533634247,ok
men,twfe,2018-05-02,84,94,0.01532709311964631,0.013167683380449336,-0.0021594097391969738,0.01532709311964631,0.0,-0.0021594097391969738,ok
men,linear_gap,2018-05-02,84,94,0.01532709311964631,0.013167683380449336,-0.0021594097391969738,0.012539486501694496,-0.0027876066179518145,0.0006281968787548407,ok
men,synthetic_control,2018-05-02,84,94,0.01532709311964631,0.013167683380449336,-0.0021594097391969738,0.010314513907976764,-0.005012579211669546,0.0028531694724725724,exact_mean_match
men,random_forest,2018-05-02,84,94,0.01532709311964631,0.013167683380449336,-0.0021594097391969738,0.013573163588179024,-0.0017539295314672864,-0.00040548020772968735,ok
men,gradient_boosting,2018-05-02,84,94,0.01532709311964631,0.013167683380449336,-0.0021594097391969738,0.013772439361616585,-0.0015546537580297254,-0.0006047559811672484,ok
men,twfe,2018-05-16,84,94,0.013607772251389271,0.0004587610970589694,-0.013149011154330302,0.013607772251389271,0.0,-0.013149011154330302,ok
men,linear_gap,2018-05-16,84,94,0.013607772251389271,0.0004587610970589694,-0.013149011154330302,0.013327246040011988,-0.0002805262113772834,-0.012868484942953019,ok
men,synthetic_control,2018-05-16,84,94,0.013607772251389271,0.0004587610970589694,-0.013149011154330302,0.01478564408650783,0.0011778718351185581,-0.01432688298944886,exact_mean_match
men,random_forest,2018-05-16,84,94,0.013607772251389271,0.0004587610970589694,-0.013149011154330302,0.008972537870545614,-0.004635234380843657,-0.008513776773486645,ok
men,gradient_boosting,2018-05-16,84,94,0.013607772251389271,0.0004587610970589694,-0.013149011154330302,0.011348506871003774,-0.0022592653803854973,-0.010889745773944805,ok
men,twfe,2018-05-30,84,94,0.01129551594977127,0.013886822397460695,0.0025913064476894253,0.01129551594977127,0.0,0.0025913064476894253,ok
men,linear_gap,2018-05-30,84,94,0.01129551594977127,0.013886822397460695,0.0025913064476894253,0.006140391416020036,-0.005155124533751233,0.007746430981440658,ok
men,synthetic_control,2018-05-30,84,94,0.01129551594977127,0.013886822397460695,0.0025913064476894253,0.009483288637818114,-0.0018122273119531556,0.004403533759642581,exact_mean_match
men,random_forest,2018-05-30,84,94,0.01129551594977127,0.013886822397460695,0.0025913064476894253,0.0019507604321059877,-0.009344755517665282,0.011936061965354707,ok
men,gradient_boosting,2018-05-30,84,94,0.01129551594977127,0.013886822397460695,0.0025913064476894253,0.002459195101313572,-0.008836320848457698,0.011427627296147123,ok
men,twfe,2018-06-13,84,94,0.011456702281170364,0.0200738977334722,0.008617195452301836,0.011456702281170364,0.0,0.008617195452301836,ok
men,linear_gap,2018-06-13,84,94,0.011456702281170364,0.0200738977334722,0.008617195452301836,0.010741794823404687,-0.0007149074577656768,0.009332102910067513,ok
men,synthetic_control,2018-06-13,84,94,0.011456702281170364,0.0200738977334722,0.008617195452301836,0.008399718956057088,-0.003056983325113276,0.011674178777415112,exact_mean_match
men,random_forest,2018-06-13,84,94,0.011456702281170364,0.0200738977334722,0.008617195452301836,0.010009850296901423,-0.0014468519842689414,0.010064047436570777,ok
men,gradient_boosting,2018-06-13,84,94,0.011456702281170364,0.0200738977334722,0.008617195452301836,0.011539147224999253,8.244494382888927e-05,0.008534750508472947,ok
men,twfe,2018-06-27,84,94,0.013779512449725214,0.023929970738481375,0.01015045828875616,0.013779512449725214,0.0,0.01015045828875616,ok
men,linear_gap,2018-06-27,84,94,0.013779512449725214,0.023929970738481375,0.01015045828875616,0.013580537814282782,-0.00019897463544243238,0.010349432924198593,ok
men,synthetic_control,2018-06-27,84,94,0.013779512449725214,0.023929970738481375,0.01015045828875616,0.015896647693837515,0.0021171352441123007,0.00803332304464386,exact_mean_match
men,random_forest,2018-06-27,84,94,0.013779512449725214,0.023929970738481375,0.01015045828875616,0.018160098901537504,0.0043805864518122895,0.005769871836943871,ok
men,gradient_boosting,2018-06-27,84,94,0.013779512449725214,0.023929970738481375,0.01015045828875616,0.02077219885924763,0.006992686409522416,0.003157771879233745,ok
men,twfe,2018-07-11,84,94,0.0145393908691781,0.015511084660020828,0.0009716937908427273,0.0145393908691781,0.0,0.0009716937908427273,ok
men,linear_gap,2018-07-11,84,94,0.0145393908691781,0.015511084660020828,0.0009716937908427273,0.02400161564534424,0.00946222477616614,-0.008490530985323413,ok
men,synthetic_control,2018-07-11,84,94,0.0145393908691781,0.015511084660020828,0.0009716937908427273,0.01223039907804628,-0.0023089917911318196,0.003280685581974547,exact_mean_match
men,random_forest,2018-07-11,84,94,0.0145393908691781,0.015511084660020828,0.0009716937908427273,0.02066392339420129,0.00612453252502319,-0.005152838734180463,ok
men,gradient_boosting,2018-07-11,84,94,0.0145393908691781,0.015511084660020828,0.0009716937908427273,0.023611510639620734,0.009072119770442633,-0.008100425979599906,ok
men,twfe,2018-07-25,84,94,0.014738954898529368,0.014680355105887017,-5.859979264235052e-05,0.014738954898529368,0.0,-5.859979264235052e-05,ok
men,linear_gap,2018-07-25,84,94,0.014738954898529368,0.014680355105887017,-5.859979264235052e-05,0.023761754000929704,0.009022799102400336,-0.009081398895042687,ok
men,synthetic_control,2018-07-25,84,94,0.014738954898529368,0.014680355105887017,-5.859979264235052e-05,0.00863668894270462,-0.006102265955824748,0.006043666163182398,exact_mean_match
men,random_forest,2018-07-25,84,94,0.014738954898529368,0.014680355105887017,-5.859979264235052e-05,0.01431631795210109,-0.0004226369464282783,0.0003640371537859278,ok
men,gradient_boosting,2018-07-25,84,94,0.014738954898529368,0.014680355105887017,-5.859979264235052e-05,0.016881150786010466,0.0021421958874810985,-0.002200795680123449,ok
men,twfe,2018-08-08,84,94,0.014981693838076814,0.004513217279174725,-0.010468476558902089,0.014981693838076814,0.0,-0.010468476558902089,ok
men,linear_gap,2018-08-08,84,94,0.014981693838076814,0.004513217279174725,-0.010468476558902089,0.021534124755371583,0.006552430917294769,-0.017020907476196858,ok
men,synthetic_control,2018-08-08,84,94,0.014981693838076814,0.004513217279174725,-0.010468476558902089,0.011865503590974595,-0.0031161902471022185,-0.00735228631179987,exact_mean_match
men,random_forest,2018-08-08,84,94,0.014981693838076814,0.004513217279174725,-0.010468476558902089,0.008945077254899642,-0.006036616583177171,-0.004431859975724917,ok
men,gradient_boosting,2018-08-08,84,94,0.014981693838076814,0.004513217279174725,-0.010468476558902089,0.011205951359305542,-0.0037757424787712712,-0.0066927340801308174,ok
men,twfe,2018-08-22,84,94,0.01577227441589143,0.0232480285671775,0.007475754151286068,0.01577227441589143,0.0,0.007475754151286068,ok
men,linear_gap,2018-08-22,84,94,0.01577227441589143,0.0232480285671775,0.007475754151286068,0.009365010908679998,-0.006407263507211434,0.013883017658497502,ok
men,synthetic_control,2018-08-22,84,94,0.01577227441589143,0.0232480285671775,0.007475754151286068,0.028888545950758453,0.013116271534867021,-0.005640517383580953,exact_mean_match
men,random_forest,2018-08-22,84,94,0.01577227441589143,0.0232480285671775,0.007475754151286068,0.007619308958839107,-0.008152965457052325,0.015628719608338393,ok
men,gradient_boosting,2018-08-22,84,94,0.01577227441589143,0.0232480285671775,0.007475754151286068,0.006489955614278788,-0.009282318801612644,0.01675807295289871,ok
men,twfe,2018-09-05,84,94,0.01729395013969482,0.024859891881168474,0.007565941741473653,0.01729395013969482,0.0,0.007565941741473653,ok
men,linear_gap,2018-09-05,84,94,0.01729395013969482,0.024859891881168474,0.007565941741473653,0.013985086026076936,-0.003308864113617884,0.010874805855091537,ok
men,synthetic_control,2018-09-05,84,94,0.01729395013969482,0.024859891881168474,0.007565941741473653,0.01350053255281242,-0.0037934175868824006,0.011359359328356054,exact_mean_match
men,random_forest,2018-09-05,84,94,0.01729395013969482,0.024859891881168474,0.007565941741473653,0.015213082293029324,-0.0020808678466654965,0.00964680958813915,ok
men,gradient_boosting,2018-09-05,84,94,0.01729395013969482,0.024859891881168474,0.007565941741473653,0.02173412624553206,0.004440176105837239,0.003125765635636414,ok
men,twfe,2018-09-19,84,94,0.017907993306929475,0.019367157665030003,0.0014591643581005273,0.017907993306929475,0.0,0.0014591643581005273,ok
men,linear_gap,2018-09-19,84,94,0.017907993306929475,0.019367157665030003,0.0014591643581005273,0.01935770568600503,0.0014497123790755545,9.4519790249728e-06,ok
men,synthetic_control,2018-09-19,84,94,0.017907993306929475,0.019367157665030003,0.0014591643581005273,0.011008022001409164,-0.006899971305520312,0.008359135663620839,exact_mean_match
men,random_forest,2018-09-19,84,94,0.017907993306929475,0.019367157665030003,0.0014591643581005273,0.017743907202431825,-0.0001640861044976509,0.0016232504625981782,ok
men,gradient_boosting,2018-09-19,84,94,0.017907993306929475,0.019367157665030003,0.0014591643581005273,0.020344966601889933,0.0024369732949604574,-0.00097780893685993,ok
men,twfe,2018-10-03,84,94,0.017066562279328238,0.023334821207161627,0.006268258927833389,0.017066562279328238,0.0,0.006268258927833389,ok
men,linear_gap,2018-10-03,84,94,0.017066562279328238,0.023334821207161627,0.006268258927833389,0.022647940926470895,0.005581378647142657,0.0006868802806907319,ok
men,synthetic_control,2018-10-03,84,94,0.017066562279328238,0.023334821207161627,0.006268258927833389,0.018885166272822024,0.0018186039934937857,0.004449654934339603,exact_mean_match
men,random_forest,2018-10-03,84,94,0.017066562279328238,0.023334821207161627,0.006268258927833389,0.018430345532963008,0.0013637832536347698,0.004904475674198619,ok
men,gradient_boosting,2018-10-03,84,94,0.017066562279328238,0.023334821207161627,0.006268258927833389,0.017737978611100262,0.0006714163317720241,0.005596842596061365,ok
men,twfe,2018-10-17,84,94,0.01822364987258604,0.026205177800922477,0.007981527928336438,0.01822364987258604,0.0,0.007981527928336438,ok
men,linear_gap,2018-10-17,84,94,0.01822364987258604,0.026205177800922477,0.007981527928336438,0.025749935519687035,0.007526285647100995,0.0004552422812354427,ok
men,synthetic_control,2018-10-17,84,94,0.01822364987258604,0.026205177800922477,0.007981527928336438,0.015415414738141377,-0.002808235134444663,0.0107897630627811,exact_mean_match
men,random_forest,2018-10-17,84,94,0.01822364987258604,0.026205177800922477,0.007981527928336438,0.02203780110005489,0.003814151227468851,0.004167376700867587,ok
men,gradient_boosting,2018-10-17,84,94,0.01822364987258604,0.026205177800922477,0.007981527928336438,0.02244212274917679,0.004218472876590749,0.003763055051745689,ok
men,twfe,2018-10-31,84,94,0.020297005004451814,0.002888955016614588,-0.017408049987837227,0.020297005004451814,0.0,-0.017408049987837227,ok
men,linear_gap,2018-10-31,84,94,0.020297005004451814,0.002888955016614588,-0.017408049987837227,0.028309517401542382,0.008012512397090568,-0.025420562384927795,ok
men,synthetic_control,2018-10-31,84,94,0.020297005004451814,0.002888955016614588,-0.017408049987837227,0.020718498287455724,0.00042149328300391045,-0.017829543270841137,exact_mean_match
men,random_forest,2018-10-31,84,94,0.020297005004451814,0.002888955016614588,-0.017408049987837227,0.023149420972525966,0.0028524159680741526,-0.02026046595591138,ok
men,gradient_boosting,2018-10-31,84,94,0.020297005004451814,0.002888955016614588,-0.017408049987837227,0.023878202193763357,0.0035811971893115434,-0.02098924717714877,ok
men,twfe,2018-11-14,84,94,0.020135818673052714,0.014333184545950502,-0.005802634127102212,0.020135818673052714,0.0,-0.005802634127102212,ok
men,linear_gap,2018-11-14,84,94,0.020135818673052714,0.014333184545950502,-0.005802634127102212,0.010815678601350371,-0.009320140071702343,0.0035175059446001314,ok
men,synthetic_control,2018-11-14,84,94,0.020135818673052714,0.014333184545950502,-0.005802634127102212,0.01166765819925187,-0.008468160473800845,0.002665526346698633,exact_mean_match
men,random_forest,2018-11-14,84,94,0.020135818673052714,0.014333184545950502,-0.005802634127102212,0.004737562130012588,-0.015398256543040126,0.009595622415937914,ok
men,gradient_boosting,2018-11-14,84,94,0.020135818673052714,0.014333184545950502,-0.005802634127102212,0.007759362033221616,-0.012376456639831099,0.006573822512728887,ok
men,twfe,2018-11-28,84,94,0.018122908415461606,0.024487923424093633,0.006365015008632027,0.018122908415461606,0.0,0.006365015008632027,ok
men,linear_gap,2018-11-28,84,94,0.018122908415461606,0.024487923424093633,0.006365015008632027,0.008836958351539501,-0.009285950063922105,0.015650965072554132,ok
men,synthetic_control,2018-11-28,84,94,0.018122908415461606,0.024487923424093633,0.006365015008632027,0.011133048184013668,-0.006989860231447938,0.013354875240079965,exact_mean_match
men,random_forest,2018-11-28,84,94,0.018122908415461606,0.024487923424093633,0.006365015008632027,0.009470841936117346,-0.00865206647934426,0.015017081487976288,ok
men,gradient_boosting,2018-11-28,84,94,0.018122908415461606,0.024487923424093633,0.006365015008632027,0.01109500221963545,-0.007027906195826156,0.013392921204458183,ok
men,twfe,2018-12-12,84,94,0.018200623253814736,0.016205425779893864,-0.001995197473920872,0.018200623253814736,0.0,-0.001995197473920872,ok
men,linear_gap,2018-12-12,84,94,0.018200623253814736,0.016205425779893864,-0.001995197473920872,0.016143617867691654,-0.002057005386123082,6.180791220221013e-05,ok
men,synthetic_control,2018-12-12,84,94,0.018200623253814736,0.016205425779893864,-0.001995197473920872,0.014666002866105761,-0.0035346203877089748,0.0015394229137881028,exact_mean_match
men,random_forest,2018-12-12,84,94,0.018200623253814736,0.016205425779893864,-0.001995197473920872,0.017906995568398237,-0.00029362768541649903,-0.001701569788504373,ok
men,gradient_boosting,2018-12-12,84,94,0.018200623253814736,0.016205425779893864,-0.001995197473920872,0.02129783053895815,0.0030972072851434135,-0.005092404759064285,ok
men,twfe,2018-12-26,84,94,0.017683483773909308,0.010117542032435648,-0.00756594174147366,0.017683483773909308,0.0,-0.00756594174147366,ok
men,linear_gap,2018-12-26,84,94,0.017683483773909308,0.010117542032435648,-0.00756594174147366,0.014850477309560765,-0.002833006464348543,-0.004732935277125117,ok
men,synthetic_control,2018-12-26,84,94,0.017683483773909308,0.010117542032435648,-0.00756594174147366,0.013114024425604498,-0.00456945934830481,-0.00299648239316885,exact_mean_match
men,random_forest,2018-12-26,84,94,0.017683483773909308,0.010117542032435648,-0.00756594174147366,0.013636682859093216,-0.004046800914816092,-0.0035191408266575675,ok
men,gradient_boosting,2018-12-26,84,94,0.017683483773909308,0.010117542032435648,-0.00756594174147366,0.017466403416908992,-0.00021708035700031617,-0.007348861384473344,ok
men,twfe,2019-01-09,84,94,0.015511306069816707,0.006112681644596538,-0.00939862442522017,0.015511306069816707,0.0,-0.00939862442522017,ok
men,linear_gap,2019-01-09,84,94,0.015511306069816707,0.006112681644596538,-0.00939862442522017,0.011301731423365094,-0.004209574646451613,-0.005189049778768556,ok
men,synthetic_control,2019-01-09,84,94,0.015511306069816707,0.006112681644596538,-0.00939862442522017,0.004087063190947647,-0.01142424287886906,0.002025618453648891,exact_mean_match
men,random_forest,2019-01-09,84,94,0.015511306069816707,0.006112681644596538,-0.00939862442522017,0.009747980684376722,-0.005763325385439985,-0.003635299039780184,ok
men,gradient_boosting,2019-01-09,84,94,0.015511306069816707,0.006112681644596538,-0.00939862442522017,0.009735005584459678,-0.005776300485357029,-0.0036223239398631406,ok
men,twfe,2019-01-23,84,94,0.012202189063891191,0.0048913852105341455,-0.007310803853357046,0.012202189063891191,0.0,-0.007310803853357046,ok
men,linear_gap,2019-01-23,84,94,0.012202189063891191,0.0048913852105341455,-0.007310803853357046,0.010207398282089537,-0.0019947907818016544,-0.0053160130715553915,ok
men,synthetic_control,2019-01-23,84,94,0.012202189063891191,0.0048913852105341455,-0.007310803853357046,0.006818279049332547,-0.005383910014558645,-0.0019268938387984012,exact_mean_match
men,random_forest,2019-01-23,84,94,0.012202189063891191,0.0048913852105341455,-0.007310803853357046,0.004136633308718127,-0.008065555755173065,0.0007547519018160191,ok
men,gradient_boosting,2019-01-23,84,94,0.012202189063891191,0.0048913852105341455,-0.007310803853357046,0.005303389044851162,-0.006898800019040029,-0.0004120038343170167,ok
men,twfe,2019-02-06,84,94,0.012348983758558226,0.008053117095670286,-0.00429586666288794,0.012348983758558226,0.0,-0.00429586666288794,ok
men,linear_gap,2019-02-06,84,94,0.012348983758558226,0.008053117095670286,-0.00429586666288794,0.0029643871148111556,-0.00938459664374707,0.00508872998085913,ok
men,synthetic_control,2019-02-06,84,94,0.012348983758558226,0.008053117095670286,-0.00429586666288794,0.009700139284320241,-0.002648844474237985,-0.0016470221886499548,exact_mean_match
men,random_forest,2019-02-06,84,94,0.012348983758558226,0.008053117095670286,-0.00429586666288794,0.004185657788582314,-0.008163325969975911,0.0038674593070879715,ok
men,gradient_boosting,2019-02-06,84,94,0.012348983758558226,0.008053117095670286,-0.00429586666288794,0.006394994297943478,-0.0059539894606147475,0.001658122797726808,ok
men,twfe,2019-02-20,84,94,0.011684090141536948,0.0024363933938402016,-0.009247696747696746,0.011684090141536948,0.0,-0.009247696747696746,ok
men,linear_gap,2019-02-20,84,94,0.011684090141536948,0.0024363933938402016,-0.009247696747696746,0.00029377312333716377,-0.011390317018199784,0.002142620270503038,ok
men,synthetic_control,2019-02-20,84,94,0.011684090141536948,0.0024363933938402016,-0.009247696747696746,0.009782833223061714,-0.0019012569184752338,-0.007346439829221512,exact_mean_match
men,random_forest,2019-02-20,84,94,0.011684090141536948,0.0024363933938402016,-0.009247696747696746,0.00657069670761221,-0.005113393433924738,-0.004134303313772008,ok
men,gradient_boosting,2019-02-20,84,94,0.011684090141536948,0.0024363933938402016,-0.009247696747696746,0.007878700835417132,-0.0038053893061198163,-0.00544230744157693,ok
men,twfe,2019-03-06,84,94,0.00831644714623438,0.01867901601944155,0.010362568873207169,0.00831644714623438,0.0,0.010362568873207169,ok
men,linear_gap,2019-03-06,84,94,0.00831644714623438,0.01867901601944155,0.010362568873207169,0.0018601405950758648,-0.006456306551158515,0.016818875424365685,ok
men,synthetic_control,2019-03-06,84,94,0.00831644714623438,0.01867901601944155,0.010362568873207169,0.005772814327589349,-0.0025436328186450308,0.0129062016918522,exact_mean_match
men,random_forest,2019-03-06,84,94,0.00831644714623438,0.01867901601944155,0.010362568873207169,0.003498768333491914,-0.004817678812742466,0.015180247685949635,ok
men,gradient_boosting,2019-03-06,84,94,0.00831644714623438,0.01867901601944155,0.010362568873207169,0.0052015234618736795,-0.0031149236843607004,0.01347749255756787,ok
men,twfe,2019-03-20,84,94,0.00874435847840103,0.015349898328621731,0.006605539850220702,0.00874435847840103,0.0,0.006605539850220702,ok
men,linear_gap,2019-03-20,84,94,0.00874435847840103,0.015349898328621731,0.006605539850220702,0.01193972297602709,0.003195364497626061,0.0034101753525946406,ok
men,synthetic_control,2019-03-20,84,94,0.00874435847840103,0.015349898328621731,0.006605539850220702,0.00871858828509934,-2.577019330169024e-05,0.006631310043522392,exact_mean_match
men,random_forest,2019-03-20,84,94,0.00874435847840103,0.015349898328621731,0.006605539850220702,0.011850179224646607,0.003105820746245578,0.0034997191039751237,ok
men,gradient_boosting,2019-03-20,84,94,0.00874435847840103,0.015349898328621731,0.006605539850220702,0.016199250219421167,0.0074548917410201376,-0.0008493518907994359,ok
men,twfe,2019-04-03,84,94,0.009652950477418562,0.01962133611069781,0.00996838563327925,0.009652950477418562,0.0,0.00996838563327925,ok
men,linear_gap,2019-04-03,84,94,0.009652950477418562,0.01962133611069781,0.00996838563327925,0.015911123131030873,0.006258172653612311,0.0037102129796669388,ok
men,synthetic_control,2019-04-03,84,94,0.009652950477418562,0.01962133611069781,0.00996838563327925,0.009374270149517276,-0.0002786803279012859,0.010247065961180536,exact_mean_match
men,random_forest,2019-04-03,84,94,0.009652950477418562,0.01962133611069781,0.00996838563327925,0.011103414421633206,0.0014504639442146448,0.008517921689064605,ok
men,gradient_boosting,2019-04-03,84,94,0.009652950477418562,0.01962133611069781,0.00996838563327925,0.013291816717726189,0.0036388662403076272,0.006329519392971623,ok
men,twfe,2019-04-17,84,94,0.012123514783089252,0.017693299608193228,0.005569784825103976,0.012123514783089252,0.0,0.005569784825103976,ok
men,linear_gap,2019-04-17,84,94,0.012123514783089252,0.017693299608193228,0.005569784825103976,0.02078759904976241,0.008664084266673158,-0.0030942994415691823,ok
men,synthetic_control,2019-04-17,84,94,0.012123514783089252,0.017693299608193228,0.005569784825103976,0.007383949883183789,-0.004739564899905463,0.010309349725009439,exact_mean_match
men,random_forest,2019-04-17,84,94,0.012123514783089252,0.017693299608193228,0.005569784825103976,0.01586760221315009,0.0037440874300608377,0.0018256973950431382,ok
men,gradient_boosting,2019-04-17,84,94,0.012123514783089252,0.017693299608193228,0.005569784825103976,0.018035474580748445,0.0059119597976591935,-0.00034217497255521756,ok
men,twfe,2019-05-01,84,94,0.013978117036627671,0.017680900659624063,0.0037027836229963917,0.013978117036627671,0.0,0.0037027836229963917,ok
men,linear_gap,2019-05-01,84,94,0.013978117036627671,0.017680900659624063,0.0037027836229963917,0.020855072781869377,0.006876955745241706,-0.003174172122245314,ok
men,synthetic_control,2019-05-01,84,94,0.013978117036627671,0.017680900659624063,0.0037027836229963917,0.005222143066631244,-0.008755973969996427,0.012458757592992819,exact_mean_match
men,random_forest,2019-05-01,84,94,0.013978117036627671,0.017680900659624063,0.0037027836229963917,0.013673889093832435,-0.00030422794279523664,0.004007011565791628,ok
men,gradient_boosting,2019-05-01,84,94,0.013978117036627671,0.017680900659624063,0.0037027836229963917,0.01632207064235714,0.0023439536057294694,0.0013588300172669224,ok
men,twfe,2019-05-15,84,94,0.015259932148230015,0.013074691266180626,-0.00218524088204939,0.015259932148230015,0.0,-0.00218524088204939,ok
men,linear_gap,2019-05-15,84,94,0.015259932148230015,0.013074691266180626,-0.00218524088204939,0.019054182273941223,0.003794250125711208,-0.005979491007760598,ok
men,synthetic_control,2019-05-15,84,94,0.015259932148230015,0.013074691266180626,-0.00218524088204939,0.015251144558774377,-8.787589455638498e-06,-0.0021764532925937514,exact_mean_match
men,random_forest,2019-05-15,84,94,0.015259932148230015,0.013074691266180626,-0.00218524088204939,0.010134143699693636,-0.005125788448536379,0.002940547566486989,ok
men,gradient_boosting,2019-05-15,84,94,0.015259932148230015,0.013074691266180626,-0.00218524088204939,0.011555816447420318,-0.0037041157008096976,0.0015188748187603077,ok
men,twfe,2019-05-29,84,94,0.01695142918547174,0.007749342855725834,-0.009202086329745906,0.01695142918547174,0.0,-0.009202086329745906,ok
men,linear_gap,2019-05-29,84,94,0.01695142918547174,0.007749342855725834,-0.009202086329745906,0.013107015031951778,-0.0038444141535199615,-0.005357672176225944,ok
men,synthetic_control,2019-05-29,84,94,0.01695142918547174,0.007749342855725834,-0.009202086329745906,0.016845161547289732,-0.0001062676381820074,-0.009095818691563898,exact_mean_match
men,random_forest,2019-05-29,84,94,0.01695142918547174,0.007749342855725834,-0.009202086329745906,0.011166343536865167,-0.005785085648606572,-0.003417000681139334,ok
men,gradient_boosting,2019-05-29,84,94,0.01695142918547174,0.007749342855725834,-0.009202086329745906,0.012891352473339503,-0.004060076712132236,-0.00514200961761367,ok
men,twfe,2019-06-12,84,94,0.014916451751558132,0.0046000099191588545,-0.010316441832399277,0.014916451751558132,0.0,-0.010316441832399277,ok
men,linear_gap,2019-06-12,84,94,0.014916451751558132,0.0046000099191588545,-0.010316441832399277,0.006950460184725899,-0.007965991566832233,-0.0023504502655670445,ok
men,synthetic_control,2019-06-12,84,94,0.014916451751558132,0.0046000099191588545,-0.010316441832399277,0.012757905467057762,-0.00215854628450037,-0.008157895547898907,exact_mean_match
men,random_forest,2019-06-12,84,94,0.014916451751558132,0.0046000099191588545,-0.010316441832399277,0.006457107268617304,-0.008459344482940829,-0.0018570973494584486,ok
men,gradient_boosting,2019-06-12,84,94,0.014916451751558132,0.0046000099191588545,-0.010316441832399277,0.00790721991419045,-0.007009231837367682,-0.0033072099950315955,ok
men,twfe,2019-06-26,84,94,0.013325696171440849,0.01300649704905024,-0.000319199122390609,0.013325696171440849,0.0,-0.000319199122390609,ok
men,linear_gap,2019-06-26,84,94,0.013325696171440849,0.01300649704905024,-0.000319199122390609,0.0006639032081674447,-0.012661792963273404,0.012342593840882795,ok
men,synthetic_control,2019-06-26,84,94,0.013325696171440849,0.01300649704905024,-0.000319199122390609,0.007784176230164053,-0.005541519941276796,0.005222320818886187,exact_mean_match
men,random_forest,2019-06-26,84,94,0.013325696171440849,0.01300649704905024,-0.000319199122390609,0.003932285032564605,-0.009393411138876245,0.009074212016485636,ok
men,gradient_boosting,2019-06-26,84,94,0.013325696171440849,0.01300649704905024,-0.000319199122390609,0.003971172190209852,-0.009354523981230998,0.009035324858840389,ok
men,twfe,2019-07-10,84,94,0.011750291670504434,0.004544214650597628,-0.007206077019906806,0.011750291670504434,0.0,-0.007206077019906806,ok
men,linear_gap,2019-07-10,84,94,0.011750291670504434,0.004544214650597628,-0.007206077019906806,0.0031767268506592956,-0.008573564819845138,0.0013674877999383323,ok
men,synthetic_control,2019-07-10,84,94,0.011750291670504434,0.004544214650597628,-0.007206077019906806,0.013575410565759278,0.001825118895254843,-0.00903119591516165,exact_mean_match
men,random_forest,2019-07-10,84,94,0.011750291670504434,0.004544214650597628,-0.007206077019906806,0.007130487389773367,-0.004619804280731068,-0.0025862727391757385,ok
men,gradient_boosting,2019-07-10,84,94,0.011750291670504434,0.004544214650597628,-0.007206077019906806,0.009544570151929463,-0.002205721518574972,-0.005000355501331834,ok
men,twfe,2019-07-24,84,94,0.009580032851309447,0.01756931012250161,0.007989277271192164,0.009580032851309447,0.0,0.007989277271192164,ok
men,linear_gap,2019-07-24,84,94,0.009580032851309447,0.01756931012250161,0.007989277271192164,0.0019167069271220421,-0.007663325924187405,0.015652603195379568,ok
men,synthetic_control,2019-07-24,84,94,0.009580032851309447,0.01756931012250161,0.007989277271192164,0.007246767852067149,-0.002333264999242298,0.010322542270434462,exact_mean_match
men,random_forest,2019-07-24,84,94,0.009580032851309447,0.01756931012250161,0.007989277271192164,0.004117962066849906,-0.005462070784459541,0.013451348055651704,ok
men,gradient_boosting,2019-07-24,84,94,0.009580032851309447,0.01756931012250161,0.007989277271192164,0.004604707356788867,-0.00497532549452058,0.012964602765712744,ok
men,twfe,2019-08-07,84,94,0.009635680513340086,0.011382234786490104,0.0017465542731500174,0.009635680513340086,0.0,0.0017465542731500174,ok
men,linear_gap,2019-08-07,84,94,0.009635680513340086,0.011382234786490104,0.0017465542731500174,0.010299583205400784,0.0006639026920606979,0.0010826515810893195,ok
men,synthetic_control,2019-08-07,84,94,0.009635680513340086,0.011382234786490104,0.0017465542731500174,0.008867310979558474,-0.0007683695337816123,0.0025149238069316297,exact_mean_match
men,random_forest,2019-08-07,84,94,0.009635680513340086,0.011382234786490104,0.0017465542731500174,0.012312095983149668,0.0026764154698095816,-0.0009298611966595642,ok
men,gradient_boosting,2019-08-07,84,94,0.009635680513340086,0.011382234786490104,0.0017465542731500174,0.01493023632998719,0.0052945558166471035,-0.003548001543497086,ok
men,twfe,2019-08-21,84,94,0.009075366123238462,0.009038833506918614,-3.6532616319848166e-05,0.009075366123238462,0.0,-3.6532616319848166e-05,ok
men,linear_gap,2019-08-21,84,94,0.009075366123238462,0.009038833506918614,-3.6532616319848166e-05,0.013373498494760204,0.004298132371521742,-0.00433466498784159,ok
men,synthetic_control,2019-08-21,84,94,0.009075366123238462,0.009038833506918614,-3.6532616319848166e-05,0.007761305891103798,-0.0013140602321346645,0.0012775276158148163,exact_mean_match
men,random_forest,2019-08-21,84,94,0.009075366123238462,0.009038833506918614,-3.6532616319848166e-05,0.009335669405139491,0.0002603032819010285,-0.00029683589822087665,ok
men,gradient_boosting,2019-08-21,84,94,0.009075366123238462,0.009038833506918614,-3.6532616319848166e-05,0.012487848322425308,0.0034124821991868455,-0.0034490148155066937,ok
men,twfe,2019-09-04,84,94,0.00953685794111326,0.015529683082874569,0.0059928251417613095,0.00953685794111326,0.0,0.0059928251417613095,ok
men,linear_gap,2019-09-04,84,94,0.00953685794111326,0.015529683082874569,0.0059928251417613095,0.011983965711089643,0.0024471077699763834,0.003545717371784926,ok
men,synthetic_control,2019-09-04,84,94,0.00953685794111326,0.015529683082874569,0.0059928251417613095,0.0065449819751708955,-0.002991875965942364,0.008984701107703674,exact_mean_match
men,random_forest,2019-09-04,84,94,0.00953685794111326,0.015529683082874569,0.0059928251417613095,0.008880301314276988,-0.0006565566268362712,0.006649381768597581,ok
men,gradient_boosting,2019-09-04,84,94,0.00953685794111326,0.015529683082874569,0.0059928251417613095,0.009468153734719837,-6.870420639342248e-05,0.006061529348154732,ok
men,twfe,2019-09-18,84,94,0.011453823953823952,0.006583841690224668,-0.004869982263599284,0.011453823953823952,0.0,-0.004869982263599284,ok
men,linear_gap,2019-09-18,84,94,0.011453823953823952,0.006583841690224668,-0.004869982263599284,0.014478238412548769,0.0030244144587248164,-0.007894396722324101,ok
men,synthetic_control,2019-09-18,84,94,0.011453823953823952,0.006583841690224668,-0.004869982263599284,0.007701841703850167,-0.0037519822499737857,-0.0011180000136254984,exact_mean_match
men,random_forest,2019-09-18,84,94,0.011453823953823952,0.006583841690224668,-0.004869982263599284,0.013505675308583086,0.002051851354759134,-0.006921833618358418,ok
men,gradient_boosting,2019-09-18,84,94,0.011453823953823952,0.006583841690224668,-0.004869982263599284,0.014451178740896077,0.002997354787072125,-0.00786733705067141,ok
men,twfe,2019-10-02,84,94,0.010586487980105,0.004364429896344788,-0.006222058083760211,0.010586487980105,0.0,-0.006222058083760211,ok
men,linear_gap,2019-10-02,84,94,0.010586487980105,0.004364429896344788,-0.006222058083760211,0.011063466613235982,0.00047697863313098283,-0.006699036716891194,ok
men,synthetic_control,2019-10-02,84,94,0.010586487980105,0.004364429896344788,-0.006222058083760211,0.011215521679076993,0.0006290336989719942,-0.0068510917827322056,exact_mean_match
men,random_forest,2019-10-02,84,94,0.010586487980105,0.004364429896344788,-0.006222058083760211,0.005526180372421496,-0.005060307607683503,-0.001161750476076708,ok
men,gradient_boosting,2019-10-02,84,94,0.010586487980105,0.004364429896344788,-0.006222058083760211,0.005951764306788716,-0.004634723673316283,-0.0015873344104439281,ok
men,twfe,2019-10-16,84,94,0.011073884744097508,0.012950701780489012,0.0018768170363915038,0.011073884744097508,0.0,0.0018768170363915038,ok
men,linear_gap,2019-10-16,84,94,0.011073884744097508,0.012950701780489012,0.0018768170363915038,0.005762663207611864,-0.005311221536485645,0.007188038572877148,ok
men,synthetic_control,2019-10-16,84,94,0.011073884744097508,0.012950701780489012,0.0018768170363915038,0.007698690443676808,-0.0033751943004207002,0.005252011336812204,exact_mean_match
men,random_forest,2019-10-16,84,94,0.011073884744097508,0.012950701780489012,0.0018768170363915038,0.0061671304387924996,-0.004906754305305009,0.006783571341696513,ok
men,gradient_boosting,2019-10-16,84,94,0.011073884744097508,0.012950701780489012,0.0018768170363915038,0.005239761028034416,-0.005834123716063093,0.007710940752454596,ok
men,twfe,2019-10-30,84,94,0.01062102790826195,0.011202450032237264,0.0005814221239753142,0.01062102790826195,0.0,0.0005814221239753142,ok
men,linear_gap,2019-10-30,84,94,0.01062102790826195,0.011202450032237264,0.0005814221239753142,0.010336858499334313,-0.0002841694089276373,0.0008655915329029516,ok
men,synthetic_control,2019-10-30,84,94,0.01062102790826195,0.011202450032237264,0.0005814221239753142,0.011885653113132565,0.0012646252048706154,-0.0006832030808953012,exact_mean_match
men,random_forest,2019-10-30,84,94,0.01062102790826195,0.011202450032237264,0.0005814221239753142,0.01117585689368509,0.0005548289854231409,2.659313855217331e-05,ok
men,gradient_boosting,2019-10-30,84,94,0.01062102790826195,0.011202450032237264,0.0005814221239753142,0.01352062856384187,0.0028996006555799207,-0.0023181785316046064,ok
men,twfe,2019-11-13,84,94,0.010638297872340424,0.015294103060060503,0.00465580518772008,0.010638297872340424,0.0,0.00465580518772008,ok
men,linear_gap,2019-11-13,84,94,0.010638297872340424,0.015294103060060503,0.00465580518772008,0.010902850063689221,0.0002645521913487974,0.004391252996371282,ok
men,synthetic_control,2019-11-13,84,94,0.010638297872340424,0.015294103060060503,0.00465580518772008,0.012004721991194761,0.0013664241188543376,0.003289381068865742,exact_mean_match
men,random_forest,2019-11-13,84,94,0.010638297872340424,0.015294103060060503,0.00465580518772008,0.008880255224701998,-0.0017580426476384251,0.006413847835358505,ok
men,gradient_boosting,2019-11-13,84,94,0.010638297872340424,0.015294103060060503,0.00465580518772008,0.011435660700246406,0.0007973628279059827,0.003858442359814097,ok
men,twfe,2019-11-27,84,94,0.011932585735777223,0.005945295838912858,-0.005987289896864365,0.011932585735777223,0.0,-0.005987289896864365,ok
men,linear_gap,2019-11-27,84,94,0.011932585735777223,0.005945295838912858,-0.005987289896864365,0.014039755149709022,0.0021071694139317993,-0.008094459310796165,ok
men,synthetic_control,2019-11-27,84,94,0.011932585735777223,0.005945295838912858,-0.005987289896864365,0.01145996326763005,-0.00047262246814717274,-0.005514667428717192,exact_mean_match
men,random_forest,2019-11-27,84,94,0.011932585735777223,0.005945295838912858,-0.005987289896864365,0.014632841466855765,0.002700255731078542,-0.008687545627942907,ok
men,gradient_boosting,2019-11-27,84,94,0.011932585735777223,0.005945295838912858,-0.005987289896864365,0.01618220159736973,0.004249615861592507,-0.010236905758456871,ok
men,twfe,2019-12-11,84,94,0.010187359921402475,0.01425259138025095,0.004065231458848476,0.010187359921402475,0.0,0.004065231458848476,ok
men,linear_gap,2019-12-11,84,94,0.010187359921402475,0.01425259138025095,0.004065231458848476,0.012980851704627924,0.0027934917832254484,0.0012717396756230272,ok
men,synthetic_control,2019-12-11,84,94,0.010187359921402475,0.01425259138025095,0.004065231458848476,0.008241899236905163,-0.0019454606844973125,0.006010692143345788,exact_mean_match
men,random_forest,2019-12-11,84,94,0.010187359921402475,0.01425259138025095,0.004065231458848476,0.005156632582493801,-0.005030727338908674,0.00909595879775715,ok
men,gradient_boosting,2019-12-11,84,94,0.010187359921402475,0.01425259138025095,0.004065231458848476,0.00635762749408946,-0.0038297324273130155,0.007894963886161491,ok
men,twfe,2019-12-25,84,94,0.011500836633815356,0.012491940683430043,0.000991104049614687,0.011500836633815356,0.0,0.000991104049614687,ok
men,linear_gap,2019-12-25,84,94,0.011500836633815356,0.012491940683430043,0.000991104049614687,0.01326050105063644,0.001759664416821084,-0.000768560367206397,ok
men,synthetic_control,2019-12-25,84,94,0.011500836633815356,0.012491940683430043,0.000991104049614687,0.011075909585993662,-0.0004249270478216948,0.0014160310974363818,exact_mean_match
men,random_forest,2019-12-25,84,94,0.011500836633815356,0.012491940683430043,0.000991104049614687,0.009626802685320806,-0.001874033948494551,0.002865137998109238,ok
men,gradient_boosting,2019-12-25,84,94,0.011500836633815356,0.012491940683430043,0.000991104049614687,0.012266161232392587,0.0007653245985772307,0.00022577945103745625,ok
men,twfe,2020-01-08,84,94,0.012586925485861655,0.020979020979020983,0.008392095493159328,0.012586925485861655,0.0,0.008392095493159328,ok
men,linear_gap,2020-01-08,84,94,0.012586925485861655,0.020979020979020983,0.008392095493159328,0.012919577446805523,0.00033265196094386766,0.00805944353221546,ok
men,synthetic_control,2020-01-08,84,94,0.012586925485861655,0.020979020979020983,0.008392095493159328,0.02237038104420757,0.009783455558345915,-0.0013913600651865865,exact_mean_match
men,random_forest,2020-01-08,84,94,0.012586925485861655,0.020979020979020983,0.008392095493159328,0.013831765598920631,0.001244840113058976,0.007147255380100352,ok
men,gradient_boosting,2020-01-08,84,94,0.012586925485861655,0.020979020979020983,0.008392095493159328,0.020490351631490603,0.007903426145628948,0.0004886693475303801,ok
men,twfe,2020-01-22,84,94,0.014082696263547325,0.03060680454297475,0.016524108279427425,0.014082696263547325,0.0,0.016524108279427425,ok
men,linear_gap,2020-01-22,84,94,0.014082696263547325,0.03060680454297475,0.016524108279427425,0.020041285980134348,0.005958589716587023,0.010565518562840402,ok
men,synthetic_control,2020-01-22,84,94,0.014082696263547325,0.03060680454297475,0.016524108279427425,0.010344681171774435,-0.0037380150917728904,0.020262123371200313,exact_mean_match
men,random_forest,2020-01-22,84,94,0.014082696263547325,0.03060680454297475,0.016524108279427425,0.018408585872814465,0.00432588960926714,0.012198218670160285,ok
men,gradient_boosting,2020-01-22,84,94,0.014082696263547325,0.03060680454297475,0.016524108279427425,0.02304635011019092,0.008963653846643594,0.007560454432783831,ok
men,twfe,2020-02-05,84,94,0.01687755211691382,0.009658780935376678,-0.007218771181537142,0.01687755211691382,0.0,-0.007218771181537142,ok
men,linear_gap,2020-02-05,84,94,0.01687755211691382,0.009658780935376678,-0.007218771181537142,0.027735121554865627,0.010857569437951808,-0.01807634061948895,ok
men,synthetic_control,2020-02-05,84,94,0.01687755211691382,0.009658780935376678,-0.007218771181537142,0.024630186312686323,0.007752634195772504,-0.014971405377309645,exact_mean_match
men,random_forest,2020-02-05,84,94,0.01687755211691382,0.009658780935376678,-0.007218771181537142,0.021229363543818245,0.004351811426904426,-0.011570582608441567,ok
men,gradient_boosting,2020-02-05,84,94,0.01687755211691382,0.009658780935376678,-0.007218771181537142,0.023505346382911498,0.006627794265997678,-0.01384656544753482,ok
women,twfe,2014-03-26,84,94,0.00044134352644990935,0.0017606506968209095,0.0013193071703710001,0.00044134352644990935,0.0,0.0013193071703710001,ok
women,linear_gap,2014-03-26,84,94,0.00044134352644990935,0.0017606506968209095,0.0013193071703710001,0.000826401482925809,0.00038505795647589963,0.0009342492138951005,ok
women,synthetic_control,2014-03-26,84,94,0.00044134352644990935,0.0017606506968209095,0.0013193071703710001,0.00031221414324922965,-0.0001291293832006797,0.0014484365535716798,exact_mean_match
women,random_forest,2014-03-26,84,94,0.00044134352644990935,0.0017606506968209095,0.0013193071703710001,0.0004467554636957975,5.411937245888138e-06,0.001313895233125112,ok
women,gradient_boosting,2014-03-26,84,94,0.00044134352644990935,0.0017606506968209095,0.0013193071703710001,0.00136765531798547,0.0009263117915355606,0.0003929953788354395,ok
women,twfe,2014-04-09,84,94,0.0007397301280280002,0.0018164459653821354,0.0010767158373541353,0.0007397301280280002,0.0,0.0010767158373541353,ok
women,linear_gap,2014-04-09,84,94,0.0007397301280280002,0.0018164459653821354,0.0010767158373541353,0.0009849453477633796,0.00024521521973537943,0.0008315006176187558,ok
women,synthetic_control,2014-04-09,84,94,0.0007397301280280002,0.0018164459653821354,0.0010767158373541353,0.00023575281527563204,-0.0005039773127523681,0.0015806931501065034,exact_mean_match
women,random_forest,2014-04-09,84,94,0.0007397301280280002,0.0018164459653821354,0.0010767158373541353,0.0005174859812070814,-0.00022224414682091873,0.001298959984175054,ok
women,gradient_boosting,2014-04-09,84,94,0.0007397301280280002,0.0018164459653821354,0.0010767158373541353,0.0009843166088439226,0.00024458648081592243,0.0008321293565382128,ok
women,twfe,2014-04-23,84,94,0.0006303536888643272,0.0015808659425680703,0.0009505122537037432,0.0006303536888643272,0.0,0.0009505122537037432,ok
women,linear_gap,2014-04-23,84,94,0.0006303536888643272,0.0015808659425680703,0.0009505122537037432,0.002155171986670275,0.0015248182978059477,-0.0005743060441022045,ok
women,synthetic_control,2014-04-23,84,94,0.0006303536888643272,0.0015808659425680703,0.0009505122537037432,7.416029607473036e-05,-0.0005561933927895968,0.0015067056464933399,exact_mean_match
women,random_forest,2014-04-23,84,94,0.0006303536888643272,0.0015808659425680703,0.0009505122537037432,0.0006373673713574511,7.013682493123914e-06,0.0009434985712106192,ok
women,gradient_boosting,2014-04-23,84,94,0.0006303536888643272,0.0015808659425680703,0.0009505122537037432,0.001347741087695819,0.0007173873988314919,0.00023312485487225125,ok
women,twfe,2014-05-07,84,94,0.0009373752724816554,-0.0012770917026236177,-0.002214466975105273,0.0009373752724816554,0.0,-0.002214466975105273,ok
women,linear_gap,2014-05-07,84,94,0.0009373752724816554,-0.0012770917026236177,-0.002214466975105273,0.002248646144643763,0.0013112708721621077,-0.0035257378472673805,ok
women,synthetic_control,2014-05-07,84,94,0.0009373752724816554,-0.0012770917026236177,-0.002214466975105273,0.001373085408656105,0.0004357101361744497,-0.0026501771112797225,exact_mean_match
women,random_forest,2014-05-07,84,94,0.0009373752724816554,-0.0012770917026236177,-0.002214466975105273,0.0006996882329244482,-0.0002376870395572071,-0.001976779935548066,ok
women,gradient_boosting,2014-05-07,84,94,0.0009373752724816554,-0.0012770917026236177,-0.002214466975105273,0.0016244201072771133,0.000687044834795458,-0.002901511809900731,ok
women,twfe,2014-05-21,84,94,0.0007119062970126799,-0.002913752913752913,-0.003625659210765593,0.0007119062970126799,0.0,-0.003625659210765593,ok
women,linear_gap,2014-05-21,84,94,0.0007119062970126799,-0.002913752913752913,-0.003625659210765593,0.0005566500321745074,-0.00015525626483817243,-0.0034704029459274206,ok
women,synthetic_control,2014-05-21,84,94,0.0007119062970126799,-0.002913752913752913,-0.003625659210765593,0.00047929200078078785,-0.000232614296231892,-0.003393044914533701,exact_mean_match
women,random_forest,2014-05-21,84,94,0.0007119062970126799,-0.002913752913752913,-0.003625659210765593,-0.00020582161887583314,-0.0009177279158885129,-0.0027079312948770804,ok
women,gradient_boosting,2014-05-21,84,94,0.0007119062970126799,-0.002913752913752913,-0.003625659210765593,-0.00024411624149463338,-0.0009560225385073132,-0.00266963667225828,ok
women,twfe,2014-06-04,84,94,0.00045861349052838405,-0.0006385458513118088,-0.0010971593418401928,0.00045861349052838405,0.0,-0.0010971593418401928,ok
women,linear_gap,2014-06-04,84,94,0.00045861349052838405,-0.0006385458513118088,-0.0010971593418401928,-0.002780469377701932,-0.003239082868230316,0.0021419235263901233,ok
women,synthetic_control,2014-06-04,84,94,0.00045861349052838405,-0.0006385458513118088,-0.0010971593418401928,0.00019333351036523463,-0.0002652799801631494,-0.0008318793616770433,exact_mean_match
women,random_forest,2014-06-04,84,94,0.00045861349052838405,-0.0006385458513118088,-0.0010971593418401928,-0.0013010827083201576,-0.0017596961988485416,0.0006625368570083489,ok
women,gradient_boosting,2014-06-04,84,94,0.00045861349052838405,-0.0006385458513118088,-0.0010971593418401928,-0.0017327224211201907,-0.0021913359116485748,0.001094176569808382,ok
women,twfe,2014-06-18,84,94,-8.443093549476534e-05,6.819421713038717e-05,0.00015262515262515252,-8.443093549476534e-05,0.0,0.00015262515262515252,ok
women,linear_gap,2014-06-18,84,94,-8.443093549476534e-05,6.819421713038717e-05,0.00015262515262515252,-0.0028790437025818655,-0.0027946127670871,0.0029472379197122527,ok
women,synthetic_control,2014-06-18,84,94,-8.443093549476534e-05,6.819421713038717e-05,0.00015262515262515252,-7.203828190439606e-05,1.2392653590369285e-05,0.00014023249903478323,exact_mean_match
women,random_forest,2014-06-18,84,94,-8.443093549476534e-05,6.819421713038717e-05,0.00015262515262515252,-0.000907649612154321,-0.0008232186766595557,0.0009758438292847082,ok
women,gradient_boosting,2014-06-18,84,94,-8.443093549476534e-05,6.819421713038717e-05,0.00015262515262515252,-0.0013944660910437875,-0.0013100351555490222,0.0014626603081741747,ok
women,twfe,2014-07-02,84,94,-0.00021971232077615073,0.0015250706740068442,0.001744782994782995,-0.00021971232077615073,0.0,0.001744782994782995,ok
women,linear_gap,2014-07-02,84,94,-0.00021971232077615073,0.0015250706740068442,0.001744782994782995,-0.0011918855747899046,-0.0009721732540137539,0.002716956248796749,ok
women,synthetic_control,2014-07-02,84,94,-0.00021971232077615073,0.0015250706740068442,0.001744782994782995,-0.00024989439950312965,-3.018207872697892e-05,0.0017749650735099738,exact_mean_match
women,random_forest,2014-07-02,84,94,-0.00021971232077615073,0.0015250706740068442,0.001744782994782995,0.00014105262899117372,0.00036076494976732443,0.0013840180450156705,ok
women,gradient_boosting,2014-07-02,84,94,-0.00021971232077615073,0.0015250706740068442,0.001744782994782995,0.0004111651245145816,0.0006308774452907323,0.0011139055494922626,ok
women,twfe,2014-07-16,84,94,-0.00021971232077615068,0.000706740068442196,0.0009264523892183467,-0.00021971232077615068,0.0,0.0009264523892183467,ok
women,linear_gap,2014-07-16,84,94,-0.00021971232077615068,0.000706740068442196,0.0009264523892183467,0.0007193919093190036,0.0009391042300951543,-1.2651840876807554e-05,ok
women,synthetic_control,2014-07-16,84,94,-0.00021971232077615068,0.000706740068442196,0.0009264523892183467,-0.00022015987964754658,-4.475588713959025e-07,0.0009268999480897426,exact_mean_match
women,random_forest,2014-07-16,84,94,-0.00021971232077615068,0.000706740068442196,0.0009264523892183467,0.0006962822955964722,0.0009159946163726229,1.045777284572379e-05,ok
women,gradient_boosting,2014-07-16,84,94,-0.00021971232077615068,0.000706740068442196,0.0009264523892183467,0.0018735879942223385,0.0020933003149984893,-0.0011668479257801426,ok
women,twfe,2014-07-30,84,94,-0.000400087501151331,0.002634776570946784,0.0030348640720981148,-0.000400087501151331,0.0,0.0030348640720981148,ok
women,linear_gap,2014-07-30,84,94,-0.000400087501151331,0.002634776570946784,0.0030348640720981148,0.001904935564361244,0.0023050230655125748,0.00072984100658554,ok
women,synthetic_control,2014-07-30,84,94,-0.000400087501151331,0.002634776570946784,0.0030348640720981148,-0.00024480856040496376,0.00015527894074636727,0.0028795851313517477,exact_mean_match
women,random_forest,2014-07-30,84,94,-0.000400087501151331,0.002634776570946784,0.0030348640720981148,0.0004642266963855694,0.0008643141975369004,0.002170549874561214,ok
women,gradient_boosting,2014-07-30,84,94,-0.000400087501151331,0.002634776570946784,0.0030348640720981148,0.000542201946693823,0.000942289447845154,0.0020925746242529608,ok
women,twfe,2014-08-13,84,94,0.00016022688895029306,0.0010539106283787133,0.0008936837394284203,0.00016022688895029306,0.0,0.0008936837394284203,ok
women,linear_gap,2014-08-13,84,94,0.00016022688895029306,0.0010539106283787133,0.0008936837394284203,0.0031154205942183913,0.0029551937052680983,-0.0020615099658396778,ok
women,synthetic_control,2014-08-13,84,94,0.00016022688895029306,0.0010539106283787133,0.0008936837394284203,8.777707434314756e-06,-0.0001514491815159783,0.0010451329209443987,exact_mean_match
women,random_forest,2014-08-13,84,94,0.00016022688895029306,0.0010539106283787133,0.0008936837394284203,0.0007315068837721844,0.0005712799948218914,0.00032240374460652896,ok
women,gradient_boosting,2014-08-13,84,94,0.00016022688895029306,0.0010539106283787133,0.0008936837394284203,0.0012339080327189228,0.0010736811437686298,-0.00017999740434020942,ok
women,twfe,2014-08-27,84,94,0.0007742700561849496,0.00012398948569161322,-0.0006502805704933363,0.0007742700561849496,0.0,-0.0006502805704933363,ok
women,linear_gap,2014-08-27,84,94,0.0007742700561849496,0.00012398948569161322,-0.0006502805704933363,0.002201002266096745,0.0014267322099117954,-0.0020770127804051316,ok
women,synthetic_control,2014-08-27,84,94,0.0007742700561849496,0.00012398948569161322,-0.0006502805704933363,0.0009387340164197003,0.00016446396023475076,-0.0008147445307280871,exact_mean_match
women,random_forest,2014-08-27,84,94,0.0007742700561849496,0.00012398948569161322,-0.0006502805704933363,0.0007394754850511482,-3.479457113380138e-05,-0.0006154859993595349,ok
women,gradient_boosting,2014-08-27,84,94,0.0007742700561849496,0.00012398948569161322,-0.0006502805704933363,0.0010547826992086497,0.00028051264302370016,-0.0009307932135170365,ok
women,twfe,2014-09-10,84,94,0.0009824690675754504,0.0024549918166939444,0.001472522749118494,0.0009824690675754504,0.0,0.001472522749118494,ok
women,linear_gap,2014-09-10,84,94,0.0009824690675754504,0.0024549918166939444,0.001472522749118494,0.0007005416263711153,-0.00028192744120433507,0.001754450190322829,ok
women,synthetic_control,2014-09-10,84,94,0.0009824690675754504,0.0024549918166939444,0.001472522749118494,0.0,-0.0009824690675754504,0.0024549918166939444,exact_mean_match
women,random_forest,2014-09-10,84,94,0.0009824690675754504,0.0024549918166939444,0.001472522749118494,-8.783801618524587e-05,-0.0010703070837606962,0.00254282983287919,ok
women,gradient_boosting,2014-09-10,84,94,0.0009824690675754504,0.0024549918166939444,0.001472522749118494,9.049468434048844e-05,-0.0008919743832349619,0.002364497132353456,ok
women,twfe,2014-09-24,84,94,0.0012252080071229006,0.0007625353370034221,-0.0004626726701194785,0.0012252080071229006,0.0,-0.0004626726701194785,ok
women,linear_gap,2014-09-24,84,94,0.0012252080071229006,0.0007625353370034221,-0.0004626726701194785,0.0014054061628827276,0.00018019815575982703,-0.0006428708258793055,ok
women,synthetic_control,2014-09-24,84,94,0.0012252080071229006,0.0007625353370034221,-0.0004626726701194785,0.0005688423323146748,-0.0006563656748082258,0.00019369300468874732,exact_mean_match
women,random_forest,2014-09-24,84,94,0.0012252080071229006,0.0007625353370034221,-0.0004626726701194785,0.0011418233053091971,-8.338470181370344e-05,-0.00037928796830577504,ok
women,gradient_boosting,2014-09-24,84,94,0.0012252080071229006,0.0007625353370034221,-0.0004626726701194785,0.0014058540796015795,0.0001806460724786789,-0.0006433187425981574,ok
women,twfe,2014-10-08,84,94,0.00110719658591999,-0.0009857164112483262,-0.0020929129971683164,0.00110719658591999,0.0,-0.0020929129971683164,ok
women,linear_gap,2014-10-08,84,94,0.00110719658591999,-0.0009857164112483262,-0.0020929129971683164,0.0010786114974479792,-2.8585088472010776e-05,-0.0020643279086963056,ok
women,synthetic_control,2014-10-08,84,94,0.00110719658591999,-0.0009857164112483262,-0.0020929129971683164,0.0021731016264990776,0.0010659050405790876,-0.003158818037747404,exact_mean_match
women,random_forest,2014-10-08,84,94,0.00110719658591999,-0.0009857164112483262,-0.0020929129971683164,0.0006948429547138783,-0.00041235363120611175,-0.0016805593659622046,ok
women,gradient_boosting,2014-10-08,84,94,0.00110719658591999,-0.0009857164112483262,-0.0020929129971683164,0.0011086623099383923,1.4657240184022795e-06,-0.002094378721186719,ok
women,twfe,2014-10-22,84,94,0.0010985616038807528,0.0006509447998809699,-0.00044761680399978284,0.0010985616038807528,0.0,-0.00044761680399978284,ok
women,linear_gap,2014-10-22,84,94,0.0010985616038807528,0.0006509447998809699,-0.00044761680399978284,0.00035731102536637363,-0.0007412505785143791,0.0002936337745145963,ok
women,synthetic_control,2014-10-22,84,94,0.0010985616038807528,0.0006509447998809699,-0.00044761680399978284,0.0014758105323804836,0.0003772489284997308,-0.0008248657324995137,exact_mean_match
women,random_forest,2014-10-22,84,94,0.0010985616038807528,0.0006509447998809699,-0.00044761680399978284,0.00027389827248569407,-0.0008246633313950587,0.0003770465273952759,ok
women,gradient_boosting,2014-10-22,84,94,0.0010985616038807528,0.0006509447998809699,-0.00044761680399978284,0.0002496475492370092,-0.0008489140546437436,0.0004012972506439608,ok
women,twfe,2014-11-05,84,94,0.0009632802185993675,-0.0007501363884342611,-0.0017134166070336286,0.0009632802185993675,0.0,-0.0017134166070336286,ok
women,linear_gap,2014-11-05,84,94,0.0009632802185993675,-0.0007501363884342611,-0.0017134166070336286,0.0011516055073561386,0.00018832528875677114,-0.0019017418957903997,ok
women,synthetic_control,2014-11-05,84,94,0.0009632802185993675,-0.0007501363884342611,-0.0017134166070336286,0.0014398783418757798,0.00047659812327641225,-0.002190014730310041,exact_mean_match
women,random_forest,2014-11-05,84,94,0.0009632802185993675,-0.0007501363884342611,-0.0017134166070336286,0.00086592342192204,-9.735679667732746e-05,-0.0016160598103563011,ok
women,gradient_boosting,2014-11-05,84,94,0.0009632802185993675,-0.0007501363884342611,-0.0017134166070336286,0.001436140120121087,0.0004728599015217194,-0.002186276508555348,ok
women,twfe,2014-11-19,84,94,0.0006840824659973595,0.00023558002281406532,-0.00044850244318329425,0.0006840824659973595,0.0,-0.00044850244318329425,ok
women,linear_gap,2014-11-19,84,94,0.0006840824659973595,0.00023558002281406532,-0.00044850244318329425,7.73499508806746e-05,-0.000606732515116685,0.00015823007193339076,ok
women,synthetic_control,2014-11-19,84,94,0.0006840824659973595,0.00023558002281406532,-0.00044850244318329425,0.00019028155095206158,-0.000493800915045298,4.529847186200372e-05,exact_mean_match
women,random_forest,2014-11-19,84,94,0.0006840824659973595,0.00023558002281406532,-0.00044850244318329425,-0.0001112504737613123,-0.0007953329397586719,0.0003468304965753776,ok
women,gradient_boosting,2014-11-19,84,94,0.0006840824659973595,0.00023558002281406532,-0.00044850244318329425,-0.00034932956152850664,-0.0010334120275258662,0.0005849095843425719,ok
women,twfe,2014-12-03,84,94,0.0006562586349820392,-5.579526856122605e-05,-0.0007120539035432653,0.0006562586349820392,0.0,-0.0007120539035432653,ok
women,linear_gap,2014-12-03,84,94,0.0006562586349820392,-5.579526856122605e-05,-0.0007120539035432653,-0.0006569739589379528,-0.001313232593919992,0.0006011786903767268,ok
women,synthetic_control,2014-12-03,84,94,0.0006562586349820392,-5.579526856122605e-05,-0.0007120539035432653,0.0005171030092904241,-0.00013915562569161513,-0.0005728982778516502,exact_mean_match
women,random_forest,2014-12-03,84,94,0.0006562586349820392,-5.579526856122605e-05,-0.0007120539035432653,-0.0001431711703692756,-0.0007994298053513149,8.737590180804956e-05,ok
women,gradient_boosting,2014-12-03,84,94,0.0006562586349820392,-5.579526856122605e-05,-0.0007120539035432653,-0.0003496008804135493,-0.0010058595153955886,0.0002938056118523233,ok
women,twfe,2014-12-17,84,94,0.000267684443216358,-0.0004029658284977435,-0.0006706502717141015,0.000267684443216358,0.0,-0.0006706502717141015,ok
women,linear_gap,2014-12-17,84,94,0.000267684443216358,-0.0004029658284977435,-0.0006706502717141015,-0.00037099611195727874,-0.0006386805551736367,-3.196971654046473e-05,ok
women,synthetic_control,2014-12-17,84,94,0.000267684443216358,-0.0004029658284977435,-0.0006706502717141015,0.00025333423643439466,-1.4350206781963348e-05,-0.0006563000649321381,exact_mean_match
women,random_forest,2014-12-17,84,94,0.000267684443216358,-0.0004029658284977435,-0.0006706502717141015,-0.0001378444771252114,-0.0004055289203415694,-0.0002651213513725321,ok
women,gradient_boosting,2014-12-17,84,94,0.000267684443216358,-0.0004029658284977435,-0.0006706502717141015,-0.00020780851447912385,-0.00047549295769548183,-0.00019515731401861965,ok
women,twfe,2014-12-31,84,94,8.730926284117757e-05,0.0015250706740068442,0.0014377614111656667,8.730926284117757e-05,0.0,0.0014377614111656667,ok
women,linear_gap,2014-12-31,84,94,8.730926284117757e-05,0.0015250706740068442,0.0014377614111656667,-0.0004897171799418485,-0.0005770264427830261,0.0020147878539486927,ok
women,synthetic_control,2014-12-31,84,94,8.730926284117757e-05,0.0015250706740068442,0.0014377614111656667,7.302547474619656e-05,-1.428378809498101e-05,0.0014520451992606478,exact_mean_match
women,random_forest,2014-12-31,84,94,8.730926284117757e-05,0.0015250706740068442,0.0014377614111656667,0.0001713220016019034,8.401273876072583e-05,0.0013537486724049409,ok
women,gradient_boosting,2014-12-31,84,94,8.730926284117757e-05,0.0015250706740068442,0.0014377614111656667,-0.00030519238741017173,-0.0003925016502513493,0.001830263061417016,ok
women,twfe,2015-01-14,84,94,0.00034923705136471084,0.0026347765709467835,0.0022855395195820727,0.00034923705136471084,0.0,0.0022855395195820727,ok
women,linear_gap,2015-01-14,84,94,0.00034923705136471084,0.0026347765709467835,0.0022855395195820727,0.0007012259839220109,0.00035198893255730006,0.0019335505870247726,ok
women,synthetic_control,2015-01-14,84,94,0.00034923705136471084,0.0026347765709467835,0.0022855395195820727,2.3911292023789422e-05,-0.0003253257593409214,0.002610865278922994,exact_mean_match
women,random_forest,2015-01-14,84,94,0.00034923705136471084,0.0026347765709467835,0.0022855395195820727,0.0006063367632984881,0.00025709971193377723,0.0020284398076482954,ok
women,gradient_boosting,2015-01-14,84,94,0.00034923705136471084,0.0026347765709467835,0.0022855395195820727,0.0015290638196347021,0.0011798267682699912,0.0011057127513120816,ok
women,twfe,2015-01-28,84,94,0.0005296122317398912,0.0007067400684421959,0.00017712783670230468,0.0005296122317398912,0.0,0.00017712783670230468,ok
women,linear_gap,2015-01-28,84,94,0.0005296122317398912,0.0007067400684421959,0.00017712783670230468,0.0025681213841457847,0.0020385091524058934,-0.0018613813157035888,ok
women,synthetic_control,2015-01-28,84,94,0.0005296122317398912,0.0007067400684421959,0.00017712783670230468,6.46310698130606e-05,-0.0004649811619268306,0.0006421089986291353,exact_mean_match
women,random_forest,2015-01-28,84,94,0.0005296122317398912,0.0007067400684421959,0.00017712783670230468,0.0014234862647111762,0.000893874032971285,-0.0007167461962689803,ok
women,gradient_boosting,2015-01-28,84,94,0.0005296122317398912,0.0007067400684421959,0.00017712783670230468,0.0021268317853907486,0.0015972195536508573,-0.0014200917169485527,ok
women,twfe,2015-02-11,84,94,0.0008817276104510147,-0.001568466993998909,-0.0024501946044499234,0.0008817276104510147,0.0,-0.0024501946044499234,ok
women,linear_gap,2015-02-11,84,94,0.0008817276104510147,-0.001568466993998909,-0.0024501946044499234,0.0025135998670442936,0.0016318722565932789,-0.0040820668610432025,ok
women,synthetic_control,2015-02-11,84,94,0.0008817276104510147,-0.001568466993998909,-0.0024501946044499234,0.0002466404160208764,-0.0006350871944301383,-0.001815107410019785,exact_mean_match
women,random_forest,2015-02-11,84,94,0.0008817276104510147,-0.001568466993998909,-0.0024501946044499234,0.0012455072655813055,0.0003637796551302908,-0.0028139742595802144,ok
women,gradient_boosting,2015-02-11,84,94,0.0008817276104510147,-0.001568466993998909,-0.0024501946044499234,0.00147089608807346,0.0005891684776224452,-0.0030393630820723687,ok
women,twfe,2015-02-25,84,94,0.0005574360627552116,-0.0006943411198730349,-0.0012517771826282467,0.0005574360627552116,0.0,-0.0012517771826282467,ok
women,linear_gap,2015-02-25,84,94,0.0005574360627552116,-0.0006943411198730349,-0.0012517771826282467,0.00014071031218777078,-0.00041672575056744083,-0.0008350514320608058,ok
women,synthetic_control,2015-02-25,84,94,0.0005574360627552116,-0.0006943411198730349,-0.0012517771826282467,0.00040993662112182895,-0.0001474994416333827,-0.0011042777409948639,exact_mean_match
women,random_forest,2015-02-25,84,94,0.0005574360627552116,-0.0006943411198730349,-0.0012517771826282467,-0.0009093674653716758,-0.0014668035281268873,0.00021502634549864065,ok
women,gradient_boosting,2015-02-25,84,94,0.0005574360627552116,-0.0006943411198730349,-0.0012517771826282467,-0.001330031486237852,-0.0018874675489930636,0.0006356903663648169,ok
women,twfe,2015-03-11,84,94,0.00045861349052838394,0.0012336953826315527,0.0007750818921031687,0.00045861349052838394,0.0,0.0007750818921031687,ok
women,linear_gap,2015-03-11,84,94,0.00045861349052838394,0.0012336953826315527,0.0007750818921031687,-0.0009084263287506857,-0.0013670398192790695,0.002142121711382238,ok
women,synthetic_control,2015-03-11,84,94,0.00045861349052838394,0.0012336953826315527,0.0007750818921031687,0.00036328039927834574,-9.53330912500382e-05,0.0008704149833532069,exact_mean_match
women,random_forest,2015-03-11,84,94,0.00045861349052838394,0.0012336953826315527,0.0007750818921031687,-0.00022767525326160073,-0.0006862887437899846,0.0014613706358931533,ok
women,gradient_boosting,2015-03-11,84,94,0.00045861349052838394,0.0012336953826315527,0.0007750818921031687,-0.0009546536345976052,-0.0014132671251259892,0.002188349017229158,ok
women,twfe,2015-03-25,84,94,0.0007119062970126799,-0.0018598422853742004,-0.0025717485823868805,0.0007119062970126799,0.0,-0.0025717485823868805,ok
women,linear_gap,2015-03-25,84,94,0.0007119062970126799,-0.0018598422853742004,-0.0025717485823868805,-0.000782925682494199,-0.0014948319795068789,-0.0010769166028800016,ok
women,synthetic_control,2015-03-25,84,94,0.0007119062970126799,-0.0018598422853742004,-0.0025717485823868805,0.0014120786161993817,0.0007001723191867018,-0.0032719209015735825,exact_mean_match
women,random_forest,2015-03-25,84,94,0.0007119062970126799,-0.0018598422853742004,-0.0025717485823868805,0.0008230820978447621,0.00011117580083208221,-0.002682924383218963,ok
women,gradient_boosting,2015-03-25,84,94,0.0007119062970126799,-0.0018598422853742004,-0.0025717485823868805,0.0005715754164096024,-0.00014033088060307747,-0.002431417701783803,ok
women,twfe,2015-04-08,84,94,0.0002331445150594085,0.0012336953826315527,0.0010005508675721441,0.0002331445150594085,0.0,0.0010005508675721441,ok
women,linear_gap,2015-04-08,84,94,0.0002331445150594085,0.0012336953826315527,0.0010005508675721441,-0.0012311406542175772,-0.0014642851692769857,0.00246483603684913,ok
women,synthetic_control,2015-04-08,84,94,0.0002331445150594085,0.0012336953826315527,0.0010005508675721441,0.00023849950943940395,5.354994379995449e-06,0.0009951958731921487,exact_mean_match
women,random_forest,2015-04-08,84,94,0.0002331445150594085,0.0012336953826315527,0.0010005508675721441,6.718677625906217e-06,-0.00022642583743350228,0.0012269767050056464,ok
women,gradient_boosting,2015-04-08,84,94,0.0002331445150594085,0.0012336953826315527,0.0010005508675721441,-0.00015999991581798083,-0.0003931444308773893,0.0013936952984495334,ok
women,twfe,2015-04-22,84,94,1.6310521629670503e-05,0.0006509447998809703,0.0006346342782512997,1.6310521629670503e-05,0.0,0.0006346342782512997,ok
women,linear_gap,2015-04-22,84,94,1.6310521629670503e-05,0.0006509447998809703,0.0006346342782512997,0.0005417717067769139,0.0005254611851472434,0.00010917309310405632,ok
women,synthetic_control,2015-04-22,84,94,1.6310521629670503e-05,0.0006509447998809703,0.0006346342782512997,1.0389787058629613e-05,-5.920734571040891e-06,0.0006405550128223406,exact_mean_match
women,random_forest,2015-04-22,84,94,1.6310521629670503e-05,0.0006509447998809703,0.0006346342782512997,0.0003141005804970356,0.00029779005886736506,0.0003368442193839347,ok
women,gradient_boosting,2015-04-22,84,94,1.6310521629670503e-05,0.0006509447998809703,0.0006346342782512997,0.0006858254786970818,0.0006695149570674113,-3.488067881611155e-05,ok
women,twfe,2015-05-06,84,94,-0.00011897086365171478,-0.0010973069483707785,-0.0009783360847190638,-0.00011897086365171478,0.0,-0.0009783360847190638,ok
women,linear_gap,2015-05-06,84,94,-0.00011897086365171478,-0.0010973069483707785,-0.0009783360847190638,0.0016123887106627769,0.0017313595743144916,-0.0027096956590335554,ok
women,synthetic_control,2015-05-06,84,94,-0.00011897086365171478,-0.0010973069483707785,-0.0009783360847190638,-0.00022305110260374943,-0.00010408023895203465,-0.0008742558457670291,exact_mean_match
women,random_forest,2015-05-06,84,94,-0.00011897086365171478,-0.0010973069483707785,-0.0009783360847190638,0.00019468477656429413,0.00031365564021600893,-0.0012919917249350726,ok
women,gradient_boosting,2015-05-06,84,94,-0.00011897086365171478,-0.0010973069483707785,-0.0009783360847190638,0.0005614694743612877,0.0006804403380130024,-0.0016587764227320662,ok
women,twfe,2015-05-20,84,94,4.4134352644990745e-05,-0.0006943411198730349,-0.0007384754725180256,4.4134352644990745e-05,0.0,-0.0007384754725180256,ok
women,linear_gap,2015-05-20,84,94,4.4134352644990745e-05,-0.0006943411198730349,-0.0007384754725180256,0.00018369684342009902,0.00013956249077510827,-0.0008780379632931339,ok
women,synthetic_control,2015-05-20,84,94,4.4134352644990745e-05,-0.0006943411198730349,-0.0007384754725180256,3.0903529233665666e-05,-1.323082341132508e-05,-0.0007252446491067006,exact_mean_match
women,random_forest,2015-05-20,84,94,4.4134352644990745e-05,-0.0006943411198730349,-0.0007384754725180256,-0.00011686946993101357,-0.00016100382257600433,-0.0005774716499420213,ok
women,gradient_boosting,2015-05-20,84,94,4.4134352644990745e-05,-0.0006943411198730349,-0.0007384754725180256,-0.00044182264092592016,-0.00048595699357091094,-0.0002525184789471147,ok
women,twfe,2015-06-03,84,94,-9.59442448804372e-07,-0.0012212964340623917,-0.0012203369916135873,-9.59442448804372e-07,0.0,-0.0012203369916135873,ok
women,linear_gap,2015-06-03,84,94,-9.59442448804372e-07,-0.0012212964340623917,-0.0012203369916135873,-0.0008638367699519321,-0.0008628773275031277,-0.0003574596641104596,ok
women,synthetic_control,2015-06-03,84,94,-9.59442448804372e-07,-0.0012212964340623917,-0.0012203369916135873,-1.0027337313503644e-06,-4.329128254599236e-08,-0.0012202937003310413,exact_mean_match
women,random_forest,2015-06-03,84,94,-9.59442448804372e-07,-0.0012212964340623917,-0.0012203369916135873,-0.0005948332081414257,-0.0005938737656926213,-0.000626463225920966,ok
women,gradient_boosting,2015-06-03,84,94,-9.59442448804372e-07,-0.0012212964340623917,-0.0012203369916135873,-0.0006281300593893038,-0.0006271706169404994,-0.0005931663746730879,ok
women,twfe,2015-06-17,84,94,-0.00042599244726904313,0.00158086594256807,0.002006858389837113,-0.00042599244726904313,0.0,0.002006858389837113,ok
women,linear_gap,2015-06-17,84,94,-0.00042599244726904313,0.00158086594256807,0.002006858389837113,-0.001346320197681602,-0.0009203277504125589,0.0029271861402496717,ok
women,synthetic_control,2015-06-17,84,94,-0.00042599244726904313,0.00158086594256807,0.002006858389837113,-3.697839268471169e-05,0.00038901405458433144,0.0016178443352527815,exact_mean_match
women,random_forest,2015-06-17,84,94,-0.00042599244726904313,0.00158086594256807,0.002006858389837113,-0.0009962828852805201,-0.000570290438011477,0.00257714882784859,ok
women,gradient_boosting,2015-06-17,84,94,-0.00042599244726904313,0.00158086594256807,0.002006858389837113,-0.0013764594832895106,-0.0009504670360204675,0.0029573254258575803,ok
women,twfe,2015-07-01,84,94,-6.52420865186823e-05,0.0007067400684421959,0.0007719821549608782,-6.52420865186823e-05,0.0,0.0007719821549608782,ok
women,linear_gap,2015-07-01,84,94,-6.52420865186823e-05,0.0007067400684421959,0.0007719821549608782,-0.0006644079605692463,-0.000599165874050564,0.001371148029011442,ok
women,synthetic_control,2015-07-01,84,94,-6.52420865186823e-05,0.0007067400684421959,0.0007719821549608782,-2.4313160097659938e-05,4.092892642102236e-05,0.0007310532285398558,exact_mean_match
women,random_forest,2015-07-01,84,94,-6.52420865186823e-05,0.0007067400684421959,0.0007719821549608782,-8.165080582398288e-05,-1.640871930530058e-05,0.0007883908742661787,ok
women,gradient_boosting,2015-07-01,84,94,-6.52420865186823e-05,0.0007067400684421959,0.0007719821549608782,0.0001533421048731782,0.0002185841913918605,0.0005533979635690177,ok
women,twfe,2015-07-15,84,94,-0.00014679469466703532,-0.0008741258741258741,-0.0007273311794588387,-0.00014679469466703532,0.0,-0.0007273311794588387,ok
women,linear_gap,2015-07-15,84,94,-0.00014679469466703532,-0.0008741258741258741,-0.0007273311794588387,0.0004066910870213952,0.0005534857816884305,-0.0012808169611472691,ok
women,synthetic_control,2015-07-15,84,94,-0.00014679469466703532,-0.0008741258741258741,-0.0007273311794588387,-6.873134892873111e-05,7.806334573830421e-05,-0.000805394525197143,exact_mean_match
women,random_forest,2015-07-15,84,94,-0.00014679469466703532,-0.0008741258741258741,-0.0007273311794588387,0.00026488110312143296,0.0004116757977884683,-0.001139006977247307,ok
women,gradient_boosting,2015-07-15,84,94,-0.00014679469466703532,-0.0008741258741258741,-0.0007273311794588387,0.0006209648207866752,0.0007677595154537106,-0.0014950906949125493,ok
women,twfe,2015-07-29,84,94,-0.0003828175370728563,-0.00034717055993651745,3.5646977136338874e-05,-0.0003828175370728563,0.0,3.5646977136338874e-05,ok
women,linear_gap,2015-07-29,84,94,-0.0003828175370728563,-0.00034717055993651745,3.5646977136338874e-05,0.00040663534749236304,0.0007894528845652194,-0.0007538059074288805,ok
women,synthetic_control,2015-07-29,84,94,-0.0003828175370728563,-0.00034717055993651745,3.5646977136338874e-05,-0.0001897124093957214,0.00019310512767713493,-0.00015745815054079605,exact_mean_match
women,random_forest,2015-07-29,84,94,-0.0003828175370728563,-0.00034717055993651745,3.5646977136338874e-05,-0.00021564161979926132,0.000167175917273595,-0.00013152894013725614,ok
women,gradient_boosting,2015-07-29,84,94,-0.0003828175370728563,-0.00034717055993651745,3.5646977136338874e-05,-0.0003921594549850576,-9.341917912201276e-06,4.498889504854015e-05,ok
women,twfe,2015-08-12,84,94,-0.00014007859752540616,0.0012894906511927789,0.001429569248718185,-0.00014007859752540616,0.0,0.001429569248718185,ok
women,linear_gap,2015-08-12,84,94,-0.00014007859752540616,0.0012894906511927789,0.001429569248718185,0.0006233114122565105,0.0007633900097819167,0.0006661792389362684,ok
women,synthetic_control,2015-08-12,84,94,-0.00014007859752540616,0.0012894906511927789,0.001429569248718185,-4.276206883225891e-05,9.731652869314725e-05,0.0013322527200250378,exact_mean_match
women,random_forest,2015-08-12,84,94,-0.00014007859752540616,0.0012894906511927789,0.001429569248718185,2.254659954982159e-05,0.00016262519707522776,0.0012669440516429574,ok
women,gradient_boosting,2015-08-12,84,94,-0.00014007859752540616,0.0012894906511927789,0.001429569248718185,8.187681434420577e-05,0.00022195541186961193,0.001207613836848573,ok
women,twfe,2015-08-26,84,94,0.00021203678118571724,-0.0004029658284977435,-0.0006150026096834607,0.00021203678118571724,0.0,-0.0006150026096834607,ok
women,linear_gap,2015-08-26,84,94,0.00021203678118571724,-0.0004029658284977435,-0.0006150026096834607,0.0011006967375067353,0.0008886599563210181,-0.0015036625660044788,ok
women,synthetic_control,2015-08-26,84,94,0.00021203678118571724,-0.0004029658284977435,-0.0006150026096834607,0.0002318035775698093,1.9766796384092054e-05,-0.0006347694060675528,exact_mean_match
women,random_forest,2015-08-26,84,94,0.00021203678118571724,-0.0004029658284977435,-0.0006150026096834607,0.0005472170285657688,0.0003351802473800516,-0.0009501828570635123,ok
women,gradient_boosting,2015-08-26,84,94,0.00021203678118571724,-0.0004029658284977435,-0.0006150026096834607,0.0013403388045024655,0.0011283020233167481,-0.0017433046330002089,ok
women,twfe,2015-09-09,84,94,0.0003386831844278651,0.0015250706740068444,0.0011863874895789793,0.0003386831844278651,0.0,0.0011863874895789793,ok
women,linear_gap,2015-09-09,84,94,0.0003386831844278651,0.0015250706740068444,0.0011863874895789793,-0.00025459752434904895,-0.0005932807087769141,0.0017796681983558932,ok
women,synthetic_control,2015-09-09,84,94,0.0003386831844278651,0.0015250706740068444,0.0011863874895789793,0.00029902427746247655,-3.965890696538857e-05,0.0012260463965443678,exact_mean_match
women,random_forest,2015-09-09,84,94,0.0003386831844278651,0.0015250706740068444,0.0011863874895789793,-3.019610715634696e-05,-0.0003688792915842121,0.0015552667811631915,ok
women,gradient_boosting,2015-09-09,84,94,0.0003386831844278651,0.0015250706740068444,0.0011863874895789793,-0.0002441637117691026,-0.0005828468961969677,0.001769234385775947,ok
women,twfe,2015-09-23,84,94,0.00037514199748242295,-0.0011655011655011655,-0.0015406431629835884,0.00037514199748242295,0.0,-0.0015406431629835884,ok
women,linear_gap,2015-09-23,84,94,0.00037514199748242295,-0.0011655011655011655,-0.0015406431629835884,0.0008809859650508358,0.0005058439675684129,-0.002046487130552001,ok
women,synthetic_control,2015-09-23,84,94,0.00037514199748242295,-0.0011655011655011655,-0.0015406431629835884,9.29556045763827e-05,-0.00028218639290604025,-0.0012584567700775482,exact_mean_match
women,random_forest,2015-09-23,84,94,0.00037514199748242295,-0.0011655011655011655,-0.0015406431629835884,0.00042371411733072245,4.8572119848299506e-05,-0.0015892152828318878,ok
women,gradient_boosting,2015-09-23,84,94,0.00037514199748242295,-0.0011655011655011655,-0.0015406431629835884,0.0011494724484943147,0.0007743304510118918,-0.00231497361399548,ok
women,twfe,2015-10-07,84,94,0.00021203678118571724,-0.0001115905371224521,-0.00032362731830816937,0.00021203678118571724,0.0,-0.00032362731830816937,ok
women,linear_gap,2015-10-07,84,94,0.00021203678118571724,-0.0001115905371224521,-0.00032362731830816937,0.0005912095723879683,0.00037917279120225106,-0.0007028001095104204,ok
women,synthetic_control,2015-10-07,84,94,0.00021203678118571724,-0.0001115905371224521,-0.00032362731830816937,6.934165718132314e-05,-0.0001426951240043941,-0.00018093219430377527,exact_mean_match
women,random_forest,2015-10-07,84,94,0.00021203678118571724,-0.0001115905371224521,-0.00032362731830816937,-9.516700322556882e-05,-0.00030720378441128607,-1.6423533896883303e-05,ok
women,gradient_boosting,2015-10-07,84,94,0.00021203678118571724,-0.0001115905371224521,-0.00032362731830816937,-0.00038658966998133973,-0.0005986264511670569,0.0002749991328588876,ok
women,twfe,2015-10-21,84,94,0.0003300482023886278,0.002399196548132718,0.0020691483457440903,0.0003300482023886278,0.0,0.0020691483457440903,ok
women,linear_gap,2015-10-21,84,94,0.0003300482023886278,0.002399196548132718,0.0020691483457440903,-0.00022932274457345165,-0.0005593709469620795,0.00262851929270617,ok
women,synthetic_control,2015-10-21,84,94,0.0003300482023886278,0.002399196548132718,0.0020691483457440903,0.000222908027955176,-0.00010714017443345182,0.0021762885201775423,exact_mean_match
women,random_forest,2015-10-21,84,94,0.0003300482023886278,0.002399196548132718,0.0020691483457440903,-0.00024322962197601645,-0.0005732778243646443,0.0026424261701087346,ok
women,gradient_boosting,2015-10-21,84,94,0.0003300482023886278,0.002399196548132718,0.0020691483457440903,-0.0001651619612195975,-0.0004952101636082253,0.0025643585093523156,ok
women,twfe,2015-11-04,84,94,0.0007550812072088667,0.0007625353370034221,7.454129794555366e-06,0.0007550812072088667,0.0,7.454129794555366e-06,ok
women,linear_gap,2015-11-04,84,94,0.0007550812072088667,0.0007625353370034221,7.454129794555366e-06,0.0013382730612309533,0.0005831918540220866,-0.0005757377242275312,ok
women,synthetic_control,2015-11-04,84,94,0.0007550812072088667,0.0007625353370034221,7.454129794555366e-06,0.0002638285470518369,-0.0004912526601570298,0.0004987067899515852,exact_mean_match
women,random_forest,2015-11-04,84,94,0.0007550812072088667,0.0007625353370034221,7.454129794555366e-06,0.0011765269983599073,0.0004214457911510406,-0.00041399166135648526,ok
women,gradient_boosting,2015-11-04,84,94,0.0007550812072088667,0.0007625353370034221,7.454129794555366e-06,0.0017714657414489453,0.0010163845342400786,-0.0010089304044455232,ok
women,twfe,2015-11-18,84,94,0.0006735285990605138,0.00047116004562813065,-0.00020236855343238317,0.0006735285990605138,0.0,-0.00020236855343238317,ok
women,linear_gap,2015-11-18,84,94,0.0006735285990605138,0.00047116004562813065,-0.00020236855343238317,0.0016330907846307332,0.0009595621855702194,-0.0011619307390026026,ok
women,synthetic_control,2015-11-18,84,94,0.0006735285990605138,0.00047116004562813065,-0.00020236855343238317,7.205615957338969e-05,-0.0006014724394871241,0.00039910388605474096,exact_mean_match
women,random_forest,2015-11-18,84,94,0.0006735285990605138,0.00047116004562813065,-0.00020236855343238317,0.0005897741174501907,-8.375448161032314e-05,-0.00011861407182206003,ok
women,gradient_boosting,2015-11-18,84,94,0.0006735285990605138,0.00047116004562813065,-0.00020236855343238317,0.0008852147216239775,0.0002116861225634637,-0.0004140546759958469,ok
women,twfe,2015-12-02,84,94,0.0008539037794356942,-0.00016738580568367815,-0.0010212895851193723,0.0008539037794356942,0.0,-0.0010212895851193723,ok
women,linear_gap,2015-12-02,84,94,0.0008539037794356942,-0.00016738580568367815,-0.0010212895851193723,0.0006784698050878673,-0.00017543397434782693,-0.0008458556107715454,ok
women,synthetic_control,2015-12-02,84,94,0.0008539037794356942,-0.00016738580568367815,-0.0010212895851193723,0.0009569606861946638,0.00010305690675896958,-0.001124346491878342,exact_mean_match
women,random_forest,2015-12-02,84,94,0.0008539037794356942,-0.00016738580568367815,-0.0010212895851193723,0.00025863534442489356,-0.0005952684350108006,-0.0004260211501085717,ok
women,gradient_boosting,2015-12-02,84,94,0.0008539037794356942,-0.00016738580568367815,-0.0010212895851193723,0.00042728015659265935,-0.00042662362284303485,-0.0005946659622763375,ok
women,twfe,2015-12-16,84,94,0.0005919759909121609,-0.00045876109705896966,-0.0010507370879711305,0.0005919759909121609,0.0,-0.0010507370879711305,ok
women,linear_gap,2015-12-16,84,94,0.0005919759909121609,-0.00045876109705896966,-0.0010507370879711305,0.0003321879809753631,-0.0002597880099367978,-0.0007909490780343327,ok
women,synthetic_control,2015-12-16,84,94,0.0005919759909121609,-0.00045876109705896966,-0.0010507370879711305,0.0005318105159093471,-6.016547500281382e-05,-0.0009905716129683167,exact_mean_match
women,random_forest,2015-12-16,84,94,0.0005919759909121609,-0.00045876109705896966,-0.0010507370879711305,9.574760536229701e-05,-0.0004962283855498639,-0.0005545087024212667,ok
women,gradient_boosting,2015-12-16,84,94,0.0005919759909121609,-0.00045876109705896966,-0.0010507370879711305,-0.00044423066833935775,-0.0010362066592515186,-1.4530428719611906e-05,ok
women,twfe,2015-12-30,84,94,0.0005747060268336863,0.0009981153598174874,0.00042340933298380104,0.0005747060268336863,0.0,0.00042340933298380104,ok
women,linear_gap,2015-12-30,84,94,0.0005747060268336863,0.0009981153598174874,0.00042340933298380104,-0.0007774807562785547,-0.001352186783112241,0.001775596116096042,ok
women,synthetic_control,2015-12-30,84,94,0.0005747060268336863,0.0009981153598174874,0.00042340933298380104,0.00043993992532268076,-0.00013476610151100558,0.0005581754344948066,exact_mean_match
women,random_forest,2015-12-30,84,94,0.0005747060268336863,0.0009981153598174874,0.00042340933298380104,-3.0372630840701424e-06,-0.0005777432899177565,0.0010011526229015575,ok
women,gradient_boosting,2015-12-30,84,94,0.0005747060268336863,0.0009981153598174874,0.00042340933298380104,-0.0004226590778620291,-0.0009973651046957155,0.0014207744376795164,ok
women,twfe,2016-01-13,84,94,0.0007464462251696293,-0.0018040470168129742,-0.0025504932419826033,0.0007464462251696293,0.0,-0.0025504932419826033,ok
women,linear_gap,2016-01-13,84,94,0.0007464462251696293,-0.0018040470168129742,-0.0025504932419826033,-0.0007724869073626702,-0.0015189331325322995,-0.0010315601094503038,ok
women,synthetic_control,2016-01-13,84,94,0.0007464462251696293,-0.0018040470168129742,-0.0025504932419826033,0.0009947956354717908,0.0002483494103021615,-0.0027988426522847646,exact_mean_match
women,random_forest,2016-01-13,84,94,0.0007464462251696293,-0.0018040470168129742,-0.0025504932419826033,0.00023874663976801756,-0.0005076995854016116,-0.0020427936565809916,ok
women,gradient_boosting,2016-01-13,84,94,0.0007464462251696293,-0.0018040470168129742,-0.0025504932419826033,0.0009644051356557658,0.00021795891048613655,-0.0027684521524687397,ok
women,twfe,2016-01-27,84,94,-3.0702158361732966e-05,0.0009981153598174874,0.0010288175181792202,-3.0702158361732966e-05,0.0,0.0010288175181792202,ok
women,linear_gap,2016-01-27,84,94,-3.0702158361732966e-05,0.0009981153598174874,0.0010288175181792202,-0.001127024375052942,-0.001096322216691209,0.002125139734870429,ok
women,synthetic_control,2016-01-27,84,94,-3.0702158361732966e-05,0.0009981153598174874,0.0010288175181792202,-2.8826105765850096e-06,2.7819547785147957e-05,0.0010009979703940724,exact_mean_match
women,random_forest,2016-01-27,84,94,-3.0702158361732966e-05,0.0009981153598174874,0.0010288175181792202,-0.0009615877604981395,-0.0009308856021364065,0.0019597031203156265,ok
women,gradient_boosting,2016-01-27,84,94,-3.0702158361732966e-05,0.0009981153598174874,0.0010288175181792202,-0.0007925581499386766,-0.0007618559915769436,0.001790673509756164,ok
women,twfe,2016-02-10,84,94,-3.933714040097029e-05,-0.00016738580568367815,-0.00012804866528270785,-3.933714040097029e-05,0.0,-0.00012804866528270785,ok
women,linear_gap,2016-02-10,84,94,-3.933714040097029e-05,-0.00016738580568367815,-0.00012804866528270785,-0.00026885858607328617,-0.0002295214456723159,0.00010147278038960804,ok
women,synthetic_control,2016-02-10,84,94,-3.933714040097029e-05,-0.00016738580568367815,-0.00012804866528270785,-2.192328681522573e-05,1.7413853585744558e-05,-0.0001454625188684524,exact_mean_match
women,random_forest,2016-02-10,84,94,-3.933714040097029e-05,-0.00016738580568367815,-0.00012804866528270785,0.00010950819598136659,0.00014884533638233688,-0.0002768940016650447,ok
women,gradient_boosting,2016-02-10,84,94,-3.933714040097029e-05,-0.00016738580568367815,-0.00012804866528270785,0.0001193517556689103,0.0001586888960698806,-0.00028673756135258845,ok
women,twfe,2016-02-24,84,94,-0.00022834730281538803,0.0018164459653821352,0.0020447932681975233,-0.00022834730281538803,0.0,0.0020447932681975233,ok
women,linear_gap,2016-02-24,84,94,-0.00022834730281538803,0.0018164459653821352,0.0020447932681975233,-0.000429003414050282,-0.00020065611123489395,0.0022454493794324174,ok
women,synthetic_control,2016-02-24,84,94,-0.00022834730281538803,0.0018164459653821352,0.0020447932681975233,-0.00020406820789475952,2.4279094920628502e-05,0.0020205141732768947,exact_mean_match
women,random_forest,2016-02-24,84,94,-0.00022834730281538803,0.0018164459653821352,0.0020447932681975233,-0.00014378359281093728,8.456371000445075e-05,0.0019602295581930725,ok
women,gradient_boosting,2016-02-24,84,94,-0.00022834730281538803,0.0018164459653821352,0.0020447932681975233,-0.00018981901063162037,3.8528292183767653e-05,0.0020062649760137557,ok
women,twfe,2016-03-09,84,94,7.867428080194029e-05,0.0009981153598174872,0.0009194410790155468,7.867428080194029e-05,0.0,0.0009194410790155468,ok
women,linear_gap,2016-03-09,84,94,7.867428080194029e-05,0.0009981153598174872,0.0009194410790155468,0.0008969924998045807,0.0008183182190026404,0.00010112286001290641,ok
women,synthetic_control,2016-03-09,84,94,7.867428080194029e-05,0.0009981153598174872,0.0009194410790155468,2.6516138600976916e-05,-5.215814220096338e-05,0.0009715992212165102,exact_mean_match
women,random_forest,2016-03-09,84,94,7.867428080194029e-05,0.0009981153598174872,0.0009194410790155468,0.00036679394845905513,0.00028811966765711485,0.0006313214113584319,ok
women,gradient_boosting,2016-03-09,84,94,7.867428080194029e-05,0.0009981153598174872,0.0009194410790155468,0.0009627766109456433,0.000884102330143703,3.533874887184387e-05,ok
women,twfe,2016-03-23,84,94,0.00030414325627091567,-0.0012212964340623917,-0.0015254396903333074,0.00030414325627091567,0.0,-0.0015254396903333074,ok
women,linear_gap,2016-03-23,84,94,0.00030414325627091567,-0.0012212964340623917,-0.0015254396903333074,0.0012045735431392322,0.0009004302868683165,-0.002425869977201624,ok
women,synthetic_control,2016-03-23,84,94,0.00030414325627091567,-0.0012212964340623917,-0.0015254396903333074,0.00012806448012127542,-0.00017607877614964025,-0.001349360914183667,exact_mean_match
women,random_forest,2016-03-23,84,94,0.00030414325627091567,-0.0012212964340623917,-0.0015254396903333074,0.0007739484200543743,0.00046980516378345864,-0.001995244854116766,ok
women,gradient_boosting,2016-03-23,84,94,0.00030414325627091567,-0.0012212964340623917,-0.0015254396903333074,0.0011066782114686543,0.0008025349551977385,-0.002327974645531046,ok
women,twfe,2016-04-06,84,94,-3.933714040097033e-05,0.00017978475425283927,0.0002191218946538096,-3.933714040097033e-05,0.0,0.0002191218946538096,ok
women,linear_gap,2016-04-06,84,94,-3.933714040097033e-05,0.00017978475425283927,0.0002191218946538096,0.0005640324231307716,0.000603369563531742,-0.00038424766887793237,ok
women,synthetic_control,2016-04-06,84,94,-3.933714040097033e-05,0.00017978475425283927,0.0002191218946538096,-1.1392422413501139e-05,2.794471798746919e-05,0.00019117717666634041,exact_mean_match
women,random_forest,2016-04-06,84,94,-3.933714040097033e-05,0.00017978475425283927,0.0002191218946538096,-0.00016081064318263866,-0.00012147350278166833,0.00034059539743547793,ok
women,gradient_boosting,2016-04-06,84,94,-3.933714040097033e-05,0.00017978475425283927,0.0002191218946538096,-0.00040899310907506215,-0.0003696559686740918,0.0005887778633279014,ok
women,twfe,2016-04-20,84,94,0.00026768444321635795,-0.00045876109705896955,-0.0007264455402753276,0.00026768444321635795,0.0,-0.0007264455402753276,ok
women,linear_gap,2016-04-20,84,94,0.00026768444321635795,-0.00045876109705896955,-0.0007264455402753276,-0.00015408573472849648,-0.0004217701779448544,-0.00030467536233047315,ok
women,synthetic_control,2016-04-20,84,94,0.00026768444321635795,-0.00045876109705896955,-0.0007264455402753276,0.0005304657556221243,0.0002627813124057663,-0.0009892268526810939,exact_mean_match
women,random_forest,2016-04-20,84,94,0.00026768444321635795,-0.00045876109705896955,-0.0007264455402753276,-5.66840137468131e-06,-0.0002733528445910393,-0.00045309269568428827,ok
women,gradient_boosting,2016-04-20,84,94,0.00026768444321635795,-0.00045876109705896955,-0.0007264455402753276,-0.00018287366249488622,-0.00045055810571124417,-0.0002758874345640834,ok
women,twfe,2016-05-04,84,94,4.2215467747382474e-05,0.0009981153598174874,0.0009558998920701049,4.2215467747382474e-05,0.0,0.0009558998920701049,ok
women,linear_gap,2016-05-04,84,94,4.2215467747382474e-05,0.0009981153598174874,0.0009558998920701049,-0.0006976338809399365,-0.0007398493486873189,0.0016957492407574238,ok
women,synthetic_control,2016-05-04,84,94,4.2215467747382474e-05,0.0009981153598174874,0.0009558998920701049,6.517176419357576e-06,-3.56982913280249e-05,0.0009915981833981298,exact_mean_match
women,random_forest,2016-05-04,84,94,4.2215467747382474e-05,0.0009981153598174874,0.0009558998920701049,-0.0004611223375728124,-0.0005033378053201948,0.0014592376973902998,ok
women,gradient_boosting,2016-05-04,84,94,4.2215467747382474e-05,0.0009981153598174874,0.0009558998920701049,-0.0005459258423701527,-0.0005881413101175352,0.0015440412021876402,ok
women,twfe,2016-05-18,84,94,0.0003127782383101531,-0.00034717055993651745,-0.0006599487982466706,0.0003127782383101531,0.0,-0.0006599487982466706,ok
women,linear_gap,2016-05-18,84,94,0.0003127782383101531,-0.00034717055993651745,-0.0006599487982466706,-0.00042090569913810506,-0.0007336839374482582,7.373513920158755e-05,ok
women,synthetic_control,2016-05-18,84,94,0.0003127782383101531,-0.00034717055993651745,-0.0006599487982466706,0.0001141283276175453,-0.00019864991069260782,-0.0004612988875540628,exact_mean_match
women,random_forest,2016-05-18,84,94,0.0003127782383101531,-0.00034717055993651745,-0.0006599487982466706,0.000384062905153854,7.128466684370088e-05,-0.0007312334650903716,ok
women,gradient_boosting,2016-05-18,84,94,0.0003127782383101531,-0.00034717055993651745,-0.0006599487982466706,0.0004929688516644658,0.0001801906133543127,-0.0008401394116009833,ok
women,twfe,2016-06-01,84,94,-2.206717632249556e-05,-0.00040296582849774364,-0.00038089865217524806,-2.206717632249556e-05,0.0,-0.00038089865217524806,ok
women,linear_gap,2016-06-01,84,94,-2.206717632249556e-05,-0.00040296582849774364,-0.00038089865217524806,-7.839661537027982e-05,-5.632943904778426e-05,-0.0003245692131274638,ok
women,synthetic_control,2016-06-01,84,94,-2.206717632249556e-05,-0.00040296582849774364,-0.00038089865217524806,-8.361133435305038e-06,1.370604288719052e-05,-0.0003946046950624386,exact_mean_match
women,random_forest,2016-06-01,84,94,-2.206717632249556e-05,-0.00040296582849774364,-0.00038089865217524806,-0.00015393217364691937,-0.00013186499732442382,-0.00024903365485082424,ok
women,gradient_boosting,2016-06-01,84,94,-2.206717632249556e-05,-0.00040296582849774364,-0.00038089865217524806,-3.164701666394219e-06,1.890247465610134e-05,-0.0003998011268313494,ok
women,twfe,2016-06-15,84,94,-0.0002839949648460288,0.0015808659425680703,0.001864860907414099,-0.0002839949648460288,0.0,0.001864860907414099,ok
women,linear_gap,2016-06-15,84,94,-0.0002839949648460288,0.0015808659425680703,0.001864860907414099,-4.690687810759205e-05,0.00023708808673843674,0.0016277728206756624,ok
women,synthetic_control,2016-06-15,84,94,-0.0002839949648460288,0.0015808659425680703,0.001864860907414099,-3.0956426385991354e-05,0.00025303853846003743,0.0016118223689540615,exact_mean_match
women,random_forest,2016-06-15,84,94,-0.0002839949648460288,0.0015808659425680703,0.001864860907414099,-0.0005464614840294855,-0.0002624665191834567,0.002127327426597556,ok
women,gradient_boosting,2016-06-15,84,94,-0.0002839949648460288,0.0015808659425680703,0.001864860907414099,-0.00025058220320759095,3.3412761638437836e-05,0.0018314481457756611,ok
women,twfe,2016-06-29,84,94,0.0001496730220134475,0.00023558002281406532,8.590700080061782e-05,0.0001496730220134475,0.0,8.590700080061782e-05,ok
women,linear_gap,2016-06-29,84,94,0.0001496730220134475,0.00023558002281406532,8.590700080061782e-05,0.0006815798643651642,0.0005319068423517167,-0.00044599984155109886,ok
women,synthetic_control,2016-06-29,84,94,0.0001496730220134475,0.00023558002281406532,8.590700080061782e-05,3.7465942891144266e-05,-0.00011220707912230324,0.00019811407992292106,exact_mean_match
women,random_forest,2016-06-29,84,94,0.0001496730220134475,0.00023558002281406532,8.590700080061782e-05,0.0005982031496685217,0.00044853012765507416,-0.00036262312685445637,ok
women,gradient_boosting,2016-06-29,84,94,0.0001496730220134475,0.00023558002281406532,8.590700080061782e-05,0.0010868042895774265,0.000937131267563979,-0.0008512242667633612,ok
women,twfe,2016-07-13,84,94,0.00015830800405268485,0.00023558002281406532,7.727201876138047e-05,0.00015830800405268485,0.0,7.727201876138047e-05,ok
women,linear_gap,2016-07-13,84,94,0.00015830800405268485,0.00023558002281406532,7.727201876138047e-05,0.0008334205347298638,0.0006751125306771789,-0.0005978405119157985,ok
women,synthetic_control,2016-07-13,84,94,0.00015830800405268485,0.00023558002281406532,7.727201876138047e-05,7.915174737154504e-05,-7.915625668113982e-05,0.0001564282754425203,exact_mean_match
women,random_forest,2016-07-13,84,94,0.00015830800405268485,0.00023558002281406532,7.727201876138047e-05,0.00019310703546895392,3.479903141626907e-05,4.24729873451114e-05,ok
women,gradient_boosting,2016-07-13,84,94,0.00015830800405268485,0.00023558002281406532,7.727201876138047e-05,0.0005908103763998559,0.0004325023723471711,-0.00035523035358579064,ok
women,twfe,2016-07-27,84,94,0.00026576555831874974,-0.0005827505827505828,-0.0008485161410693325,0.00026576555831874974,0.0,-0.0008485161410693325,ok
women,linear_gap,2016-07-27,84,94,0.00026576555831874974,-0.0005827505827505828,-0.0008485161410693325,0.0003562850051467816,9.051944682803188e-05,-0.0009390355878973644,ok
women,synthetic_control,2016-07-27,84,94,0.00026576555831874974,-0.0005827505827505828,-0.0008485161410693325,-8.239715041489831e-06,-0.00027400527336023957,-0.000574510867709093,exact_mean_match
women,random_forest,2016-07-27,84,94,0.00026576555831874974,-0.0005827505827505828,-0.0008485161410693325,-8.54617542183206e-06,-0.0002743117337405818,-0.0005742044073287507,ok
women,gradient_boosting,2016-07-27,84,94,0.00026576555831874974,-0.0005827505827505828,-0.0008485161410693325,0.000121870807562918,-0.00014389475075583173,-0.0007046213903135008,ok
women,twfe,2016-08-10,84,94,2.1107733873691268e-05,0.0007625353370034221,0.0007414276031297309,2.1107733873691268e-05,0.0,0.0007414276031297309,ok
women,linear_gap,2016-08-10,84,94,2.1107733873691268e-05,0.0007625353370034221,0.0007414276031297309,0.00014049251513914503,0.00011938478126545376,0.0006220428218642771,ok
women,synthetic_control,2016-08-10,84,94,2.1107733873691268e-05,0.0007625353370034221,0.0007414276031297309,1.3332483518263528e-05,-7.77525035542774e-06,0.0007492028534851586,exact_mean_match
women,random_forest,2016-08-10,84,94,2.1107733873691268e-05,0.0007625353370034221,0.0007414276031297309,-0.00018295521469662514,-0.0002040629485703164,0.0009454905517000472,ok
women,gradient_boosting,2016-08-10,84,94,2.1107733873691268e-05,0.0007625353370034221,0.0007414276031297309,-0.0002907993160145574,-0.0003119070498882487,0.0010533346530179795,ok
women,twfe,2016-08-24,84,94,0.0003194943354517822,-0.0020396270396270395,-0.0023591213750788218,0.0003194943354517822,0.0,-0.0023591213750788218,ok
women,linear_gap,2016-08-24,84,94,0.0003194943354517822,-0.0020396270396270395,-0.0023591213750788218,0.0009223034070527,0.0006028090716009178,-0.00296193044667974,ok
women,synthetic_control,2016-08-24,84,94,0.0003194943354517822,-0.0020396270396270395,-0.0023591213750788218,0.0004577528069571184,0.00013825847150533618,-0.002497379846584158,exact_mean_match
women,random_forest,2016-08-24,84,94,0.0003194943354517822,-0.0020396270396270395,-0.0023591213750788218,0.0007952627565527457,0.0004757684211009635,-0.0028348897961797855,ok
women,gradient_boosting,2016-08-24,84,94,0.0003194943354517822,-0.0020396270396270395,-0.0023591213750788218,0.001111232328557912,0.0007917379931061297,-0.0031508593681849515,ok
women,twfe,2016-09-07,84,94,0.0002379417273034294,-0.001456876456876457,-0.0016948181841798865,0.0002379417273034294,0.0,-0.0016948181841798865,ok
women,linear_gap,2016-09-07,84,94,0.0002379417273034294,-0.001456876456876457,-0.0016948181841798865,-0.00044753990409398837,-0.0006854816313974178,-0.0010093365527824687,ok
women,synthetic_control,2016-09-07,84,94,0.0002379417273034294,-0.001456876456876457,-0.0016948181841798865,0.00012910330404249343,-0.00010883842326093597,-0.0015859797609189504,exact_mean_match
women,random_forest,2016-09-07,84,94,0.0002379417273034294,-0.001456876456876457,-0.0016948181841798865,-5.57260829082413e-05,-0.0002936678102116707,-0.0014011503739682156,ok
women,gradient_boosting,2016-09-07,84,94,0.0002379417273034294,-0.001456876456876457,-0.0016948181841798865,-0.0002735545502849332,-0.0005114962775883626,-0.0011833219065915238,ok
women,twfe,2016-09-21,84,94,-0.00023218507261060453,0.0007067400684421961,0.0009389251410528007,-0.00023218507261060453,0.0,0.0009389251410528007,ok
women,linear_gap,2016-09-21,84,94,-0.00023218507261060453,0.0007067400684421961,0.0009389251410528007,-0.000917106212077198,-0.0006849211394665934,0.0016238462805193941,ok
women,synthetic_control,2016-09-21,84,94,-0.00023218507261060453,0.0007067400684421961,0.0009389251410528007,-6.476264668782753e-05,0.000167422425922777,0.0007715027151300236,exact_mean_match
women,random_forest,2016-09-21,84,94,-0.00023218507261060453,0.0007067400684421961,0.0009389251410528007,-0.00048679781379079465,-0.0002546127411801901,0.0011935378822329908,ok
women,gradient_boosting,2016-09-21,84,94,-0.00023218507261060453,0.0007067400684421961,0.0009389251410528007,-0.0008906652214151046,-0.0006584801488045001,0.0015974052898573008,ok
women,twfe,2016-10-05,84,94,-0.00015926744650148912,-0.0032051282051282055,-0.003045860758626716,-0.00015926744650148912,0.0,-0.003045860758626716,ok
women,linear_gap,2016-10-05,84,94,-0.00015926744650148912,-0.0032051282051282055,-0.003045860758626716,-0.0002046672928982113,-4.539984639672219e-05,-0.003000460912229994,ok
women,synthetic_control,2016-10-05,84,94,-0.00015926744650148912,-0.0032051282051282055,-0.003045860758626716,-0.0003265783438093856,-0.00016731089730789647,-0.00287854986131882,exact_mean_match
women,random_forest,2016-10-05,84,94,-0.00015926744650148912,-0.0032051282051282055,-0.003045860758626716,-9.152994766392942e-05,6.77374988375597e-05,-0.003113598257464276,ok
women,gradient_boosting,2016-10-05,84,94,-0.00015926744650148912,-0.0032051282051282055,-0.003045860758626716,3.33150303322629e-05,0.00019258247683375202,-0.003238443235460468,ok
women,twfe,2016-10-19,84,94,-0.0006466642104939977,-0.0001115905371224521,0.0005350736733715456,-0.0006466642104939977,0.0,0.0005350736733715456,ok
women,linear_gap,2016-10-19,84,94,-0.0006466642104939977,-0.0001115905371224521,0.0005350736733715456,-0.002079842077610266,-0.0014331778671162684,0.001968251540487814,ok
women,synthetic_control,2016-10-19,84,94,-0.0006466642104939977,-0.0001115905371224521,0.0005350736733715456,-0.00014829999275473818,0.0004983642177392595,3.6709455632286136e-05,exact_mean_match
women,random_forest,2016-10-19,84,94,-0.0006466642104939977,-0.0001115905371224521,0.0005350736733715456,-0.001558570426527975,-0.0009119062160339774,0.001446979889405523,ok
women,gradient_boosting,2016-10-19,84,94,-0.0006466642104939977,-0.0001115905371224521,0.0005350736733715456,-0.0024173594548490157,-0.001770695244355018,0.0023057689177265637,ok
women,twfe,2016-11-02,84,94,-0.00044710018114273446,-0.0012212964340623917,-0.0007741962529196572,-0.00044710018114273446,0.0,-0.0007741962529196572,ok
women,linear_gap,2016-11-02,84,94,-0.00044710018114273446,-0.0012212964340623917,-0.0007741962529196572,-0.0011847075621067584,-0.0007376073809640239,-3.658887195563329e-05,ok
women,synthetic_control,2016-11-02,84,94,-0.00044710018114273446,-0.0012212964340623917,-0.0007741962529196572,-0.00036007506545956383,8.702511568317063e-05,-0.0008612213686028279,exact_mean_match
women,random_forest,2016-11-02,84,94,-0.00044710018114273446,-0.0012212964340623917,-0.0007741962529196572,-0.0004658470365486957,-1.874685540596122e-05,-0.0007554493975136961,ok
women,gradient_boosting,2016-11-02,84,94,-0.00044710018114273446,-0.0012212964340623917,-0.0007741962529196572,-0.0003215000740315004,0.00012560010711123407,-0.0008997963600308913,ok
women,twfe,2016-11-16,84,94,-0.0009258619630960058,0.003453107176511432,0.004378969139607438,-0.0009258619630960058,0.0,0.004378969139607438,ok
women,linear_gap,2016-11-16,84,94,-0.0009258619630960058,0.003453107176511432,0.004378969139607438,-0.0008639276047399833,6.193435835602252e-05,0.004317034781251416,ok
women,synthetic_control,2016-11-16,84,94,-0.0009258619630960058,0.003453107176511432,0.004378969139607438,-0.0002573918111852668,0.000668470151910739,0.003710498987696699,exact_mean_match
women,random_forest,2016-11-16,84,94,-0.0009258619630960058,0.003453107176511432,0.004378969139607438,-0.0006339697109360133,0.0002918922521599925,0.004087076887447446,ok
women,gradient_boosting,2016-11-16,84,94,-0.0009258619630960058,0.003453107176511432,0.004378969139607438,-0.0008289886333831242,9.68733297128816e-05,0.0042820958098945565,ok
women,twfe,2016-11-30,84,94,-0.00020244235669767595,-0.0001115905371224521,9.085181957522385e-05,-0.00020244235669767595,0.0,9.085181957522385e-05,ok
women,linear_gap,2016-11-30,84,94,-0.00020244235669767595,-0.0001115905371224521,9.085181957522385e-05,0.0015392863183370535,0.0017417286750347294,-0.0016508768554595057,ok
women,synthetic_control,2016-11-30,84,94,-0.00020244235669767595,-0.0001115905371224521,9.085181957522385e-05,-4.163028677763416e-05,0.0001608120699200418,-6.996025034481794e-05,exact_mean_match
women,random_forest,2016-11-30,84,94,-0.00020244235669767595,-0.0001115905371224521,9.085181957522385e-05,0.0010780003558231103,0.0012804427125207862,-0.0011895908929455625,ok
women,gradient_boosting,2016-11-30,84,94,-0.00020244235669767595,-0.0001115905371224521,9.085181957522385e-05,0.001691583644572022,0.001894026001269698,-0.001803174181694474,ok
women,twfe,2016-12-14,84,94,-3.933714040097025e-05,-0.0006943411198730349,-0.0006550039794720647,-3.933714040097025e-05,0.0,-0.0006550039794720647,ok
women,linear_gap,2016-12-14,84,94,-3.933714040097025e-05,-0.0006943411198730349,-0.0006550039794720647,0.0008823918398386486,0.0009217289802396188,-0.0015767329597116833,ok
women,synthetic_control,2016-12-14,84,94,-3.933714040097025e-05,-0.0006943411198730349,-0.0006550039794720647,-1.9512627925042866e-05,1.9824512475927382e-05,-0.000674828491947992,exact_mean_match
women,random_forest,2016-12-14,84,94,-3.933714040097025e-05,-0.0006943411198730349,-0.0006550039794720647,-9.029943928153157e-05,-5.096229888056132e-05,-0.0006040416805915033,ok
women,gradient_boosting,2016-12-14,84,94,-3.933714040097025e-05,-0.0006943411198730349,-0.0006550039794720647,0.0003760208939673631,0.0004153580343683334,-0.001070362013840398,ok
women,twfe,2016-12-28,84,94,-0.00030126492892450343,0.00017978475425283927,0.0004810496831773427,-0.00030126492892450343,0.0,0.0004810496831773427,ok
women,linear_gap,2016-12-28,84,94,-0.00030126492892450343,0.00017978475425283927,0.0004810496831773427,0.0006179418376264084,0.0009192067665509118,-0.0004381570833735691,ok
women,synthetic_control,2016-12-28,84,94,-0.00030126492892450343,0.00017978475425283927,0.0004810496831773427,-4.1592778641340875e-05,0.00025967215028316256,0.00022137753289418015,exact_mean_match
women,random_forest,2016-12-28,84,94,-0.00030126492892450343,0.00017978475425283927,0.0004810496831773427,-0.00042025261572161256,-0.00011898768679710912,0.0006000373699744518,ok
women,gradient_boosting,2016-12-28,84,94,-0.00030126492892450343,0.00017978475425283927,0.0004810496831773427,-0.0007784495646173719,-0.0004771846356928685,0.0009582343188702111,ok
women,twfe,2017-01-11,84,94,0.00022259064812256283,-0.0009299211426871002,-0.0011525117908096631,0.00022259064812256283,0.0,-0.0011525117908096631,ok
women,linear_gap,2017-01-11,84,94,0.00022259064812256283,-0.0009299211426871002,-0.0011525117908096631,-0.00044831819307343827,-0.0006709088411960011,-0.00048160294961366204,ok
women,synthetic_control,2017-01-11,84,94,0.00022259064812256283,-0.0009299211426871002,-0.0011525117908096631,0.0002928147002446053,7.022405212204249e-05,-0.0012227358429317057,exact_mean_match
women,random_forest,2017-01-11,84,94,0.00022259064812256283,-0.0009299211426871002,-0.0011525117908096631,3.6958449453324284e-05,-0.00018563219866923853,-0.0009668795921404246,ok
women,gradient_boosting,2017-01-11,84,94,0.00022259064812256283,-0.0009299211426871002,-0.0011525117908096631,-0.0004087149255863241,-0.0006313055737088869,-0.0005212062171007762,ok
women,twfe,2017-01-25,84,94,-3.070215836173286e-05,0.0010539106283787133,0.0010846127867404462,-3.070215836173286e-05,0.0,0.0010846127867404462,ok
women,linear_gap,2017-01-25,84,94,-3.070215836173286e-05,0.0010539106283787133,0.0010846127867404462,-0.0008871338286603873,-0.0008564316702986544,0.0019410444570391006,ok
women,synthetic_control,2017-01-25,84,94,-3.070215836173286e-05,0.0010539106283787133,0.0010846127867404462,-1.2331284281032282e-06,2.946902993362963e-05,0.0010551437568068166,exact_mean_match
women,random_forest,2017-01-25,84,94,-3.070215836173286e-05,0.0010539106283787133,0.0010846127867404462,-0.0003832338921636528,-0.00035253173380191995,0.0014371445205423662,ok
women,gradient_boosting,2017-01-25,84,94,-3.070215836173286e-05,0.0010539106283787133,0.0010846127867404462,-0.0005356994139939823,-0.0005049972556322494,0.0015896100423726956,ok
women,twfe,2017-02-08,84,94,0.00044805962359153843,-0.00034717055993651745,-0.0007952301835280559,0.00044805962359153843,0.0,-0.0007952301835280559,ok
women,linear_gap,2017-02-08,84,94,0.00044805962359153843,-0.00034717055993651745,-0.0007952301835280559,-0.0005280370739379813,-0.0009760966975295197,0.0001808665140014638,ok
women,synthetic_control,2017-02-08,84,94,0.00044805962359153843,-0.00034717055993651745,-0.0007952301835280559,-1.7594167132397665e-05,-0.0004656537907239361,-0.0003295763928041198,exact_mean_match
women,random_forest,2017-02-08,84,94,0.00044805962359153843,-0.00034717055993651745,-0.0007952301835280559,0.00022222267395364712,-0.0002258369496378913,-0.0005693932338901646,ok
women,gradient_boosting,2017-02-08,84,94,0.00044805962359153843,-0.00034717055993651745,-0.0007952301835280559,0.001143971569028384,0.0006959119454368456,-0.0014911421289649015,ok
women,twfe,2017-02-22,84,94,-0.00023026618771299632,-0.0009299211426871002,-0.0006996549549741039,-0.00023026618771299632,0.0,-0.0006996549549741039,ok
women,linear_gap,2017-02-22,84,94,-0.00023026618771299632,-0.0009299211426871002,-0.0006996549549741039,0.00010658946271206359,0.0003368556504250599,-0.0010365106053991638,ok
women,synthetic_control,2017-02-22,84,94,-0.00023026618771299632,-0.0009299211426871002,-0.0006996549549741039,-2.853998325822566e-05,0.00020172620445477066,-0.0009013811594288745,exact_mean_match
women,random_forest,2017-02-22,84,94,-0.00023026618771299632,-0.0009299211426871002,-0.0006996549549741039,-0.0002339885375369937,-3.722349823997382e-06,-0.0006959326051501065,ok
women,gradient_boosting,2017-02-22,84,94,-0.00023026618771299632,-0.0009299211426871002,-0.0006996549549741039,0.00025074810152274135,0.00048101428923573767,-0.0011806692442098417,ok
women,twfe,2017-03-08,84,94,-0.0001851723926192012,0.00017978475425283927,0.00036495714687204047,-0.0001851723926192012,0.0,0.00036495714687204047,ok
women,linear_gap,2017-03-08,84,94,-0.0001851723926192012,0.00017978475425283927,0.00036495714687204047,0.0001547659634253889,0.0003399383560445901,2.501879082745037e-05,ok
women,synthetic_control,2017-03-08,84,94,-0.0001851723926192012,0.00017978475425283927,0.00036495714687204047,-0.00019844626910535553,-1.3273876486154332e-05,0.0003782310233581948,exact_mean_match
women,random_forest,2017-03-08,84,94,-0.0001851723926192012,0.00017978475425283927,0.00036495714687204047,-0.00011972977402763783,6.544261859156336e-05,0.0002995145282804771,ok
women,gradient_boosting,2017-03-08,84,94,-0.0001851723926192012,0.00017978475425283927,0.00036495714687204047,-0.00017565951037462737,9.512882244573824e-06,0.00035544426462746665,ok
women,twfe,2017-03-22,84,94,-4.9891007337816004e-05,-0.00034717055993651745,-0.00029727955259870146,-4.9891007337816004e-05,0.0,-0.00029727955259870146,ok
women,linear_gap,2017-03-22,84,94,-4.9891007337816004e-05,-0.00034717055993651745,-0.00029727955259870146,-2.8031822035690518e-05,2.1859185302125486e-05,-0.00031913873790082693,ok
women,synthetic_control,2017-03-22,84,94,-4.9891007337816004e-05,-0.00034717055993651745,-0.00029727955259870146,-1.9142246423673554e-05,3.074876091414245e-05,-0.0003280283135128439,exact_mean_match
women,random_forest,2017-03-22,84,94,-4.9891007337816004e-05,-0.00034717055993651745,-0.00029727955259870146,-4.896187158254336e-05,9.291357552726416e-07,-0.0002982086883539741,ok
women,gradient_boosting,2017-03-22,84,94,-4.9891007337816004e-05,-0.00034717055993651745,-0.00029727955259870146,0.0001405295965156893,0.0001904206038535053,-0.00048770015645220675,ok
women,twfe,2017-04-05,84,94,-0.00013144361548616878,0.0,0.00013144361548616878,-0.00013144361548616878,0.0,0.00013144361548616878,ok
women,linear_gap,2017-04-05,84,94,-0.00013144361548616878,0.0,0.00013144361548616878,-4.428712024307924e-05,8.715649524308954e-05,4.428712024307924e-05,ok
women,synthetic_control,2017-04-05,84,94,-0.00013144361548616878,0.0,0.00013144361548616878,0.0,0.00013144361548616878,0.0,exact_mean_match
women,random_forest,2017-04-05,84,94,-0.00013144361548616878,0.0,0.00013144361548616878,-0.00012754087446725153,3.902741018917252e-06,0.00012754087446725153,ok
women,gradient_boosting,2017-04-05,84,94,-0.00013144361548616878,0.0,0.00013144361548616878,-0.00031177394700585237,-0.0001803303315196836,0.00031177394700585237,ok
women,twfe,2017-04-19,84,94,1.2472751834453882e-05,-0.0002913752913752914,-0.00030384804320974525,1.2472751834453882e-05,0.0,-0.00030384804320974525,ok
women,linear_gap,2017-04-19,84,94,1.2472751834453882e-05,-0.0002913752913752914,-0.00030384804320974525,-0.00037230495867603456,-0.00038477771051048844,8.092966730074318e-05,ok
women,synthetic_control,2017-04-19,84,94,1.2472751834453882e-05,-0.0002913752913752914,-0.00030384804320974525,-1.5639287406044944e-07,-1.2629144708514332e-05,-0.0002912188985012309,exact_mean_match
women,random_forest,2017-04-19,84,94,1.2472751834453882e-05,-0.0002913752913752914,-0.00030384804320974525,4.32294148378224e-06,-8.149810350671642e-06,-0.0002956982328590736,ok
women,gradient_boosting,2017-04-19,84,94,1.2472751834453882e-05,-0.0002913752913752914,-0.00030384804320974525,-0.00012515715504171984,-0.00013762990687617372,-0.00016621813633357153,ok
women,twfe,2017-05-03,84,94,-0.00015063246446225174,0.0015250706740068442,0.001675703138469096,-0.00015063246446225174,0.0,0.001675703138469096,ok
women,linear_gap,2017-05-03,84,94,-0.00015063246446225174,0.0015250706740068442,0.001675703138469096,0.0006147192670775474,0.0007653517315397991,0.0009103514069292969,ok
women,synthetic_control,2017-05-03,84,94,-0.00015063246446225174,0.0015250706740068442,0.001675703138469096,-0.00020510397669921726,-5.447151223696552e-05,0.0017301746507060614,exact_mean_match
women,random_forest,2017-05-03,84,94,-0.00015063246446225174,0.0015250706740068442,0.001675703138469096,5.7860724471326366e-05,0.00020849318893357812,0.0014672099495355178,ok
women,gradient_boosting,2017-05-03,84,94,-0.00015063246446225174,0.0015250706740068442,0.001675703138469096,0.00013307658830363084,0.0002837090527658826,0.0013919940857032133,ok
women,twfe,2017-05-17,84,94,0.00022930674526419202,0.0036886871993254966,0.003459380454061305,0.00022930674526419202,0.0,0.003459380454061305,ok
women,linear_gap,2017-05-17,84,94,0.00022930674526419202,0.0036886871993254966,0.003459380454061305,0.001339921506191406,0.001110614760927214,0.002348765693134091,ok
women,synthetic_control,2017-05-17,84,94,0.00022930674526419202,0.0036886871993254966,0.003459380454061305,8.191209589798482e-06,-0.00022111553567439354,0.0036804959897356986,exact_mean_match
women,random_forest,2017-05-17,84,94,0.00022930674526419202,0.0036886871993254966,0.003459380454061305,0.00037982221384791435,0.00015051546858372233,0.0033088649854775823,ok
women,gradient_boosting,2017-05-17,84,94,0.00022930674526419202,0.0036886871993254966,0.003459380454061305,0.0010415594395617306,0.0008122526942975386,0.002647127759763766,ok
women,twfe,2017-05-31,84,94,0.000682163581099751,0.0009981153598174874,0.0003159517787177364,0.000682163581099751,0.0,0.0003159517787177364,ok
women,linear_gap,2017-05-31,84,94,0.000682163581099751,0.0009981153598174874,0.0003159517787177364,0.0026895654313449273,0.002007401850245176,-0.0016914500715274397,ok
women,synthetic_control,2017-05-31,84,94,0.000682163581099751,0.0009981153598174874,0.0003159517787177364,3.6207340876825153e-05,-0.0006459562402229258,0.0009619080189406622,exact_mean_match
women,random_forest,2017-05-31,84,94,0.000682163581099751,0.0009981153598174874,0.0003159517787177364,0.0013576598048441414,0.0006754962237443905,-0.00035954444502665404,ok
women,gradient_boosting,2017-05-31,84,94,0.000682163581099751,0.0009981153598174874,0.0003159517787177364,0.0024451733303041396,0.0017630097492043887,-0.0014470579704866523,ok
women,twfe,2017-06-14,84,94,0.0008539037794356943,0.000886524822695035,3.26210432593407e-05,0.0008539037794356943,0.0,3.26210432593407e-05,ok
women,linear_gap,2017-06-14,84,94,0.0008539037794356943,0.000886524822695035,3.26210432593407e-05,0.002542665967007582,0.0016887621875718876,-0.001656141144312547,ok
women,synthetic_control,2017-06-14,84,94,0.0008539037794356943,0.000886524822695035,3.26210432593407e-05,0.0011600996494805166,0.0003061958700448223,-0.0002735748267854816,exact_mean_match
women,random_forest,2017-06-14,84,94,0.0008539037794356943,0.000886524822695035,3.26210432593407e-05,0.0006714108528671007,-0.00018249292656859358,0.00021511396982793428,ok
women,gradient_boosting,2017-06-14,84,94,0.0008539037794356943,0.000886524822695035,3.26210432593407e-05,0.0011343859858669347,0.00028048220643124035,-0.00024786116317189965,ok
women,twfe,2017-06-28,84,94,0.001171479229989868,0.003217527153697366,0.002046047923707498,0.001171479229989868,0.0,0.002046047923707498,ok
women,linear_gap,2017-06-28,84,94,0.001171479229989868,0.003217527153697366,0.002046047923707498,0.0022843359586403765,0.0011128567286505084,0.0009331911950569898,ok
women,synthetic_control,2017-06-28,84,94,0.001171479229989868,0.003217527153697366,0.002046047923707498,5.148379991474063e-05,-0.0011199954300751274,0.0031660433537826255,exact_mean_match
women,random_forest,2017-06-28,84,94,0.001171479229989868,0.003217527153697366,0.002046047923707498,0.0007770564487696688,-0.0003944227812201993,0.0024404707049276975,ok
women,gradient_boosting,2017-06-28,84,94,0.001171479229989868,0.003217527153697366,0.002046047923707498,0.0015424192077005455,0.00037093997771067743,0.0016751079459968207,ok
women,twfe,2017-07-12,84,94,0.0016694298609192222,0.00427143778207608,0.0026020079211568573,0.0016694298609192222,0.0,0.0026020079211568573,ok
women,linear_gap,2017-07-12,84,94,0.0016694298609192222,0.00427143778207608,0.0026020079211568573,0.002965847696914501,0.0012964178359952789,0.0013055900851615784,ok
women,synthetic_control,2017-07-12,84,94,0.0016694298609192222,0.00427143778207608,0.0026020079211568573,0.0018373935759407574,0.00016796371502153518,0.002434044206135322,exact_mean_match
women,random_forest,2017-07-12,84,94,0.0016694298609192222,0.00427143778207608,0.0026020079211568573,0.002311081837243214,0.0006416519763239917,0.0019603559448328656,ok
women,gradient_boosting,2017-07-12,84,94,0.0016694298609192222,0.00427143778207608,0.0026020079211568573,0.0029730483070939872,0.001303618446174765,0.0012983894749820923,ok
women,twfe,2017-07-26,84,94,0.0022489330999969294,0.005449337896146406,0.003200404796149476,0.0022489330999969294,0.0,0.003200404796149476,ok
women,linear_gap,2017-07-26,84,94,0.0022489330999969294,0.005449337896146406,0.003200404796149476,0.0037112565475160312,0.0014623234475191018,0.0017380813486303744,ok
women,synthetic_control,2017-07-26,84,94,0.0022489330999969294,0.005449337896146406,0.003200404796149476,0.003563627743603328,0.0013146946436063986,0.0018857101525430776,exact_mean_match
women,random_forest,2017-07-26,84,94,0.0022489330999969294,0.005449337896146406,0.003200404796149476,0.0026417145458209825,0.00039278144582405305,0.002807623350325423,ok
women,gradient_boosting,2017-07-26,84,94,0.0022489330999969294,0.005449337896146406,0.003200404796149476,0.0037836123384092737,0.0015346792384123443,0.001665725557737132,ok
women,twfe,2017-08-09,84,94,0.00293781277823831,0.0015250706740068442,-0.0014127421042314657,0.00293781277823831,0.0,-0.0014127421042314657,ok
women,linear_gap,2017-08-09,84,94,0.00293781277823831,0.0015250706740068442,-0.0014127421042314657,0.005307012169830201,0.002369199391591891,-0.003781941495823357,ok
women,synthetic_control,2017-08-09,84,94,0.00293781277823831,0.0015250706740068442,-0.0014127421042314657,0.0006219995110927749,-0.0023158132671455348,0.000903071162914069,exact_mean_match
women,random_forest,2017-08-09,84,94,0.00293781277823831,0.0015250706740068442,-0.0014127421042314657,0.0032688001328218283,0.0003309873545835184,-0.0017437294588149841,ok
women,gradient_boosting,2017-08-09,84,94,0.00293781277823831,0.0015250706740068442,-0.0014127421042314657,0.00415337205874113,0.00121555928050282,-0.0026283013847342857,ok
women,twfe,2017-08-23,84,94,0.0026931549537932515,0.0011779001140703265,-0.001515254839722925,0.0026931549537932515,0.0,-0.001515254839722925,ok
women,linear_gap,2017-08-23,84,94,0.0026931549537932515,0.0011779001140703265,-0.001515254839722925,0.004018998616156775,0.0013258436623635236,-0.0028410985020864486,ok
women,synthetic_control,2017-08-23,84,94,0.0026931549537932515,0.0011779001140703265,-0.001515254839722925,0.0003114038413507907,-0.002381751112442461,0.0008664962727195358,exact_mean_match
women,random_forest,2017-08-23,84,94,0.0026931549537932515,0.0011779001140703265,-0.001515254839722925,0.0019022862748672297,-0.0007908686789260219,-0.0007243861607969032,ok
women,gradient_boosting,2017-08-23,84,94,0.0026931549537932515,0.0011779001140703265,-0.001515254839722925,0.0017063971031332724,-0.000986757850659979,-0.000528496989062946,ok
women,twfe,2017-09-06,84,94,0.002630791194620982,0.0014134801368843922,-0.0012173110577365898,0.002630791194620982,0.0,-0.0012173110577365898,ok
women,linear_gap,2017-09-06,84,94,0.002630791194620982,0.0014134801368843922,-0.0012173110577365898,0.0014492742044445637,-0.0011815169901764184,-3.579406756017145e-05,ok
women,synthetic_control,2017-09-06,84,94,0.002630791194620982,0.0014134801368843922,-0.0012173110577365898,0.0034023699561607805,0.0007715787615397984,-0.0019888898192763882,exact_mean_match
women,random_forest,2017-09-06,84,94,0.002630791194620982,0.0014134801368843922,-0.0012173110577365898,0.00040447965484147625,-0.0022263115397795057,0.001009000482042916,ok
women,gradient_boosting,2017-09-06,84,94,0.002630791194620982,0.0014134801368843922,-0.0012173110577365898,0.00026725874527166955,-0.0023635324493493123,0.0011462213916127225,ok
women,twfe,2017-09-20,84,94,0.002540603604433391,-0.0016242622625601349,-0.004164865866993526,0.002540603604433391,0.0,-0.004164865866993526,ok
women,linear_gap,2017-09-20,84,94,0.002540603604433391,-0.0016242622625601349,-0.004164865866993526,-1.7877937830356519e-06,-0.0025423913982164266,-0.0016224744687770992,ok
women,synthetic_control,2017-09-20,84,94,0.002540603604433391,-0.0016242622625601349,-0.004164865866993526,0.0021554668175700993,-0.00038513678686329187,-0.003779729080130234,exact_mean_match
women,random_forest,2017-09-20,84,94,0.002540603604433391,-0.0016242622625601349,-0.004164865866993526,0.0008861349355717203,-0.001654468668861671,-0.002510397198131855,ok
women,gradient_boosting,2017-09-20,84,94,0.002540603604433391,-0.0016242622625601349,-0.004164865866993526,0.0007481295450886395,-0.0017924740593447516,-0.002372391807648774,ok
women,twfe,2017-10-04,84,94,0.0019179254551594976,-0.0007501363884342609,-0.0026680618435937584,0.0019179254551594976,0.0,-0.0026680618435937584,ok
women,linear_gap,2017-10-04,84,94,0.0019179254551594976,-0.0007501363884342609,-0.0026680618435937584,-0.0019396602587348002,-0.003857585713894298,0.0011895238703005396,ok
women,synthetic_control,2017-10-04,84,94,0.0019179254551594976,-0.0007501363884342609,-0.0026680618435937584,0.0016731219904940297,-0.0002448034646654678,-0.002423258378928291,exact_mean_match
women,random_forest,2017-10-04,84,94,0.0019179254551594976,-0.0007501363884342609,-0.0026680618435937584,0.00010598232727385721,-0.0018119431278856403,-0.0008561187157081181,ok
women,gradient_boosting,2017-10-04,84,94,0.0019179254551594976,-0.0007501363884342609,-0.0026680618435937584,-0.00019447992053443197,-0.0021124053756939295,-0.000555656467899829,ok
women,twfe,2017-10-18,84,94,0.0011407770716281357,0.0027587660566383964,0.0016179889850102607,0.0011407770716281357,0.0,0.0016179889850102607,ok
women,linear_gap,2017-10-18,84,94,0.0011407770716281357,0.0027587660566383964,0.0016179889850102607,-0.002392844306250048,-0.003533621377878184,0.005151610362888444,ok
women,synthetic_control,2017-10-18,84,94,0.0011407770716281357,0.0027587660566383964,0.0016179889850102607,0.0005177522496288456,-0.00062302482199929,0.002241013807009551,exact_mean_match
women,random_forest,2017-10-18,84,94,0.0011407770716281357,0.0027587660566383964,0.0016179889850102607,7.480031785534688e-06,-0.001133297039842601,0.0027512860248528614,ok
women,gradient_boosting,2017-10-18,84,94,0.0011407770716281357,0.0027587660566383964,0.0016179889850102607,-0.0003171648360747935,-0.0014579419077029292,0.00307593089271319,ok
women,twfe,2017-11-01,84,94,0.0007243790488471338,0.00024797897138322645,-0.0004764000774639074,0.0007243790488471338,0.0,-0.0004764000774639074,ok
women,linear_gap,2017-11-01,84,94,0.0007243790488471338,0.00024797897138322645,-0.0004764000774639074,0.0011730528394715254,0.0004486737906243916,-0.0009250738680882989,ok
women,synthetic_control,2017-11-01,84,94,0.0007243790488471338,0.00024797897138322645,-0.0004764000774639074,0.0007965467892348515,7.216774038771765e-05,-0.000548567817851625,exact_mean_match
women,random_forest,2017-11-01,84,94,0.0007243790488471338,0.00024797897138322645,-0.0004764000774639074,0.001283874460769979,0.0005594954119228451,-0.0010358954893867525,ok
women,gradient_boosting,2017-11-01,84,94,0.0007243790488471338,0.00024797897138322645,-0.0004764000774639074,0.002080893414884798,0.001356514366037664,-0.0018329144435015713,ok
women,twfe,2017-11-15,84,94,0.0005718276994872736,0.0008865248226950351,0.00031469712320776155,0.0005718276994872736,0.0,0.00031469712320776155,ok
women,linear_gap,2017-11-15,84,94,0.0005718276994872736,0.0008865248226950351,0.00031469712320776155,0.0009322240110069299,0.00036039631151965634,-4.569918831189479e-05,ok
women,synthetic_control,2017-11-15,84,94,0.0005718276994872736,0.0008865248226950351,0.00031469712320776155,0.0002084620082962287,-0.00036336569119104487,0.0006780628143988064,exact_mean_match
women,random_forest,2017-11-15,84,94,0.0005718276994872736,0.0008865248226950351,0.00031469712320776155,0.00036734166890965665,-0.00020448603057761692,0.0005191831537853784,ok
women,gradient_boosting,2017-11-15,84,94,0.0005718276994872736,0.0008865248226950351,0.00031469712320776155,0.0007275960767285347,0.00015576837724126115,0.0001589287459665004,ok
women,twfe,2017-11-29,84,94,0.0006169214945810688,0.002647175519515945,0.002030254024934876,0.0006169214945810688,0.0,0.002030254024934876,ok
women,linear_gap,2017-11-29,84,94,0.0006169214945810688,0.002647175519515945,0.002030254024934876,0.0012791427108493016,0.0006622212162682328,0.0013680328086666436,ok
women,synthetic_control,2017-11-29,84,94,0.0006169214945810688,0.002647175519515945,0.002030254024934876,0.0008947810810225288,0.00027785958644146005,0.001752394438493416,exact_mean_match
women,random_forest,2017-11-29,84,94,0.0006169214945810688,0.002647175519515945,0.002030254024934876,0.000625514942607351,8.593448026282188e-06,0.002021660576908594,ok
women,gradient_boosting,2017-11-29,84,94,0.0006169214945810688,0.002647175519515945,0.002030254024934876,0.0008309002349703403,0.00021397874038927146,0.0018162752845456048,ok
women,twfe,2017-12-13,84,94,0.0008894031500414478,0.0007067400684421959,-0.0001826630815992519,0.0008894031500414478,0.0,-0.0001826630815992519,ok
women,linear_gap,2017-12-13,84,94,0.0008894031500414478,0.0007067400684421959,-0.0001826630815992519,0.0029074543469722746,0.0020180511969308266,-0.0022007142785300787,ok
women,synthetic_control,2017-12-13,84,94,0.0008894031500414478,0.0007067400684421959,-0.0001826630815992519,0.0002644047581762028,-0.000624998391865245,0.0004423353102659931,exact_mean_match
women,random_forest,2017-12-13,84,94,0.0008894031500414478,0.0007067400684421959,-0.0001826630815992519,0.000622580347416628,-0.0002668228026248198,8.415972102556791e-05,ok
women,gradient_boosting,2017-12-13,84,94,0.0008894031500414478,0.0007067400684421959,-0.0001826630815992519,0.0018946573866083425,0.0010052542365668947,-0.0011879173181661466,ok
women,twfe,2017-12-27,84,94,0.0012501535107918083,0.008251500272776869,0.00700134676198506,0.0012501535107918083,0.0,0.00700134676198506,ok
women,linear_gap,2017-12-27,84,94,0.0012501535107918083,0.008251500272776869,0.00700134676198506,0.0022290526679754454,0.000978899157183637,0.006022447604801424,ok
women,synthetic_control,2017-12-27,84,94,0.0012501535107918083,0.008251500272776869,0.00700134676198506,0.001521002341064402,0.0002708488302725937,0.006730497931712467,exact_mean_match
women,random_forest,2017-12-27,84,94,0.0012501535107918083,0.008251500272776869,0.00700134676198506,0.0008949534727939849,-0.0003552000379978234,0.007356546799982884,ok
women,gradient_boosting,2017-12-27,84,94,0.0012501535107918083,0.008251500272776869,0.00700134676198506,0.001730878937781721,0.0004807254269899126,0.006520621334995148,ok
women,twfe,2018-01-10,84,94,0.0026432639464554356,0.0028703565937608488,0.00022709264730541318,0.0026432639464554356,0.0,0.00022709264730541318,ok
women,linear_gap,2018-01-10,84,94,0.0026432639464554356,0.0028703565937608488,0.00022709264730541318,0.005131567873347367,0.002488303926891931,-0.002261211279586518,ok
women,synthetic_control,2018-01-10,84,94,0.0026432639464554356,0.0028703565937608488,0.00022709264730541318,0.0006499361509162099,-0.0019933277955392257,0.002220420442844639,exact_mean_match
women,random_forest,2018-01-10,84,94,0.0026432639464554356,0.0028703565937608488,0.00022709264730541318,0.0030533425032543996,0.00041007855679896406,-0.00018298590949355088,ok
women,gradient_boosting,2018-01-10,84,94,0.0026432639464554356,0.0028703565937608488,0.00022709264730541318,0.004733184758791657,0.002089920812336221,-0.001862828165030808,ok
women,twfe,2018-01-24,84,94,0.0025789813023855573,0.00697440857015325,0.004395427267767692,0.0025789813023855573,0.0,0.004395427267767692,ok
women,linear_gap,2018-01-24,84,94,0.0025789813023855573,0.00697440857015325,0.004395427267767692,0.005475043108951751,0.0028960618065661937,0.0014993654612014983,ok
women,synthetic_control,2018-01-24,84,94,0.0025789813023855573,0.00697440857015325,0.004395427267767692,0.009345364999452325,0.006766383697066768,-0.002370956429299076,exact_mean_match
women,random_forest,2018-01-24,84,94,0.0025789813023855573,0.00697440857015325,0.004395427267767692,0.0019628634965357227,-0.0006161178058498346,0.005011545073617526,ok
women,gradient_boosting,2018-01-24,84,94,0.0025789813023855573,0.00697440857015325,0.004395427267767692,0.003351597004563071,0.0007726157021775136,0.0036228115655901785,ok
women,twfe,2018-02-07,84,94,0.0037015289674864134,0.0028145613251996226,-0.0008869676422867908,0.0037015289674864134,0.0,-0.0008869676422867908,ok
women,linear_gap,2018-02-07,84,94,0.0037015289674864134,0.0028145613251996226,-0.0008869676422867908,0.007021322673755344,0.0033197937062689306,-0.0042067613485557214,ok
women,synthetic_control,2018-02-07,84,94,0.0037015289674864134,0.0028145613251996226,-0.0008869676422867908,0.0020845651513318993,-0.001616963816154514,0.0007299961738677233,exact_mean_match
women,random_forest,2018-02-07,84,94,0.0037015289674864134,0.0028145613251996226,-0.0008869676422867908,0.0033627714602541573,-0.00033875750723225606,-0.0005482101350545348,ok
women,gradient_boosting,2018-02-07,84,94,0.0037015289674864134,0.0028145613251996226,-0.0008869676422867908,0.004940979500293943,0.0012394505328075299,-0.0021264181750943207,ok
women,twfe,2018-02-21,84,94,0.003909727978876915,0.002994346079452462,-0.0009153818994244532,0.003909727978876915,0.0,-0.0009153818994244532,ok
women,linear_gap,2018-02-21,84,94,0.003909727978876915,0.002994346079452462,-0.0009153818994244532,0.004556815913012905,0.0006470879341359901,-0.0015624698335604432,ok
women,synthetic_control,2018-02-21,84,94,0.003909727978876915,0.002994346079452462,-0.0009153818994244532,0.0019126104723699638,-0.0019971175065069515,0.0010817356070824983,exact_mean_match
women,random_forest,2018-02-21,84,94,0.003909727978876915,0.002994346079452462,-0.0009153818994244532,0.0025223841378374493,-0.001387343841039466,0.00047196194161501287,ok
women,gradient_boosting,2018-02-21,84,94,0.003909727978876915,0.002994346079452462,-0.0009153818994244532,0.003656834467098864,-0.0002528935117780515,-0.0006624883876464017,ok
women,twfe,2018-03-07,84,94,0.003926997942955389,-0.0016242622625601349,-0.005551260205515524,0.003926997942955389,0.0,-0.005551260205515524,ok
women,linear_gap,2018-03-07,84,94,0.003926997942955389,-0.0016242622625601349,-0.005551260205515524,0.0031313796471511075,-0.0007956182958042813,-0.004755641909711242,ok
women,synthetic_control,2018-03-07,84,94,0.003926997942955389,-0.0016242622625601349,-0.005551260205515524,0.001897042847806129,-0.00202995509514926,-0.0035213051103662636,exact_mean_match
women,random_forest,2018-03-07,84,94,0.003926997942955389,-0.0016242622625601349,-0.005551260205515524,0.00293144380919419,-0.0009955541337611988,-0.004555706071754324,ok
women,gradient_boosting,2018-03-07,84,94,0.003926997942955389,-0.0016242622625601349,-0.005551260205515524,0.003258243077515541,-0.000668754865439848,-0.004882505340075676,ok
women,twfe,2018-03-21,84,94,0.0032592259985877005,0.004854188364826663,0.0015949623662389629,0.0032592259985877005,0.0,0.0015949623662389629,ok
women,linear_gap,2018-03-21,84,94,0.0032592259985877005,0.004854188364826663,0.0015949623662389629,-0.0022355566452427044,-0.005494782643830405,0.007089745010069368,ok
women,synthetic_control,2018-03-21,84,94,0.0032592259985877005,0.004854188364826663,0.0015949623662389629,0.000871179068698517,-0.0023880469298891835,0.003983009296128146,exact_mean_match
women,random_forest,2018-03-21,84,94,0.0032592259985877005,0.004854188364826663,0.0015949623662389629,-0.00015459966056259573,-0.003413825659150296,0.0050087880253892585,ok
women,gradient_boosting,2018-03-21,84,94,0.0032592259985877005,0.004854188364826663,0.0015949623662389629,-0.0004904067129659011,-0.0037496327115536018,0.005344595077792565,ok
women,twfe,2018-04-04,84,94,0.0027334515366430256,0.0028145613251996235,8.110978855659784e-05,0.0027334515366430256,0.0,8.110978855659784e-05,ok
women,linear_gap,2018-04-04,84,94,0.0027334515366430256,0.0028145613251996235,8.110978855659784e-05,0.0009317502250101537,-0.001801701311632872,0.0018828111001894699,ok
women,synthetic_control,2018-04-04,84,94,0.0027334515366430256,0.0028145613251996235,8.110978855659784e-05,0.0017196865045455137,-0.001013765032097512,0.0010948748206541098,exact_mean_match
women,random_forest,2018-04-04,84,94,0.0027334515366430256,0.0028145613251996235,8.110978855659784e-05,0.00218296761575722,-0.0005504839208858056,0.0006315937094424034,ok
women,gradient_boosting,2018-04-04,84,94,0.0027334515366430256,0.0028145613251996235,8.110978855659784e-05,0.002750645981541942,1.719444489891621e-05,6.391534365768163e-05,ok
women,twfe,2018-04-18,84,94,0.0027248165546037884,0.0017606506968209095,-0.0009641658577828789,0.0027248165546037884,0.0,-0.0009641658577828789,ok
women,linear_gap,2018-04-18,84,94,0.0027248165546037884,0.0017606506968209095,-0.0009641658577828789,0.000847168586344304,-0.0018776479682594844,0.0009134821104766055,ok
women,synthetic_control,2018-04-18,84,94,0.0027248165546037884,0.0017606506968209095,-0.0009641658577828789,0.0016591356216974365,-0.0010656809329063518,0.00010151507512347292,exact_mean_match
women,random_forest,2018-04-18,84,94,0.0027248165546037884,0.0017606506968209095,-0.0009641658577828789,0.0018637801287287293,-0.0008610364258750591,-0.00010312943190781982,ok
women,gradient_boosting,2018-04-18,84,94,0.0027248165546037884,0.0017606506968209095,-0.0009641658577828789,0.002898878297997524,0.00017406174339373555,-0.0011382276011766145,ok
women,twfe,2018-05-02,84,94,0.0018363728470111441,0.00012398948569161322,-0.001712383361319531,0.0018363728470111441,0.0,-0.001712383361319531,ok
women,linear_gap,2018-05-02,84,94,0.0018363728470111441,0.00012398948569161322,-0.001712383361319531,0.0025666938328744587,0.0007303209858633146,-0.0024427043471828454,ok
women,synthetic_control,2018-05-02,84,94,0.0018363728470111441,0.00012398948569161322,-0.001712383361319531,0.0011870259146948086,-0.0006493469323163355,-0.0010630364290031954,exact_mean_match
women,random_forest,2018-05-02,84,94,0.0018363728470111441,0.00012398948569161322,-0.001712383361319531,0.0012936013823212089,-0.0005427714646899352,-0.0011696118966295957,ok
women,gradient_boosting,2018-05-02,84,94,0.0018363728470111441,0.00012398948569161322,-0.001712383361319531,0.0016912956545811803,-0.00014507719242996386,-0.0015673061688895671,ok
women,twfe,2018-05-16,84,94,0.0015466212274722908,0.0022876060110102662,0.0007409847835379755,0.0015466212274722908,0.0,0.0007409847835379755,ok
women,linear_gap,2018-05-16,84,94,0.0015466212274722908,0.0022876060110102662,0.0007409847835379755,0.0015690409047052394,2.2419677232948625e-05,0.0007185651063050268,ok
women,synthetic_control,2018-05-16,84,94,0.0015466212274722908,0.0022876060110102662,0.0007409847835379755,0.0014320346092069223,-0.00011458661826536844,0.0008555714018033439,exact_mean_match
women,random_forest,2018-05-16,84,94,0.0015466212274722908,0.0022876060110102662,0.0007409847835379755,0.0005778357223395473,-0.0009687855051327435,0.001709770288670719,ok
women,gradient_boosting,2018-05-16,84,94,0.0015466212274722908,0.0022876060110102662,0.0007409847835379755,0.0009844046733703002,-0.0005622165541019906,0.001303201337639966,ok
women,twfe,2018-05-30,84,94,0.001437244788308618,0.0033973119079502056,0.0019600671196415877,0.001437244788308618,0.0,0.0019600671196415877,ok
women,linear_gap,2018-05-30,84,94,0.001437244788308618,0.0033973119079502056,0.0019600671196415877,0.002418105667250138,0.0009808608789415201,0.0009792062407000676,ok
women,synthetic_control,2018-05-30,84,94,0.001437244788308618,0.0033973119079502056,0.0019600671196415877,0.0008453056494957516,-0.0005919391388128665,0.002552006258454454,exact_mean_match
women,random_forest,2018-05-30,84,94,0.001437244788308618,0.0033973119079502056,0.0019600671196415877,0.0009521378137190463,-0.0004851069745895718,0.0024451740942311594,ok
women,gradient_boosting,2018-05-30,84,94,0.001437244788308618,0.0033973119079502056,0.0019600671196415877,0.001332239332483536,-0.00010500545582508214,0.00206507257546667,ok
women,twfe,2018-06-13,84,94,0.0023947683522151605,0.004215642513514853,0.0018208741612996929,0.0023947683522151605,0.0,0.0018208741612996929,ok
women,linear_gap,2018-06-13,84,94,0.0023947683522151605,0.004215642513514853,0.0018208741612996929,0.0014239963280284645,-0.000970772024186696,0.002791646185486389,ok
women,synthetic_control,2018-06-13,84,94,0.0023947683522151605,0.004215642513514853,0.0018208741612996929,0.0023706868599277274,-2.4081492287433056e-05,0.001844955653587126,exact_mean_match
women,random_forest,2018-06-13,84,94,0.0023947683522151605,0.004215642513514853,0.0018208741612996929,0.0022872689210816964,-0.00010749943113346405,0.001928373592433157,ok
women,gradient_boosting,2018-06-13,84,94,0.0023947683522151605,0.004215642513514853,0.0018208741612996929,0.002583199400507501,0.00018843104829234037,0.0016324431130073525,ok
women,twfe,2018-06-27,84,94,0.0022508519848945373,0.0019404354510737488,-0.00031041653382078856,0.0022508519848945373,0.0,-0.00031041653382078856,ok
women,linear_gap,2018-06-27,84,94,0.0022508519848945373,0.0019404354510737488,-0.00031041653382078856,0.00339145306412082,0.0011406010792262829,-0.0014510176130470714,ok
women,synthetic_control,2018-06-27,84,94,0.0022508519848945373,0.0019404354510737488,-0.00031041653382078856,0.001190964384823598,-0.0010598876000709394,0.0007494710662501508,exact_mean_match
women,random_forest,2018-06-27,84,94,0.0022508519848945373,0.0019404354510737488,-0.00031041653382078856,0.0027138788584925187,0.00046302687359798134,-0.0007734434074187699,ok
women,gradient_boosting,2018-06-27,84,94,0.0022508519848945373,0.0019404354510737488,-0.00031041653382078856,0.003372767383424397,0.0011219153985298595,-0.001432331932350648,ok
women,twfe,2018-07-11,84,94,0.0020704768045193577,0.00035956950850567855,-0.001710907296013679,0.0020704768045193577,0.0,-0.001710907296013679,ok
women,linear_gap,2018-07-11,84,94,0.0020704768045193577,0.00035956950850567855,-0.001710907296013679,0.0032822603589602525,0.0012117835544408948,-0.002922690850454574,ok
women,synthetic_control,2018-07-11,84,94,0.0020704768045193577,0.00035956950850567855,-0.001710907296013679,0.0016137910396302841,-0.0004566857648890736,-0.0012542215311246055,exact_mean_match
women,random_forest,2018-07-11,84,94,0.0020704768045193577,0.00035956950850567855,-0.001710907296013679,0.0017877253479310336,-0.00028275145658832415,-0.001428155839425355,ok
women,gradient_boosting,2018-07-11,84,94,0.0020704768045193577,0.00035956950850567855,-0.001710907296013679,0.002637771449620415,0.0005672946451010571,-0.002278201941114736,ok
women,twfe,2018-07-25,84,94,0.0018536428110896193,0.0028703565937608496,0.0010167137826712304,0.0018536428110896193,0.0,0.0010167137826712304,ok
women,linear_gap,2018-07-25,84,94,0.0018536428110896193,0.0028703565937608496,0.0010167137826712304,0.0017858232874599467,-6.78195236296726e-05,0.001084533306300903,ok
women,synthetic_control,2018-07-25,84,94,0.0018536428110896193,0.0028703565937608496,0.0010167137826712304,0.0005229886443663518,-0.0013306541667232675,0.002347367949394498,exact_mean_match
women,random_forest,2018-07-25,84,94,0.0018536428110896193,0.0028703565937608496,0.0010167137826712304,0.0001620415158898448,-0.0016916012951997744,0.002708315077871005,ok
women,gradient_boosting,2018-07-25,84,94,0.0018536428110896193,0.0028703565937608496,0.0010167137826712304,0.0009281289091399457,-0.0009255139019496736,0.001942227684620904,ok
women,twfe,2018-08-08,84,94,0.0022422170028553005,-0.002151217576749492,-0.004393434579604793,0.0022422170028553005,0.0,-0.004393434579604793,ok
women,linear_gap,2018-08-08,84,94,0.0022422170028553005,-0.002151217576749492,-0.004393434579604793,0.001425300013679717,-0.0008169169891755835,-0.0035765175904292094,ok
women,synthetic_control,2018-08-08,84,94,0.0022422170028553005,-0.002151217576749492,-0.004393434579604793,0.0020465830785955344,-0.00019563392425976612,-0.004197800655345026,exact_mean_match
women,random_forest,2018-08-08,84,94,0.0022422170028553005,-0.002151217576749492,-0.004393434579604793,0.001291845268745382,-0.0009503717341099185,-0.0034430628454948744,ok
women,gradient_boosting,2018-08-08,84,94,0.0022422170028553005,-0.002151217576749492,-0.004393434579604793,0.0018686319703838934,-0.00037358503247140714,-0.004019849547133386,ok
women,twfe,2018-08-22,84,94,0.0015101624144177334,0.0005393542627585177,-0.0009708081516592158,0.0015101624144177334,0.0,-0.0009708081516592158,ok
women,linear_gap,2018-08-22,84,94,0.0015101624144177334,0.0005393542627585177,-0.0009708081516592158,-0.0015960838662073618,-0.0031062462806250952,0.0021354381289658796,ok
women,synthetic_control,2018-08-22,84,94,0.0015101624144177334,0.0005393542627585177,-0.0009708081516592158,0.0007981172761695569,-0.0007120451382481765,-0.0002587630134110393,exact_mean_match
women,random_forest,2018-08-22,84,94,0.0015101624144177334,0.0005393542627585177,-0.0009708081516592158,-0.0011618706960399771,-0.0026720331104577106,0.001701224958798495,ok
women,gradient_boosting,2018-08-22,84,94,0.0015101624144177334,0.0005393542627585177,-0.0009708081516592158,-0.0013116265764417804,-0.002821788990859514,0.0018509808392002981,ok
women,twfe,2018-09-05,84,94,0.0010227656504252249,-0.00016738580568367815,-0.001190151456108903,0.0010227656504252249,0.0,-0.001190151456108903,ok
women,linear_gap,2018-09-05,84,94,0.0010227656504252249,-0.00016738580568367815,-0.001190151456108903,-0.0016065019970688782,-0.002629267647494103,0.0014391161913851998,ok
women,synthetic_control,2018-09-05,84,94,0.0010227656504252249,-0.00016738580568367815,-0.001190151456108903,0.0012058742038714258,0.00018310855344620095,-0.001373260009555104,exact_mean_match
women,random_forest,2018-09-05,84,94,0.0010227656504252249,-0.00016738580568367815,-0.001190151456108903,-0.0005277795228130662,-0.001550545173238291,0.0003603937171293881,ok
women,gradient_boosting,2018-09-05,84,94,0.0010227656504252249,-0.00016738580568367815,-0.001190151456108903,-0.0008957799877146017,-0.0019185456381398266,0.0007283941820309236,ok
women,twfe,2018-09-19,84,94,0.0005161800374566332,0.002467390765263105,0.0019512107278064719,0.0005161800374566332,0.0,0.0019512107278064719,ok
women,linear_gap,2018-09-19,84,94,0.0005161800374566332,0.002467390765263105,0.0019512107278064719,-0.0004562734625225328,-0.000972453499979166,0.002923664227785638,ok
women,synthetic_control,2018-09-19,84,94,0.0005161800374566332,0.002467390765263105,0.0019512107278064719,0.00036842105745868436,-0.0001477589799979488,0.0020989697078044206,exact_mean_match
women,random_forest,2018-09-19,84,94,0.0005161800374566332,0.002467390765263105,0.0019512107278064719,0.0002331272017491815,-0.00028305283570745165,0.0022342635635139237,ok
women,gradient_boosting,2018-09-19,84,94,0.0005161800374566332,0.002467390765263105,0.0019512107278064719,2.5858742817073373e-05,-0.0004903212946395598,0.0024415320224460317,ok
women,twfe,2018-10-03,84,94,0.0007694728439409287,0.0028703565937608488,0.00210088374981992,0.0007694728439409287,0.0,0.00210088374981992,ok
women,linear_gap,2018-10-03,84,94,0.0007694728439409287,0.0028703565937608488,0.00210088374981992,0.0012475724609335667,0.0004780996169926379,0.001622784132827282,ok
women,synthetic_control,2018-10-03,84,94,0.0007694728439409287,0.0028703565937608488,0.00210088374981992,0.00030899646792656747,-0.0004604763760143613,0.0025613601258342813,exact_mean_match
women,random_forest,2018-10-03,84,94,0.0007694728439409287,0.0028703565937608488,0.00210088374981992,0.0009842409802790079,0.00021476813633807912,0.0018861156134818411,ok
women,gradient_boosting,2018-10-03,84,94,0.0007694728439409287,0.0028703565937608488,0.00210088374981992,0.0014817201562506795,0.0007122473123097507,0.0013886364375101695,ok
women,twfe,2018-10-17,84,94,0.0011580470357066104,0.001469275405445618,0.0003112283697390076,0.0011580470357066104,0.0,0.0003112283697390076,ok
women,linear_gap,2018-10-17,84,94,0.0011580470357066104,0.001469275405445618,0.0003112283697390076,0.0022227014583062784,0.001064654422599668,-0.0007534260528606605,ok
women,synthetic_control,2018-10-17,84,94,0.0011580470357066104,0.001469275405445618,0.0003112283697390076,0.00012350455455355496,-0.0010345424811530554,0.001345770850892063,exact_mean_match
women,random_forest,2018-10-17,84,94,0.0011580470357066104,0.001469275405445618,0.0003112283697390076,0.0015786932624666827,0.0004206462267600723,-0.00010941785702106468,ok
women,gradient_boosting,2018-10-17,84,94,0.0011580470357066104,0.001469275405445618,0.0003112283697390076,0.0018178072364537828,0.0006597602007471725,-0.00034853183100816486,ok
women,twfe,2018-10-31,84,94,0.000851025452089282,0.001413480136884392,0.00056245468479511,0.000851025452089282,0.0,0.00056245468479511,ok
women,linear_gap,2018-10-31,84,94,0.000851025452089282,0.001413480136884392,0.00056245468479511,0.002869637140950933,0.0020186116888616513,-0.0014561570040665414,ok
women,synthetic_control,2018-10-31,84,94,0.000851025452089282,0.001413480136884392,0.00056245468479511,0.0006361776453573035,-0.00021484780673197842,0.0007773024915270885,exact_mean_match
women,random_forest,2018-10-31,84,94,0.000851025452089282,0.001413480136884392,0.00056245468479511,0.000632378860149043,-0.00021864659194023898,0.000781101276735349,ok
women,gradient_boosting,2018-10-31,84,94,0.000851025452089282,0.001413480136884392,0.00056245468479511,0.0008574952246410592,6.469772551777266e-06,0.0005559849122433328,ok
women,twfe,2018-11-14,84,94,0.001447798655245464,0.00474259782770421,0.0032947991724587462,0.001447798655245464,0.0,0.0032947991724587462,ok
women,linear_gap,2018-11-14,84,94,0.001447798655245464,0.00474259782770421,0.0032947991724587462,0.0015915648355017478,0.0001437661802562839,0.0031510329922024623,ok
women,synthetic_control,2018-11-14,84,94,0.001447798655245464,0.00474259782770421,0.0032947991724587462,0.0009645809685902311,-0.00048321768665523287,0.003778016859113979,exact_mean_match
women,random_forest,2018-11-14,84,94,0.001447798655245464,0.00474259782770421,0.0032947991724587462,0.00025866296234025723,-0.0011891356929052068,0.0044839348653639526,ok
women,gradient_boosting,2018-11-14,84,94,0.001447798655245464,0.00474259782770421,0.0032947991724587462,0.0008670058356385019,-0.0005807928196069621,0.0038755919920657085,ok
women,twfe,2018-11-28,84,94,0.00227004083387062,0.005269553141893568,0.0029995123080229476,0.00227004083387062,0.0,0.0029995123080229476,ok
women,linear_gap,2018-11-28,84,94,0.00227004083387062,0.005269553141893568,0.0029995123080229476,0.003606814088885207,0.001336773255014587,0.0016627390530083606,ok
women,synthetic_control,2018-11-28,84,94,0.00227004083387062,0.005269553141893568,0.0029995123080229476,0.00017759044759099035,-0.00209245038627963,0.0050919626943025775,exact_mean_match
women,random_forest,2018-11-28,84,94,0.00227004083387062,0.005269553141893568,0.0029995123080229476,0.00356302333033752,0.0012929824964669,0.0017065298115560477,ok
women,gradient_boosting,2018-11-28,84,94,0.00227004083387062,0.005269553141893568,0.0029995123080229476,0.0040863030681698295,0.0018162622342992093,0.0011832500737237383,ok
women,twfe,2018-12-12,84,94,0.003238118264714009,0.005089768387640728,0.0018516501229267194,0.003238118264714009,0.0,0.0018516501229267194,ok
women,linear_gap,2018-12-12,84,94,0.003238118264714009,0.005089768387640728,0.0018516501229267194,0.005691671691894872,0.002453553427180863,-0.0006019033042541436,ok
women,synthetic_control,2018-12-12,84,94,0.003238118264714009,0.005089768387640728,0.0018516501229267194,0.0014316286975794585,-0.0018064895671345504,0.0036581396900612698,exact_mean_match
women,random_forest,2018-12-12,84,94,0.003238118264714009,0.005089768387640728,0.0018516501229267194,0.005941615654831419,0.00270349739011741,-0.0008518472671906908,ok
women,gradient_boosting,2018-12-12,84,94,0.003238118264714009,0.005089768387640728,0.0018516501229267194,0.0071572509885425555,0.003919132723828546,-0.002067482600901827,ok
women,twfe,2018-12-26,84,94,0.0035173160173160175,0.0028703565937608488,-0.0006469594235551687,0.0035173160173160175,0.0,-0.0006469594235551687,ok
women,linear_gap,2018-12-26,84,94,0.0035173160173160175,0.0028703565937608488,-0.0006469594235551687,0.006765927248370334,0.003248611231054317,-0.0038955706546094857,ok
women,synthetic_control,2018-12-26,84,94,0.0035173160173160175,0.0028703565937608488,-0.0006469594235551687,0.0004194048604248138,-0.0030979111568912037,0.002450951733336035,exact_mean_match
women,random_forest,2018-12-26,84,94,0.0035173160173160175,0.0028703565937608488,-0.0006469594235551687,0.004090113418494499,0.0005727974011784814,-0.00121975682473365,ok
women,gradient_boosting,2018-12-26,84,94,0.0035173160173160175,0.0028703565937608488,-0.0006469594235551687,0.005049030543676501,0.0015317145263604834,-0.002178673949915652,ok
women,twfe,2019-01-09,84,94,0.0036439624205581657,0.00023558002281406532,-0.0034083823977441004,0.0036439624205581657,0.0,-0.0034083823977441004,ok
women,linear_gap,2019-01-09,84,94,0.0036439624205581657,0.00023558002281406532,-0.0034083823977441004,0.0064570714213624475,0.002813109000804282,-0.006221491398548383,ok
women,synthetic_control,2019-01-09,84,94,0.0036439624205581657,0.00023558002281406532,-0.0034083823977441004,0.0002706528314232019,-0.0033733095891349636,-3.507280860913682e-05,exact_mean_match
women,random_forest,2019-01-09,84,94,0.0036439624205581657,0.00023558002281406532,-0.0034083823977441004,0.0035505210170141844,-9.344140354398131e-05,-0.003314940994200119,ok
women,gradient_boosting,2019-01-09,84,94,0.0036439624205581657,0.00023558002281406532,-0.0034083823977441004,0.0037864388246732954,0.0001424764041151297,-0.00355085880185923,ok
women,twfe,2019-01-23,84,94,0.0037514199748242298,-0.0009299211426871002,-0.00468134111751133,0.0037514199748242298,0.0,-0.00468134111751133,ok
women,linear_gap,2019-01-23,84,94,0.0037514199748242298,-0.0009299211426871002,-0.00468134111751133,0.003598966169640174,-0.0001524538051840556,-0.004528887312327274,ok
women,synthetic_control,2019-01-23,84,94,0.0037514199748242298,-0.0009299211426871002,-0.00468134111751133,0.0016617467429788171,-0.002089673231845413,-0.002591667885665917,exact_mean_match
women,random_forest,2019-01-23,84,94,0.0037514199748242298,-0.0009299211426871002,-0.00468134111751133,0.001482511732417445,-0.002268908242406785,-0.002412432875104545,ok
women,gradient_boosting,2019-01-23,84,94,0.0037514199748242298,-0.0009299211426871002,-0.00468134111751133,0.0018858599247263744,-0.0018655600500978554,-0.002815781067413475,ok
women,twfe,2019-02-06,84,94,0.0033436569340824667,-0.0017482517482517483,-0.005091908682334215,0.0033436569340824667,0.0,-0.005091908682334215,ok
women,linear_gap,2019-02-06,84,94,0.0033436569340824667,-0.0017482517482517483,-0.005091908682334215,-0.0007515773584810953,-0.004095234292563562,-0.0009966743897706536,ok
women,synthetic_control,2019-02-06,84,94,0.0033436569340824667,-0.0017482517482517483,-0.005091908682334215,0.0013304512578738868,-0.00201320567620858,-0.003078703006125635,exact_mean_match
women,random_forest,2019-02-06,84,94,0.0033436569340824667,-0.0017482517482517483,-0.005091908682334215,-0.000271877738991401,-0.0036155346730738676,-0.0014763740092603476,ok
women,gradient_boosting,2019-02-06,84,94,0.0033436569340824667,-0.0017482517482517483,-0.005091908682334215,-0.00021838965554840404,-0.0035620465896308707,-0.0015298620927033445,ok
women,twfe,2019-02-20,84,94,0.00233912069018452,0.00012398948569161322,-0.0022151312044929065,0.00233912069018452,0.0,-0.0022151312044929065,ok
women,linear_gap,2019-02-20,84,94,0.00233912069018452,0.00012398948569161322,-0.0022151312044929065,-0.0027619163722422168,-0.005101037062426737,0.00288590585793383,ok
women,synthetic_control,2019-02-20,84,94,0.00233912069018452,0.00012398948569161322,-0.0022151312044929065,0.0007805838767241608,-0.001558536813460359,-0.0006565943910325474,exact_mean_match
women,random_forest,2019-02-20,84,94,0.00233912069018452,0.00012398948569161322,-0.0022151312044929065,-0.0005703500398131643,-0.002909470729997684,0.0006943395255047777,ok
women,gradient_boosting,2019-02-20,84,94,0.00233912069018452,0.00012398948569161322,-0.0022151312044929065,-0.0008644378490527397,-0.0032035585392372595,0.000988427334744353,ok
women,twfe,2019-03-06,84,94,0.001289490651192779,0.0010539106283787133,-0.00023558002281406573,0.001289490651192779,0.0,-0.00023558002281406573,ok
women,linear_gap,2019-03-06,84,94,0.001289490651192779,0.0010539106283787133,-0.00023558002281406573,-0.0022550603193364697,-0.0035445509705292486,0.003308970947715183,ok
women,synthetic_control,2019-03-06,84,94,0.001289490651192779,0.0010539106283787133,-0.00023558002281406573,0.00030604758961790544,-0.0009834430615748737,0.000747863038760808,exact_mean_match
women,random_forest,2019-03-06,84,94,0.001289490651192779,0.0010539106283787133,-0.00023558002281406573,0.0009530044112643258,-0.0003364862399284533,0.00010090621711438756,ok
women,gradient_boosting,2019-03-06,84,94,0.001289490651192779,0.0010539106283787133,-0.00023558002281406573,0.0012308020285942043,-5.868862259857479e-05,-0.00017689140021549094,ok
women,twfe,2019-03-20,84,94,0.0006648936170212765,0.0010539106283787133,0.0003890170113574369,0.0006648936170212765,0.0,0.0003890170113574369,ok
women,linear_gap,2019-03-20,84,94,0.0006648936170212765,0.0010539106283787133,0.0003890170113574369,-0.0006491797147949516,-0.001314073331816228,0.0017030903431736648,ok
women,synthetic_control,2019-03-20,84,94,0.0006648936170212765,0.0010539106283787133,0.0003890170113574369,6.206102718769716e-05,-0.0006028325898335793,0.0009918496011910162,exact_mean_match
women,random_forest,2019-03-20,84,94,0.0006648936170212765,0.0010539106283787133,0.0003890170113574369,0.0005383146489352471,-0.00012657896808602933,0.0005155959794434662,ok
women,gradient_boosting,2019-03-20,84,94,0.0006648936170212765,0.0010539106283787133,0.0003890170113574369,0.0009023813165876215,0.00023748769956634505,0.00015152931179109182,ok
women,twfe,2019-04-03,84,94,0.00021203678118571724,-0.0001115905371224521,-0.00032362731830816937,0.00021203678118571724,0.0,-0.00032362731830816937,ok
women,linear_gap,2019-04-03,84,94,0.00021203678118571724,-0.0001115905371224521,-0.00032362731830816937,0.0007582361677734388,0.0005461993865877216,-0.000869826704895891,ok
women,synthetic_control,2019-04-03,84,94,0.00021203678118571724,-0.0001115905371224521,-0.00032362731830816937,1.0592712288980859e-05,-0.00020144406889673638,-0.00012218324941143299,exact_mean_match
women,random_forest,2019-04-03,84,94,0.00021203678118571724,-0.0001115905371224521,-0.00032362731830816937,0.00035592656849904716,0.00014388978731332992,-0.00046751710562149926,ok
women,gradient_boosting,2019-04-03,84,94,0.00021203678118571724,-0.0001115905371224521,-0.00032362731830816937,0.0010685026219088062,0.000856465840723089,-0.0011800931590312583,ok
women,twfe,2019-04-17,84,94,-4.989100733781594e-05,0.00316173188513614,0.0032116228924739558,-4.989100733781594e-05,0.0,0.0032116228924739558,ok
women,linear_gap,2019-04-17,84,94,-4.989100733781594e-05,0.00316173188513614,0.0032116228924739558,0.001222425675632044,0.00127231668296986,0.0019393062095040957,ok
women,synthetic_control,2019-04-17,84,94,-4.989100733781594e-05,0.00316173188513614,0.0032116228924739558,-1.739949794193614e-05,3.2491509395879805e-05,0.003179131383078076,exact_mean_match
women,random_forest,2019-04-17,84,94,-4.989100733781594e-05,0.00316173188513614,0.0032116228924739558,-0.00017937768568738444,-0.0001294866783495685,0.0033411095708235244,ok
women,gradient_boosting,2019-04-17,84,94,-4.989100733781594e-05,0.00316173188513614,0.0032116228924739558,0.00016939844179255555,0.0002192894491303715,0.0029923334433435843,ok
women,twfe,2019-05-01,84,94,0.0008366338153572196,0.0012894906511927786,0.00045285683583555904,0.0008366338153572196,0.0,0.00045285683583555904,ok
women,linear_gap,2019-05-01,84,94,0.0008366338153572196,0.0012894906511927786,0.00045285683583555904,0.0034474052291341376,0.002610771413776918,-0.002157914577941359,ok
women,synthetic_control,2019-05-01,84,94,0.0008366338153572196,0.0012894906511927786,0.00045285683583555904,4.913766107196484e-05,-0.0007874961542852548,0.0012403529901208138,exact_mean_match
women,random_forest,2019-05-01,84,94,0.0008366338153572196,0.0012894906511927786,0.00045285683583555904,0.0018357435152776605,0.0009991096999204408,-0.0005462528640848818,ok
women,gradient_boosting,2019-05-01,84,94,0.0008366338153572196,0.0012894906511927786,0.00045285683583555904,0.0031853746458723386,0.002348740830515119,-0.0018958839946795602,ok
women,twfe,2019-05-15,84,94,0.0011350204169353105,0.0007625353370034221,-0.00037248507993188846,0.0011350204169353105,0.0,-0.00037248507993188846,ok
women,linear_gap,2019-05-15,84,94,0.0011350204169353105,0.0007625353370034221,-0.00037248507993188846,0.0025174737643120313,0.0013824533473767208,-0.0017549384273086092,ok
women,synthetic_control,2019-05-15,84,94,0.0011350204169353105,0.0007625353370034221,-0.00037248507993188846,8.254433104000014e-05,-0.0010524760858953105,0.000679991005963422,exact_mean_match
women,random_forest,2019-05-15,84,94,0.0011350204169353105,0.0007625353370034221,-0.00037248507993188846,0.001113780727179268,-2.1239689756042584e-05,-0.00035124539017584587,ok
women,gradient_boosting,2019-05-15,84,94,0.0011350204169353105,0.0007625353370034221,-0.00037248507993188846,0.0015236203240014698,0.00038859990706615927,-0.0007610849869980477,ok
women,twfe,2019-05-29,84,94,0.0013153955973104908,0.00041536477706690446,-0.0009000308202435864,0.0013153955973104908,0.0,-0.0009000308202435864,ok
women,linear_gap,2019-05-29,84,94,0.0013153955973104908,0.00041536477706690446,-0.0009000308202435864,0.0018587925242440936,0.0005433969269336028,-0.0014434277471771892,ok
women,synthetic_control,2019-05-29,84,94,0.0013153955973104908,0.00041536477706690446,-0.0009000308202435864,0.0009320773682052106,-0.0003833182291052802,-0.0005167125911383062,exact_mean_match
women,random_forest,2019-05-29,84,94,0.0013153955973104908,0.00041536477706690446,-0.0009000308202435864,0.0006791111503997271,-0.0006362844469107637,-0.0002637463733328227,ok
women,gradient_boosting,2019-05-29,84,94,0.0013153955973104908,0.00041536477706690446,-0.0009000308202435864,0.00037559613345716265,-0.0009397994638533282,3.976864360974181e-05,ok
women,twfe,2019-06-12,84,94,0.0012165730250836633,0.0007625353370034221,-0.00045403768808024124,0.0012165730250836633,0.0,-0.00045403768808024124,ok
women,linear_gap,2019-06-12,84,94,0.0012165730250836633,0.0007625353370034221,-0.00045403768808024124,0.0011229708726361001,-9.360215244756317e-05,-0.00036043553563267806,ok
women,synthetic_control,2019-06-12,84,94,0.0012165730250836633,0.0007625353370034221,-0.00045403768808024124,0.0005745082557412326,-0.0006420647693424307,0.00018802708126218948,exact_mean_match
women,random_forest,2019-06-12,84,94,0.0012165730250836633,0.0007625353370034221,-0.00045403768808024124,0.0003183264385328357,-0.0008982465865508276,0.0004442088984705863,ok
women,gradient_boosting,2019-06-12,84,94,0.0012165730250836633,0.0007625353370034221,-0.00045403768808024124,0.00015720371060050578,-0.0010593693144831575,0.0006053316264029163,ok
women,twfe,2019-06-26,84,94,0.0014698658315679591,0.0007625353370034221,-0.000707330494564537,0.0014698658315679591,0.0,-0.000707330494564537,ok
women,linear_gap,2019-06-26,84,94,0.0014698658315679591,0.0007625353370034221,-0.000707330494564537,0.001521991581134564,5.212574956660484e-05,-0.0007594562441311419,ok
women,synthetic_control,2019-06-26,84,94,0.0014698658315679591,0.0007625353370034221,-0.000707330494564537,8.131856747955644e-05,-0.0013885472640884026,0.0006812167695238655,exact_mean_match
women,random_forest,2019-06-26,84,94,0.0014698658315679591,0.0007625353370034221,-0.000707330494564537,0.0008354968652491032,-0.0006343689663188559,-7.29615282456811e-05,ok
women,gradient_boosting,2019-06-26,84,94,0.0014698658315679591,0.0007625353370034221,-0.000707330494564537,0.0016852554855293302,0.00021538965396137102,-0.0009227201485259081,ok
women,twfe,2019-07-10,84,94,0.001731793620091492,0.00012398948569161322,-0.0016078041343998788,0.001731793620091492,0.0,-0.0016078041343998788,ok
women,linear_gap,2019-07-10,84,94,0.001731793620091492,0.00012398948569161322,-0.0016078041343998788,0.0007394426565680823,-0.0009923509635234096,-0.0006154531708764692,ok
women,synthetic_control,2019-07-10,84,94,0.001731793620091492,0.00012398948569161322,-0.0016078041343998788,0.001851048099884161,0.00011925447979266898,-0.0017270586141925478,exact_mean_match
women,random_forest,2019-07-10,84,94,0.001731793620091492,0.00012398948569161322,-0.0016078041343998788,0.0015104744551278717,-0.00022131916496362022,-0.0013864849694362586,ok
women,gradient_boosting,2019-07-10,84,94,0.001731793620091492,0.00012398948569161322,-0.0016078041343998788,0.0019779528434710415,0.0002461592233795496,-0.0018539633577794284,ok
women,twfe,2019-07-24,84,94,0.0010083740136931625,0.0014692754054456182,0.00046090139175245567,0.0010083740136931625,0.0,0.00046090139175245567,ok
women,linear_gap,2019-07-24,84,94,0.0010083740136931625,0.0014692754054456182,0.00046090139175245567,0.0008590029141286387,-0.00014937109956452387,0.0006102724913169795,ok
women,synthetic_control,2019-07-24,84,94,0.0010083740136931625,0.0014692754054456182,0.00046090139175245567,0.0014071794435660222,0.00039880542987285965,6.209596187959601e-05,exact_mean_match
women,random_forest,2019-07-24,84,94,0.0010083740136931625,0.0014692754054456182,0.00046090139175245567,0.0003371679703647793,-0.0006712060433283832,0.0011321074350808388,ok
women,gradient_boosting,2019-07-24,84,94,0.0010083740136931625,0.0014692754054456182,0.00046090139175245567,0.000541627991717032,-0.00046674602197613053,0.0009276474137285862,ok
women,twfe,2019-08-07,84,94,0.001081291639802278,-5.579526856122605e-05,-0.001137086908363504,0.001081291639802278,0.0,-0.001137086908363504,ok
women,linear_gap,2019-08-07,84,94,0.001081291639802278,-5.579526856122605e-05,-0.001137086908363504,0.00105466827308815,-2.6623366714128172e-05,-0.0011104635416493759,ok
women,synthetic_control,2019-08-07,84,94,0.001081291639802278,-5.579526856122605e-05,-0.001137086908363504,0.0011387132353722009,5.74215955699228e-05,-0.0011945085039334268,exact_mean_match
women,random_forest,2019-08-07,84,94,0.001081291639802278,-5.579526856122605e-05,-0.001137086908363504,0.0005865410281554668,-0.0004947506116468113,-0.0006423362967166927,ok
women,gradient_boosting,2019-08-07,84,94,0.001081291639802278,-5.579526856122605e-05,-0.001137086908363504,0.0008495469550855374,-0.00023174468471674065,-0.0009053422236467634,ok
women,twfe,2019-08-21,84,94,0.0008730926284117773,0.0015808659425680703,0.0007077733141562931,0.0008730926284117773,0.0,0.0007077733141562931,ok
women,linear_gap,2019-08-21,84,94,0.0008730926284117773,0.0015808659425680703,0.0007077733141562931,0.00038714612438760557,-0.0004859465040241717,0.0011937198181804648,ok
women,synthetic_control,2019-08-21,84,94,0.0008730926284117773,0.0015808659425680703,0.0007077733141562931,0.0007061015880739937,-0.00016699104033778358,0.0008747643544940767,exact_mean_match
women,random_forest,2019-08-21,84,94,0.0008730926284117773,0.0015808659425680703,0.0007077733141562931,-0.00011814763692253836,-0.0009912402653343157,0.0016990135794906088,ok
women,gradient_boosting,2019-08-21,84,94,0.0008730926284117773,0.0015808659425680703,0.0007077733141562931,-0.00018464887294055639,-0.0010577415013523336,0.0017655148155086267,ok
women,twfe,2019-09-04,84,94,0.0010534678087869578,0.002343401279571492,0.0012899334707845342,0.0010534678087869578,0.0,0.0012899334707845342,ok
women,linear_gap,2019-09-04,84,94,0.0010534678087869578,0.002343401279571492,0.0012899334707845342,0.00045598341052886473,-0.0005974843982580931,0.0018874178690426273,ok
women,synthetic_control,2019-09-04,84,94,0.0010534678087869578,0.002343401279571492,0.0012899334707845342,0.000807097456330858,-0.0002463703524560998,0.001536303823240634,exact_mean_match
women,random_forest,2019-09-04,84,94,0.0010534678087869578,0.002343401279571492,0.0012899334707845342,0.00044623814538360696,-0.0006072296634033508,0.001897163134187885,ok
women,gradient_boosting,2019-09-04,84,94,0.0010534678087869578,0.002343401279571492,0.0012899334707845342,0.000833152029592787,-0.00022031577919417078,0.001510249249978705,ok
women,twfe,2019-09-18,84,94,0.0009997390316539253,0.0051455636562019545,0.004145824624548029,0.0009997390316539253,0.0,0.004145824624548029,ok
women,linear_gap,2019-09-18,84,94,0.0009997390316539253,0.0051455636562019545,0.004145824624548029,0.001580408671987305,0.0005806696403333797,0.003565154984214649,ok
women,synthetic_control,2019-09-18,84,94,0.0009997390316539253,0.0051455636562019545,0.004145824624548029,0.0005012067446592443,-0.0004985322869946809,0.00464435691154271,exact_mean_match
women,random_forest,2019-09-18,84,94,0.0009997390316539253,0.0051455636562019545,0.004145824624548029,0.0011914315545568026,0.00019169252290287728,0.0039541321016451515,ok
women,gradient_boosting,2019-09-18,84,94,0.0009997390316539253,0.0051455636562019545,0.004145824624548029,0.0015628698852241394,0.0005631308535702141,0.003582693770977815,ok
women,twfe,2019-10-02,84,94,0.0015514184397163121,0.0012894906511927786,-0.0002619277885235335,0.0015514184397163121,0.0,-0.0002619277885235335,ok
women,linear_gap,2019-10-02,84,94,0.0015514184397163121,0.0012894906511927786,-0.0002619277885235335,0.0042033860104087745,0.0026519675706924623,-0.002913895359215996,ok
women,synthetic_control,2019-10-02,84,94,0.0015514184397163121,0.0012894906511927786,-0.0002619277885235335,0.00033702726902740056,-0.0012143911706889116,0.0009524633821653781,exact_mean_match
women,random_forest,2019-10-02,84,94,0.0015514184397163121,0.0012894906511927786,-0.0002619277885235335,0.0032032238096214504,0.0016518053699051383,-0.0019137331584286718,ok
women,gradient_boosting,2019-10-02,84,94,0.0015514184397163121,0.0012894906511927786,-0.0002619277885235335,0.004163267565263102,0.00261184912554679,-0.0028737769140703235,ok
women,twfe,2019-10-16,84,94,0.0017768874151852874,0.00316173188513614,0.0013848444699508524,0.0017768874151852874,0.0,0.0013848444699508524,ok
women,linear_gap,2019-10-16,84,94,0.0017768874151852874,0.00316173188513614,0.0013848444699508524,0.003053688033601736,0.0012768006184164487,0.0001080438515344037,ok
women,synthetic_control,2019-10-16,84,94,0.0017768874151852874,0.00316173188513614,0.0013848444699508524,0.0012434409816379371,-0.0005334464335473503,0.0019182909034982027,exact_mean_match
women,random_forest,2019-10-16,84,94,0.0017768874151852874,0.00316173188513614,0.0013848444699508524,0.001612820391630295,-0.00016406702355499232,0.0015489114935058447,ok
women,gradient_boosting,2019-10-16,84,94,0.0017768874151852874,0.00316173188513614,0.0013848444699508524,0.0017799278264269366,3.040411241649185e-06,0.0013818040587092032,ok
women,twfe,2019-10-30,84,94,0.002038815203708821,0.0018164459653821354,-0.00022236923832668547,0.002038815203708821,0.0,-0.00022236923832668547,ok
women,linear_gap,2019-10-30,84,94,0.002038815203708821,0.0018164459653821354,-0.00022236923832668547,0.003495813977885097,0.0014569987741762762,-0.0016793680125029617,ok
women,synthetic_control,2019-10-30,84,94,0.002038815203708821,0.0018164459653821354,-0.00022236923832668547,0.0028685815063336497,0.0008297663026248289,-0.0010521355409515143,exact_mean_match
women,random_forest,2019-10-30,84,94,0.002038815203708821,0.0018164459653821354,-0.00022236923832668547,0.001848309381823603,-0.00019050582188521797,-3.1863416441467495e-05,ok
women,gradient_boosting,2019-10-30,84,94,0.002038815203708821,0.0018164459653821354,-0.00022236923832668547,0.0020677255851448634,2.891038143604252e-05,-0.000251279619762728,ok
women,twfe,2019-11-13,84,94,0.0023285668232476747,0.0009423200912562613,-0.0013862467319914135,0.0023285668232476747,0.0,-0.0013862467319914135,ok
women,linear_gap,2019-11-13,84,94,0.0023285668232476747,0.0009423200912562613,-0.0013862467319914135,0.002247575739243645,-8.099108400402974e-05,-0.0013052556479873838,ok
women,synthetic_control,2019-11-13,84,94,0.0023285668232476747,0.0009423200912562613,-0.0013862467319914135,0.0023470693052430837,1.8502481995408965e-05,-0.0014047492139868225,exact_mean_match
women,random_forest,2019-11-13,84,94,0.0023285668232476747,0.0009423200912562613,-0.0013862467319914135,0.0011168988508905265,-0.0012116679723571482,-0.00017457875963426532,ok
women,gradient_boosting,2019-11-13,84,94,0.0023285668232476747,0.0009423200912562613,-0.0013862467319914135,0.0016342484122935552,-0.0006943184109541195,-0.000691928321037294,ok
women,twfe,2019-11-27,84,94,0.0022297442510208466,0.003217527153697366,0.0009877829026765195,0.0022297442510208466,0.0,0.0009877829026765195,ok
women,linear_gap,2019-11-27,84,94,0.0022297442510208466,0.003217527153697366,0.0009877829026765195,0.0008783982058048398,-0.0013513460452160067,0.002339128947892526,ok
women,synthetic_control,2019-11-27,84,94,0.0022297442510208466,0.003217527153697366,0.0009877829026765195,5.082650389769052e-05,-0.002178917747123156,0.0031667006497996756,exact_mean_match
women,random_forest,2019-11-27,84,94,0.0022297442510208466,0.003217527153697366,0.0009877829026765195,0.001104222515453161,-0.0011255217355676855,0.0021133046382442048,ok
women,gradient_boosting,2019-11-27,84,94,0.0022297442510208466,0.003217527153697366,0.0009877829026765195,0.0009260398133546183,-0.0013037044376662283,0.002291487340342748,ok
women,twfe,2019-12-11,84,94,0.0024916720395443794,0.0026347765709467835,0.00014310453140240409,0.0024916720395443794,0.0,0.00014310453140240409,ok
women,linear_gap,2019-12-11,84,94,0.0024916720395443794,0.0026347765709467835,0.00014310453140240409,0.0015026840276059113,-0.0009889880119384681,0.0011320925433408722,ok
women,synthetic_control,2019-12-11,84,94,0.0024916720395443794,0.0026347765709467835,0.00014310453140240409,3.483568216239275e-05,-0.0024568363573819864,0.0025999408887843905,exact_mean_match
women,random_forest,2019-12-11,84,94,0.0024916720395443794,0.0026347765709467835,0.00014310453140240409,0.00215763857393374,-0.0003340334656106395,0.0004771379970130436,ok
women,gradient_boosting,2019-12-11,84,94,0.0024916720395443794,0.0026347765709467835,0.00014310453140240409,0.0029417033892295236,0.00045003134968514416,-0.0003069268182827401,ok
women,twfe,2019-12-25,84,94,0.0020580040526849033,-0.0002231810742449042,-0.0022811851269298076,0.0020580040526849033,0.0,-0.0022811851269298076,ok
women,linear_gap,2019-12-25,84,94,0.0020580040526849033,-0.0002231810742449042,-0.0022811851269298076,0.0025262950608881253,0.000468291008203222,-0.0027494761351330296,ok
women,synthetic_control,2019-12-25,84,94,0.0020580040526849033,-0.0002231810742449042,-0.0022811851269298076,0.0034656593362923983,0.001407655283607495,-0.0036888404105373026,exact_mean_match
women,random_forest,2019-12-25,84,94,0.0020580040526849033,-0.0002231810742449042,-0.0022811851269298076,0.0014300534338144487,-0.0006279506188704546,-0.001653234508059353,ok
women,gradient_boosting,2019-12-25,84,94,0.0020580040526849033,-0.0002231810742449042,-0.0022811851269298076,0.002575111887067248,0.0005171078343823446,-0.0027982929613121522,ok
women,twfe,2020-01-08,84,94,0.0022038393049031344,-0.0009299211426871002,-0.0031337604475902346,0.0022038393049031344,0.0,-0.0031337604475902346,ok
women,linear_gap,2020-01-08,84,94,0.0022038393049031344,-0.0009299211426871002,-0.0031337604475902346,0.002113880350005925,-8.995895489720927e-05,-0.0030438014926930253,ok
women,synthetic_control,2020-01-08,84,94,0.0022038393049031344,-0.0009299211426871002,-0.0031337604475902346,0.0001286493559979195,-0.0020751899489052147,-0.00105857049868502,exact_mean_match
women,random_forest,2020-01-08,84,94,0.0022038393049031344,-0.0009299211426871002,-0.0031337604475902346,0.0011085652586197458,-0.0010952740462833886,-0.002038486401306846,ok
women,gradient_boosting,2020-01-08,84,94,0.0022038393049031344,-0.0009299211426871002,-0.0031337604475902346,0.0028176589663649193,0.0006138196614617849,-0.0037475801090520195,ok
women,twfe,2020-01-22,84,94,0.001570607288692395,0.0020520259881962005,0.0004814186995038055,0.001570607288692395,0.0,0.0004814186995038055,ok
women,linear_gap,2020-01-22,84,94,0.001570607288692395,0.0020520259881962005,0.0004814186995038055,0.0006449548649370089,-0.000925652423755386,0.0014070711232591917,ok
women,synthetic_control,2020-01-22,84,94,0.001570607288692395,0.0020520259881962005,0.0004814186995038055,0.0015219696354967088,-4.8637653195686154e-05,0.0005300563526994917,exact_mean_match
women,random_forest,2020-01-22,84,94,0.001570607288692395,0.0020520259881962005,0.0004814186995038055,-0.00011158824814816305,-0.001682195536840558,0.0021636142363443637,ok
women,gradient_boosting,2020-01-22,84,94,0.001570607288692395,0.0020520259881962005,0.0004814186995038055,-7.453952556950269e-05,-0.0016451468142618976,0.002126565513765703,ok
women,twfe,2020-02-05,84,94,0.0016070661017469528,0.005672518970391311,0.0040654528686443585,0.0016070661017469528,0.0,0.0040654528686443585,ok
women,linear_gap,2020-02-05,84,94,0.0016070661017469528,0.005672518970391311,0.0040654528686443585,0.0009442843935478942,-0.0006627817081990585,0.004728234576843417,ok
women,synthetic_control,2020-02-05,84,94,0.0016070661017469528,0.005672518970391311,0.0040654528686443585,0.0006599057683481898,-0.000947160333398763,0.005012613202043122,exact_mean_match
women,random_forest,2020-02-05,84,94,0.0016070661017469528,0.005672518970391311,0.0040654528686443585,0.0011268414273683173,-0.0004802246743786354,0.004545677543022994,ok
women,gradient_boosting,2020-02-05,84,94,0.0016070661017469528,0.005672518970391311,0.0040654528686443585,0.0014270355231395123,-0.00018003057860744047,0.004245483447251799,ok
crime_1,twfe,2014-03-26,84,94,0.0023525528844677767,0.010979268957992363,0.008626716073524585,0.0023525528844677767,0.0,0.008626716073524585,ok
crime_1,linear_gap,2014-03-26,84,94,0.0023525528844677767,0.010979268957992363,0.008626716073524585,0.007487779954674758,0.005135227070206981,0.0034914890033176044,ok
crime_1,synthetic_control,2014-03-26,84,94,0.0023525528844677767,0.010979268957992363,0.008626716073524585,0.002131968929843589,-0.00022058395462418775,0.008847300028148774,exact_mean_match
crime_1,random_forest,2014-03-26,84,94,0.0023525528844677767,0.010979268957992363,0.008626716073524585,0.0023087103252432905,-4.384255922448626e-05,0.008670558632749072,ok
crime_1,gradient_boosting,2014-03-26,84,94,0.0023525528844677767,0.010979268957992363,0.008626716073524585,0.004747547191760273,0.0023949943072924963,0.006231721766232089,ok
crime_1,twfe,2014-04-09,84,94,0.004531446685702003,-0.004779794673411693,-0.009311241359113695,0.004531446685702003,0.0,-0.009311241359113695,ok
crime_1,linear_gap,2014-04-09,84,94,0.004531446685702003,-0.004779794673411693,-0.009311241359113695,0.010911806580233888,0.006380359894531886,-0.01569160125364558,ok
crime_1,synthetic_control,2014-04-09,84,94,0.004531446685702003,-0.004779794673411693,-0.009311241359113695,0.0052294591789170085,0.0006980124932150058,-0.0100092538523287,exact_mean_match
crime_1,random_forest,2014-04-09,84,94,0.004531446685702003,-0.004779794673411693,-0.009311241359113695,0.0057600080587984015,0.0012285613730963988,-0.010539802732210094,ok
crime_1,gradient_boosting,2014-04-09,84,94,0.004531446685702003,-0.004779794673411693,-0.009311241359113695,0.007965235989802826,0.003433789304100823,-0.012745030663214519,ok
crime_1,twfe,2014-04-23,84,94,0.003900133554388872,0.0013824827654614876,-0.0025176507889273845,0.003900133554388872,0.0,-0.0025176507889273845,ok
crime_1,linear_gap,2014-04-23,84,94,0.003900133554388872,0.0013824827654614876,-0.0025176507889273845,0.003215492660887688,-0.0006846408935011843,-0.0018330098954262002,ok
crime_1,synthetic_control,2014-04-23,84,94,0.003900133554388872,0.0013824827654614876,-0.0025176507889273845,0.0026029685009525422,-0.0012971650534363299,-0.0012204857354910547,exact_mean_match
crime_1,random_forest,2014-04-23,84,94,0.003900133554388872,0.0013824827654614876,-0.0025176507889273845,-0.0005634351272876633,-0.004463568681676536,0.0019459178927491512,ok
crime_1,gradient_boosting,2014-04-23,84,94,0.003900133554388872,0.0013824827654614876,-0.0025176507889273845,-0.001621575774613845,-0.005521709329002717,0.0030040585400753325,ok
crime_1,twfe,2014-05-07,84,94,0.003518275459764821,0.006013490056043245,0.0024952145962784246,0.003518275459764821,0.0,0.0024952145962784246,ok
crime_1,linear_gap,2014-05-07,84,94,0.003518275459764821,0.006013490056043245,0.0024952145962784246,0.0019362869850148496,-0.0015819884747499712,0.004077203071028396,ok
crime_1,synthetic_control,2014-05-07,84,94,0.003518275459764821,0.006013490056043245,0.0024952145962784246,0.003218026389332749,-0.0003002490704320719,0.0027954636667104965,exact_mean_match
crime_1,random_forest,2014-05-07,84,94,0.003518275459764821,0.006013490056043245,0.0024952145962784246,0.000983333478938424,-0.002534941980826397,0.005030156577104821,ok
crime_1,gradient_boosting,2014-05-07,84,94,0.003518275459764821,0.006013490056043245,0.0024952145962784246,0.0006396481131657688,-0.002878627346599052,0.0053738419428774765,ok
crime_1,twfe,2014-05-21,84,94,0.004042131036811887,-0.008480880821306354,-0.01252301185811824,0.004042131036811887,0.0,-0.01252301185811824,ok
crime_1,linear_gap,2014-05-21,84,94,0.004042131036811887,-0.008480880821306354,-0.01252301185811824,0.0010191178079141125,-0.0030230132288977746,-0.009499998629220466,ok
crime_1,synthetic_control,2014-05-21,84,94,0.004042131036811887,-0.008480880821306354,-0.01252301185811824,0.0038868366623547174,-0.00015529437445716953,-0.01236771748366107,exact_mean_match
crime_1,random_forest,2014-05-21,84,94,0.004042131036811887,-0.008480880821306354,-0.01252301185811824,0.0022669923916569593,-0.0017751386451549276,-0.010747873212963312,ok
crime_1,gradient_boosting,2014-05-21,84,94,0.004042131036811887,-0.008480880821306354,-0.01252301185811824,0.0035532068268438136,-0.0004889242099680733,-0.012034087648150168,ok
crime_1,twfe,2014-06-04,84,94,0.0017452258143747493,-0.0026285770966622034,-0.004373802911036953,0.0017452258143747493,0.0,-0.004373802911036953,ok
crime_1,linear_gap,2014-06-04,84,94,0.0017452258143747493,-0.0026285770966622034,-0.004373802911036953,-0.00709457267261165,-0.008839798486986399,0.004465995575949446,ok
crime_1,synthetic_control,2014-06-04,84,94,0.0017452258143747493,-0.0026285770966622034,-0.004373802911036953,0.002019991376797703,0.00027476556242295364,-0.004648568473459906,exact_mean_match
crime_1,random_forest,2014-06-04,84,94,0.0017452258143747493,-0.0026285770966622034,-0.004373802911036953,-0.004035964411098855,-0.0057811902254736045,0.0014073873144366516,ok
crime_1,gradient_boosting,2014-06-04,84,94,0.0017452258143747493,-0.0026285770966622034,-0.004373802911036953,-0.007136672713602901,-0.00888189852797765,0.0045080956169406975,ok
crime_1,twfe,2014-06-18,84,94,0.0003156565656565645,-0.004624807816297178,-0.004940464381953742,0.0003156565656565645,0.0,-0.004940464381953742,ok
crime_1,linear_gap,2014-06-18,84,94,0.0003156565656565645,-0.004624807816297178,-0.004940464381953742,-0.007963649990506111,-0.008279306556162675,0.0033388421742089327,ok
crime_1,synthetic_control,2014-06-18,84,94,0.0003156565656565645,-0.004624807816297178,-0.004940464381953742,0.00029627617483275054,-1.9380390823813952e-05,-0.004921083991129929,exact_mean_match
crime_1,random_forest,2014-06-18,84,94,0.0003156565656565645,-0.004624807816297178,-0.004940464381953742,-0.0016312957906649242,-0.0019469523563214886,-0.0029935120256322535,ok
crime_1,gradient_boosting,2014-06-18,84,94,0.0003156565656565645,-0.004624807816297178,-0.004940464381953742,-0.003293055396560031,-0.0036087119622165956,-0.0013317524197371468,ok
crime_1,twfe,2014-07-02,84,94,-0.0024062816616008116,4.959579427664449e-05,0.002455877455877456,-0.0024062816616008116,0.0,0.002455877455877456,ok
crime_1,linear_gap,2014-07-02,84,94,-0.0024062816616008116,4.959579427664449e-05,0.002455877455877456,-0.005531024175943089,-0.0031247425143422773,0.005580619970219733,ok
crime_1,synthetic_control,2014-07-02,84,94,-0.0024062816616008116,4.959579427664449e-05,0.002455877455877456,-0.002437716958894578,-3.1435297293766224e-05,0.002487312753171222,exact_mean_match
crime_1,random_forest,2014-07-02,84,94,-0.0024062816616008116,4.959579427664449e-05,0.002455877455877456,-0.003055125540646418,-0.0006488438790456063,0.0031047213349230623,ok
crime_1,gradient_boosting,2014-07-02,84,94,-0.0024062816616008116,4.959579427664449e-05,0.002455877455877456,-0.00384191003417227,-0.0014356283725714585,0.0038915058284489145,ok
crime_1,twfe,2014-07-16,84,94,-0.0015686884037947875,-0.004345831473491047,-0.0027771430696962598,-0.0015686884037947875,0.0,-0.0027771430696962598,ok
crime_1,linear_gap,2014-07-16,84,94,-0.0015686884037947875,-0.004345831473491047,-0.0027771430696962598,-0.004255406474198321,-0.0026867180704035335,-9.042499929272623e-05,ok
crime_1,synthetic_control,2014-07-16,84,94,-0.0015686884037947875,-0.004345831473491047,-0.0027771430696962598,-0.00122143079857988,0.0003472576052149074,-0.003124400674911167,exact_mean_match
crime_1,random_forest,2014-07-16,84,94,-0.0015686884037947875,-0.004345831473491047,-0.0027771430696962598,-0.0007745544682049427,0.0007941339355898448,-0.0035712770052861043,ok
crime_1,gradient_boosting,2014-07-16,84,94,-0.0015686884037947875,-0.004345831473491047,-0.0027771430696962598,-0.0006327339243597135,0.000935954479435074,-0.0037130975491313336,ok
crime_1,twfe,2014-07-30,84,94,-0.002590494611771209,0.0019094380796508448,0.004499932691422053,-0.002590494611771209,0.0,0.004499932691422053,ok
crime_1,linear_gap,2014-07-30,84,94,-0.002590494611771209,0.0019094380796508448,0.004499932691422053,-0.004807800690109867,-0.002217306078338658,0.006717238769760711,ok
crime_1,synthetic_control,2014-07-30,84,94,-0.002590494611771209,0.0019094380796508448,0.004499932691422053,-0.001804698955844555,0.0007857956559266539,0.0037141370354953993,exact_mean_match
crime_1,random_forest,2014-07-30,84,94,-0.002590494611771209,0.0019094380796508448,0.004499932691422053,-0.002072962242006026,0.0005175323697651827,0.00398240032165687,ok
crime_1,gradient_boosting,2014-07-30,84,94,-0.002590494611771209,0.0019094380796508448,0.004499932691422053,-0.002551666084229236,3.8828527541972645e-05,0.00446110416388008,ok
crime_1,twfe,2014-08-13,84,94,-0.003045270332504376,-0.00024177949709864623,0.00280349083540573,-0.003045270332504376,0.0,0.00280349083540573,ok
crime_1,linear_gap,2014-08-13,84,94,-0.003045270332504376,-0.00024177949709864623,0.00280349083540573,0.0031537704224060418,0.006199040754910418,-0.0033955499195046884,ok
crime_1,synthetic_control,2014-08-13,84,94,-0.003045270332504376,-0.00024177949709864623,0.00280349083540573,-0.0027061595539083876,0.00033911077859598857,0.0024643800568097413,exact_mean_match
crime_1,random_forest,2014-08-13,84,94,-0.003045270332504376,-0.00024177949709864623,0.00280349083540573,0.00028730448883619266,0.003332574821340569,-0.000529083985934839,ok
crime_1,gradient_boosting,2014-08-13,84,94,-0.003045270332504376,-0.00024177949709864623,0.00280349083540573,0.0012734191151927768,0.0043186894476971525,-0.0015151986122914226,ok
crime_1,twfe,2014-08-27,84,94,-0.0018152651131374546,0.004073054604969498,0.005888319718106952,-0.0018152651131374546,0.0,0.005888319718106952,ok
crime_1,linear_gap,2014-08-27,84,94,-0.0018152651131374546,0.004073054604969498,0.005888319718106952,0.0010634214435732055,0.0028786865567106603,0.0030096331613962916,ok
crime_1,synthetic_control,2014-08-27,84,94,-0.0018152651131374546,0.004073054604969498,0.005888319718106952,-0.0011355084676716361,0.0006797566454658185,0.005208563072641134,exact_mean_match
crime_1,random_forest,2014-08-27,84,94,-0.0018152651131374546,0.004073054604969498,0.005888319718106952,0.00022526352675062493,0.0020405286398880794,0.0038477910782188725,ok
crime_1,gradient_boosting,2014-08-27,84,94,-0.0018152651131374546,0.004073054604969498,0.005888319718106952,-0.0003927887944364322,0.0014224763187010224,0.004465843399405929,ok
crime_1,twfe,2014-09-10,84,94,-0.0005075450554173961,0.009813767792491193,0.01032131284790859,-0.0005075450554173961,0.0,0.01032131284790859,ok
crime_1,linear_gap,2014-09-10,84,94,-0.0005075450554173961,0.009813767792491193,0.01032131284790859,0.004667196695912659,0.0051747417513300555,0.005146571096578534,ok
crime_1,synthetic_control,2014-09-10,84,94,-0.0005075450554173961,0.009813767792491193,0.01032131284790859,-0.000620095695718869,-0.00011255064030147287,0.010433863488210062,exact_mean_match
crime_1,random_forest,2014-09-10,84,94,-0.0005075450554173961,0.009813767792491193,0.01032131284790859,0.001112077163970358,0.0016196222193877543,0.008701690628520836,ok
crime_1,gradient_boosting,2014-09-10,84,94,-0.0005075450554173961,0.009813767792491193,0.01032131284790859,0.0030882742888843906,0.003595819344301787,0.006725493503606803,ok
crime_1,twfe,2014-09-24,84,94,0.0017269964078474706,-0.0008245300798492296,-0.0025515264876967,0.0017269964078474706,0.0,-0.0025515264876967,ok
crime_1,linear_gap,2014-09-24,84,94,0.0017269964078474706,-0.0008245300798492296,-0.0025515264876967,0.008261771829321295,0.006534775421473824,-0.009086301909170525,ok
crime_1,synthetic_control,2014-09-24,84,94,0.0017269964078474706,-0.0008245300798492296,-0.0025515264876967,0.0023975123545782843,0.0006705159467308138,-0.0032220424344275135,exact_mean_match
crime_1,random_forest,2014-09-24,84,94,0.0017269964078474706,-0.0008245300798492296,-0.0025515264876967,0.003729941826305153,0.0020029454184576825,-0.0045544719061543825,ok
crime_1,gradient_boosting,2014-09-24,84,94,0.0017269964078474706,-0.0008245300798492296,-0.0025515264876967,0.00810586448363555,0.00637886807578808,-0.008930394563484781,ok
crime_1,twfe,2014-10-08,84,94,0.0012846934389487573,0.003614293507910528,0.0023296000689617706,0.0012846934389487573,0.0,0.0023296000689617706,ok
crime_1,linear_gap,2014-10-08,84,94,0.0012846934389487573,0.003614293507910528,0.0023296000689617706,0.005572736955715677,0.004288043516766919,-0.0019584434478051487,ok
crime_1,synthetic_control,2014-10-08,84,94,0.0012846934389487573,0.003614293507910528,0.0023296000689617706,0.0010282007084353624,-0.0002564927305133949,0.0025860927994751657,exact_mean_match
crime_1,random_forest,2014-10-08,84,94,0.0012846934389487573,0.003614293507910528,0.0023296000689617706,0.0014056098944452535,0.0001209164554964962,0.0022086836134652746,ok
crime_1,gradient_boosting,2014-10-08,84,94,0.0012846934389487573,0.003614293507910528,0.0023296000689617706,0.0008123390191800777,-0.0004723544197686796,0.00280195448873045,ok
crime_1,twfe,2014-10-22,84,94,0.0024715237481194923,0.0018660417596587807,-0.0006054819884607117,0.0024715237481194923,0.0,-0.0006054819884607117,ok
crime_1,linear_gap,2014-10-22,84,94,0.0024715237481194923,0.0018660417596587807,-0.0006054819884607117,0.003051072404591222,0.0005795486564717294,-0.0011850306449324411,ok
crime_1,synthetic_control,2014-10-22,84,94,0.0024715237481194923,0.0018660417596587807,-0.0006054819884607117,0.002856949595985158,0.0003854258478656657,-0.0009909078363263774,exact_mean_match
crime_1,random_forest,2014-10-22,84,94,0.0024715237481194923,0.0018660417596587807,-0.0006054819884607117,0.001506324377422521,-0.0009651993706969713,0.00035971738223625964,ok
crime_1,gradient_boosting,2014-10-22,84,94,0.0024715237481194923,0.0018660417596587807,-0.0006054819884607117,0.0014309779143960723,-0.00104054583372342,0.0004350638452627084,ok
crime_1,twfe,2014-11-05,84,94,0.0028812056737588638,-0.0007563358627188427,-0.0036375415364777062,0.0028812056737588638,0.0,-0.0036375415364777062,ok
crime_1,linear_gap,2014-11-05,84,94,0.0028812056737588638,-0.0007563358627188427,-0.0036375415364777062,0.004337083464073491,0.001455877790314627,-0.005093419326792333,ok
crime_1,synthetic_control,2014-11-05,84,94,0.0028812056737588638,-0.0007563358627188427,-0.0036375415364777062,0.003166433188695441,0.0002852275149365772,-0.003922769051414284,exact_mean_match
crime_1,random_forest,2014-11-05,84,94,0.0028812056737588638,-0.0007563358627188427,-0.0036375415364777062,0.0026139354261626446,-0.00026727024759621914,-0.003370271288881487,ok
crime_1,gradient_boosting,2014-11-05,84,94,0.0028812056737588638,-0.0007563358627188427,-0.0036375415364777062,0.0034181674883172054,0.0005369618145583416,-0.004174503351036048,ok
crime_1,twfe,2014-11-19,84,94,0.0033618863406097432,0.006887615930169121,0.003525729589559378,0.0033618863406097432,0.0,0.003525729589559378,ok
crime_1,linear_gap,2014-11-19,84,94,0.0033618863406097432,0.006887615930169121,0.003525729589559378,0.0009360772640046525,-0.002425809076605091,0.005951538666164468,ok
crime_1,synthetic_control,2014-11-19,84,94,0.0033618863406097432,0.006887615930169121,0.003525729589559378,0.003184197045518738,-0.00017768929509100542,0.0037034188846503833,exact_mean_match
crime_1,random_forest,2014-11-19,84,94,0.0033618863406097432,0.006887615930169121,0.003525729589559378,0.002261090594893684,-0.0011007957457160591,0.004626525335275437,ok
crime_1,gradient_boosting,2014-11-19,84,94,0.0033618863406097432,0.006887615930169121,0.003525729589559378,0.0027910056664136864,-0.0005708806741960568,0.004096610263755435,ok
crime_1,twfe,2014-12-03,84,94,0.003228523840225967,-0.002864157119476269,-0.006092680959702236,0.003228523840225967,0.0,-0.006092680959702236,ok
crime_1,linear_gap,2014-12-03,84,94,0.003228523840225967,-0.002864157119476269,-0.006092680959702236,0.0019548059274290463,-0.0012737179127969207,-0.0048189630469053155,ok
crime_1,synthetic_control,2014-12-03,84,94,0.003228523840225967,-0.002864157119476269,-0.006092680959702236,0.0032748359557264704,4.6312115500503435e-05,-0.006138993075202739,exact_mean_match
crime_1,random_forest,2014-12-03,84,94,0.003228523840225967,-0.002864157119476269,-0.006092680959702236,0.0027335519843396873,-0.0004949718558862797,-0.005597709103815956,ok
crime_1,gradient_boosting,2014-12-03,84,94,0.003228523840225967,-0.002864157119476269,-0.006092680959702236,0.003770969707959568,0.000542445867733601,-0.006635126827435837,ok
crime_1,twfe,2014-12-17,84,94,0.0014017454177028634,0.0003533700342210963,-0.001048375383481767,0.0014017454177028634,0.0,-0.001048375383481767,ok
crime_1,linear_gap,2014-12-17,84,94,0.0014017454177028634,0.0003533700342210963,-0.001048375383481767,0.0011744659397538416,-0.00022727947794902188,-0.0008210959055327451,ok
crime_1,synthetic_control,2014-12-17,84,94,0.0014017454177028634,0.0003533700342210963,-0.001048375383481767,0.001256517833654918,-0.00014522758404794537,-0.0009031477994338216,exact_mean_match
crime_1,random_forest,2014-12-17,84,94,0.0014017454177028634,0.0003533700342210963,-0.001048375383481767,-0.0005124500106150588,-0.0019141954283179222,0.0008658200448361552,ok
crime_1,gradient_boosting,2014-12-17,84,94,0.0014017454177028634,0.0003533700342210963,-0.001048375383481767,-0.0013026194231185058,-0.002704364840821369,0.001655989457339602,ok
crime_1,twfe,2014-12-31,84,94,0.0017193208682570373,-0.0008803253484104564,-0.0025996462166674936,0.0017193208682570373,0.0,-0.0025996462166674936,ok
crime_1,linear_gap,2014-12-31,84,94,0.0017193208682570373,-0.0008803253484104564,-0.0025996462166674936,-0.0009082653034445942,-0.0026275861717016315,2.7939955034137973e-05,ok
crime_1,synthetic_control,2014-12-31,84,94,0.0017193208682570373,-0.0008803253484104564,-0.0025996462166674936,0.001435353238263843,-0.0002839676299931943,-0.0023156785866742993,exact_mean_match
crime_1,random_forest,2014-12-31,84,94,0.0017193208682570373,-0.0008803253484104564,-0.0025996462166674936,0.0008934778472047978,-0.0008258430210522395,-0.001773803195615254,ok
crime_1,gradient_boosting,2014-12-31,84,94,0.0017193208682570373,-0.0008803253484104564,-0.0025996462166674936,0.00018838897966587788,-0.0015309318885911596,-0.001068714328076334,ok
crime_1,twfe,2015-01-14,84,94,0.0013585705075066766,0.0012274959083469713,-0.00013107459915970526,0.0013585705075066766,0.0,-0.00013107459915970526,ok
crime_1,linear_gap,2015-01-14,84,94,0.0013585705075066766,0.0012274959083469713,-0.00013107459915970526,-0.0013138550186608524,-0.002672425526167529,0.0025413509270078233,ok
crime_1,synthetic_control,2015-01-14,84,94,0.0013585705075066766,0.0012274959083469713,-0.00013107459915970526,0.0017451022101195555,0.00038653170261287897,-0.0005176063017725842,exact_mean_match
crime_1,random_forest,2015-01-14,84,94,0.0013585705075066766,0.0012274959083469713,-0.00013107459915970526,0.0003929471935323889,-0.0009656233139742876,0.0008345487148145824,ok
crime_1,gradient_boosting,2015-01-14,84,94,0.0013585705075066766,0.0012274959083469713,-0.00013107459915970526,0.0006007157569145246,-0.000757854750592152,0.0006267801514324467,ok
crime_1,twfe,2015-01-28,84,94,0.0009162675386079628,0.004959579427664533,0.00404331188905657,0.0009162675386079628,0.0,0.00404331188905657,ok
crime_1,linear_gap,2015-01-28,84,94,0.0009162675386079628,0.004959579427664533,0.00404331188905657,0.000945132873045384,2.8865334437421213e-05,0.004014446554619149,ok
crime_1,synthetic_control,2015-01-28,84,94,0.0009162675386079628,0.004959579427664533,0.00404331188905657,0.0006914145472057646,-0.00022485299140219818,0.004268164880458768,exact_mean_match
crime_1,random_forest,2015-01-28,84,94,0.0009162675386079628,0.004959579427664533,0.00404331188905657,0.0013363009876178357,0.0004200334490098729,0.0036232784400466967,ok
crime_1,gradient_boosting,2015-01-28,84,94,0.0009162675386079628,0.004959579427664533,0.00404331188905657,0.0024352793855155225,0.0015190118469075597,0.00252430004214901,ok
crime_1,twfe,2015-02-11,84,94,0.0017557796813115947,0.0002851758170907096,-0.001470603864220885,0.0017557796813115947,0.0,-0.001470603864220885,ok
crime_1,linear_gap,2015-02-11,84,94,0.0017557796813115947,0.0002851758170907096,-0.001470603864220885,0.004854179074905156,0.0030983993935935613,-0.004569003257814446,ok
crime_1,synthetic_control,2015-02-11,84,94,0.0017557796813115947,0.0002851758170907096,-0.001470603864220885,0.0015682232524051425,-0.0001875564289064522,-0.0012830474353144328,exact_mean_match
crime_1,random_forest,2015-02-11,84,94,0.0017557796813115947,0.0002851758170907096,-0.001470603864220885,0.003503127679269968,0.0017473479979583733,-0.0032179518621792583,ok
crime_1,gradient_boosting,2015-02-11,84,94,0.0017557796813115947,0.0002851758170907096,-0.001470603864220885,0.005965721746165686,0.004209942064854091,-0.005680545929074976,ok
crime_1,twfe,2015-02-25,84,94,0.0009594424488041498,0.005418340524723502,0.004458898075919353,0.0009594424488041498,0.0,0.004458898075919353,ok
crime_1,linear_gap,2015-02-25,84,94,0.0009594424488041498,0.005418340524723502,0.004458898075919353,0.004228231389368122,0.003268788940563972,0.0011901091353553805,ok
crime_1,synthetic_control,2015-02-25,84,94,0.0009594424488041498,0.005418340524723502,0.004458898075919353,0.0007853992294117648,-0.00017404321939238504,0.0046329412953117375,exact_mean_match
crime_1,random_forest,2015-02-25,84,94,0.0009594424488041498,0.005418340524723502,0.004458898075919353,0.0008597459570806472,-9.969649172350255e-05,0.0045585945676428555,ok
crime_1,gradient_boosting,2015-02-25,84,94,0.0009594424488041498,0.005418340524723502,0.004458898075919353,0.0018210317330078682,0.0008615892842037185,0.003597308791715634,ok
crime_1,twfe,2015-03-11,84,94,0.00228635135550029,-0.005443138421861827,-0.0077294897773621165,0.00228635135550029,0.0,-0.0077294897773621165,ok
crime_1,linear_gap,2015-03-11,84,94,0.00228635135550029,-0.005443138421861827,-0.0077294897773621165,0.005703950903697963,0.003417599548197673,-0.01114708932555979,ok
crime_1,synthetic_control,2015-03-11,84,94,0.00228635135550029,-0.005443138421861827,-0.0077294897773621165,0.0025263586383192475,0.00024000728281895747,-0.007969497060181074,exact_mean_match
crime_1,random_forest,2015-03-11,84,94,0.00228635135550029,-0.005443138421861827,-0.0077294897773621165,0.0038208653933439365,0.0015345140378436465,-0.009264003815205764,ok
crime_1,gradient_boosting,2015-03-11,84,94,0.00228635135550029,-0.005443138421861827,-0.0077294897773621165,0.0038637949599178234,0.0015774436044175334,-0.00930693338177965,ok
crime_1,twfe,2015-03-25,84,94,0.001127344877344876,-0.0025169865595397515,-0.0036443314368846272,0.001127344877344876,0.0,-0.0036443314368846272,ok
crime_1,linear_gap,2015-03-25,84,94,0.001127344877344876,-0.0025169865595397515,-0.0036443314368846272,-0.0015425584351339444,-0.00266990331247882,-0.0009744281244058071,ok
crime_1,synthetic_control,2015-03-25,84,94,0.001127344877344876,-0.0025169865595397515,-0.0036443314368846272,0.0009789130659689123,-0.00014843181137596368,-0.0034958996255086633,exact_mean_match
crime_1,random_forest,2015-03-25,84,94,0.001127344877344876,-0.0025169865595397515,-0.0036443314368846272,-0.0013020873172814376,-0.002429432194626314,-0.0012148992422583134,ok
crime_1,gradient_boosting,2015-03-25,84,94,0.001127344877344876,-0.0025169865595397515,-0.0036443314368846272,-0.0025021791030690305,-0.0036295239804139063,-1.4807456470720959e-05,ok
crime_1,twfe,2015-04-08,84,94,0.0007195818366031127,0.007055001735852799,0.006335419899249686,0.0007195818366031127,0.0,0.006335419899249686,ok
crime_1,linear_gap,2015-04-08,84,94,0.0007195818366031127,0.007055001735852799,0.006335419899249686,-0.004056369905945863,-0.004775951742548976,0.011111371641798661,ok
crime_1,synthetic_control,2015-04-08,84,94,0.0007195818366031127,0.007055001735852799,0.006335419899249686,0.0006538663605039508,-6.571547609916187e-05,0.006401135375348848,exact_mean_match
crime_1,random_forest,2015-04-08,84,94,0.0007195818366031127,0.007055001735852799,0.006335419899249686,-0.0009048501980489916,-0.0016244320346521044,0.00795985193390179,ok
crime_1,gradient_boosting,2015-04-08,84,94,0.0007195818366031127,0.007055001735852799,0.006335419899249686,-0.003043166226695124,-0.0037627480632982367,0.010098167962547923,ok
crime_1,twfe,2015-04-22,84,94,0.0012415185287525704,-0.00667683380449338,-0.00791835233324595,0.0012415185287525704,0.0,-0.00791835233324595,ok
crime_1,linear_gap,2015-04-22,84,94,0.0012415185287525704,-0.00667683380449338,-0.00791835233324595,-0.0008104424299930955,-0.002051960958745666,-0.0058663913745002835,ok
crime_1,synthetic_control,2015-04-22,84,94,0.0012415185287525704,-0.00667683380449338,-0.00791835233324595,0.0011610320482883796,-8.048648046419084e-05,-0.00783786585278176,exact_mean_match
crime_1,random_forest,2015-04-22,84,94,0.0012415185287525704,-0.00667683380449338,-0.00791835233324595,0.0009227360322001987,-0.0003187824965523717,-0.007599569836693579,ok
crime_1,gradient_boosting,2015-04-22,84,94,0.0012415185287525704,-0.00667683380449338,-0.00791835233324595,0.0025423989120113874,0.001300880383258817,-0.009219232716504766,ok
crime_1,twfe,2015-05-06,84,94,-0.0009114703263639442,-0.0020582254624807827,-0.0011467551361168385,-0.0009114703263639442,0.0,-0.0011467551361168385,ok
crime_1,linear_gap,2015-05-06,84,94,-0.0009114703263639442,-0.0020582254624807827,-0.0011467551361168385,-0.003354094160893744,-0.0024426238345297995,0.001295868698412961,ok
crime_1,synthetic_control,2015-05-06,84,94,-0.0009114703263639442,-0.0020582254624807827,-0.0011467551361168385,-0.0007459835330504618,0.00016548679331348235,-0.001312241929430321,exact_mean_match
crime_1,random_forest,2015-05-06,84,94,-0.0009114703263639442,-0.0020582254624807827,-0.0011467551361168385,-0.0021101704091901143,-0.00119870008282617,5.194494670933154e-05,ok
crime_1,gradient_boosting,2015-05-06,84,94,-0.0009114703263639442,-0.0020582254624807827,-0.0011467551361168385,-0.004104064380920889,-0.0031925940545569445,0.002045838918440106,ok
crime_1,twfe,2015-05-20,84,94,-0.0009306591753400273,-0.004221841987799436,-0.003291182812459408,-0.0009306591753400273,0.0,-0.003291182812459408,ok
crime_1,linear_gap,2015-05-20,84,94,-0.0009306591753400273,-0.004221841987799436,-0.003291182812459408,-0.0033716015340773554,-0.002440942358737328,-0.0008502404537220802,ok
crime_1,synthetic_control,2015-05-20,84,94,-0.0009306591753400273,-0.004221841987799436,-0.003291182812459408,-0.0008807785890614459,4.988058627858143e-05,-0.0033410633987379897,exact_mean_match
crime_1,random_forest,2015-05-20,84,94,-0.0009306591753400273,-0.004221841987799436,-0.003291182812459408,-0.001216177192447857,-0.0002855180171078297,-0.0030056647953515783,ok
crime_1,gradient_boosting,2015-05-20,84,94,-0.0009306591753400273,-0.004221841987799436,-0.003291182812459408,-0.0019717330865356335,-0.0010410739111956062,-0.002250108901263802,ok
crime_1,twfe,2015-06-03,84,94,-0.002467685978324277,-0.0006013490056043259,0.0018663369727199512,-0.002467685978324277,0.0,0.0018663369727199512,ok
crime_1,linear_gap,2015-06-03,84,94,-0.002467685978324277,-0.0006013490056043259,0.0018663369727199512,-0.0021190599973519167,0.0003486259809723602,0.001517710991747591,ok
crime_1,synthetic_control,2015-06-03,84,94,-0.002467685978324277,-0.0006013490056043259,0.0018663369727199512,-0.0022253054970694935,0.00024238048125478336,0.0016239564914651678,exact_mean_match
crime_1,random_forest,2015-06-03,84,94,-0.002467685978324277,-0.0006013490056043259,0.0018663369727199512,-0.0022836026510280267,0.00018408332729625025,0.001682253645423701,ok
crime_1,gradient_boosting,2015-06-03,84,94,-0.002467685978324277,-0.0006013490056043259,0.0018663369727199512,-0.0031688470545066,-0.0007011610761823231,0.0025674980489022742,ok
crime_1,twfe,2015-06-17,84,94,-0.001501527432378497,-0.00398626196498537,-0.002484734532606873,-0.001501527432378497,0.0,-0.002484734532606873,ok
crime_1,linear_gap,2015-06-17,84,94,-0.001501527432378497,-0.00398626196498537,-0.002484734532606873,-0.0029299411180827625,-0.0014284136857042654,-0.0010563208469026074,ok
crime_1,synthetic_control,2015-06-17,84,94,-0.001501527432378497,-0.00398626196498537,-0.002484734532606873,-0.0016930306848401844,-0.0001915032524616874,-0.0022932312801451854,exact_mean_match
crime_1,random_forest,2015-06-17,84,94,-0.001501527432378497,-0.00398626196498537,-0.002484734532606873,-0.0012639323415672217,0.00023759509081127533,-0.002722329623418148,ok
crime_1,gradient_boosting,2015-06-17,84,94,-0.001501527432378497,-0.00398626196498537,-0.002484734532606873,-0.0012004120878691864,0.00030111534450931064,-0.0027858498771161835,ok
crime_1,twfe,2015-07-01,84,94,-0.0018555616959872285,0.005821306353221246,0.007676868049208474,-0.0018555616959872285,0.0,0.007676868049208474,ok
crime_1,linear_gap,2015-07-01,84,94,-0.0018555616959872285,0.005821306353221246,0.007676868049208474,-0.005036913895342697,-0.003181352199355469,0.010858220248563942,ok
crime_1,synthetic_control,2015-07-01,84,94,-0.0018555616959872285,0.005821306353221246,0.007676868049208474,-0.0013447555102180792,0.0005108061857691493,0.007166061863439325,exact_mean_match
crime_1,random_forest,2015-07-01,84,94,-0.0018555616959872285,0.005821306353221246,0.007676868049208474,-0.0011823939125548686,0.0006731677834323599,0.0070037002657761145,ok
crime_1,gradient_boosting,2015-07-01,84,94,-0.0018555616959872285,0.005821306353221246,0.007676868049208474,-0.002277433826535764,-0.0004218721305485355,0.00809874017975701,ok
crime_1,twfe,2015-07-15,84,94,-0.0015312701482914257,0.0033663145365273013,0.004897584684818727,-0.0015312701482914257,0.0,0.004897584684818727,ok
crime_1,linear_gap,2015-07-15,84,94,-0.0015312701482914257,0.0033663145365273013,0.004897584684818727,0.0044177912054716075,0.005949061353763033,-0.0010514766689443062,ok
crime_1,synthetic_control,2015-07-15,84,94,-0.0015312701482914257,0.0033663145365273013,0.004897584684818727,-0.0013547612739473521,0.00017650887434407362,0.0047210758104746535,exact_mean_match
crime_1,random_forest,2015-07-15,84,94,-0.0015312701482914257,0.0033663145365273013,0.004897584684818727,0.0021623988090409218,0.0036936689573323477,0.0012039157274863791,ok
crime_1,gradient_boosting,2015-07-15,84,94,-0.0015312701482914257,0.0033663145365273013,0.004897584684818727,0.003706938423209726,0.005238208571501151,-0.0003406238866824245,ok
crime_1,twfe,2015-07-29,84,94,4.029658284977381e-05,0.0003967663542131614,0.0003564697713633876,4.029658284977381e-05,0.0,0.0003564697713633876,ok
crime_1,linear_gap,2015-07-29,84,94,4.029658284977381e-05,0.0003967663542131614,0.0003564697713633876,0.004677806818485288,0.004637510235635514,-0.004281040464272126,ok
crime_1,synthetic_control,2015-07-29,84,94,4.029658284977381e-05,0.0003967663542131614,0.0003564697713633876,4.926338332844962e-05,8.966800478675812e-06,0.0003475029708847118,exact_mean_match
crime_1,random_forest,2015-07-29,84,94,4.029658284977381e-05,0.0003967663542131614,0.0003564697713633876,0.0006733277959013075,0.0006330312130515337,-0.0002765614416881461,ok
crime_1,gradient_boosting,2015-07-29,84,94,4.029658284977381e-05,0.0003967663542131614,0.0003564697713633876,0.003479589157757149,0.0034392925749073752,-0.0030828228035439877,ok
crime_1,twfe,2015-08-12,84,94,0.00023122563016179947,0.01143803005505133,0.01120680442488953,0.00023122563016179947,0.0,0.01120680442488953,ok
crime_1,linear_gap,2015-08-12,84,94,0.00023122563016179947,0.01143803005505133,0.01120680442488953,0.004704231484100549,0.00447300585393875,0.006733798570950781,ok
crime_1,synthetic_control,2015-08-12,84,94,0.00023122563016179947,0.01143803005505133,0.01120680442488953,0.00023146438437283458,2.3875421103510376e-07,0.011206565670678495,exact_mean_match
crime_1,random_forest,2015-08-12,84,94,0.00023122563016179947,0.01143803005505133,0.01120680442488953,0.0009147576669944613,0.0006835320368326619,0.010523272388056868,ok
crime_1,gradient_boosting,2015-08-12,84,94,0.00023122563016179947,0.01143803005505133,0.01120680442488953,0.002018396136850965,0.0017871705066891655,0.009419633918200365,ok
crime_1,twfe,2015-08-26,84,94,0.0027814236590832328,0.000396766354213161,-0.002384657304870072,0.0027814236590832328,0.0,-0.002384657304870072,ok
crime_1,linear_gap,2015-08-26,84,94,0.0027814236590832328,0.000396766354213161,-0.002384657304870072,0.009949274716422457,0.007167851057339225,-0.009552508362209297,ok
crime_1,synthetic_control,2015-08-26,84,94,0.0027814236590832328,0.000396766354213161,-0.002384657304870072,0.0026927531572939287,-8.867050178930401e-05,-0.002295986803080768,exact_mean_match
crime_1,random_forest,2015-08-26,84,94,0.0027814236590832328,0.000396766354213161,-0.002384657304870072,0.0051790874277893185,0.0023976637687060857,-0.004782321073576158,ok
crime_1,gradient_boosting,2015-08-26,84,94,0.0027814236590832328,0.000396766354213161,-0.002384657304870072,0.00930323606625513,0.006521812407171897,-0.008906469712041969,ok
crime_1,twfe,2015-09-09,84,94,0.0030260814835282915,0.0002851758170907105,-0.002740905666437581,0.0030260814835282915,0.0,-0.002740905666437581,ok
crime_1,linear_gap,2015-09-09,84,94,0.0030260814835282915,0.0002851758170907105,-0.002740905666437581,0.006378944213715821,0.0033528627301875297,-0.006093768396625111,ok
crime_1,synthetic_control,2015-09-09,84,94,0.0030260814835282915,0.0002851758170907105,-0.002740905666437581,0.0033680910190077296,0.000342009535479438,-0.003082915201917019,exact_mean_match
crime_1,random_forest,2015-09-09,84,94,0.0030260814835282915,0.0002851758170907105,-0.002740905666437581,0.0012734633562162694,-0.001752618127312022,-0.0009882875391255589,ok
crime_1,gradient_boosting,2015-09-09,84,94,0.0030260814835282915,0.0002851758170907105,-0.002740905666437581,0.0022717691045607866,-0.000754312378967505,-0.001986593287470076,ok
crime_1,twfe,2015-09-23,84,94,0.003940430137238646,-0.0019342359767891694,-0.005874666114027816,0.003940430137238646,0.0,-0.005874666114027816,ok
crime_1,linear_gap,2015-09-23,84,94,0.003940430137238646,-0.0019342359767891694,-0.005874666114027816,0.0016908957728776187,-0.002249534364361027,-0.0036251317496667885,ok
crime_1,synthetic_control,2015-09-23,84,94,0.003940430137238646,-0.0019342359767891694,-0.005874666114027816,0.0043747951407916985,0.00043436500355305274,-0.006309031117580868,exact_mean_match
crime_1,random_forest,2015-09-23,84,94,0.003940430137238646,-0.0019342359767891694,-0.005874666114027816,0.0012934001514572507,-0.0026470299857813953,-0.0032276361282464203,ok
crime_1,gradient_boosting,2015-09-23,84,94,0.003940430137238646,-0.0019342359767891694,-0.005874666114027816,0.0018613127698758004,-0.002079117367362845,-0.0037955487466649705,ok
crime_1,twfe,2015-10-07,84,94,0.002568427435448711,0.00021698159996032238,-0.0023514458354883883,0.002568427435448711,0.0,-0.0023514458354883883,ok
crime_1,linear_gap,2015-10-07,84,94,0.002568427435448711,0.00021698159996032238,-0.0023514458354883883,0.00033963127252816,-0.0022287961629205507,-0.00012264967256783764,ok
crime_1,synthetic_control,2015-10-07,84,94,0.002568427435448711,0.00021698159996032238,-0.0023514458354883883,0.001968128577853001,-0.0006002988575957097,-0.0017511469778926786,exact_mean_match
crime_1,random_forest,2015-10-07,84,94,0.002568427435448711,0.00021698159996032238,-0.0023514458354883883,0.00047948334015841945,-0.0020889440952902914,-0.0002625017401980969,ok
crime_1,gradient_boosting,2015-10-07,84,94,0.002568427435448711,0.00021698159996032238,-0.0023514458354883883,0.0007154596598765098,-0.0018529677755722011,-0.0004984780599161871,ok
crime_1,twfe,2015-10-21,84,94,0.0020723956894169652,-0.002975747656598721,-0.005048143346015686,0.0020723956894169652,0.0,-0.005048143346015686,ok
crime_1,linear_gap,2015-10-21,84,94,0.0020723956894169652,-0.002975747656598721,-0.005048143346015686,-0.0014738367569047542,-0.0035462324463217195,-0.0015019108996939669,ok
crime_1,synthetic_control,2015-10-21,84,94,0.0020723956894169652,-0.002975747656598721,-0.005048143346015686,0.0028916878404712867,0.0008192921510543215,-0.005867435497070007,exact_mean_match
crime_1,random_forest,2015-10-21,84,94,0.0020723956894169652,-0.002975747656598721,-0.005048143346015686,-0.00040585215167747516,-0.0024782478410944405,-0.002569895504921246,ok
crime_1,gradient_boosting,2015-10-21,84,94,0.0020723956894169652,-0.002975747656598721,-0.005048143346015686,-0.0007640856169061466,-0.002836481306323112,-0.0022116620396925744,ok
crime_1,twfe,2015-11-04,84,94,0.0015140001842129489,0.007234786490105638,0.00572078630589269,0.0015140001842129489,0.0,0.00572078630589269,ok
crime_1,linear_gap,2015-11-04,84,94,0.0015140001842129489,0.007234786490105638,0.00572078630589269,-0.006089072857410902,-0.00760307304162385,0.01332385934751654,ok
crime_1,synthetic_control,2015-11-04,84,94,0.0015140001842129489,0.007234786490105638,0.00572078630589269,0.0014592716392697151,-5.472854494323375e-05,0.005775514850835923,exact_mean_match
crime_1,random_forest,2015-11-04,84,94,0.0015140001842129489,0.007234786490105638,0.00572078630589269,-0.001031569448530126,-0.002545569632743075,0.008266355938635766,ok
crime_1,gradient_boosting,2015-11-04,84,94,0.0015140001842129489,0.007234786490105638,0.00572078630589269,-0.0017777655549531537,-0.0032917657391661028,0.009012552045058794,ok
crime_1,twfe,2015-11-18,84,94,0.0005564766203064067,0.002089222833903684,0.0015327462135972772,0.0005564766203064067,0.0,0.0015327462135972772,ok
crime_1,linear_gap,2015-11-18,84,94,0.0005564766203064067,0.002089222833903684,0.0015327462135972772,0.0020995109058641256,0.001543034285557719,-1.0288071960441736e-05,ok
crime_1,synthetic_control,2015-11-18,84,94,0.0005564766203064067,0.002089222833903684,0.0015327462135972772,0.00043677579865974807,-0.00011970082164665862,0.0016524470352439358,exact_mean_match
crime_1,random_forest,2015-11-18,84,94,0.0005564766203064067,0.002089222833903684,0.0015327462135972772,0.0018179636148983535,0.0012614869945919468,0.0002712592190053304,ok
crime_1,gradient_boosting,2015-11-18,84,94,0.0005564766203064067,0.002089222833903684,0.0015327462135972772,0.0036976182998423824,0.0031411416795359757,-0.0016083954659386985,ok
crime_1,twfe,2015-12-02,84,94,0.0008999570169782927,-0.002405396022417301,-0.0033053530393955936,0.0008999570169782927,0.0,-0.0033053530393955936,ok
crime_1,linear_gap,2015-12-02,84,94,0.0008999570169782927,-0.002405396022417301,-0.0033053530393955936,0.003233845416928289,0.0023338883999499964,-0.00563924143934559,ok
crime_1,synthetic_control,2015-12-02,84,94,0.0008999570169782927,-0.002405396022417301,-0.0033053530393955936,0.0008014680978640255,-9.848891911426721e-05,-0.0032068641202813264,exact_mean_match
crime_1,random_forest,2015-12-02,84,94,0.0008999570169782927,-0.002405396022417301,-0.0033053530393955936,0.0015851604700293622,0.0006852034530510694,-0.003990556492446663,ok
crime_1,gradient_boosting,2015-12-02,84,94,0.0008999570169782927,-0.002405396022417301,-0.0033053530393955936,0.0028872752365822715,0.0019873182196039787,-0.005292671258999572,ok
crime_1,twfe,2015-12-16,84,94,0.00014007859752540502,-0.0026843723652234296,-0.0028244509627488347,0.00014007859752540502,0.0,-0.0028244509627488347,ok
crime_1,linear_gap,2015-12-16,84,94,0.00014007859752540502,-0.0026843723652234296,-0.0028244509627488347,0.000534104424894486,0.000394025827369081,-0.0032184767901179156,ok
crime_1,synthetic_control,2015-12-16,84,94,0.00014007859752540502,-0.0026843723652234296,-0.0028244509627488347,0.00013935042155126948,-7.281759741355426e-07,-0.002823722786774699,exact_mean_match
crime_1,random_forest,2015-12-16,84,94,0.00014007859752540502,-0.0026843723652234296,-0.0028244509627488347,-0.001014326334316262,-0.0011544049318416671,-0.0016700460309071676,ok
crime_1,gradient_boosting,2015-12-16,84,94,0.00014007859752540502,-0.0026843723652234296,-0.0028244509627488347,-0.002289199475761366,-0.002429278073286771,-0.0003951728894620635,ok
crime_1,twfe,2015-12-30,84,94,6.907985631389786e-05,-0.0031555324108515606,-0.0032246122671654586,6.907985631389786e-05,0.0,-0.0032246122671654586,ok
crime_1,linear_gap,2015-12-30,84,94,6.907985631389786e-05,-0.0031555324108515606,-0.0032246122671654586,-0.0012688143825623365,-0.0013378942388762344,-0.0018867180282892242,ok
crime_1,synthetic_control,2015-12-30,84,94,6.907985631389786e-05,-0.0031555324108515606,-0.0032246122671654586,6.341276800787832e-05,-5.667088306019545e-06,-0.003218945178859439,exact_mean_match
crime_1,random_forest,2015-12-30,84,94,6.907985631389786e-05,-0.0031555324108515606,-0.0032246122671654586,-0.0010283402910277425,-0.0010974201473416404,-0.0021271921198238184,ok
crime_1,gradient_boosting,2015-12-30,84,94,6.907985631389786e-05,-0.0031555324108515606,-0.0032246122671654586,-0.001335367701495227,-0.001404447557809125,-0.0018201647093563336,ok
crime_1,twfe,2016-01-13,84,94,-0.0004893156488901178,-0.000948519565540843,-0.0004592039166507252,-0.0004893156488901178,0.0,-0.0004592039166507252,ok
crime_1,linear_gap,2016-01-13,84,94,-0.0004893156488901178,-0.000948519565540843,-0.0004592039166507252,-0.0034744956724572854,-0.002985180023567168,0.002525976106916443,ok
crime_1,synthetic_control,2016-01-13,84,94,-0.0004893156488901178,-0.000948519565540843,-0.0004592039166507252,-0.000375489818454932,0.0001138258304351858,-0.000573029747085911,exact_mean_match
crime_1,random_forest,2016-01-13,84,94,-0.0004893156488901178,-0.000948519565540843,-0.0004592039166507252,-0.0016225669986238438,-0.001133251349733726,0.0006740474330830008,ok
crime_1,gradient_boosting,2016-01-13,84,94,-0.0004893156488901178,-0.000948519565540843,-0.0004592039166507252,-0.002713352384051397,-0.0022240367351612795,0.0017648328185105543,ok
crime_1,twfe,2016-01-27,84,94,-0.00016694298609192323,0.004835589941972919,0.0050025329280648425,-0.00016694298609192323,0.0,0.0050025329280648425,ok
crime_1,linear_gap,2016-01-27,84,94,-0.00016694298609192323,0.004835589941972919,0.0050025329280648425,-0.005526366828628397,-0.005359423842536474,0.010361956770601317,ok
crime_1,synthetic_control,2016-01-27,84,94,-0.00016694298609192323,0.004835589941972919,0.0050025329280648425,-0.000100752977386636,6.619000870528724e-05,0.004936342919359555,exact_mean_match
crime_1,random_forest,2016-01-27,84,94,-0.00016694298609192323,0.004835589941972919,0.0050025329280648425,-0.000971139417245902,-0.0008041964311539787,0.005806729359218821,ok
crime_1,gradient_boosting,2016-01-27,84,94,-0.00016694298609192323,0.004835589941972919,0.0050025329280648425,-0.0015269719446311036,-0.0013600289585391804,0.006362561886604023,ok
crime_1,twfe,2016-02-10,84,94,-0.00018613183506800598,-0.0002975747656598732,-0.00011144293059186725,-0.00018613183506800598,0.0,-0.00011144293059186725,ok
crime_1,linear_gap,2016-02-10,84,94,-0.00018613183506800598,-0.0002975747656598732,-0.00011144293059186725,0.0017503677859279708,0.0019364996209959768,-0.002047942551587844,ok
crime_1,synthetic_control,2016-02-10,84,94,-0.00018613183506800598,-0.0002975747656598732,-0.00011144293059186725,-0.0001951624795200925,-9.030644452086517e-06,-0.00010241228613978073,exact_mean_match
crime_1,random_forest,2016-02-10,84,94,-0.00018613183506800598,-0.0002975747656598732,-0.00011144293059186725,0.0015393746799899995,0.0017255065150580055,-0.0018369494456498727,ok
crime_1,gradient_boosting,2016-02-10,84,94,-0.00018613183506800598,-0.0002975747656598732,-0.00011144293059186725,0.005094390152919159,0.005280521987987165,-0.005391964918579032,ok
crime_1,twfe,2016-02-24,84,94,-0.0006370697860059565,0.007916728661409512,0.008553798447415469,-0.0006370697860059565,0.0,0.008553798447415469,ok
crime_1,linear_gap,2016-02-24,84,94,-0.0006370697860059565,0.007916728661409512,0.008553798447415469,0.003721315468079341,0.004358385254085297,0.004195413193330172,ok
crime_1,synthetic_control,2016-02-24,84,94,-0.0006370697860059565,0.007916728661409512,0.008553798447415469,-0.0003498513117184132,0.00028721847428754327,0.008266579973127925,exact_mean_match
crime_1,random_forest,2016-02-24,84,94,-0.0006370697860059565,0.007916728661409512,0.008553798447415469,0.0010685935592634414,0.0017056633452693978,0.006848135102146071,ok
crime_1,gradient_boosting,2016-02-24,84,94,-0.0006370697860059565,0.007916728661409512,0.008553798447415469,0.0023815558707554604,0.003018625656761417,0.005535172790654052,ok
crime_1,twfe,2016-03-09,84,94,0.0011772358846826928,0.0009237216684025184,-0.00025351421628017437,0.0011772358846826928,0.0,-0.00025351421628017437,ok
crime_1,linear_gap,2016-03-09,84,94,0.0011772358846826928,0.0009237216684025184,-0.00025351421628017437,0.007861382405721044,0.006684146521038351,-0.006937660737318525,ok
crime_1,synthetic_control,2016-03-09,84,94,0.0011772358846826928,0.0009237216684025184,-0.00025351421628017437,0.001247749287130161,7.051340244746828e-05,-0.00032402761872764264,exact_mean_match
crime_1,random_forest,2016-03-09,84,94,0.0011772358846826928,0.0009237216684025184,-0.00025351421628017437,0.003728502853744638,0.0025512669690619452,-0.0028047811853421194,ok
crime_1,gradient_boosting,2016-03-09,84,94,0.0011772358846826928,0.0009237216684025184,-0.00025351421628017437,0.006315690637251258,0.005138454752568565,-0.0053919689688487395,ok
crime_1,twfe,2016-03-23,84,94,0.0014372447883086168,-0.0011283043197936817,-0.0025655491081022982,0.0014372447883086168,0.0,-0.0025655491081022982,ok
crime_1,linear_gap,2016-03-23,84,94,0.0014372447883086168,-0.0011283043197936817,-0.0025655491081022982,0.005565267858825361,0.004128023070516744,-0.006693572178619042,ok
crime_1,synthetic_control,2016-03-23,84,94,0.0014372447883086168,-0.0011283043197936817,-0.0025655491081022982,0.0014023270870669041,-3.491770124171268e-05,-0.0025306314068605854,exact_mean_match
crime_1,random_forest,2016-03-23,84,94,0.0014372447883086168,-0.0011283043197936817,-0.0025655491081022982,0.0002100630036308466,-0.0012271817846777702,-0.001338367323424528,ok
crime_1,gradient_boosting,2016-03-23,84,94,0.0014372447883086168,-0.0011283043197936817,-0.0025655491081022982,0.0023284498999347476,0.0008912051116261308,-0.0034567542197284293,ok
crime_1,twfe,2016-04-06,84,94,0.002257568082036166,0.0015498685711451657,-0.0007076995108910005,0.002257568082036166,0.0,-0.0007076995108910005,ok
crime_1,linear_gap,2016-04-06,84,94,0.002257568082036166,0.0015498685711451657,-0.0007076995108910005,0.003070561627695981,0.0008129935456598148,-0.0015206930565508153,ok
crime_1,synthetic_control,2016-04-06,84,94,0.002257568082036166,0.0015498685711451657,-0.0007076995108910005,0.0014033758104431346,-0.0008541922715930316,0.00014649276070203112,exact_mean_match
crime_1,random_forest,2016-04-06,84,94,0.002257568082036166,0.0015498685711451657,-0.0007076995108910005,0.001545426416361816,-0.0007121416656743502,4.442154783349667e-06,ok
crime_1,gradient_boosting,2016-04-06,84,94,0.002257568082036166,0.0015498685711451657,-0.0007076995108910005,0.0010536162383391924,-0.0012039518436969738,0.0004962523328059733,ok
crime_1,twfe,2016-04-20,84,94,0.002562670780755886,0.009968754649605715,0.007406083868849828,0.002562670780755886,0.0,0.007406083868849828,ok
crime_1,linear_gap,2016-04-20,84,94,0.002562670780755886,0.009968754649605715,0.007406083868849828,0.00025988968296660375,-0.002302781097789282,0.00970886496663911,ok
crime_1,synthetic_control,2016-04-20,84,94,0.002562670780755886,0.009968754649605715,0.007406083868849828,0.0021101114996324426,-0.0004525592811234435,0.007858643149973272,exact_mean_match
crime_1,random_forest,2016-04-20,84,94,0.002562670780755886,0.009968754649605715,0.007406083868849828,0.0008812040919380296,-0.0016814666888178564,0.009087550557667684,ok
crime_1,gradient_boosting,2016-04-20,84,94,0.002562670780755886,0.009968754649605715,0.007406083868849828,0.0006827992628546664,-0.0018798715179012197,0.009285955386751048,ok
crime_1,twfe,2016-05-04,84,94,0.0029685149366000425,0.006404056935971829,0.003435541999371786,0.0029685149366000425,0.0,0.003435541999371786,ok
crime_1,linear_gap,2016-05-04,84,94,0.0029685149366000425,0.006404056935971829,0.003435541999371786,0.005237386272574483,0.0022688713359744405,0.0011666706633973456,ok
crime_1,synthetic_control,2016-05-04,84,94,0.0029685149366000425,0.006404056935971829,0.003435541999371786,0.0018950499555296287,-0.0010734649810704138,0.0045090069804422,exact_mean_match
crime_1,random_forest,2016-05-04,84,94,0.0029685149366000425,0.006404056935971829,0.003435541999371786,0.004414362139259143,0.0014458472026591005,0.0019896947967126856,ok
crime_1,gradient_boosting,2016-05-04,84,94,0.0029685149366000425,0.006404056935971829,0.003435541999371786,0.005938010612345782,0.0029694956757457397,0.00046604632362604644,ok
crime_1,twfe,2016-05-18,84,94,0.0040056722237573296,0.0027835639537767184,-0.0012221082699806112,0.0040056722237573296,0.0,-0.0012221082699806112,ok
crime_1,linear_gap,2016-05-18,84,94,0.0040056722237573296,0.0027835639537767184,-0.0012221082699806112,0.005580934795337409,0.0015752625715800793,-0.0027973708415606905,ok
crime_1,synthetic_control,2016-05-18,84,94,0.0040056722237573296,0.0027835639537767184,-0.0012221082699806112,0.004041699236026536,3.602701226920659e-05,-0.0012581352822498178,exact_mean_match
crime_1,random_forest,2016-05-18,84,94,0.0040056722237573296,0.0027835639537767184,-0.0012221082699806112,0.003789303639151514,-0.00021636858460581535,-0.0010057396853747958,ok
crime_1,gradient_boosting,2016-05-18,84,94,0.0040056722237573296,0.0027835639537767184,-0.0012221082699806112,0.005794960079434007,0.0017892878556766776,-0.0030113961256572888,ok
crime_1,twfe,2016-06-01,84,94,0.003301441466335084,0.010148539403858552,0.0068470979375234685,0.003301441466335084,0.0,0.0068470979375234685,ok
crime_1,linear_gap,2016-06-01,84,94,0.003301441466335084,0.010148539403858552,0.0068470979375234685,0.006809840707326196,0.003508399240991112,0.0033386986965323563,ok
crime_1,synthetic_control,2016-06-01,84,94,0.003301441466335084,0.010148539403858552,0.0068470979375234685,0.002084950050453383,-0.0012164914158817007,0.00806358935340517,exact_mean_match
crime_1,random_forest,2016-06-01,84,94,0.003301441466335084,0.010148539403858552,0.0068470979375234685,0.0037728401679632466,0.00047139870162816273,0.006375699235895305,ok
crime_1,gradient_boosting,2016-06-01,84,94,0.003301441466335084,0.010148539403858552,0.0068470979375234685,0.0040220960678041375,0.0007206546014690536,0.006126443336054415,ok
crime_1,twfe,2016-06-15,84,94,0.004991019618679192,0.00809651341566235,0.0031054937969831574,0.004991019618679192,0.0,0.0031054937969831574,ok
crime_1,linear_gap,2016-06-15,84,94,0.004991019618679192,0.00809651341566235,0.0031054937969831574,0.010007982891482367,0.005016963272803175,-0.0019114694758200178,ok
crime_1,synthetic_control,2016-06-15,84,94,0.004991019618679192,0.00809651341566235,0.0031054937969831574,0.0034091276940272797,-0.0015818919246519125,0.00468738572163507,exact_mean_match
crime_1,random_forest,2016-06-15,84,94,0.004991019618679192,0.00809651341566235,0.0031054937969831574,0.004274690971270541,-0.0007163286474086514,0.003821822444391809,ok
crime_1,gradient_boosting,2016-06-15,84,94,0.004991019618679192,0.00809651341566235,0.0031054937969831574,0.0075566986251783385,0.0025656790064991462,0.0005398147904840112,ok
crime_1,twfe,2016-06-29,84,94,0.005821896779343587,0.0010787085255170358,-0.0047431882538265515,0.005821896779343587,0.0,-0.0047431882538265515,ok
crime_1,linear_gap,2016-06-29,84,94,0.005821896779343587,0.0010787085255170358,-0.0047431882538265515,0.008929264043830324,0.003107367264486737,-0.007850555518313289,ok
crime_1,synthetic_control,2016-06-29,84,94,0.005821896779343587,0.0010787085255170358,-0.0047431882538265515,0.0031110733522768143,-0.002710823427066773,-0.0020323648267597787,exact_mean_match
crime_1,random_forest,2016-06-29,84,94,0.005821896779343587,0.0010787085255170358,-0.0047431882538265515,0.005471600314695111,-0.0003502964646484759,-0.004392891789178076,ok
crime_1,gradient_boosting,2016-06-29,84,94,0.005821896779343587,0.0010787085255170358,-0.0047431882538265515,0.009713404769882757,0.0038915079905391696,-0.008634696244365721,ok
crime_1,twfe,2016-07-13,84,94,0.006002271959718768,-0.0001301889599761949,-0.006132460919694963,0.006002271959718768,0.0,-0.006132460919694963,ok
crime_1,linear_gap,2016-07-13,84,94,0.006002271959718768,-0.0001301889599761949,-0.006132460919694963,0.0035361074640943655,-0.0024661644956244025,-0.0036662964240705602,ok
crime_1,synthetic_control,2016-07-13,84,94,0.006002271959718768,-0.0001301889599761949,-0.006132460919694963,0.011190536549518156,0.005188264589799388,-0.01132072550949435,exact_mean_match
crime_1,random_forest,2016-07-13,84,94,0.006002271959718768,-0.0001301889599761949,-0.006132460919694963,0.0026490789917489876,-0.0033531929679697803,-0.0027792679517251824,ok
crime_1,gradient_boosting,2016-07-13,84,94,0.006002271959718768,-0.0001301889599761949,-0.006132460919694963,0.0025615080492003913,-0.0034407639105183767,-0.002691697009176586,ok
crime_1,twfe,2016-07-27,84,94,0.004475799023671363,-0.0020582254624807827,-0.006534024486152146,0.004475799023671363,0.0,-0.006534024486152146,ok
crime_1,linear_gap,2016-07-27,84,94,0.004475799023671363,-0.0020582254624807827,-0.006534024486152146,-2.4670934877750273e-05,-0.004500469958549113,-0.0020335545276030324,ok
crime_1,synthetic_control,2016-07-27,84,94,0.004475799023671363,-0.0020582254624807827,-0.006534024486152146,0.0059260259600728594,0.001450226936401496,-0.007984251422553643,exact_mean_match
crime_1,random_forest,2016-07-27,84,94,0.004475799023671363,-0.0020582254624807827,-0.006534024486152146,0.0006262906798102965,-0.003849508343861067,-0.0026845161422910787,ok
crime_1,gradient_boosting,2016-07-27,84,94,0.004475799023671363,-0.0020582254624807827,-0.006534024486152146,0.00017310463308232966,-0.0043026943905890335,-0.0022313300955631122,ok
crime_1,twfe,2016-08-10,84,94,0.0030395136778115497,-0.002114020731042008,-0.005153534408853558,0.0030395136778115497,0.0,-0.005153534408853558,ok
crime_1,linear_gap,2016-08-10,84,94,0.0030395136778115497,-0.002114020731042008,-0.005153534408853558,-0.0036264168554750345,-0.006665930533286584,0.0015123961244330256,ok
crime_1,synthetic_control,2016-08-10,84,94,0.0030395136778115497,-0.002114020731042008,-0.005153534408853558,0.004378559620333643,0.001339045942522093,-0.006492580351375651,exact_mean_match
crime_1,random_forest,2016-08-10,84,94,0.0030395136778115497,-0.002114020731042008,-0.005153534408853558,-0.000751047669062476,-0.0037905613468740256,-0.0013629730619795326,ok
crime_1,gradient_boosting,2016-08-10,84,94,0.0030395136778115497,-0.002114020731042008,-0.005153534408853558,-0.0025179411509115676,-0.005557454828723118,0.0004039204198695596,ok
crime_1,twfe,2016-08-24,84,94,0.0020647201498265317,0.0009113227198333574,-0.0011533974299931743,0.0020647201498265317,0.0,-0.0011533974299931743,ok
crime_1,linear_gap,2016-08-24,84,94,0.0020647201498265317,0.0009113227198333574,-0.0011533974299931743,-0.007282603780520756,-0.009347323930347288,0.008193926500354113,ok
crime_1,synthetic_control,2016-08-24,84,94,0.0020647201498265317,0.0009113227198333574,-0.0011533974299931743,0.0019035362789586105,-0.00016118387086792125,-0.000992213559125253,exact_mean_match
crime_1,random_forest,2016-08-24,84,94,0.0020647201498265317,0.0009113227198333574,-0.0011533974299931743,-0.0010234351812406747,-0.003088155331067206,0.0019347579010740319,ok
crime_1,gradient_boosting,2016-08-24,84,94,0.0020647201498265317,0.0009113227198333574,-0.0011533974299931743,-0.0014622893582262081,-0.00352700950805274,0.0023736120780595655,ok
crime_1,twfe,2016-09-07,84,94,0.00046341070277240416,-8.679263998412986e-05,-0.0005502033427565341,0.00046341070277240416,0.0,-0.0005502033427565341,ok
crime_1,linear_gap,2016-09-07,84,94,0.00046341070277240416,-8.679263998412986e-05,-0.0005502033427565341,-0.0043049743987104505,-0.004768385101482855,0.004218181758726321,ok
crime_1,synthetic_control,2016-09-07,84,94,0.00046341070277240416,-8.679263998412986e-05,-0.0005502033427565341,0.00030702537432470735,-0.00015638532844769682,-0.00039381801430883725,exact_mean_match
crime_1,random_forest,2016-09-07,84,94,0.00046341070277240416,-8.679263998412986e-05,-0.0005502033427565341,-0.00029763445790312207,-0.0007610451606755262,0.0002108418179189921,ok
crime_1,gradient_boosting,2016-09-07,84,94,0.00046341070277240416,-8.679263998412986e-05,-0.0005502033427565341,-0.0005244815543323054,-0.0009878922571047095,0.0004376889143481754,ok
crime_1,twfe,2016-09-21,84,94,-0.0008030533296490747,0.0024363933938402016,0.0032394467234892763,-0.0008030533296490747,0.0,0.0032394467234892763,ok
crime_1,linear_gap,2016-09-21,84,94,-0.0008030533296490747,0.0024363933938402016,0.0032394467234892763,-0.001960188920834657,-0.0011571355911855824,0.004396582314674859,ok
crime_1,synthetic_control,2016-09-21,84,94,-0.0008030533296490747,0.0024363933938402016,0.0032394467234892763,-0.0006144175347417846,0.0001886357949072901,0.003050810928581986,exact_mean_match
crime_1,random_forest,2016-09-21,84,94,-0.0008030533296490747,0.0024363933938402016,0.0032394467234892763,-0.00026868182664494325,0.0005343715030041315,0.002705075220485145,ok
crime_1,gradient_boosting,2016-09-21,84,94,-0.0008030533296490747,0.0024363933938402016,0.0032394467234892763,-0.00040951233973788735,0.00039354098991118737,0.002845905733578089,ok
crime_1,twfe,2016-10-05,84,94,-0.0004298302170642602,0.01031592520954223,0.010745755426606489,-0.0004298302170642602,0.0,0.010745755426606489,ok
crime_1,linear_gap,2016-10-05,84,94,-0.0004298302170642602,0.01031592520954223,0.010745755426606489,0.002711166563271903,0.0031409967803361634,0.007604758646270325,ok
crime_1,synthetic_control,2016-10-05,84,94,-0.0004298302170642602,0.01031592520954223,0.010745755426606489,-0.0002789237762519676,0.00015090644081229261,0.010594848985794197,exact_mean_match
crime_1,random_forest,2016-10-05,84,94,-0.0004298302170642602,0.01031592520954223,0.010745755426606489,0.0008181598111272227,0.001247990028191483,0.009497765398415006,ok
crime_1,gradient_boosting,2016-10-05,84,94,-0.0004298302170642602,0.01031592520954223,0.010745755426606489,0.0032460751483994518,0.003675905365463712,0.007069850061142777,ok
crime_1,twfe,2016-10-19,84,94,0.0014122992846397095,0.0014382780340227144,2.5978749383004937e-05,0.0014122992846397095,0.0,2.5978749383004937e-05,ok
crime_1,linear_gap,2016-10-19,84,94,0.0014122992846397095,0.0014382780340227144,2.5978749383004937e-05,0.009323642888216611,0.007911343603576902,-0.007885364854193897,ok
crime_1,synthetic_control,2016-10-19,84,94,0.0014122992846397095,0.0014382780340227144,2.5978749383004937e-05,0.0012417381821115889,-0.0001705611025281206,0.00019653985191112554,exact_mean_match
crime_1,random_forest,2016-10-19,84,94,0.0014122992846397095,0.0014382780340227144,2.5978749383004937e-05,0.005237006853858469,0.0038247075692187595,-0.0037987288198357543,ok
crime_1,gradient_boosting,2016-10-19,84,94,0.0014122992846397095,0.0014382780340227144,2.5978749383004937e-05,0.009397193568763763,0.007984894284124053,-0.007958915534741049,ok
crime_1,twfe,2016-11-02,84,94,0.0018996960486322187,0.005418340524723502,0.0035186444760912836,0.0018996960486322187,0.0,0.0035186444760912836,ok
crime_1,linear_gap,2016-11-02,84,94,0.0018996960486322187,0.005418340524723502,0.0035186444760912836,0.006978313433826006,0.005078617385193787,-0.0015599729091025035,ok
crime_1,synthetic_control,2016-11-02,84,94,0.0018996960486322187,0.005418340524723502,0.0035186444760912836,0.002056654549676058,0.00015695850104383924,0.0033616859750474444,exact_mean_match
crime_1,random_forest,2016-11-02,84,94,0.0018996960486322187,0.005418340524723502,0.0035186444760912836,0.001183873424921821,-0.0007158226237103976,0.004234467099801681,ok
crime_1,gradient_boosting,2016-11-02,84,94,0.0018996960486322187,0.005418340524723502,0.0035186444760912836,0.0019422440978750098,4.254804924279116e-05,0.0034760964268484924,ok
crime_1,twfe,2016-11-16,84,94,0.003526910441804059,0.0025045876109705888,-0.0010223228308334702,0.003526910441804059,0.0,-0.0010223228308334702,ok
crime_1,linear_gap,2016-11-16,84,94,0.003526910441804059,0.0025045876109705888,-0.0010223228308334702,0.00849398993276392,0.004967079490959861,-0.005989402321793331,ok
crime_1,synthetic_control,2016-11-16,84,94,0.003526910441804059,0.0025045876109705888,-0.0010223228308334702,0.004081667724202511,0.0005547572823984522,-0.0015770801132319223,exact_mean_match
crime_1,random_forest,2016-11-16,84,94,0.003526910441804059,0.0025045876109705888,-0.0010223228308334702,0.0031707026971956823,-0.00035620774460837657,-0.0006661150862250936,ok
crime_1,gradient_boosting,2016-11-16,84,94,0.003526910441804059,0.0025045876109705888,-0.0010223228308334702,0.006641268382307384,0.0031143579405033253,-0.004136680771336795,ok
crime_1,twfe,2016-11-30,84,94,0.003593111970771545,0.0035460992907801405,-4.7012679991404686e-05,0.003593111970771545,0.0,-4.7012679991404686e-05,ok
crime_1,linear_gap,2016-11-30,84,94,0.003593111970771545,0.0035460992907801405,-4.7012679991404686e-05,0.00541891443542983,0.0018258024646582846,-0.0018728151446496893,ok
crime_1,synthetic_control,2016-11-30,84,94,0.003593111970771545,0.0035460992907801405,-4.7012679991404686e-05,0.0032288150016374587,-0.0003642969691340864,0.00031728428914268173,exact_mean_match
crime_1,random_forest,2016-11-30,84,94,0.003593111970771545,0.0035460992907801405,-4.7012679991404686e-05,0.0020801626307265786,-0.0015129493400449666,0.0014659366600535619,ok
crime_1,gradient_boosting,2016-11-30,84,94,0.003593111970771545,0.0035460992907801405,-4.7012679991404686e-05,0.002962652555019124,-0.0006304594157524211,0.0005834467357610164,ok
crime_1,twfe,2016-12-14,84,94,0.0040651576555831865,0.014128601894559343,0.010063444238976156,0.0040651576555831865,0.0,0.010063444238976156,ok
crime_1,linear_gap,2016-12-14,84,94,0.0040651576555831865,0.014128601894559343,0.010063444238976156,0.001401980246274246,-0.0026631774093089406,0.012726621648285096,ok
crime_1,synthetic_control,2016-12-14,84,94,0.0040651576555831865,0.014128601894559343,0.010063444238976156,0.0031560539733996966,-0.0009091036821834899,0.010972547921159646,exact_mean_match
crime_1,random_forest,2016-12-14,84,94,0.0040651576555831865,0.014128601894559343,0.010063444238976156,0.0021838246855145076,-0.001881332970068679,0.011944777209044835,ok
crime_1,gradient_boosting,2016-12-14,84,94,0.0040651576555831865,0.014128601894559343,0.010063444238976156,0.0021631826284970717,-0.0019019750270861148,0.011965419266062271,ok
crime_1,twfe,2016-12-28,84,94,0.005973488686254643,0.011853394832118235,0.005879906145863592,0.005973488686254643,0.0,0.005879906145863592,ok
crime_1,linear_gap,2016-12-28,84,94,0.005973488686254643,0.011853394832118235,0.005879906145863592,0.008323070860267697,0.002349582174013054,0.0035303239718505377,ok
crime_1,synthetic_control,2016-12-28,84,94,0.005973488686254643,0.011853394832118235,0.005879906145863592,0.006610990844413309,0.0006375021581586657,0.005242403987704926,exact_mean_match
crime_1,random_forest,2016-12-28,84,94,0.005973488686254643,0.011853394832118235,0.005879906145863592,0.0075886990572046915,0.0016152103709500482,0.004264695774913544,ok
crime_1,gradient_boosting,2016-12-28,84,94,0.005973488686254643,0.011853394832118235,0.005879906145863592,0.011888813911224087,0.005915325224969444,-3.541907910585215e-05,ok
crime_1,twfe,2017-01-11,84,94,0.006076149028276687,-0.00018598422853742123,-0.006262133256814108,0.006076149028276687,0.0,-0.006262133256814108,ok
crime_1,linear_gap,2017-01-11,84,94,0.006076149028276687,-0.00018598422853742123,-0.006262133256814108,0.012958149200895806,0.006882000172619119,-0.013144133429433227,ok
crime_1,synthetic_control,2017-01-11,84,94,0.006076149028276687,-0.00018598422853742123,-0.006262133256814108,0.008363975348326728,0.002287826320050041,-0.00854995957686415,exact_mean_match
crime_1,random_forest,2017-01-11,84,94,0.006076149028276687,-0.00018598422853742123,-0.006262133256814108,0.005543961876892526,-0.0005321871513841612,-0.0057299461054299465,ok
crime_1,gradient_boosting,2017-01-11,84,94,0.006076149028276687,-0.00018598422853742123,-0.006262133256814108,0.00898908346807429,0.0029129344397976027,-0.009175067696611711,ok
crime_1,twfe,2017-01-25,84,94,0.0062498081115102385,0.002269007588156524,-0.003980800523353714,0.0062498081115102385,0.0,-0.003980800523353714,ok
crime_1,linear_gap,2017-01-25,84,94,0.0062498081115102385,0.002269007588156524,-0.003980800523353714,0.007030573371147685,0.0007807652596374462,-0.00476156578299116,ok
crime_1,synthetic_control,2017-01-25,84,94,0.0062498081115102385,0.002269007588156524,-0.003980800523353714,0.0075160823872440115,0.001266274275733773,-0.005247074799087487,exact_mean_match
crime_1,random_forest,2017-01-25,84,94,0.0062498081115102385,0.002269007588156524,-0.003980800523353714,0.0016536525420604883,-0.004596155569449751,0.0006153550460960364,ok
crime_1,gradient_boosting,2017-01-25,84,94,0.0062498081115102385,0.002269007588156524,-0.003980800523353714,0.0006154327640452481,-0.0056343753474649904,0.0016535748241112763,ok
crime_1,twfe,2017-02-08,84,94,0.005157003162322311,0.00920621931260229,0.004049216150279978,0.005157003162322311,0.0,0.004049216150279978,ok
crime_1,linear_gap,2017-02-08,84,94,0.005157003162322311,0.00920621931260229,0.004049216150279978,0.0037476462022660462,-0.001409356960056265,0.005458573110336243,ok
crime_1,synthetic_control,2017-02-08,84,94,0.005157003162322311,0.00920621931260229,0.004049216150279978,0.0031135773998124273,-0.002043425762509884,0.006092641912789862,exact_mean_match
crime_1,random_forest,2017-02-08,84,94,0.005157003162322311,0.00920621931260229,0.004049216150279978,0.0018496695867104007,-0.0033073335756119105,0.007356549725891889,ok
crime_1,gradient_boosting,2017-02-08,84,94,0.005157003162322311,0.00920621931260229,0.004049216150279978,0.0017627047279419213,-0.0033942984343803898,0.007443514584660368,ok
crime_1,twfe,2017-02-22,84,94,0.006410994442909334,0.0005083568913356142,-0.0059026375515737195,0.006410994442909334,0.0,-0.0059026375515737195,ok
crime_1,linear_gap,2017-02-22,84,94,0.006410994442909334,0.0005083568913356142,-0.0059026375515737195,0.003921289286190334,-0.002489705156719,-0.0034129323948547197,ok
crime_1,synthetic_control,2017-02-22,84,94,0.006410994442909334,0.0005083568913356142,-0.0059026375515737195,0.006404214063168118,-6.7803797412155364e-06,-0.005895857171832504,exact_mean_match
crime_1,random_forest,2017-02-22,84,94,0.006410994442909334,0.0005083568913356142,-0.0059026375515737195,0.005541457269394203,-0.0008695371735151312,-0.005033100378058588,ok
crime_1,gradient_boosting,2017-02-22,84,94,0.006410994442909334,0.0005083568913356142,-0.0059026375515737195,0.006815006021151717,0.0004040115782423829,-0.006306649129816102,ok
crime_1,twfe,2017-03-08,84,94,0.006202795431518836,-0.004500818330605565,-0.0107036137621244,0.006202795431518836,0.0,-0.0107036137621244,ok
crime_1,linear_gap,2017-03-08,84,94,0.006202795431518836,-0.004500818330605565,-0.0107036137621244,-0.0025383564756425933,-0.008741151907161428,-0.0019624618549629724,ok
crime_1,synthetic_control,2017-03-08,84,94,0.006202795431518836,-0.004500818330605565,-0.0107036137621244,0.008048381908055242,0.0018455864765364064,-0.012549200238660806,exact_mean_match
crime_1,random_forest,2017-03-08,84,94,0.006202795431518836,-0.004500818330605565,-0.0107036137621244,0.002140049535119503,-0.004062745896399333,-0.006640867865725068,ok
crime_1,gradient_boosting,2017-03-08,84,94,0.006202795431518836,-0.004500818330605565,-0.0107036137621244,0.002802290166631878,-0.003400505264886958,-0.007303108497237443,ok
crime_1,twfe,2017-03-22,84,94,0.0027507215007215,0.0037816793135942066,0.0010309578128727065,0.0027507215007215,0.0,0.0010309578128727065,ok
crime_1,linear_gap,2017-03-22,84,94,0.0027507215007215,0.0037816793135942066,0.0010309578128727065,-0.005232645315966252,-0.00798336681668775,0.009014324629560456,ok
crime_1,synthetic_control,2017-03-22,84,94,0.0027507215007215,0.0037816793135942066,0.0010309578128727065,0.0023409573282524142,-0.00040976417246908585,0.0014407219853417924,exact_mean_match
crime_1,random_forest,2017-03-22,84,94,0.0027507215007215,0.0037816793135942066,0.0010309578128727065,-0.0013283353299730612,-0.004079056830694561,0.005110014643567268,ok
crime_1,gradient_boosting,2017-03-22,84,94,0.0027507215007215,0.0037816793135942066,0.0010309578128727065,-0.003104390007677068,-0.005855111508398568,0.006886069321271274,ok
crime_1,twfe,2017-04-05,84,94,0.0015552562095115278,0.0,-0.0015552562095115278,0.0015552562095115278,0.0,-0.0015552562095115278,ok
crime_1,linear_gap,2017-04-05,84,94,0.0015552562095115278,0.0,-0.0015552562095115278,-0.00034004725456890573,-0.0018953034640804335,0.0003400472545689057,ok
crime_1,synthetic_control,2017-04-05,84,94,0.0015552562095115278,0.0,-0.0015552562095115278,0.0,-0.0015552562095115278,0.0,exact_mean_match
crime_1,random_forest,2017-04-05,84,94,0.0015552562095115278,0.0,-0.0015552562095115278,2.940208288880755e-06,-0.001552316001222647,-2.9402082888808218e-06,ok
crime_1,gradient_boosting,2017-04-05,84,94,0.0015552562095115278,0.0,-0.0015552562095115278,0.0004967832133755357,-0.0010584729961359922,-0.0004967832133755355,ok
crime_1,twfe,2017-04-19,84,94,0.001302922845476036,-0.0018598422853742004,-0.0031627651308502366,0.001302922845476036,0.0,-0.0031627651308502366,ok
crime_1,linear_gap,2017-04-19,84,94,0.001302922845476036,-0.0018598422853742004,-0.0031627651308502366,-0.0014440481074910476,-0.0027469709529670833,-0.00041579417788315323,ok
crime_1,synthetic_control,2017-04-19,84,94,0.001302922845476036,-0.0018598422853742004,-0.0031627651308502366,9.278332714398934e-05,-0.0012101395183320466,-0.00195262561251819,exact_mean_match
crime_1,random_forest,2017-04-19,84,94,0.001302922845476036,-0.0018598422853742004,-0.0031627651308502366,3.987043104322752e-06,-0.001298935802371713,-0.0018638293284785235,ok
crime_1,gradient_boosting,2017-04-19,84,94,0.001302922845476036,-0.0018598422853742004,-0.0031627651308502366,0.00016712907133002627,-0.0011357937741460096,-0.0020269713567042267,ok
crime_1,twfe,2017-05-03,84,94,0.0010160495532835951,0.0037506819421713024,0.0027346323888877075,0.0010160495532835951,0.0,0.0027346323888877075,ok
crime_1,linear_gap,2017-05-03,84,94,0.0010160495532835951,0.0037506819421713024,0.0027346323888877075,-0.0033095469228485133,-0.004325596476132109,0.007060228865019816,ok
crime_1,synthetic_control,2017-05-03,84,94,0.0010160495532835951,0.0037506819421713024,0.0027346323888877075,0.0006935327523685184,-0.0003225168009150768,0.003057149189802784,exact_mean_match
crime_1,random_forest,2017-05-03,84,94,0.0010160495532835951,0.0037506819421713024,0.0027346323888877075,-0.00024766860207774155,-0.0012637181553613367,0.003998350544249045,ok
crime_1,gradient_boosting,2017-05-03,84,94,0.0010160495532835951,0.0037506819421713024,0.0027346323888877075,-4.033233729114717e-05,-0.0010563818905747423,0.00379101427946245,ok
crime_1,twfe,2017-05-17,84,94,0.0004250330048202384,0.00707979963299112,0.006654766628170881,0.0004250330048202384,0.0,0.006654766628170881,ok
crime_1,linear_gap,2017-05-17,84,94,0.0004250330048202384,0.00707979963299112,0.006654766628170881,0.0032344988080741676,0.0028094658032539292,0.003845300824916952,ok
crime_1,synthetic_control,2017-05-17,84,94,0.0004250330048202384,0.00707979963299112,0.006654766628170881,0.00040488399690041116,-2.0149007919827242e-05,0.006674915636090708,exact_mean_match
crime_1,random_forest,2017-05-17,84,94,0.0004250330048202384,0.00707979963299112,0.006654766628170881,0.0017808977704915538,0.0013558647656713154,0.005298901862499566,ok
crime_1,gradient_boosting,2017-05-17,84,94,0.0004250330048202384,0.00707979963299112,0.006654766628170881,0.0026707571167787357,0.0022457241119584973,0.004409042516212384,ok
crime_1,twfe,2017-05-31,84,94,0.0016953348070369338,0.013558250260377918,0.011862915453340984,0.0016953348070369338,0.0,0.011862915453340984,ok
crime_1,linear_gap,2017-05-31,84,94,0.0016953348070369338,0.013558250260377918,0.011862915453340984,0.00848933774651673,0.006794002939479796,0.005068912513861188,ok
crime_1,synthetic_control,2017-05-31,84,94,0.0016953348070369338,0.013558250260377918,0.011862915453340984,0.002017083284677739,0.00032174847764080534,0.011541166975700179,exact_mean_match
crime_1,random_forest,2017-05-31,84,94,0.0016953348070369338,0.013558250260377918,0.011862915453340984,0.0048393344900137586,0.003143999682976825,0.008718915770364159,ok
crime_1,gradient_boosting,2017-05-31,84,94,0.0016953348070369338,0.013558250260377918,0.011862915453340984,0.007512306331324788,0.005816971524287854,0.00604594392905313,ok
crime_1,twfe,2017-06-14,84,94,0.005177151453747196,0.005622923176114663,0.00044577172236746725,0.005177151453747196,0.0,0.00044577172236746725,ok
crime_1,linear_gap,2017-06-14,84,94,0.005177151453747196,0.005622923176114663,0.00044577172236746725,0.014440401594470926,0.00926325014072373,-0.008817478418356263,ok
crime_1,synthetic_control,2017-06-14,84,94,0.005177151453747196,0.005622923176114663,0.00044577172236746725,0.007969210053884193,0.0027920586001369974,-0.00234628687776953,exact_mean_match
crime_1,random_forest,2017-06-14,84,94,0.005177151453747196,0.005622923176114663,0.00044577172236746725,0.012792665238998814,0.007615513785251618,-0.007169742062884151,ok
crime_1,gradient_boosting,2017-06-14,84,94,0.005177151453747196,0.005622923176114663,0.00044577172236746725,0.015846561330600938,0.010669409876853742,-0.010223638154486275,ok
crime_1,twfe,2017-06-28,84,94,0.0058334100887292364,0.013211079700441403,0.007377669611712167,0.0058334100887292364,0.0,0.007377669611712167,ok
crime_1,linear_gap,2017-06-28,84,94,0.0058334100887292364,0.013211079700441403,0.007377669611712167,0.015417261613884134,0.009583851525154898,-0.002206181913442731,ok
crime_1,synthetic_control,2017-06-28,84,94,0.0058334100887292364,0.013211079700441403,0.007377669611712167,0.00745152562721171,0.0016181155384824737,0.005759554073229693,exact_mean_match
crime_1,random_forest,2017-06-28,84,94,0.0058334100887292364,0.013211079700441403,0.007377669611712167,0.007327429523698406,0.0014940194349691693,0.005883650176742998,ok
crime_1,gradient_boosting,2017-06-28,84,94,0.0058334100887292364,0.013211079700441403,0.007377669611712167,0.009483398871495552,0.003649988782766315,0.0037276808289458518,ok
crime_1,twfe,2017-07-12,84,94,0.00812263977157594,0.01285151019193572,0.004728870420359781,0.00812263977157594,0.0,0.004728870420359781,ok
crime_1,linear_gap,2017-07-12,84,94,0.00812263977157594,0.01285151019193572,0.004728870420359781,0.01774628622381932,0.009623646452243381,-0.0048947760318836,ok
crime_1,synthetic_control,2017-07-12,84,94,0.00812263977157594,0.01285151019193572,0.004728870420359781,0.006401573183818156,-0.0017210665877577837,0.006449937008117565,exact_mean_match
crime_1,random_forest,2017-07-12,84,94,0.00812263977157594,0.01285151019193572,0.004728870420359781,0.010063029091421741,0.0019403893198458016,0.0027884811005139797,ok
crime_1,gradient_boosting,2017-07-12,84,94,0.00812263977157594,0.01285151019193572,0.004728870420359781,0.01120049431879466,0.0030778545472187196,0.0016510158731410617,ok
crime_1,twfe,2017-07-26,84,94,0.0103092091124006,0.022907057481525564,0.012597848369124963,0.0103092091124006,0.0,0.012597848369124963,ok
crime_1,linear_gap,2017-07-26,84,94,0.0103092091124006,0.022907057481525564,0.012597848369124963,0.016058455092824966,0.005749245980424365,0.006848602388700598,ok
crime_1,synthetic_control,2017-07-26,84,94,0.0103092091124006,0.022907057481525564,0.012597848369124963,0.006670396952192268,-0.0036388121602083327,0.016236660529333296,exact_mean_match
crime_1,random_forest,2017-07-26,84,94,0.0103092091124006,0.022907057481525564,0.012597848369124963,0.01090210487844407,0.0005928957660434695,0.012004952603081494,ok
crime_1,gradient_boosting,2017-07-26,84,94,0.0103092091124006,0.022907057481525564,0.012597848369124963,0.013793675251093117,0.003484466138692516,0.009113382230432447,ok
crime_1,twfe,2017-08-09,84,94,0.013572272880783519,0.00818950552993106,-0.005382767350852458,0.013572272880783519,0.0,-0.005382767350852458,ok
crime_1,linear_gap,2017-08-09,84,94,0.013572272880783519,0.00818950552993106,-0.005382767350852458,0.02248409458088076,0.008911821700097241,-0.0142945890509497,ok
crime_1,synthetic_control,2017-08-09,84,94,0.013572272880783519,0.00818950552993106,-0.005382767350852458,0.012930548239123468,-0.0006417246416600512,-0.004741042709192407,exact_mean_match
crime_1,random_forest,2017-08-09,84,94,0.013572272880783519,0.00818950552993106,-0.005382767350852458,0.02032093630478219,0.0067486634239986715,-0.01213143077485113,ok
crime_1,gradient_boosting,2017-08-09,84,94,0.013572272880783519,0.00818950552993106,-0.005382767350852458,0.02497664443483969,0.011404371554056172,-0.01678713890490863,ok
crime_1,twfe,2017-08-23,84,94,0.013129969911884804,0.011283043197936816,-0.001846926713947988,0.013129969911884804,0.0,-0.001846926713947988,ok
crime_1,linear_gap,2017-08-23,84,94,0.013129969911884804,0.011283043197936816,-0.001846926713947988,0.014529238017186226,0.0013992681053014225,-0.0032461948192494105,ok
crime_1,synthetic_control,2017-08-23,84,94,0.013129969911884804,0.011283043197936816,-0.001846926713947988,0.010670708008091154,-0.00245926190379365,0.0006123351898456621,exact_mean_match
crime_1,random_forest,2017-08-23,84,94,0.013129969911884804,0.011283043197936816,-0.001846926713947988,0.010044080058720255,-0.003085889853164549,0.001238963139216561,ok
crime_1,gradient_boosting,2017-08-23,84,94,0.013129969911884804,0.011283043197936816,-0.001846926713947988,0.009500636872014825,-0.003629333039869979,0.001782406325921991,ok
crime_1,twfe,2017-09-06,84,94,0.012814313346228238,0.017470118533948323,0.004655805187720085,0.012814313346228238,0.0,0.004655805187720085,ok
crime_1,linear_gap,2017-09-06,84,94,0.012814313346228238,0.017470118533948323,0.004655805187720085,0.01553606216230825,0.002721748816080012,0.0019340563716400729,ok
crime_1,synthetic_control,2017-09-06,84,94,0.012814313346228238,0.017470118533948323,0.004655805187720085,0.011510199619928066,-0.0013041137263001719,0.005959918914020257,exact_mean_match
crime_1,random_forest,2017-09-06,84,94,0.012814313346228238,0.017470118533948323,0.004655805187720085,0.009220668198730315,-0.003593645147497923,0.008249450335218008,ok
crime_1,gradient_boosting,2017-09-06,84,94,0.012814313346228238,0.017470118533948323,0.004655805187720085,0.011843491137543185,-0.0009708222086850533,0.005626627396405138,ok
crime_1,twfe,2017-09-20,84,94,0.014214139879033498,0.007135594901552347,-0.007078544977481151,0.014214139879033498,0.0,-0.007078544977481151,ok
crime_1,linear_gap,2017-09-20,84,94,0.014214139879033498,0.007135594901552347,-0.007078544977481151,0.014911672086943613,0.0006975322079101152,-0.007776077185391266,ok
crime_1,synthetic_control,2017-09-20,84,94,0.014214139879033498,0.007135594901552347,-0.007078544977481151,0.012064231559157632,-0.002149908319875866,-0.004928636657605285,exact_mean_match
crime_1,random_forest,2017-09-20,84,94,0.014214139879033498,0.007135594901552347,-0.007078544977481151,0.013701506318494202,-0.0005126335605392957,-0.006565911416941855,ok
crime_1,gradient_boosting,2017-09-20,84,94,0.014214139879033498,0.007135594901552347,-0.007078544977481151,0.014874409112756722,0.0006602692337232246,-0.007738814211204375,ok
crime_1,twfe,2017-10-04,84,94,0.01314723987596328,0.006261469027426473,-0.006885770848536806,0.01314723987596328,0.0,-0.006885770848536806,ok
crime_1,linear_gap,2017-10-04,84,94,0.01314723987596328,0.006261469027426473,-0.006885770848536806,0.00995271611623344,-0.0031945237597298393,-0.003691247088806967,ok
crime_1,synthetic_control,2017-10-04,84,94,0.01314723987596328,0.006261469027426473,-0.006885770848536806,0.011927143177666875,-0.0012200966982964037,-0.0056656741502404025,exact_mean_match
crime_1,random_forest,2017-10-04,84,94,0.01314723987596328,0.006261469027426473,-0.006885770848536806,0.008473000594704242,-0.004674239281259037,-0.002211531567277769,ok
crime_1,gradient_boosting,2017-10-04,84,94,0.01314723987596328,0.006261469027426473,-0.006885770848536806,0.00936651447415964,-0.0037807254018036394,-0.003105045446733167,ok
crime_1,twfe,2017-10-18,84,94,0.01208225875779067,0.005399742101869758,-0.0066825166559209125,0.01208225875779067,0.0,-0.0066825166559209125,ok
crime_1,linear_gap,2017-10-18,84,94,0.01208225875779067,0.005399742101869758,-0.0066825166559209125,0.0039509220713654465,-0.008131336686425225,0.0014488200305043126,ok
crime_1,synthetic_control,2017-10-18,84,94,0.01208225875779067,0.005399742101869758,-0.0066825166559209125,0.013862448654984056,0.0017801898971933853,-0.008462706553114298,exact_mean_match
crime_1,random_forest,2017-10-18,84,94,0.01208225875779067,0.005399742101869758,-0.0066825166559209125,0.0032435523984765957,-0.008838706359314075,0.0021561897033931625,ok
crime_1,gradient_boosting,2017-10-18,84,94,0.01208225875779067,0.005399742101869758,-0.0066825166559209125,0.00462926196607212,-0.007452996791718551,0.0007704801357976384,ok
crime_1,twfe,2017-11-01,84,94,0.009201053084031805,0.012516738580568367,0.0033156854965365624,0.009201053084031805,0.0,0.0033156854965365624,ok
crime_1,linear_gap,2017-11-01,84,94,0.009201053084031805,0.012516738580568367,0.0033156854965365624,0.006834095660163197,-0.002366957423868608,0.00568264292040517,ok
crime_1,synthetic_control,2017-11-01,84,94,0.009201053084031805,0.012516738580568367,0.0033156854965365624,0.009962585142701586,0.0007615320586697814,0.002554153437866781,exact_mean_match
crime_1,random_forest,2017-11-01,84,94,0.009201053084031805,0.012516738580568367,0.0033156854965365624,0.005383967238089067,-0.003817085845942738,0.0071327713424793006,ok
crime_1,gradient_boosting,2017-11-01,84,94,0.009201053084031805,0.012516738580568367,0.0033156854965365624,0.00552985654674445,-0.003671196537287355,0.0069868820338239174,ok
crime_1,twfe,2017-11-15,84,94,0.009789191305148753,0.005666319496106728,-0.0041228718090420245,0.009789191305148753,0.0,-0.0041228718090420245,ok
crime_1,linear_gap,2017-11-15,84,94,0.009789191305148753,0.005666319496106728,-0.0041228718090420245,0.004138591904549343,-0.00565059940059941,0.001527727591557385,ok
crime_1,synthetic_control,2017-11-15,84,94,0.009789191305148753,0.005666319496106728,-0.0041228718090420245,0.007388103913557226,-0.0024010873915915262,-0.0017217844174504983,exact_mean_match
crime_1,random_forest,2017-11-15,84,94,0.009789191305148753,0.005666319496106728,-0.0041228718090420245,0.006596426689593377,-0.0031927646155553756,-0.0009301071934866489,ok
crime_1,gradient_boosting,2017-11-15,84,94,0.009789191305148753,0.005666319496106728,-0.0041228718090420245,0.008058656570013232,-0.0017305347351355208,-0.0023923370739065038,ok
crime_1,twfe,2017-11-29,84,94,0.008675278622087132,0.0034593066507960105,-0.005215971971291121,0.008675278622087132,0.0,-0.005215971971291121,ok
crime_1,linear_gap,2017-11-29,84,94,0.008675278622087132,0.0034593066507960105,-0.005215971971291121,0.004772012815830693,-0.0039032658062564387,-0.0013127061650346824,ok
crime_1,synthetic_control,2017-11-29,84,94,0.008675278622087132,0.0034593066507960105,-0.005215971971291121,0.009789844587563146,0.0011145659654760148,-0.006330537936767136,exact_mean_match
crime_1,random_forest,2017-11-29,84,94,0.008675278622087132,0.0034593066507960105,-0.005215971971291121,0.005447512969445626,-0.0032277656526415056,-0.0019882063186496155,ok
crime_1,gradient_boosting,2017-11-29,84,94,0.008675278622087132,0.0034593066507960105,-0.005215971971291121,0.005959182989276766,-0.0027160956328103657,-0.0024998763384807554,ok
crime_1,twfe,2017-12-13,84,94,0.006633585091031899,0.009342607746863065,0.0027090226558311664,0.006633585091031899,0.0,0.0027090226558311664,ok
crime_1,linear_gap,2017-12-13,84,94,0.006633585091031899,0.009342607746863065,0.0027090226558311664,0.005088869329681702,-0.0015447157613501968,0.004253738417181363,ok
crime_1,synthetic_control,2017-12-13,84,94,0.006633585091031899,0.009342607746863065,0.0027090226558311664,0.005197815277225612,-0.001435769813806287,0.0041447924696374535,exact_mean_match
crime_1,random_forest,2017-12-13,84,94,0.006633585091031899,0.009342607746863065,0.0027090226558311664,0.0036569685131501877,-0.0029766165778817113,0.005685639233712878,ok
crime_1,gradient_boosting,2017-12-13,84,94,0.006633585091031899,0.009342607746863065,0.0027090226558311664,0.004667349569590219,-0.00196623552144168,0.004675258177272846,ok
crime_1,twfe,2017-12-27,84,94,0.00722843940929047,0.015442890442890442,0.008214451033599971,0.00722843940929047,0.0,0.008214451033599971,ok
crime_1,linear_gap,2017-12-27,84,94,0.00722843940929047,0.015442890442890442,0.008214451033599971,0.008075903208695941,0.0008474637994054712,0.0073669872341945,ok
crime_1,synthetic_control,2017-12-27,84,94,0.00722843940929047,0.015442890442890442,0.008214451033599971,0.008210190631479677,0.0009817512221892066,0.0072326998114107645,exact_mean_match
crime_1,random_forest,2017-12-27,84,94,0.00722843940929047,0.015442890442890442,0.008214451033599971,0.006387182887510292,-0.0008412565217801784,0.00905570755538015,ok
crime_1,gradient_boosting,2017-12-27,84,94,0.00722843940929047,0.015442890442890442,0.008214451033599971,0.009342333851534183,0.002113894442243713,0.006100556591356258,ok
crime_1,twfe,2018-01-10,84,94,0.009201053084031807,0.007315379655805185,-0.0018856734282266217,0.009201053084031807,0.0,-0.0018856734282266217,ok
crime_1,linear_gap,2018-01-10,84,94,0.009201053084031807,0.007315379655805185,-0.0018856734282266217,0.014777387303797055,0.005576334219765248,-0.00746200764799187,ok
crime_1,synthetic_control,2018-01-10,84,94,0.009201053084031807,0.007315379655805185,-0.0018856734282266217,0.008261900781498122,-0.0009391523025336843,-0.0009465211256929375,exact_mean_match
crime_1,random_forest,2018-01-10,84,94,0.009201053084031807,0.007315379655805185,-0.0018856734282266217,0.011652510022586344,0.0024514569385545373,-0.004337130366781159,ok
crime_1,gradient_boosting,2018-01-10,84,94,0.009201053084031807,0.007315379655805185,-0.0018856734282266217,0.017629837958207984,0.008428784874176178,-0.0103144583024028,ok
crime_1,twfe,2018-01-24,84,94,0.009244227994227994,0.018052869116698903,0.00880864112247091,0.009244227994227994,0.0,0.00880864112247091,ok
crime_1,linear_gap,2018-01-24,84,94,0.009244227994227994,0.018052869116698903,0.00880864112247091,0.012576072277009631,0.003331844282781637,0.005476796839689272,ok
crime_1,synthetic_control,2018-01-24,84,94,0.009244227994227994,0.018052869116698903,0.00880864112247091,0.007569655229089398,-0.0016745727651385958,0.010483213887609505,exact_mean_match
crime_1,random_forest,2018-01-24,84,94,0.009244227994227994,0.018052869116698903,0.00880864112247091,0.007741022005778993,-0.0015032059884490011,0.010311847110919911,ok
crime_1,gradient_boosting,2018-01-24,84,94,0.009244227994227994,0.018052869116698903,0.00880864112247091,0.010340817209938914,0.0010965892157109199,0.007712051906759989,ok
crime_1,twfe,2018-02-07,84,94,0.010661324491111726,0.0100369488667361,-0.0006243756243756258,0.010661324491111726,0.0,-0.0006243756243756258,ok
crime_1,linear_gap,2018-02-07,84,94,0.010661324491111726,0.0100369488667361,-0.0006243756243756258,0.01776387823850998,0.007102553747398254,-0.0077269293717738795,ok
crime_1,synthetic_control,2018-02-07,84,94,0.010661324491111726,0.0100369488667361,-0.0006243756243756258,0.007278987526583736,-0.00338233696452799,0.0027579613401523644,exact_mean_match
crime_1,random_forest,2018-02-07,84,94,0.010661324491111726,0.0100369488667361,-0.0006243756243756258,0.013127696803089221,0.0024663723119774956,-0.0030907479363531214,ok
crime_1,gradient_boosting,2018-02-07,84,94,0.010661324491111726,0.0100369488667361,-0.0006243756243756258,0.013495210283840845,0.0028338857927291197,-0.0034582614171047455,ok
crime_1,twfe,2018-02-21,84,94,0.010985616038807529,0.0018102464910975538,-0.009175369547709974,0.010985616038807529,0.0,-0.009175369547709974,ok
crime_1,linear_gap,2018-02-21,84,94,0.010985616038807529,0.0018102464910975538,-0.009175369547709974,0.014816017894056864,0.0038304018552493355,-0.01300577140295931,ok
crime_1,synthetic_control,2018-02-21,84,94,0.010985616038807529,0.0018102464910975538,-0.009175369547709974,0.008435181607139831,-0.002550434431667697,-0.006624935116042277,exact_mean_match
crime_1,random_forest,2018-02-21,84,94,0.010985616038807529,0.0018102464910975538,-0.009175369547709974,0.006907920472379347,-0.004077695566428181,-0.005097673981281792,ok
crime_1,gradient_boosting,2018-02-21,84,94,0.010985616038807529,0.0018102464910975538,-0.009175369547709974,0.008508136536356885,-0.002477479502450643,-0.006697890045259331,ok
crime_1,twfe,2018-03-07,84,94,0.011426000122808633,0.0028641571194762683,-0.008561843003332365,0.011426000122808633,0.0,-0.008561843003332365,ok
crime_1,linear_gap,2018-03-07,84,94,0.011426000122808633,0.0028641571194762683,-0.008561843003332365,0.008151326016971001,-0.003274674105837632,-0.005287168897494733,ok
crime_1,synthetic_control,2018-03-07,84,94,0.011426000122808633,0.0028641571194762683,-0.008561843003332365,0.009967437694973245,-0.0014585624278353887,-0.0071032805754969765,exact_mean_match
crime_1,random_forest,2018-03-07,84,94,0.011426000122808633,0.0028641571194762683,-0.008561843003332365,0.006459765893883782,-0.004966234228924851,-0.003595608774407514,ok
crime_1,gradient_boosting,2018-03-07,84,94,0.011426000122808633,0.0028641571194762683,-0.008561843003332365,0.00881898860855553,-0.002607011514253103,-0.005954831489079262,ok
crime_1,twfe,2018-03-21,84,94,0.009899527186761226,-0.0027525665823538176,-0.012652093769115044,0.009899527186761226,0.0,-0.012652093769115044,ok
crime_1,linear_gap,2018-03-21,84,94,0.009899527186761226,-0.0027525665823538176,-0.012652093769115044,0.001695046303363511,-0.008204480883397716,-0.004447612885717328,ok
crime_1,synthetic_control,2018-03-21,84,94,0.009899527186761226,-0.0027525665823538176,-0.012652093769115044,0.006781448879260504,-0.0031180783075007226,-0.009534015461614321,exact_mean_match
crime_1,random_forest,2018-03-21,84,94,0.009899527186761226,-0.0027525665823538176,-0.012652093769115044,0.003366552537408211,-0.006532974649353015,-0.0061191191197620285,ok
crime_1,gradient_boosting,2018-03-21,84,94,0.009899527186761226,-0.0027525665823538176,-0.012652093769115044,0.004155954309777042,-0.005743572876984185,-0.006908520892130859,ok
crime_1,twfe,2018-04-04,84,94,0.006748718184888397,-0.0005207558399047769,-0.007269474024793174,0.006748718184888397,0.0,-0.007269474024793174,ok
crime_1,linear_gap,2018-04-04,84,94,0.006748718184888397,-0.0005207558399047769,-0.007269474024793174,-0.001820082453544742,-0.00856880063843314,0.0012993266136399652,ok
crime_1,synthetic_control,2018-04-04,84,94,0.006748718184888397,-0.0005207558399047769,-0.007269474024793174,0.0056669010513268545,-0.0010818171335615426,-0.006187656891231632,exact_mean_match
crime_1,random_forest,2018-04-04,84,94,0.006748718184888397,-0.0005207558399047769,-0.007269474024793174,0.0008651868534632236,-0.005883531331425174,-0.0013859426933680004,ok
crime_1,gradient_boosting,2018-04-04,84,94,0.006748718184888397,-0.0005207558399047769,-0.007269474024793174,-0.0008119727071562935,-0.007560690892044691,0.00029121686725151665,ok
crime_1,twfe,2018-04-18,84,94,0.005535982929599949,0.004668204136289241,-0.0008677787933107084,0.005535982929599949,0.0,-0.0008677787933107084,ok
crime_1,linear_gap,2018-04-18,84,94,0.005535982929599949,0.004668204136289241,-0.0008677787933107084,-0.0058285514597819265,-0.011364534389381876,0.010496755596071168,ok
crime_1,synthetic_control,2018-04-18,84,94,0.005535982929599949,0.004668204136289241,-0.0008677787933107084,0.005301266878485537,-0.00023471605111441245,-0.000633062742196296,exact_mean_match
crime_1,random_forest,2018-04-18,84,94,0.005535982929599949,0.004668204136289241,-0.0008677787933107084,0.0003018072861448093,-0.00523417564345514,0.004366396850144431,ok
crime_1,gradient_boosting,2018-04-18,84,94,0.005535982929599949,0.004668204136289241,-0.0008677787933107084,0.0010378069178052136,-0.004498176011794736,0.0036303972184840274,ok
crime_1,twfe,2018-05-02,84,94,0.0032198888581867293,0.002671973416654267,-0.0005479154415324624,0.0032198888581867293,0.0,-0.0005479154415324624,ok
crime_1,linear_gap,2018-05-02,84,94,0.0032198888581867293,0.002671973416654267,-0.0005479154415324624,-0.0007724951650706775,-0.003992384023257407,0.0034444685817249447,ok
crime_1,synthetic_control,2018-05-02,84,94,0.0032198888581867293,0.002671973416654267,-0.0005479154415324624,0.0019676729925923384,-0.001252215865594391,0.0007043004240619285,exact_mean_match
crime_1,random_forest,2018-05-02,84,94,0.0032198888581867293,0.002671973416654267,-0.0005479154415324624,0.002442807913615635,-0.0007770809445710944,0.00022916550303863194,ok
crime_1,gradient_boosting,2018-05-02,84,94,0.0032198888581867293,0.002671973416654267,-0.0005479154415324624,0.001146646791958527,-0.002073242066228202,0.0015253266246957396,ok
crime_1,twfe,2018-05-16,84,94,0.002215352614288783,-0.00022938054852948657,-0.0024447331628182694,0.002215352614288783,0.0,-0.0024447331628182694,ok
crime_1,linear_gap,2018-05-16,84,94,0.002215352614288783,-0.00022938054852948657,-0.0024447331628182694,0.0019550041124211607,-0.0002603485018676222,-0.0021843846609506472,ok
crime_1,synthetic_control,2018-05-16,84,94,0.002215352614288783,-0.00022938054852948657,-0.0024447331628182694,0.0020132235435463344,-0.00020212907074244847,-0.002242604092075821,exact_mean_match
crime_1,random_forest,2018-05-16,84,94,0.002215352614288783,-0.00022938054852948657,-0.0024447331628182694,0.0015062102261066215,-0.0007091423881821614,-0.001735590774636108,ok
crime_1,gradient_boosting,2018-05-16,84,94,0.002215352614288783,-0.00022938054852948657,-0.0024447331628182694,0.00269919478161554,0.000483842167326757,-0.0029285753301450264,ok
crime_1,twfe,2018-05-30,84,94,0.0011762764422338877,0.00502777364479492,0.003851497202561032,0.0011762764422338877,0.0,0.003851497202561032,ok
crime_1,linear_gap,2018-05-30,84,94,0.0011762764422338877,0.00502777364479492,0.003851497202561032,0.0018309310174359993,0.0006546545752021116,0.00319684262735892,ok
crime_1,synthetic_control,2018-05-30,84,94,0.0011762764422338877,0.00502777364479492,0.003851497202561032,0.0010117035076748111,-0.0001645729345590766,0.004016070137120109,exact_mean_match
crime_1,random_forest,2018-05-30,84,94,0.0011762764422338877,0.00502777364479492,0.003851497202561032,-2.307866077806337e-05,-0.001199355103011951,0.005050852305572983,ok
crime_1,gradient_boosting,2018-05-30,84,94,0.0011762764422338877,0.00502777364479492,0.003851497202561032,0.0009276359396386426,-0.0002486405025952451,0.004100137705156277,ok
crime_1,twfe,2018-06-13,84,94,0.0018718722176168973,0.009633983038238357,0.0077621108206214606,0.0018718722176168973,0.0,0.0077621108206214606,ok
crime_1,linear_gap,2018-06-13,84,94,0.0018718722176168973,0.009633983038238357,0.0077621108206214606,0.005272096515959031,0.003400224298342134,0.004361886522279326,ok
crime_1,synthetic_control,2018-06-13,84,94,0.0018718722176168973,0.009633983038238357,0.0077621108206214606,0.0012765542805961393,-0.000595317937020758,0.008357428757642218,exact_mean_match
crime_1,random_forest,2018-06-13,84,94,0.0018718722176168973,0.009633983038238357,0.0077621108206214606,0.001861986267662698,-9.885949954199346e-06,0.00777199677057566,ok
crime_1,gradient_boosting,2018-06-13,84,94,0.0018718722176168973,0.009633983038238357,0.0077621108206214606,0.0030912377040409034,0.0012193654864240061,0.006542745334197454,ok
crime_1,twfe,2018-06-27,84,94,0.0038339320254213854,0.006831820661607896,0.0029978886361865104,0.0038339320254213854,0.0,0.0029978886361865104,ok
crime_1,linear_gap,2018-06-27,84,94,0.0038339320254213854,0.006831820661607896,0.0029978886361865104,0.00879708807286548,0.004963156047444095,-0.001965267411257585,ok
crime_1,synthetic_control,2018-06-27,84,94,0.0038339320254213854,0.006831820661607896,0.0029978886361865104,0.004248102776988505,0.00041417075156711947,0.002583717884619391,exact_mean_match
crime_1,random_forest,2018-06-27,84,94,0.0038339320254213854,0.006831820661607896,0.0029978886361865104,0.006056024372691203,0.0022220923472698172,0.0007757962889166931,ok
crime_1,gradient_boosting,2018-06-27,84,94,0.0038339320254213854,0.006831820661607896,0.0029978886361865104,0.00829106440058412,0.004457132375162735,-0.0014592437389762247,ok
crime_1,twfe,2018-07-11,84,94,0.004800090571367165,0.0100369488667361,0.005236858295368935,0.004800090571367165,0.0,0.005236858295368935,ok
crime_1,linear_gap,2018-07-11,84,94,0.004800090571367165,0.0100369488667361,0.005236858295368935,0.008936240774880854,0.0041361502035136884,0.0011007080918552462,ok
crime_1,synthetic_control,2018-07-11,84,94,0.004800090571367165,0.0100369488667361,0.005236858295368935,0.004203162380724669,-0.0005969281906424966,0.005833786486011431,exact_mean_match
crime_1,random_forest,2018-07-11,84,94,0.004800090571367165,0.0100369488667361,0.005236858295368935,0.004962484212303904,0.00016239364093673884,0.005074464654432196,ok
crime_1,gradient_boosting,2018-07-11,84,94,0.004800090571367165,0.0100369488667361,0.005236858295368935,0.006354973524368746,0.001554882953001581,0.0036819753423673537,ok
crime_1,twfe,2018-07-25,84,94,0.0059293543336096525,0.013601646580369981,0.007672292246760329,0.0059293543336096525,0.0,0.007672292246760329,ok
crime_1,linear_gap,2018-07-25,84,94,0.0059293543336096525,0.013601646580369981,0.007672292246760329,0.01165253743925072,0.005723183105641068,0.0019491091411192613,ok
crime_1,synthetic_control,2018-07-25,84,94,0.0059293543336096525,0.013601646580369981,0.007672292246760329,0.003399903601857407,-0.0025294507317522455,0.010201742978512575,exact_mean_match
crime_1,random_forest,2018-07-25,84,94,0.0059293543336096525,0.013601646580369981,0.007672292246760329,0.007405709326378968,0.0014763549927693156,0.0061959372539910134,ok
crime_1,gradient_boosting,2018-07-25,84,94,0.0059293543336096525,0.013601646580369981,0.007672292246760329,0.008854986381711442,0.00292563204810179,0.004746660198658539,ok
crime_1,twfe,2018-08-08,84,94,0.007584392557796811,-0.0024053960224172987,-0.009989788580214109,0.007584392557796811,0.0,-0.009989788580214109,ok
crime_1,linear_gap,2018-08-08,84,94,0.007584392557796811,-0.0024053960224172987,-0.009989788580214109,0.01431505990909353,0.006730667351296718,-0.01672045593151083,ok
crime_1,synthetic_control,2018-08-08,84,94,0.007584392557796811,-0.0024053960224172987,-0.009989788580214109,0.007722013144635869,0.000137620586839058,-0.010127409167053167,exact_mean_match
crime_1,random_forest,2018-08-08,84,94,0.007584392557796811,-0.0024053960224172987,-0.009989788580214109,0.00817966195347829,0.0005952693956814796,-0.010585057975895588,ok
crime_1,gradient_boosting,2018-08-08,84,94,0.007584392557796811,-0.0024053960224172987,-0.009989788580214109,0.011332043722716761,0.0037476511649199504,-0.01373743974513406,ok
crime_1,twfe,2018-08-22,84,94,0.007284087071321115,0.012987898626196497,0.005703811554875382,0.007284087071321115,0.0,0.005703811554875382,ok
crime_1,linear_gap,2018-08-22,84,94,0.007284087071321115,0.012987898626196497,0.005703811554875382,0.005056692138227622,-0.002227394933093493,0.007931206487968875,ok
crime_1,synthetic_control,2018-08-22,84,94,0.007284087071321115,0.012987898626196497,0.005703811554875382,0.01329286931837926,0.006008782247058145,-0.0003049706921827624,exact_mean_match
crime_1,random_forest,2018-08-22,84,94,0.007284087071321115,0.012987898626196497,0.005703811554875382,0.0016823586913391336,-0.005601728379981981,0.011305539934857363,ok
crime_1,gradient_boosting,2018-08-22,84,94,0.007284087071321115,0.012987898626196497,0.005703811554875382,0.0007566882118478257,-0.006527398859473289,0.012231210414348671,ok
crime_1,twfe,2018-09-05,84,94,0.008588928801694755,0.011729405346426624,0.0031404765447318687,0.008588928801694755,0.0,0.0031404765447318687,ok
crime_1,linear_gap,2018-09-05,84,94,0.008588928801694755,0.011729405346426624,0.0031404765447318687,0.008301956933113003,-0.0002869718685817521,0.0034274484133136208,ok
crime_1,synthetic_control,2018-09-05,84,94,0.008588928801694755,0.011729405346426624,0.0031404765447318687,0.004900729807884542,-0.003688198993810213,0.006828675538542082,exact_mean_match
crime_1,random_forest,2018-09-05,84,94,0.008588928801694755,0.011729405346426624,0.0031404765447318687,0.006536502454023023,-0.002052426347671732,0.005192902892403601,ok
crime_1,gradient_boosting,2018-09-05,84,94,0.008588928801694755,0.011729405346426624,0.0031404765447318687,0.011532150090911688,0.0029432212892169327,0.00019725525551493595,ok
crime_1,twfe,2018-09-19,84,94,0.008732845169015381,0.011035064226553586,0.0023022190575382045,0.008732845169015381,0.0,0.0023022190575382045,ok
crime_1,linear_gap,2018-09-19,84,94,0.008732845169015381,0.011035064226553586,0.0023022190575382045,0.010829645482226936,0.002096800313211555,0.00020541874432664954,ok
crime_1,synthetic_control,2018-09-19,84,94,0.008732845169015381,0.011035064226553586,0.0023022190575382045,0.00509439492446556,-0.003638450244549821,0.005940669302088026,exact_mean_match
crime_1,random_forest,2018-09-19,84,94,0.008732845169015381,0.011035064226553586,0.0023022190575382045,0.007536268165788511,-0.00119657700322687,0.0034987960607650746,ok
crime_1,gradient_boosting,2018-09-19,84,94,0.008732845169015381,0.011035064226553586,0.0023022190575382045,0.009775117676030766,0.0010422725070153849,0.0012599465505228197,ok
crime_1,twfe,2018-10-03,84,94,0.009509993552546744,0.012380350146307591,0.002870356593760847,0.009509993552546744,0.0,0.002870356593760847,ok
crime_1,linear_gap,2018-10-03,84,94,0.009509993552546744,0.012380350146307591,0.002870356593760847,0.010412946053103765,0.0009029525005570214,0.0019674040932038256,ok
crime_1,synthetic_control,2018-10-03,84,94,0.009509993552546744,0.012380350146307591,0.002870356593760847,0.009598682372684814,8.868882013807027e-05,0.0027816677736227768,exact_mean_match
crime_1,random_forest,2018-10-03,84,94,0.009509993552546744,0.012380350146307591,0.002870356593760847,0.008964322842756906,-0.0005456707097898379,0.003416027303550685,ok
crime_1,gradient_boosting,2018-10-03,84,94,0.009509993552546744,0.012380350146307591,0.002870356593760847,0.009408436864507878,-0.00010155668803886637,0.0029719132817997134,ok
crime_1,twfe,2018-10-17,84,94,0.009782475208007122,0.010632098398055843,0.0008496231900487206,0.009782475208007122,0.0,0.0008496231900487206,ok
crime_1,linear_gap,2018-10-17,84,94,0.009782475208007122,0.010632098398055843,0.0008496231900487206,0.012709364070768617,0.002926888862761495,-0.0020772656727127744,ok
crime_1,synthetic_control,2018-10-17,84,94,0.009782475208007122,0.010632098398055843,0.0008496231900487206,0.010461809805387152,0.0006793345973800293,0.00017028859266869124,exact_mean_match
crime_1,random_forest,2018-10-17,84,94,0.009782475208007122,0.010632098398055843,0.0008496231900487206,0.011576719721023771,0.0017942445130166487,-0.0009446213229679281,ok
crime_1,gradient_boosting,2018-10-17,84,94,0.009782475208007122,0.010632098398055843,0.0008496231900487206,0.01166449431431705,0.0018820191063099283,-0.0010323959162612077,ok
crime_1,twfe,2018-10-31,84,94,0.009449548678272083,-0.004321033576352725,-0.013770582254624807,0.009449548678272083,0.0,-0.013770582254624807,ok
crime_1,linear_gap,2018-10-31,84,94,0.009449548678272083,-0.004321033576352725,-0.013770582254624807,0.015274461069357656,0.0058249123910855734,-0.01959549464571038,ok
crime_1,synthetic_control,2018-10-31,84,94,0.009449548678272083,-0.004321033576352725,-0.013770582254624807,0.011150934111567028,0.0017013854332949448,-0.015471967687919752,exact_mean_match
crime_1,random_forest,2018-10-31,84,94,0.009449548678272083,-0.004321033576352725,-0.013770582254624807,0.010789318467341059,0.0013397697890689762,-0.015110352043693783,ok
crime_1,gradient_boosting,2018-10-31,84,94,0.009449548678272083,-0.004321033576352725,-0.013770582254624807,0.010362909405983285,0.0009133607277112023,-0.01468394298233601,ok
crime_1,twfe,2018-11-14,84,94,0.009369914955021336,0.00881565243267371,-0.0005542625223476268,0.009369914955021336,0.0,-0.0005542625223476268,ok
crime_1,linear_gap,2018-11-14,84,94,0.009369914955021336,0.00881565243267371,-0.0005542625223476268,0.0014826725044698548,-0.00788724245055148,0.007332979928203854,ok
crime_1,synthetic_control,2018-11-14,84,94,0.009369914955021336,0.00881565243267371,-0.0005542625223476268,0.004193916780000858,-0.005175998175020478,0.004621735652672852,exact_mean_match
crime_1,random_forest,2018-11-14,84,94,0.009369914955021336,0.00881565243267371,-0.0005542625223476268,-0.001055857458415656,-0.010425772413436993,0.009871509891089366,ok
crime_1,gradient_boosting,2018-11-14,84,94,0.009369914955021336,0.00881565243267371,-0.0005542625223476268,0.0005709274953465623,-0.008798987459674773,0.008244724937327147,ok
crime_1,twfe,2018-11-28,84,94,0.008479552362531083,0.01634801368843922,0.007868461325908137,0.008479552362531083,0.0,0.007868461325908137,ok
crime_1,linear_gap,2018-11-28,84,94,0.008479552362531083,0.01634801368843922,0.007868461325908137,0.0033645030018337493,-0.005115049360697333,0.01298351068660547,ok
crime_1,synthetic_control,2018-11-28,84,94,0.008479552362531083,0.01634801368843922,0.007868461325908137,0.006320973559803855,-0.002158578802727228,0.010027040128635365,exact_mean_match
crime_1,random_forest,2018-11-28,84,94,0.008479552362531083,0.01634801368843922,0.007868461325908137,0.005135956499450845,-0.003343595863080238,0.011212057188988375,ok
crime_1,gradient_boosting,2018-11-28,84,94,0.008479552362531083,0.01634801368843922,0.007868461325908137,0.0070428710226224005,-0.0014366813399086823,0.00930514266581682,ok
crime_1,twfe,2018-12-12,84,94,0.009456264775413711,0.007873332341417447,-0.0015829324339962647,0.009456264775413711,0.0,-0.0015829324339962647,ok
crime_1,linear_gap,2018-12-12,84,94,0.009456264775413711,0.007873332341417447,-0.0015829324339962647,0.010753243103339808,0.0012969783279260967,-0.0028799107619223614,ok
crime_1,synthetic_control,2018-12-12,84,94,0.009456264775413711,0.007873332341417447,-0.0015829324339962647,0.005348026865996024,-0.004108237909417688,0.002525305475421423,exact_mean_match
crime_1,random_forest,2018-12-12,84,94,0.009456264775413711,0.007873332341417447,-0.0015829324339962647,0.01339692243990631,0.003940657664492598,-0.005523590098488863,ok
crime_1,gradient_boosting,2018-12-12,84,94,0.009456264775413711,0.007873332341417447,-0.0015829324339962647,0.015441860712554175,0.005985595937140464,-0.007568528371136729,ok
crime_1,twfe,2018-12-26,84,94,0.008758750115133093,0.008108912364231512,-0.0006498377509015808,0.008758750115133093,0.0,-0.0006498377509015808,ok
crime_1,linear_gap,2018-12-26,84,94,0.008758750115133093,0.008108912364231512,-0.0006498377509015808,0.009265715066563146,0.0005069649514300532,-0.001156802702331634,ok
crime_1,synthetic_control,2018-12-26,84,94,0.008758750115133093,0.008108912364231512,-0.0006498377509015808,0.006475488923736056,-0.002283261191397037,0.0016334234404954562,exact_mean_match
crime_1,random_forest,2018-12-26,84,94,0.008758750115133093,0.008108912364231512,-0.0006498377509015808,0.004756077603770932,-0.0040026725113621615,0.0033528347604605806,ok
crime_1,gradient_boosting,2018-12-26,84,94,0.008758750115133093,0.008108912364231512,-0.0006498377509015808,0.006371112559556334,-0.002387637555576759,0.001737799804675178,ok
crime_1,twfe,2019-01-09,84,94,0.007844401461422736,0.0009547190398254223,-0.006889682421597314,0.007844401461422736,0.0,-0.006889682421597314,ok
crime_1,linear_gap,2019-01-09,84,94,0.007844401461422736,0.0009547190398254223,-0.006889682421597314,0.00903880976600809,0.0011944083045853544,-0.008084090726182668,ok
crime_1,synthetic_control,2019-01-09,84,94,0.007844401461422736,0.0009547190398254223,-0.006889682421597314,0.0018809900911470733,-0.005963411370275663,-0.0009262710513216511,exact_mean_match
crime_1,random_forest,2019-01-09,84,94,0.007844401461422736,0.0009547190398254223,-0.006889682421597314,0.004697186088930134,-0.003147215372492602,-0.003742467049104712,ok
crime_1,gradient_boosting,2019-01-09,84,94,0.007844401461422736,0.0009547190398254223,-0.006889682421597314,0.0040242237234725,-0.0038201777379502358,-0.003069504683647078,ok
crime_1,twfe,2019-01-23,84,94,0.006265159190691104,0.0016056638397063923,-0.004659495350984711,0.006265159190691104,0.0,-0.004659495350984711,ok
crime_1,linear_gap,2019-01-23,84,94,0.006265159190691104,0.0016056638397063923,-0.004659495350984711,0.0061541817883880015,-0.00011097740230310224,-0.004548517948681609,ok
crime_1,synthetic_control,2019-01-23,84,94,0.006265159190691104,0.0016056638397063923,-0.004659495350984711,0.004259908213295605,-0.002005250977395499,-0.0026542443735892126,exact_mean_match
crime_1,random_forest,2019-01-23,84,94,0.006265159190691104,0.0016056638397063923,-0.004659495350984711,0.0007491218626233024,-0.005516037328067802,0.0008565419770830904,ok
crime_1,gradient_boosting,2019-01-23,84,94,0.006265159190691104,0.0016056638397063923,-0.004659495350984711,0.0011276391649629766,-0.0051375200257281275,0.00047802467474341616,ok
crime_1,twfe,2019-02-06,84,94,0.007227479966841667,0.0016056638397063917,-0.005621816127135275,0.007227479966841667,0.0,-0.005621816127135275,ok
crime_1,linear_gap,2019-02-06,84,94,0.007227479966841667,0.0016056638397063917,-0.005621816127135275,-0.0001998788544689526,-0.0074273588213106196,0.0018055426941753442,ok
crime_1,synthetic_control,2019-02-06,84,94,0.007227479966841667,0.0016056638397063917,-0.005621816127135275,0.004568557385207639,-0.0026589225816340276,-0.0029628935455012478,exact_mean_match
crime_1,random_forest,2019-02-06,84,94,0.007227479966841667,0.0016056638397063917,-0.005621816127135275,0.0016483802849230845,-0.005579099681918582,-4.271644521669331e-05,ok
crime_1,gradient_boosting,2019-02-06,84,94,0.007227479966841667,0.0016056638397063917,-0.005621816127135275,0.0029605239184435075,-0.004266956048398159,-0.001354860078737116,ok
crime_1,twfe,2019-02-20,84,94,0.006328482392312177,0.001425879085453553,-0.004902603306858625,0.006328482392312177,0.0,-0.004902603306858625,ok
crime_1,linear_gap,2019-02-20,84,94,0.006328482392312177,0.001425879085453553,-0.004902603306858625,-0.002309819245543102,-0.00863830163785528,0.0037356983309966554,ok
crime_1,synthetic_control,2019-02-20,84,94,0.006328482392312177,0.001425879085453553,-0.004902603306858625,0.00347282721237793,-0.0028556551799342475,-0.002046948126924377,exact_mean_match
crime_1,random_forest,2019-02-20,84,94,0.006328482392312177,0.001425879085453553,-0.004902603306858625,0.0023694188324519926,-0.003959063559860185,-0.0009435397469984399,ok
crime_1,gradient_boosting,2019-02-20,84,94,0.006328482392312177,0.001425879085453553,-0.004902603306858625,0.0032880761736698194,-0.003040406218642358,-0.0018621970882162667,ok
crime_1,twfe,2019-03-06,84,94,0.003892458014798439,0.009900560432475326,0.0060081024176768865,0.003892458014798439,0.0,0.0060081024176768865,ok
crime_1,linear_gap,2019-03-06,84,94,0.003892458014798439,0.009900560432475326,0.0060081024176768865,0.0005701420948407968,-0.0033223159199576423,0.009330418337634528,ok
crime_1,synthetic_control,2019-03-06,84,94,0.003892458014798439,0.009900560432475326,0.0060081024176768865,0.003550833168633404,-0.0003416248461650352,0.006349727263841922,exact_mean_match
crime_1,random_forest,2019-03-06,84,94,0.003892458014798439,0.009900560432475326,0.0060081024176768865,0.0018524241550359824,-0.0020400338597624567,0.008048136277439343,ok
crime_1,gradient_boosting,2019-03-06,84,94,0.003892458014798439,0.009900560432475326,0.0060081024176768865,0.0033236827095992536,-0.0005687753051991855,0.006576877722876072,ok
crime_1,twfe,2019-03-20,84,94,0.004504582297135488,0.007625353370034221,0.0031207710728987327,0.004504582297135488,0.0,0.0031207710728987327,ok
crime_1,linear_gap,2019-03-20,84,94,0.004504582297135488,0.007625353370034221,0.0031207710728987327,0.0062222098191447965,0.0017176275220093084,0.0014031435508894243,ok
crime_1,synthetic_control,2019-03-20,84,94,0.004504582297135488,0.007625353370034221,0.0031207710728987327,0.003990055934106802,-0.0005145263630286865,0.003635297435927419,exact_mean_match
crime_1,random_forest,2019-03-20,84,94,0.004504582297135488,0.007625353370034221,0.0031207710728987327,0.00556468742818545,0.001060105131049962,0.0020606659418487706,ok
crime_1,gradient_boosting,2019-03-20,84,94,0.004504582297135488,0.007625353370034221,0.0031207710728987327,0.009293515539490349,0.0047889332423548606,-0.001668162169456128,ok
crime_1,twfe,2019-04-03,84,94,0.004565027171410149,0.007389773347220156,0.0028247461758100067,0.004565027171410149,0.0,0.0028247461758100067,ok
crime_1,linear_gap,2019-04-03,84,94,0.004565027171410149,0.007389773347220156,0.0028247461758100067,0.00855741119466755,0.003992384023257401,-0.0011676378474473944,ok
crime_1,synthetic_control,2019-04-03,84,94,0.004565027171410149,0.007389773347220156,0.0028247461758100067,0.00458917149563794,2.4144324227790698e-05,0.002800601851582216,exact_mean_match
crime_1,random_forest,2019-04-03,84,94,0.004565027171410149,0.007389773347220156,0.0028247461758100067,0.0044641050424772,-0.0001009221289329492,0.002925668304742956,ok
crime_1,gradient_boosting,2019-04-03,84,94,0.004565027171410149,0.007389773347220156,0.0028247461758100067,0.006203837129898928,0.0016388099584887785,0.0011859362173212281,ok
crime_1,twfe,2019-04-17,84,94,0.005560928433268858,0.014990328820116052,0.009429400386847194,0.005560928433268858,0.0,0.009429400386847194,ok
crime_1,linear_gap,2019-04-17,84,94,0.005560928433268858,0.014990328820116052,0.009429400386847194,0.008477728441275527,0.002916800008006669,0.006512600378840525,ok
crime_1,synthetic_control,2019-04-17,84,94,0.005560928433268858,0.014990328820116052,0.009429400386847194,0.0029084171026256996,-0.0026525113306431584,0.012081911717490353,exact_mean_match
crime_1,random_forest,2019-04-17,84,94,0.005560928433268858,0.014990328820116052,0.009429400386847194,0.005472794849357727,-8.813358391113104e-05,0.009517533970758326,ok
crime_1,gradient_boosting,2019-04-17,84,94,0.005560928433268858,0.014990328820116052,0.009429400386847194,0.005987202677160393,0.00042627424389153536,0.009003126142955658,ok
crime_1,twfe,2019-05-01,84,94,0.007460624481901078,0.008958240341219066,0.0014976158593179882,0.007460624481901078,0.0,0.0014976158593179882,ok
crime_1,linear_gap,2019-05-01,84,94,0.007460624481901078,0.008958240341219066,0.0014976158593179882,0.013359802053820789,0.005899177571919711,-0.0044015617126017224,ok
crime_1,synthetic_control,2019-05-01,84,94,0.007460624481901078,0.008958240341219066,0.0014976158593179882,0.002910017175328649,-0.004550607306572429,0.006048223165890417,exact_mean_match
crime_1,random_forest,2019-05-01,84,94,0.007460624481901078,0.008958240341219066,0.0014976158593179882,0.009950681678062205,0.002490057196161127,-0.0009924413368431386,ok
crime_1,gradient_boosting,2019-05-01,84,94,0.007460624481901078,0.008958240341219066,0.0014976158593179882,0.012802809010599717,0.005342184528698639,-0.003844568669380651,ok
crime_1,twfe,2019-05-15,84,94,0.008345230419698504,0.01217576749491643,0.003830537075217926,0.008345230419698504,0.0,0.003830537075217926,ok
crime_1,linear_gap,2019-05-15,84,94,0.008345230419698504,0.01217576749491643,0.003830537075217926,0.01145483965190853,0.0031096092322100265,0.0007209278430078993,ok
crime_1,synthetic_control,2019-05-15,84,94,0.008345230419698504,0.01217576749491643,0.003830537075217926,0.004351385633635163,-0.003993844786063341,0.007824381861281267,exact_mean_match
crime_1,random_forest,2019-05-15,84,94,0.008345230419698504,0.01217576749491643,0.003830537075217926,0.005900651494650688,-0.0024445789250478155,0.006275116000265741,ok
crime_1,gradient_boosting,2019-05-15,84,94,0.008345230419698504,0.01217576749491643,0.003830537075217926,0.00763330960305258,-0.0007119208166459241,0.00454245789186385,ok
crime_1,twfe,2019-05-29,84,94,0.010008903625924903,0.004463621484898079,-0.005545282141026824,0.010008903625924903,0.0,-0.005545282141026824,ok
crime_1,linear_gap,2019-05-29,84,94,0.010008903625924903,0.004463621484898079,-0.005545282141026824,0.011263284567108397,0.0012543809411834934,-0.006799663082210318,ok
crime_1,synthetic_control,2019-05-29,84,94,0.010008903625924903,0.004463621484898079,-0.005545282141026824,0.005057676615110639,-0.004951227010814264,-0.0005940551302125599,exact_mean_match
crime_1,random_forest,2019-05-29,84,94,0.010008903625924903,0.004463621484898079,-0.005545282141026824,0.009210644749298974,-0.0007982588766259294,-0.004747023264400895,ok
crime_1,gradient_boosting,2019-05-29,84,94,0.010008903625924903,0.004463621484898079,-0.005545282141026824,0.011002743181552761,0.0009938395556278578,-0.006539121696654682,ok
crime_1,twfe,2019-06-12,84,94,0.008823992201651774,2.4797897138321978e-05,-0.008799194304513452,0.008823992201651774,0.0,-0.008799194304513452,ok
crime_1,linear_gap,2019-06-12,84,94,0.008823992201651774,2.4797897138321978e-05,-0.008799194304513452,0.007000992196647597,-0.0018230000050041776,-0.006976194299509275,ok
crime_1,synthetic_control,2019-06-12,84,94,0.008823992201651774,2.4797897138321978e-05,-0.008799194304513452,0.004825687896683566,-0.003998304304968208,-0.004800889999545244,exact_mean_match
crime_1,random_forest,2019-06-12,84,94,0.008823992201651774,2.4797897138321978e-05,-0.008799194304513452,0.004896401250132732,-0.003927590951519042,-0.00487160335299441,ok
crime_1,gradient_boosting,2019-06-12,84,94,0.008823992201651774,2.4797897138321978e-05,-0.008799194304513452,0.005286665155156425,-0.003537327046495349,-0.005261867258018103,ok
crime_1,twfe,2019-06-26,84,94,0.007765727180620798,0.004990576799087438,-0.00277515038153336,0.007765727180620798,0.0,-0.00277515038153336,ok
crime_1,linear_gap,2019-06-26,84,94,0.007765727180620798,0.004990576799087438,-0.00277515038153336,0.0006973634410027753,-0.0070683637396180225,0.004293213358084662,ok
crime_1,synthetic_control,2019-06-26,84,94,0.007765727180620798,0.004990576799087438,-0.00277515038153336,0.00677563323753075,-0.000990093943090048,-0.0017850564384433122,exact_mean_match
crime_1,random_forest,2019-06-26,84,94,0.007765727180620798,0.004990576799087438,-0.00277515038153336,0.00034347398201488657,-0.007422253198605911,0.004647102817072551,ok
crime_1,gradient_boosting,2019-06-26,84,94,0.007765727180620798,0.004990576799087438,-0.00277515038153336,0.0006580366793458184,-0.00710769050127498,0.00433254011974162,ok
crime_1,twfe,2019-07-10,84,94,0.007222682754597648,0.0040048603878391105,-0.003217822366758537,0.007222682754597648,0.0,-0.003217822366758537,ok
crime_1,linear_gap,2019-07-10,84,94,0.007222682754597648,0.0040048603878391105,-0.003217822366758537,-0.0017524745336826907,-0.008975157288280338,0.005757334921521801,ok
crime_1,synthetic_control,2019-07-10,84,94,0.007222682754597648,0.0040048603878391105,-0.003217822366758537,0.010258306040214984,0.0030356232856173365,-0.006253445652375874,exact_mean_match
crime_1,random_forest,2019-07-10,84,94,0.007222682754597648,0.0040048603878391105,-0.003217822366758537,0.0032800015560207527,-0.0039426811985768945,0.0007248588318183573,ok
crime_1,gradient_boosting,2019-07-10,84,94,0.007222682754597648,0.0040048603878391105,-0.003217822366758537,0.003997648935390001,-0.0032250338192076466,7.211452449109451e-06,ok
crime_1,twfe,2019-07-24,84,94,0.005305716741886954,0.007445568615781382,0.002139851873894428,0.005305716741886954,0.0,0.002139851873894428,ok
crime_1,linear_gap,2019-07-24,84,94,0.005305716741886954,0.007445568615781382,0.002139851873894428,0.00014246507513878128,-0.005163251666748173,0.007303103540642601,ok
crime_1,synthetic_control,2019-07-24,84,94,0.005305716741886954,0.007445568615781382,0.002139851873894428,0.005092846230392512,-0.00021287051149444184,0.00235272238538887,exact_mean_match
crime_1,random_forest,2019-07-24,84,94,0.005305716741886954,0.007445568615781382,0.002139851873894428,0.003830176421640112,-0.001475540320246842,0.00361539219414127,ok
crime_1,gradient_boosting,2019-07-24,84,94,0.005305716741886954,0.007445568615781382,0.002139851873894428,0.002724684577664005,-0.002581032164222949,0.004720884038117377,ok
crime_1,twfe,2019-08-07,84,94,0.00489123760400356,0.005281952090462728,0.00039071448645916756,0.00489123760400356,0.0,0.00039071448645916756,ok
crime_1,linear_gap,2019-08-07,84,94,0.00489123760400356,0.005281952090462728,0.00039071448645916756,0.0019211908625686293,-0.0029700467414349313,0.003360761227894099,ok
crime_1,synthetic_control,2019-08-07,84,94,0.00489123760400356,0.005281952090462728,0.00039071448645916756,0.002839301111554722,-0.0020519364924488385,0.002442650978908006,exact_mean_match
crime_1,random_forest,2019-08-07,84,94,0.00489123760400356,0.005281952090462728,0.00039071448645916756,0.003362975534482854,-0.0015282620695207063,0.0019189765559798739,ok
crime_1,gradient_boosting,2019-08-07,84,94,0.00489123760400356,0.005281952090462728,0.00039071448645916756,0.0048382523950263505,-5.2985208977209854e-05,0.0004436996954363774,ok
crime_1,twfe,2019-08-21,84,94,0.0037063261797304348,0.007389773347220156,0.003683447167489721,0.0037063261797304348,0.0,0.003683447167489721,ok
crime_1,linear_gap,2019-08-21,84,94,0.0037063261797304348,0.007389773347220156,0.003683447167489721,0.006071321881841146,0.0023649957021107115,0.0013184514653790096,ok
crime_1,synthetic_control,2019-08-21,84,94,0.0037063261797304348,0.007389773347220156,0.003683447167489721,0.0031359054636430923,-0.0005704207160873425,0.004253867883577064,exact_mean_match
crime_1,random_forest,2019-08-21,84,94,0.0037063261797304348,0.007389773347220156,0.003683447167489721,0.003062429168482539,-0.0006438970112478959,0.004327344178737617,ok
crime_1,gradient_boosting,2019-08-21,84,94,0.0037063261797304348,0.007389773347220156,0.003683447167489721,0.003815598966080156,0.00010927278634972112,0.00357417438114,ok
crime_1,twfe,2019-09-04,84,94,0.004421110804089527,0.00809651341566235,0.0036754026115728223,0.004421110804089527,0.0,0.0036754026115728223,ok
crime_1,linear_gap,2019-09-04,84,94,0.004421110804089527,0.00809651341566235,0.0036754026115728223,0.008139974765104951,0.0037188639610154237,-4.346134944260144e-05,ok
crime_1,synthetic_control,2019-09-04,84,94,0.004421110804089527,0.00809651341566235,0.0036754026115728223,0.002935714135545312,-0.0014853966685442156,0.005160799280117038,exact_mean_match
crime_1,random_forest,2019-09-04,84,94,0.004421110804089527,0.00809651341566235,0.0036754026115728223,0.006120004538129575,0.0016988937340400474,0.001976508877532775,ok
crime_1,gradient_boosting,2019-09-04,84,94,0.004421110804089527,0.00809651341566235,0.0036754026115728223,0.006382506252965488,0.001961395448875961,0.0017140071626968612,ok
crime_1,twfe,2019-09-18,84,94,0.005724033649565564,0.001425879085453553,-0.004298154564112012,0.005724033649565564,0.0,-0.004298154564112012,ok
crime_1,linear_gap,2019-09-18,84,94,0.005724033649565564,0.001425879085453553,-0.004298154564112012,0.008525372319822545,0.0028013386702569806,-0.007099493234368992,ok
crime_1,synthetic_control,2019-09-18,84,94,0.005724033649565564,0.001425879085453553,-0.004298154564112012,0.0037785809420376624,-0.001945452707527902,-0.0023527018565841096,exact_mean_match
crime_1,random_forest,2019-09-18,84,94,0.005724033649565564,0.001425879085453553,-0.004298154564112012,0.005637450885953342,-8.658276361222204e-05,-0.00421157180049979,ok
crime_1,gradient_boosting,2019-09-18,84,94,0.005724033649565564,0.001425879085453553,-0.004298154564112012,0.007153819452231682,0.0014297858026661179,-0.0057279403667781295,ok
crime_1,twfe,2019-10-02,84,94,0.005253906849651531,0.003936666170708723,-0.0013172406789428073,0.005253906849651531,0.0,-0.0013172406789428073,ok
crime_1,linear_gap,2019-10-02,84,94,0.005253906849651531,0.003936666170708723,-0.0013172406789428073,0.004823449046778904,-0.00043045780287262643,-0.0008867828760701808,ok
crime_1,synthetic_control,2019-10-02,84,94,0.005253906849651531,0.003936666170708723,-0.0013172406789428073,0.0031054596609876185,-0.002148447188663912,0.0008312065097211049,exact_mean_match
crime_1,random_forest,2019-10-02,84,94,0.005253906849651531,0.003936666170708723,-0.0013172406789428073,0.0017606863930335107,-0.00349322045661802,0.0021759797776752126,ok
crime_1,gradient_boosting,2019-10-02,84,94,0.005253906849651531,0.003936666170708723,-0.0013172406789428073,0.001945009842720896,-0.0033088970069306348,0.0019916563279878275,ok
crime_1,twfe,2019-10-16,84,94,0.00537863436799607,0.007736943907156673,0.0023583095391606036,0.00537863436799607,0.0,0.0023583095391606036,ok
crime_1,linear_gap,2019-10-16,84,94,0.00537863436799607,0.007736943907156673,0.0023583095391606036,0.003206167644123302,-0.002172466723872768,0.004530776263033371,ok
crime_1,synthetic_control,2019-10-16,84,94,0.00537863436799607,0.007736943907156673,0.0023583095391606036,0.004309193882717962,-0.0010694404852781073,0.003427750024438711,exact_mean_match
crime_1,random_forest,2019-10-16,84,94,0.00537863436799607,0.007736943907156673,0.0023583095391606036,0.004060238321190333,-0.0013183960468057367,0.0036767055859663403,ok
crime_1,gradient_boosting,2019-10-16,84,94,0.00537863436799607,0.007736943907156673,0.0023583095391606036,0.003095635957170647,-0.002282998410825423,0.004641307949986026,ok
crime_1,twfe,2019-10-30,84,94,0.005730749746707194,0.0034097108565193665,-0.002321038890187827,0.005730749746707194,0.0,-0.002321038890187827,ok
crime_1,linear_gap,2019-10-30,84,94,0.005730749746707194,0.0034097108565193665,-0.002321038890187827,0.005514680107374641,-0.00021606963933255233,-0.002104969250855275,ok
crime_1,synthetic_control,2019-10-30,84,94,0.005730749746707194,0.0034097108565193665,-0.002321038890187827,0.004969035637431095,-0.0007617141092760987,-0.0015593247809117285,exact_mean_match
crime_1,random_forest,2019-10-30,84,94,0.005730749746707194,0.0034097108565193665,-0.002321038890187827,0.005902374245314985,0.0001716244986077909,-0.002492663388795618,ok
crime_1,gradient_boosting,2019-10-30,84,94,0.005730749746707194,0.0034097108565193665,-0.002321038890187827,0.007356682690920634,0.0016259329442134401,-0.003946971834401267,ok
crime_1,twfe,2019-11-13,84,94,0.005395904332074544,0.007445568615781382,0.002049664283706838,0.005395904332074544,0.0,0.002049664283706838,ok
crime_1,linear_gap,2019-11-13,84,94,0.005395904332074544,0.007445568615781382,0.002049664283706838,0.003832131845076344,-0.0015637724869982002,0.0036134367707050382,ok
crime_1,synthetic_control,2019-11-13,84,94,0.005395904332074544,0.007445568615781382,0.002049664283706838,0.00394337863712051,-0.001452525694954034,0.003502189978660872,exact_mean_match
crime_1,random_forest,2019-11-13,84,94,0.005395904332074544,0.007445568615781382,0.002049664283706838,0.0027823776852375893,-0.002613526646836955,0.004663190930543792,ok
crime_1,gradient_boosting,2019-11-13,84,94,0.005395904332074544,0.007445568615781382,0.002049664283706838,0.003870050665016482,-0.0015258536670580622,0.0035755179507649002,ok
crime_1,twfe,2019-11-27,84,94,0.005694290933652635,0.003298120319396915,-0.0023961706142557196,0.005694290933652635,0.0,-0.0023961706142557196,ok
crime_1,linear_gap,2019-11-27,84,94,0.005694290933652635,0.003298120319396915,-0.0023961706142557196,0.007204536441257162,0.0015102455076045273,-0.003906416121860247,ok
crime_1,synthetic_control,2019-11-27,84,94,0.005694290933652635,0.003298120319396915,-0.0023961706142557196,0.004684036135700179,-0.0010102547979524553,-0.0013859158163032643,exact_mean_match
crime_1,random_forest,2019-11-27,84,94,0.005694290933652635,0.003298120319396915,-0.0023961706142557196,0.0071503709562677304,0.0014560800226150958,-0.0038522506368708154,ok
crime_1,gradient_boosting,2019-11-27,84,94,0.005694290933652635,0.003298120319396915,-0.0023961706142557196,0.008165100500078883,0.002470809566426248,-0.004866980180681968,ok
crime_1,twfe,2019-12-11,84,94,0.004644660894660894,0.006224272181718989,0.001579611287058095,0.004644660894660894,0.0,0.001579611287058095,ok
crime_1,linear_gap,2019-12-11,84,94,0.004644660894660894,0.006224272181718989,0.001579611287058095,0.006266444296499341,0.001621783401838447,-4.217211478035193e-05,ok
crime_1,synthetic_control,2019-12-11,84,94,0.004644660894660894,0.006224272181718989,0.001579611287058095,0.004574922940991122,-6.97379536697719e-05,0.001649349240727867,exact_mean_match
crime_1,random_forest,2019-12-11,84,94,0.004644660894660894,0.006224272181718989,0.001579611287058095,0.0004092732250545861,-0.004235387669606308,0.005814998956664403,ok
crime_1,gradient_boosting,2019-12-11,84,94,0.004644660894660894,0.006224272181718989,0.001579611287058095,0.002211042724439617,-0.002433618170221277,0.0040132294572793725,ok
crime_1,twfe,2019-12-25,84,94,0.00555900954837125,0.006918613301592024,0.001359603753220774,0.00555900954837125,0.0,0.001359603753220774,ok
crime_1,linear_gap,2019-12-25,84,94,0.00555900954837125,0.006918613301592024,0.001359603753220774,0.006061770810320128,0.0005027612619488784,0.0008568424912718956,ok
crime_1,synthetic_control,2019-12-25,84,94,0.00555900954837125,0.006918613301592024,0.001359603753220774,0.006660081426924054,0.0011010718785528046,0.00025853187466796934,exact_mean_match
crime_1,random_forest,2019-12-25,84,94,0.00555900954837125,0.006918613301592024,0.001359603753220774,0.005601329738502613,4.2320190131363115e-05,0.0013172835630894109,ok
crime_1,gradient_boosting,2019-12-25,84,94,0.00555900954837125,0.006918613301592024,0.001359603753220774,0.00591432368836503,0.00035531413999378026,0.0010042896132269937,ok
crime_1,twfe,2020-01-08,84,94,0.006228700377636547,0.014116202945990178,0.007887502568353631,0.006228700377636547,0.0,0.007887502568353631,ok
crime_1,linear_gap,2020-01-08,84,94,0.006228700377636547,0.014116202945990178,0.007887502568353631,0.007025159411337059,0.0007964590337005114,0.0070910435346531195,ok
crime_1,synthetic_control,2020-01-08,84,94,0.006228700377636547,0.014116202945990178,0.007887502568353631,0.00755592011078517,0.0013272197331486227,0.006560282835205008,exact_mean_match
crime_1,random_forest,2020-01-08,84,94,0.006228700377636547,0.014116202945990178,0.007887502568353631,0.006660497176264818,0.00043179679862827107,0.00745570576972536,ok
crime_1,gradient_boosting,2020-01-08,84,94,0.006228700377636547,0.014116202945990178,0.007887502568353631,0.012151816076743602,0.005923115699107055,0.001964386869246576,ok
crime_1,twfe,2020-01-22,84,94,0.007297519265604372,0.015046124088677278,0.007748604823072906,0.007297519265604372,0.0,0.007748604823072906,ok
crime_1,linear_gap,2020-01-22,84,94,0.007297519265604372,0.015046124088677278,0.007748604823072906,0.012914208904388932,0.005616689638784559,0.0021319151842883466,ok
crime_1,synthetic_control,2020-01-22,84,94,0.007297519265604372,0.015046124088677278,0.007748604823072906,0.0036820303992445135,-0.003615488866359859,0.011364093689432765,exact_mean_match
crime_1,random_forest,2020-01-22,84,94,0.007297519265604372,0.015046124088677278,0.007748604823072906,0.009982619023382377,0.002685099757778005,0.005063505065294901,ok
crime_1,gradient_boosting,2020-01-22,84,94,0.007297519265604372,0.015046124088677278,0.007748604823072906,0.014383461188130423,0.0070859419225260505,0.0006626629005468555,ok
crime_1,twfe,2020-02-05,84,94,0.009016840133861411,0.00214501810246491,-0.006871822031396501,0.009016840133861411,0.0,-0.006871822031396501,ok
crime_1,linear_gap,2020-02-05,84,94,0.009016840133861411,0.00214501810246491,-0.006871822031396501,0.015279216476954901,0.0062623763430934894,-0.01313419837448999,ok
crime_1,synthetic_control,2020-02-05,84,94,0.009016840133861411,0.00214501810246491,-0.006871822031396501,0.014169394617321217,0.005152554483459805,-0.012024376514856307,exact_mean_match
crime_1,random_forest,2020-02-05,84,94,0.009016840133861411,0.00214501810246491,-0.006871822031396501,0.010403952113737146,0.0013871119798757343,-0.008258934011272236,ok
crime_1,gradient_boosting,2020-02-05,84,94,0.009016840133861411,0.00214501810246491,-0.006871822031396501,0.01110325529852753,0.0020864151646661187,-0.00895823719606262,ok
crime_2,twfe,2014-03-26,84,94,0.0014497175401430712,0.0084002876556068,0.006950570115463729,0.0014497175401430712,0.0,0.006950570115463729,ok
crime_2,linear_gap,2014-03-26,84,94,0.0014497175401430712,0.0084002876556068,0.006950570115463729,0.006091431465259759,0.004641713925116688,0.0023088561903470417,ok
crime_2,synthetic_control,2014-03-26,84,94,0.0014497175401430712,0.0084002876556068,0.006950570115463729,0.0013403343544549258,-0.00010938318568814542,0.007059953301151875,exact_mean_match
crime_2,random_forest,2014-03-26,84,94,0.0014497175401430712,0.0084002876556068,0.006950570115463729,0.0024100232022081854,0.0009603056620651142,0.005990264453398615,ok
crime_2,gradient_boosting,2014-03-26,84,94,0.0014497175401430712,0.0084002876556068,0.006950570115463729,0.0032171856187712795,0.0017674680786282082,0.005183102036835521,ok
crime_2,twfe,2014-04-09,84,94,0.0033666835528537646,-0.003502702970788078,-0.0068693865236418425,0.0033666835528537646,0.0,-0.0068693865236418425,ok
crime_2,linear_gap,2014-04-09,84,94,0.0033666835528537646,-0.003502702970788078,-0.0068693865236418425,0.008705649439915168,0.005338965887061403,-0.012208352410703244,ok
crime_2,synthetic_control,2014-04-09,84,94,0.0033666835528537646,-0.003502702970788078,-0.0068693865236418425,0.004152259848992965,0.0007855762961392,-0.007654962819781043,exact_mean_match
crime_2,random_forest,2014-04-09,84,94,0.0033666835528537646,-0.003502702970788078,-0.0068693865236418425,0.004069031780707123,0.0007023482278533584,-0.007571734751495201,ok
crime_2,gradient_boosting,2014-04-09,84,94,0.0033666835528537646,-0.003502702970788078,-0.0068693865236418425,0.0070227228016880175,0.003656039248834253,-0.010525425772476095,ok
crime_2,twfe,2014-04-23,84,94,0.002997298210064166,0.0011469027426474227,-0.0018503954674167432,0.002997298210064166,0.0,-0.0018503954674167432,ok
crime_2,linear_gap,2014-04-23,84,94,0.002997298210064166,0.0011469027426474227,-0.0018503954674167432,0.003138542176631743,0.00014124396656757694,-0.00199163943398432,ok
crime_2,synthetic_control,2014-04-23,84,94,0.002997298210064166,0.0011469027426474227,-0.0018503954674167432,0.0021524124509679186,-0.0008448857590962473,-0.001005509708320496,exact_mean_match
crime_2,random_forest,2014-04-23,84,94,0.002997298210064166,0.0011469027426474227,-0.0018503954674167432,-0.00046808160974642774,-0.0034653798198105937,0.0016149843523938505,ok
crime_2,gradient_boosting,2014-04-23,84,94,0.002997298210064166,0.0011469027426474227,-0.0018503954674167432,-0.0005211301695023315,-0.0035184283795664977,0.0016680329121497544,ok
crime_2,twfe,2014-05-07,84,94,0.0028514629578459357,0.005071169964786985,0.0022197070069410493,0.0028514629578459357,0.0,0.0022197070069410493,ok
crime_2,linear_gap,2014-05-07,84,94,0.0028514629578459357,0.005071169964786985,0.0022197070069410493,0.000920007764227371,-0.0019314551936185646,0.004151162200559614,ok
crime_2,synthetic_control,2014-05-07,84,94,0.0028514629578459357,0.005071169964786985,0.0022197070069410493,0.0026984812016784196,-0.00015298175616751614,0.0023726887631085655,exact_mean_match
crime_2,random_forest,2014-05-07,84,94,0.0028514629578459357,0.005071169964786985,0.0022197070069410493,0.0007637476889175507,-0.002087715268928385,0.004307422275869435,ok
crime_2,gradient_boosting,2014-05-07,84,94,0.0028514629578459357,0.005071169964786985,0.0022197070069410493,0.00021855842752945185,-0.002632904530316484,0.004852611537257533,ok
crime_2,twfe,2014-05-21,84,94,0.002860097939885172,-0.006094083221742796,-0.008954181161627968,0.002860097939885172,0.0,-0.008954181161627968,ok
crime_2,linear_gap,2014-05-21,84,94,0.002860097939885172,-0.006094083221742796,-0.008954181161627968,0.0016020738011513144,-0.0012580241387338577,-0.0076961570228941106,ok
crime_2,synthetic_control,2014-05-21,84,94,0.002860097939885172,-0.006094083221742796,-0.008954181161627968,0.0025076039472563885,-0.0003524939926287836,-0.008601687168999185,exact_mean_match
crime_2,random_forest,2014-05-21,84,94,0.002860097939885172,-0.006094083221742796,-0.008954181161627968,0.0020768539627005335,-0.0007832439771846386,-0.00817093718444333,ok
crime_2,gradient_boosting,2014-05-21,84,94,0.002860097939885172,-0.006094083221742796,-0.008954181161627968,0.002796009598434894,-6.408834145027811e-05,-0.00889009282017769,ok
crime_2,twfe,2014-06-04,84,94,0.0013854348960731923,-0.0024611912909785257,-0.003846626187051718,0.0013854348960731923,0.0,-0.003846626187051718,ok
crime_2,linear_gap,2014-06-04,84,94,0.0013854348960731923,-0.0024611912909785257,-0.003846626187051718,-0.005068069195431197,-0.00645350409150439,0.0026068779044526717,ok
crime_2,synthetic_control,2014-06-04,84,94,0.0013854348960731923,-0.0024611912909785257,-0.003846626187051718,0.0015979530212788425,0.00021251812520565018,-0.004059144312257368,exact_mean_match
crime_2,random_forest,2014-06-04,84,94,0.0013854348960731923,-0.0024611912909785257,-0.003846626187051718,-0.0032201413863851827,-0.0046055762824583745,0.0007589500954066565,ok
crime_2,gradient_boosting,2014-06-04,84,94,0.0013854348960731923,-0.0024611912909785257,-0.003846626187051718,-0.005847116056872519,-0.007232550952945711,0.003385924765893993,ok
crime_2,twfe,2014-06-18,84,94,0.00016406465874550875,-0.0032919208451123354,-0.0034559855038578443,0.00016406465874550875,0.0,-0.0034559855038578443,ok
crime_2,linear_gap,2014-06-18,84,94,0.00016406465874550875,-0.0032919208451123354,-0.0034559855038578443,-0.006689910917332432,-0.0068539755760779406,0.0033979900722200963,ok
crime_2,synthetic_control,2014-06-18,84,94,0.00016406465874550875,-0.0032919208451123354,-0.0034559855038578443,0.000127890192391341,-3.617446635416775e-05,-0.0034198110375036764,exact_mean_match
crime_2,random_forest,2014-06-18,84,94,0.00016406465874550875,-0.0032919208451123354,-0.0034559855038578443,-0.001708129419380225,-0.0018721940781257337,-0.0015837914257321106,ok
crime_2,gradient_boosting,2014-06-18,84,94,0.00016406465874550875,-0.0032919208451123354,-0.0034559855038578443,-0.0029573545620515582,-0.003121419220797067,-0.0003345662830607772,ok
crime_2,twfe,2014-07-02,84,94,-0.0019524653833164478,0.0024363933938402007,0.004388858777156649,-0.0019524653833164478,0.0,0.004388858777156649,ok
crime_2,linear_gap,2014-07-02,84,94,-0.0019524653833164478,0.0024363933938402007,0.004388858777156649,-0.004654877227783044,-0.0027024118444665965,0.007091270621623245,ok
crime_2,synthetic_control,2014-07-02,84,94,-0.0019524653833164478,0.0024363933938402007,0.004388858777156649,-0.0017149552453821198,0.00023751013793432804,0.004151348639222321,exact_mean_match
crime_2,random_forest,2014-07-02,84,94,-0.0019524653833164478,0.0024363933938402007,0.004388858777156649,-0.002326477071507114,-0.0003740116881906662,0.004762870465347315,ok
crime_2,gradient_boosting,2014-07-02,84,94,-0.0019524653833164478,0.0024363933938402007,0.004388858777156649,-0.0028881362987223658,-0.0009356709154059179,0.005324529692562567,ok
crime_2,twfe,2014-07-16,84,94,-0.0010697783304166291,-0.0033601150622427226,-0.0022903367318260932,-0.0010697783304166291,0.0,-0.0022903367318260932,ok
crime_2,linear_gap,2014-07-16,84,94,-0.0010697783304166291,-0.0033601150622427226,-0.0022903367318260932,-0.001938821069158818,-0.0008690427387421889,-0.0014212939930839043,ok
crime_2,synthetic_control,2014-07-16,84,94,-0.0010697783304166291,-0.0033601150622427226,-0.0022903367318260932,-0.0007911586353258945,0.00027861969509073467,-0.002568956426916828,exact_mean_match
crime_2,random_forest,2014-07-16,84,94,-0.0010697783304166291,-0.0033601150622427226,-0.0022903367318260932,0.0001311250989476724,0.0012009034293643016,-0.003491240161190395,ok
crime_2,gradient_boosting,2014-07-16,84,94,-0.0010697783304166291,-0.0033601150622427226,-0.0022903367318260932,0.0007030351708908317,0.0017728135013074609,-0.004063150233133554,ok
crime_2,twfe,2014-07-30,84,94,-0.001730834177642689,-0.00019838317710658263,0.0015324510005361065,-0.001730834177642689,0.0,0.0015324510005361065,ok
crime_2,linear_gap,2014-07-30,84,94,-0.001730834177642689,-0.00019838317710658263,0.0015324510005361065,-0.00277671212055976,-0.0010458779429170708,0.002578328943453177,ok
crime_2,synthetic_control,2014-07-30,84,94,-0.001730834177642689,-0.00019838317710658263,0.0015324510005361065,-0.0013017809755621734,0.0004290532020805157,0.0011033977984555908,exact_mean_match
crime_2,random_forest,2014-07-30,84,94,-0.001730834177642689,-0.00019838317710658263,0.0015324510005361065,-0.0012016075640700647,0.0005292266135726244,0.0010032243869634821,ok
crime_2,gradient_boosting,2014-07-30,84,94,-0.001730834177642689,-0.00019838317710658263,0.0015324510005361065,-0.0015242989539295396,0.00020653522371314945,0.001325915776822957,ok
crime_2,twfe,2014-08-13,84,94,-0.0023659850787510375,0.0018536428110896186,0.004219627889840656,-0.0023659850787510375,0.0,0.004219627889840656,ok
crime_2,linear_gap,2014-08-13,84,94,-0.0023659850787510375,0.0018536428110896186,0.004219627889840656,0.0022502264635131776,0.004616211542264215,-0.0003965836524235586,ok
crime_2,synthetic_control,2014-08-13,84,94,-0.0023659850787510375,0.0018536428110896186,0.004219627889840656,-0.0019478578992451288,0.00041812717950590874,0.0038015007103347474,exact_mean_match
crime_2,random_forest,2014-08-13,84,94,-0.0023659850787510375,0.0018536428110896186,0.004219627889840656,-0.00036930257688884974,0.0019966825018621877,0.0022229453879784684,ok
crime_2,gradient_boosting,2014-08-13,84,94,-0.0023659850787510375,0.0018536428110896186,0.004219627889840656,2.170129052130777e-05,0.0023876863692723453,0.0018319415205683108,ok
crime_2,twfe,2014-08-27,84,94,-0.0011359798593841158,0.0024921886624014273,0.003628168521785543,-0.0011359798593841158,0.0,0.003628168521785543,ok
crime_2,linear_gap,2014-08-27,84,94,-0.0011359798593841158,0.0024921886624014273,0.003628168521785543,0.0019293505102908463,0.0030653303696749623,0.0005628381521105806,ok
crime_2,synthetic_control,2014-08-27,84,94,-0.0011359798593841158,0.0024921886624014273,0.003628168521785543,-0.0007295556759073663,0.0004064241834767495,0.0032217443383087936,exact_mean_match
crime_2,random_forest,2014-08-27,84,94,-0.0011359798593841158,0.0024921886624014273,0.003628168521785543,0.0005820495378242995,0.0017180293972084153,0.0019101391245771276,ok
crime_2,gradient_boosting,2014-08-27,84,94,-0.0011359798593841158,0.0024921886624014273,0.003628168521785543,0.0009400990744505872,0.002076078933834703,0.00155208958795084,ok
crime_2,twfe,2014-09-10,84,94,-1.7269964078475557e-05,0.007470366512919704,0.0074876364769981794,-1.7269964078475557e-05,0.0,0.0074876364769981794,ok
crime_2,linear_gap,2014-09-10,84,94,-1.7269964078475557e-05,0.007470366512919704,0.0074876364769981794,0.003632092997514808,0.0036493629615932835,0.003838273515404896,ok
crime_2,synthetic_control,2014-09-10,84,94,-1.7269964078475557e-05,0.007470366512919704,0.0074876364769981794,-2.4138039180533755e-05,-6.868075102058198e-06,0.007494504552100238,exact_mean_match
crime_2,random_forest,2014-09-10,84,94,-1.7269964078475557e-05,0.007470366512919704,0.0074876364769981794,0.0009864543103530266,0.0010037242744315022,0.0064839122025666775,ok
crime_2,gradient_boosting,2014-09-10,84,94,-1.7269964078475557e-05,0.007470366512919704,0.0074876364769981794,0.0023493176156709535,0.002366587579749429,0.0051210488972487506,ok
crime_2,twfe,2014-09-24,84,94,0.0015667695188971774,-0.001239894856916134,-0.0028066643758133114,0.0015667695188971774,0.0,-0.0028066643758133114,ok
crime_2,linear_gap,2014-09-24,84,94,0.0015667695188971774,-0.001239894856916134,-0.0028066643758133114,0.005586337400799531,0.004019567881902353,-0.006826232257715665,ok
crime_2,synthetic_control,2014-09-24,84,94,0.0015667695188971774,-0.001239894856916134,-0.0028066643758133114,0.0022480736605211427,0.0006813041416239654,-0.0034879685174372768,exact_mean_match
crime_2,random_forest,2014-09-24,84,94,0.0015667695188971774,-0.001239894856916134,-0.0028066643758133114,0.002530424487363767,0.0009636549684665895,-0.003770319344279901,ok
crime_2,gradient_boosting,2014-09-24,84,94,0.0015667695188971774,-0.001239894856916134,-0.0028066643758133114,0.005896422343366071,0.004329652824468894,-0.007136317200282205,ok
crime_2,twfe,2014-10-08,84,94,0.0008174449663811362,0.001618062788275554,0.0008006178218944178,0.0008174449663811362,0.0,0.0008006178218944178,ok
crime_2,linear_gap,2014-10-08,84,94,0.0008174449663811362,0.001618062788275554,0.0008006178218944178,0.003909118456804812,0.003091673490423676,-0.002291055668529258,ok
crime_2,synthetic_control,2014-10-08,84,94,0.0008174449663811362,0.001618062788275554,0.0008006178218944178,0.0006488695019445326,-0.00016857546443660356,0.0009691932863310213,exact_mean_match
crime_2,random_forest,2014-10-08,84,94,0.0008174449663811362,0.001618062788275554,0.0008006178218944178,0.0006609006660502165,-0.00015654430033091974,0.0009571621222253375,ok
crime_2,gradient_boosting,2014-10-08,84,94,0.0008174449663811362,0.001618062788275554,0.0008006178218944178,-0.0008295824009846938,-0.0016470273673658302,0.002447645189260248,ok
crime_2,twfe,2014-10-22,84,94,0.001371043259341131,0.0002851758170907098,-0.001085867442250421,0.001371043259341131,0.0,-0.001085867442250421,ok
crime_2,linear_gap,2014-10-22,84,94,0.001371043259341131,0.0002851758170907098,-0.001085867442250421,0.0007250763090667844,-0.0006459669502743466,-0.0004399004919760745,ok
crime_2,synthetic_control,2014-10-22,84,94,0.001371043259341131,0.0002851758170907098,-0.001085867442250421,0.0016916734377437626,0.00032063017840263156,-0.0014064976206530526,exact_mean_match
crime_2,random_forest,2014-10-22,84,94,0.001371043259341131,0.0002851758170907098,-0.001085867442250421,1.8081093181636207e-05,-0.0013529621661594949,0.0002670947239090738,ok
crime_2,gradient_boosting,2014-10-22,84,94,0.001371043259341131,0.0002851758170907098,-0.001085867442250421,-0.0007075133881479953,-0.002078556647489126,0.000992689205238705,ok
crime_2,twfe,2014-11-05,84,94,0.0019073715882226509,-0.002225611268164461,-0.004132982856387112,0.0019073715882226509,0.0,-0.004132982856387112,ok
crime_2,linear_gap,2014-11-05,84,94,0.0019073715882226509,-0.002225611268164461,-0.004132982856387112,0.001469627390249319,-0.00043774419797333185,-0.00369523865841378,ok
crime_2,synthetic_control,2014-11-05,84,94,0.0019073715882226509,-0.002225611268164461,-0.004132982856387112,0.0019333080958310912,2.5936507608440365e-05,-0.004158919363995552,exact_mean_match
crime_2,random_forest,2014-11-05,84,94,0.0019073715882226509,-0.002225611268164461,-0.004132982856387112,0.0011849863359297147,-0.0007223852522929362,-0.0034105976040941753,ok
crime_2,gradient_boosting,2014-11-05,84,94,0.0019073715882226509,-0.002225611268164461,-0.004132982856387112,0.002077832513508447,0.00017046092528579622,-0.0043034437816729075,ok
crime_2,twfe,2014-11-19,84,94,0.0018363728470111435,0.00874745821554332,0.006911085368532177,0.0018363728470111435,0.0,0.006911085368532177,ok
crime_2,linear_gap,2014-11-19,84,94,0.0018363728470111435,0.00874745821554332,0.006911085368532177,-0.0003063878045279658,-0.002142760651539109,0.009053846020071286,ok
crime_2,synthetic_control,2014-11-19,84,94,0.0018363728470111435,0.00874745821554332,0.006911085368532177,0.0015527274521210856,-0.00028364539489005784,0.007194730763422235,exact_mean_match
crime_2,random_forest,2014-11-19,84,94,0.0018363728470111435,0.00874745821554332,0.006911085368532177,0.0010294644581317408,-0.0008069083888794027,0.00771799375741158,ok
crime_2,gradient_boosting,2014-11-19,84,94,0.0018363728470111435,0.00874745821554332,0.006911085368532177,0.0016009293108730127,-0.00023544353613813075,0.0071465289046703075,ok
crime_2,twfe,2014-12-03,84,94,0.002325688495901261,-0.0030439418737291083,-0.005369630369630369,0.002325688495901261,0.0,-0.005369630369630369,ok
crime_2,linear_gap,2014-12-03,84,94,0.002325688495901261,-0.0030439418737291083,-0.005369630369630369,0.0031972534483321537,0.0008715649524308929,-0.006241195322061262,ok
crime_2,synthetic_control,2014-12-03,84,94,0.002325688495901261,-0.0030439418737291083,-0.005369630369630369,0.002442452320245727,0.00011676382434446615,-0.005486394193974835,exact_mean_match
crime_2,random_forest,2014-12-03,84,94,0.002325688495901261,-0.0030439418737291083,-0.005369630369630369,0.003554013521730611,0.00122832502582935,-0.00659795539545972,ok
crime_2,gradient_boosting,2014-12-03,84,94,0.002325688495901261,-0.0030439418737291083,-0.005369630369630369,0.004822257913113913,0.0024965694172126526,-0.007866199786843022,ok
crime_2,twfe,2014-12-17,84,94,0.0009153080961591587,-0.002169815999603234,-0.0030851240957623927,0.0009153080961591587,0.0,-0.0030851240957623927,ok
crime_2,linear_gap,2014-12-17,84,94,0.0009153080961591587,-0.002169815999603234,-0.0030851240957623927,0.0020643165543477978,0.001149008458188639,-0.004234132553951032,ok
crime_2,synthetic_control,2014-12-17,84,94,0.0009153080961591587,-0.002169815999603234,-0.0030851240957623927,0.0007918191085332198,-0.00012348898762593898,-0.0029616351081364536,exact_mean_match
crime_2,random_forest,2014-12-17,84,94,0.0009153080961591587,-0.002169815999603234,-0.0030851240957623927,-0.000531169980473082,-0.0014464780766322407,-0.001638646019130152,ok
crime_2,gradient_boosting,2014-12-17,84,94,0.0009153080961591587,-0.002169815999603234,-0.0030851240957623927,-0.001120095226872022,-0.0020354033230311807,-0.001049720772731212,ok
crime_2,twfe,2014-12-31,84,94,0.0009066731141199215,0.0026161781480930407,0.001709505033973119,0.0009066731141199215,0.0,0.001709505033973119,ok
crime_2,linear_gap,2014-12-31,84,94,0.0009066731141199215,0.0026161781480930407,0.001709505033973119,-0.0007207152070267671,-0.0016273883211466887,0.0033368933551198078,ok
crime_2,synthetic_control,2014-12-31,84,94,0.0009066731141199215,0.0026161781480930407,0.001709505033973119,0.0006868728110562931,-0.00021980030306362837,0.0019293053370367476,exact_mean_match
crime_2,random_forest,2014-12-31,84,94,0.0009066731141199215,0.0026161781480930407,0.001709505033973119,0.0005240508851553425,-0.00038262222896457896,0.002092127262937698,ok
crime_2,gradient_boosting,2014-12-31,84,94,0.0009066731141199215,0.0026161781480930407,0.001709505033973119,-0.0009721960912012957,-0.001878869205321217,0.003588374239294336,ok
crime_2,twfe,2015-01-14,84,94,0.0017030103466273666,0.0005207558399047749,-0.0011822545067225916,0.0017030103466273666,0.0,-0.0011822545067225916,ok
crime_2,linear_gap,2015-01-14,84,94,0.0017030103466273666,0.0005207558399047749,-0.0011822545067225916,0.0014437828286213913,-0.00025922751800597525,-0.0009230269887166164,ok
crime_2,synthetic_control,2015-01-14,84,94,0.0017030103466273666,0.0005207558399047749,-0.0011822545067225916,0.0024292491558807368,0.0007262388092533702,-0.0019084933159759618,exact_mean_match
crime_2,random_forest,2015-01-14,84,94,0.0017030103466273666,0.0005207558399047749,-0.0011822545067225916,0.0021642406175633876,0.000461230270936021,-0.0016434847776586126,ok
crime_2,gradient_boosting,2015-01-14,84,94,0.0017030103466273666,0.0005207558399047749,-0.0011822545067225916,0.004156122128693957,0.0024531117820665907,-0.0036353662887891824,ok
crime_2,twfe,2015-01-28,84,94,0.0013508949679162435,0.0031989287308436245,0.001848033762927381,0.0013508949679162435,0.0,0.001848033762927381,ok
crime_2,linear_gap,2015-01-28,84,94,0.0013508949679162435,0.0031989287308436245,0.001848033762927381,0.0023765952013236617,0.0010257002334074182,0.0008223335295199628,ok
crime_2,synthetic_control,2015-01-28,84,94,0.0013508949679162435,0.0031989287308436245,0.001848033762927381,0.0010790200620155836,-0.0002718749059006599,0.002119908668828041,exact_mean_match
crime_2,random_forest,2015-01-28,84,94,0.0013508949679162435,0.0031989287308436245,0.001848033762927381,0.0023848318892955326,0.0010339369213792891,0.0008140968415480919,ok
crime_2,gradient_boosting,2015-01-28,84,94,0.0013508949679162435,0.0031989287308436245,0.001848033762927381,0.0030214933517732794,0.001670598383857036,0.00017743537907034508,ok
crime_2,twfe,2015-02-11,84,94,0.0021002195204322858,0.00465580518772008,0.002555585667287794,0.0021002195204322858,0.0,0.002555585667287794,ok
crime_2,linear_gap,2015-02-11,84,94,0.0021002195204322858,0.00465580518772008,0.002555585667287794,0.004172638434653013,0.002072418914220727,0.0004831667530670672,ok
crime_2,synthetic_control,2015-02-11,84,94,0.0021002195204322858,0.00465580518772008,0.002555585667287794,0.0013756813531048597,-0.000724538167327426,0.00328012383461522,exact_mean_match
crime_2,random_forest,2015-02-11,84,94,0.0021002195204322858,0.00465580518772008,0.002555585667287794,0.0024436810268241268,0.000343461506391841,0.002212124160895953,ok
crime_2,gradient_boosting,2015-02-11,84,94,0.0021002195204322858,0.00465580518772008,0.002555585667287794,0.006180441353649789,0.004080221833217504,-0.0015246361659297099,ok
crime_2,twfe,2015-02-25,84,94,0.0016473626845967264,0.00529435103903189,0.0036469883544351634,0.0016473626845967264,0.0,0.0036469883544351634,ok
crime_2,linear_gap,2015-02-25,84,94,0.0016473626845967264,0.00529435103903189,0.0036469883544351634,0.007114681223816764,0.005467318539220037,-0.0018203301847848738,ok
crime_2,synthetic_control,2015-02-25,84,94,0.0016473626845967264,0.00529435103903189,0.0036469883544351634,0.0013148351984351454,-0.00033252748616158104,0.003979515840596744,exact_mean_match
crime_2,random_forest,2015-02-25,84,94,0.0016473626845967264,0.00529435103903189,0.0036469883544351634,0.0021034571290309305,0.00045609444443420405,0.0031908939100009593,ok
crime_2,gradient_boosting,2015-02-25,84,94,0.0016473626845967264,0.00529435103903189,0.0036469883544351634,0.00531760247769709,0.003670239793100363,-2.3251438665199825e-05,ok
crime_2,twfe,2015-03-11,84,94,0.002982906573332104,-0.002182214948172396,-0.0051651215215045,0.002982906573332104,0.0,-0.0051651215215045,ok
crime_2,linear_gap,2015-03-11,84,94,0.002982906573332104,-0.002182214948172396,-0.0051651215215045,0.00752765539441629,0.004544748821084186,-0.009709870342588686,ok
crime_2,synthetic_control,2015-03-11,84,94,0.002982906573332104,-0.002182214948172396,-0.0051651215215045,0.0029844660262592585,1.5594529271544845e-06,-0.005166680974431655,exact_mean_match
crime_2,random_forest,2015-03-11,84,94,0.002982906573332104,-0.002182214948172396,-0.0051651215215045,0.0038573650160989544,0.0008744584427668504,-0.00603957996427135,ok
crime_2,gradient_boosting,2015-03-11,84,94,0.002982906573332104,-0.002182214948172396,-0.0051651215215045,0.00490269458504765,0.001919788011715546,-0.007084909533220047,ok
crime_2,twfe,2015-03-25,84,94,0.0026739661048171674,-0.004221841987799435,-0.006895808092616602,0.0026739661048171674,0.0,-0.006895808092616602,ok
crime_2,linear_gap,2015-03-25,84,94,0.0026739661048171674,-0.004221841987799435,-0.006895808092616602,0.00023106202432195426,-0.002442904080495213,-0.004452904012121389,ok
crime_2,synthetic_control,2015-03-25,84,94,0.0026739661048171674,-0.004221841987799435,-0.006895808092616602,0.002362766605682092,-0.00031119949913507557,-0.0065846085934815266,exact_mean_match
crime_2,random_forest,2015-03-25,84,94,0.0026739661048171674,-0.004221841987799435,-0.006895808092616602,-0.0009740514042677946,-0.003648017509084962,-0.0032477905835316396,ok
crime_2,gradient_boosting,2015-03-25,84,94,0.0026739661048171674,-0.004221841987799435,-0.006895808092616602,-0.0006021407318337736,-0.0032761068366509412,-0.0036197012559656605,ok
crime_2,twfe,2015-04-08,84,94,0.0012808556691535403,0.006348261667410603,0.005067405998257063,0.0012808556691535403,0.0,0.005067405998257063,ok
crime_2,linear_gap,2015-04-08,84,94,0.0012808556691535403,0.006348261667410603,0.005067405998257063,-0.0029298399611597057,-0.0042106956303132465,0.009278101628570309,ok
crime_2,synthetic_control,2015-04-08,84,94,0.0012808556691535403,0.006348261667410603,0.005067405998257063,0.001252958073241734,-2.7897595911806263e-05,0.005095303594168869,exact_mean_match
crime_2,random_forest,2015-04-08,84,94,0.0012808556691535403,0.006348261667410603,0.005067405998257063,-0.0013242973864992205,-0.002605153055652761,0.0076725590539098235,ok
crime_2,gradient_boosting,2015-04-08,84,94,0.0012808556691535403,0.006348261667410603,0.005067405998257063,-0.003010080272642838,-0.004290935941796378,0.00935834194005344,ok
crime_2,twfe,2015-04-22,84,94,0.001802792361302999,-0.005982492684620345,-0.0077852850459233435,0.001802792361302999,0.0,-0.0077852850459233435,ok
crime_2,linear_gap,2015-04-22,84,94,0.001802792361302999,-0.005982492684620345,-0.0077852850459233435,-0.001132784126386273,-0.002935576487689272,-0.004849708558234071,ok
crime_2,synthetic_control,2015-04-22,84,94,0.001802792361302999,-0.005982492684620345,-0.0077852850459233435,0.0017415386887143936,-6.12536725886053e-05,-0.007724031373334738,exact_mean_match
crime_2,random_forest,2015-04-22,84,94,0.001802792361302999,-0.005982492684620345,-0.0077852850459233435,0.0008244309886636641,-0.0009783613726393348,-0.006806923673284009,ok
crime_2,gradient_boosting,2015-04-22,84,94,0.001802792361302999,-0.005982492684620345,-0.0077852850459233435,0.001964060210447073,0.00016126784914407416,-0.007946552895067419,ok
crime_2,twfe,2015-05-06,84,94,2.9742715912927682e-05,-0.003639091405048852,-0.00366883412096178,2.9742715912927682e-05,0.0,-0.00366883412096178,ok
crime_2,linear_gap,2015-05-06,84,94,2.9742715912927682e-05,-0.003639091405048852,-0.00366883412096178,-0.004889975206892331,-0.004919717922805259,0.0012508838018434791,ok
crime_2,synthetic_control,2015-05-06,84,94,2.9742715912927682e-05,-0.003639091405048852,-0.00366883412096178,2.6520562498596675e-05,-3.222153414331007e-06,-0.003665611967547449,exact_mean_match
crime_2,random_forest,2015-05-06,84,94,2.9742715912927682e-05,-0.003639091405048852,-0.00366883412096178,-0.0018985013675635438,-0.0019282440834764714,-0.0017405900374853085,ok
crime_2,gradient_boosting,2015-05-06,84,94,2.9742715912927682e-05,-0.003639091405048852,-0.00366883412096178,-0.003748081030747141,-0.0037778237466600684,0.00010898962569828863,ok
crime_2,twfe,2015-05-20,84,94,-0.000955604679008935,-0.0032919208451123354,-0.0023363161661034003,-0.000955604679008935,0.0,-0.0023363161661034003,ok
crime_2,linear_gap,2015-05-20,84,94,-0.000955604679008935,-0.0032919208451123354,-0.0023363161661034003,-0.004666061261062004,-0.0037104565820530685,0.0013741404159496682,ok
crime_2,synthetic_control,2015-05-20,84,94,-0.000955604679008935,-0.0032919208451123354,-0.0023363161661034003,-0.0010016139778494266,-4.600929884049159e-05,-0.002290306867262909,exact_mean_match
crime_2,random_forest,2015-05-20,84,94,-0.000955604679008935,-0.0032919208451123354,-0.0023363161661034003,-0.0012811296130544143,-0.0003255249340454793,-0.002010791232057921,ok
crime_2,gradient_boosting,2015-05-20,84,94,-0.000955604679008935,-0.0032919208451123354,-0.0023363161661034003,-0.0029613150764184453,-0.00200571039740951,-0.0003306057686938901,ok
crime_2,twfe,2015-06-03,84,94,-0.002456172668938627,0.0003843674056440004,0.0028405400745826273,-0.002456172668938627,0.0,0.0028405400745826273,ok
crime_2,linear_gap,2015-06-03,84,94,-0.002456172668938627,0.0003843674056440004,0.0028405400745826273,-0.003386589274106012,-0.0009304166051673848,0.003770956679750012,ok
crime_2,synthetic_control,2015-06-03,84,94,-0.002456172668938627,0.0003843674056440004,0.0028405400745826273,-0.001995795247491281,0.0004603774214473463,0.002380162653135281,exact_mean_match
crime_2,random_forest,2015-06-03,84,94,-0.002456172668938627,0.0003843674056440004,0.0028405400745826273,-0.002654944893301247,-0.0001987722243626199,0.003039312298945247,ok
crime_2,gradient_boosting,2015-06-03,84,94,-0.002456172668938627,0.0003843674056440004,0.0028405400745826273,-0.002893065669779241,-0.00043689300084061387,0.003277433075423241,ok
crime_2,twfe,2015-06-17,84,94,-0.0018421295017039703,-0.005275752616178148,-0.0034336231144741778,-0.0018421295017039703,0.0,-0.0034336231144741778,ok
crime_2,linear_gap,2015-06-17,84,94,-0.0018421295017039703,-0.005275752616178148,-0.0034336231144741778,-0.002051192991901219,-0.00020906349019724868,-0.003224559624276929,ok
crime_2,synthetic_control,2015-06-17,84,94,-0.0018421295017039703,-0.005275752616178148,-0.0034336231144741778,-0.002199406591416816,-0.00035727708971284547,-0.0030763460247613325,exact_mean_match
crime_2,random_forest,2015-06-17,84,94,-0.0018421295017039703,-0.005275752616178148,-0.0034336231144741778,-0.001212056981960651,0.0006300725197433193,-0.004063695634217497,ok
crime_2,gradient_boosting,2015-06-17,84,94,-0.0018421295017039703,-0.005275752616178148,-0.0034336231144741778,-0.000578854768511391,0.0012632747331925793,-0.004696897847666757,ok
crime_2,twfe,2015-07-01,84,94,-0.002086787326149029,0.0031307345137132356,0.005217521839862264,-0.002086787326149029,0.0,0.005217521839862264,ok
crime_2,linear_gap,2015-07-01,84,94,-0.002086787326149029,0.0031307345137132356,0.005217521839862264,-0.005122691869455741,-0.0030359045433067124,0.008253426383168977,ok
crime_2,synthetic_control,2015-07-01,84,94,-0.002086787326149029,0.0031307345137132356,0.005217521839862264,-0.0017067943201968094,0.00037999300595221953,0.004837528833910044,exact_mean_match
crime_2,random_forest,2015-07-01,84,94,-0.002086787326149029,0.0031307345137132356,0.005217521839862264,-0.0018989325196515068,0.00018785480649752208,0.005029667033364742,ok
crime_2,gradient_boosting,2015-07-01,84,94,-0.002086787326149029,0.0031307345137132356,0.005217521839862264,-0.0028551946013352617,-0.0007684072751862328,0.005985929115048497,ok
crime_2,twfe,2015-07-15,84,94,-0.002024423566976759,0.004060655656400336,0.006085079223377095,-0.002024423566976759,0.0,0.006085079223377095,ok
crime_2,linear_gap,2015-07-15,84,94,-0.002024423566976759,0.004060655656400336,0.006085079223377095,0.0028109403202395316,0.0048353638872162905,0.0012497153361608043,ok
crime_2,synthetic_control,2015-07-15,84,94,-0.002024423566976759,0.004060655656400336,0.006085079223377095,-0.0016434283113850538,0.0003809952555917052,0.00570408396778539,exact_mean_match
crime_2,random_forest,2015-07-15,84,94,-0.002024423566976759,0.004060655656400336,0.006085079223377095,0.002036040611040547,0.0040604641780173055,0.0020246150453597893,ok
crime_2,gradient_boosting,2015-07-15,84,94,-0.002024423566976759,0.004060655656400336,0.006085079223377095,0.0022810456505641284,0.004305469217540887,0.0017796100058362074,ok
crime_2,twfe,2015-07-29,84,94,-0.0004528568358355598,-0.00036576898279026013,8.708785304529967e-05,-0.0004528568358355598,0.0,8.708785304529967e-05,ok
crime_2,linear_gap,2015-07-29,84,94,-0.0004528568358355598,-0.00036576898279026013,8.708785304529967e-05,0.00452711396953325,0.00497997080536881,-0.00489288295232351,ok
crime_2,synthetic_control,2015-07-29,84,94,-0.0004528568358355598,-0.00036576898279026013,8.708785304529967e-05,-0.0005984778261776888,-0.000145620990342129,0.00023270884338742867,exact_mean_match
crime_2,random_forest,2015-07-29,84,94,-0.0004528568358355598,-0.00036576898279026013,8.708785304529967e-05,0.0007949036799088404,0.0012477605157444002,-0.0011606726626991006,ok
crime_2,gradient_boosting,2015-07-29,84,94,-0.0004528568358355598,-0.00036576898279026013,8.708785304529967e-05,0.0032003403685650143,0.003653197204400574,-0.0035661093513552743,ok
crime_2,twfe,2015-08-12,84,94,-0.0002168339934297389,0.009330208798293904,0.009547042791723644,-0.0002168339934297389,0.0,0.009547042791723644,ok
crime_2,linear_gap,2015-08-12,84,94,-0.0002168339934297389,0.009330208798293904,0.009547042791723644,0.0034353314278176648,0.003652165421247404,0.00589487737047624,ok
crime_2,synthetic_control,2015-08-12,84,94,-0.0002168339934297389,0.009330208798293904,0.009547042791723644,-0.00021278307241565445,4.05092101408446e-06,0.009542991870709559,exact_mean_match
crime_2,random_forest,2015-08-12,84,94,-0.0002168339934297389,0.009330208798293904,0.009547042791723644,0.00029707688457217485,0.0005139108780019138,0.00903313191372173,ok
crime_2,gradient_boosting,2015-08-12,84,94,-0.0002168339934297389,0.009330208798293904,0.009547042791723644,0.0011673780507117835,0.0013842120441415224,0.00816283074758212,ok
crime_2,twfe,2015-08-26,84,94,0.0018632372355776596,0.0010911074740861963,-0.0007721297614914633,0.0018632372355776596,0.0,-0.0007721297614914633,ok
crime_2,linear_gap,2015-08-26,84,94,0.0018632372355776596,0.0010911074740861963,-0.0007721297614914633,0.007465914576091629,0.00560267734051397,-0.006374807102005433,ok
crime_2,synthetic_control,2015-08-26,84,94,0.0018632372355776596,0.0010911074740861963,-0.0007721297614914633,0.001756998860861345,-0.00010623837471631465,-0.0006658913867751486,exact_mean_match
crime_2,random_forest,2015-08-26,84,94,0.0018632372355776596,0.0010911074740861963,-0.0007721297614914633,0.0027345554730829227,0.0008713182375052631,-0.0016434479989967264,ok
crime_2,gradient_boosting,2015-08-26,84,94,0.0018632372355776596,0.0010911074740861963,-0.0007721297614914633,0.006212865578571806,0.0043496283429941465,-0.00512175810448561,ok
crime_2,twfe,2015-09-09,84,94,0.0020628012649289234,-0.0015312701482914255,-0.003594071413220349,0.0020628012649289234,0.0,-0.003594071413220349,ok
crime_2,linear_gap,2015-09-09,84,94,0.0020628012649289234,-0.0015312701482914255,-0.003594071413220349,0.005921788208650279,0.003858986943721356,-0.007453058356941705,ok
crime_2,synthetic_control,2015-09-09,84,94,0.0020628012649289234,-0.0015312701482914255,-0.003594071413220349,0.002357506895133435,0.00029470563020451155,-0.0038887770434248604,exact_mean_match
crime_2,random_forest,2015-09-09,84,94,0.0020628012649289234,-0.0015312701482914255,-0.003594071413220349,0.0009630245072442308,-0.0010997767576846926,-0.0024942946555356563,ok
crime_2,gradient_boosting,2015-09-09,84,94,0.0020628012649289234,-0.0015312701482914255,-0.003594071413220349,0.001820484211231422,-0.00024231705369750145,-0.0033517543595228474,ok
crime_2,twfe,2015-09-23,84,94,0.002850503515397131,-0.0015312701482914257,-0.004381773663688557,0.002850503515397131,0.0,-0.004381773663688557,ok
crime_2,linear_gap,2015-09-23,84,94,0.002850503515397131,-0.0015312701482914257,-0.004381773663688557,0.000790415423654525,-0.002060088091742606,-0.0023216855719459507,ok
crime_2,synthetic_control,2015-09-23,84,94,0.002850503515397131,-0.0015312701482914257,-0.004381773663688557,0.0031323278007122264,0.0002818242853150953,-0.004663597949003652,exact_mean_match
crime_2,random_forest,2015-09-23,84,94,0.002850503515397131,-0.0015312701482914257,-0.004381773663688557,0.0005930222315101293,-0.002257481283887002,-0.0021242923798015546,ok
crime_2,gradient_boosting,2015-09-23,84,94,0.002850503515397131,-0.0015312701482914257,-0.004381773663688557,0.0007357246006132467,-0.0021147789147838844,-0.0022669947489046723,ok
crime_2,twfe,2015-10-07,84,94,0.001957262595560467,-0.0002541784456678083,-0.002211441041228275,0.001957262595560467,0.0,-0.002211441041228275,ok
crime_2,linear_gap,2015-10-07,84,94,0.001957262595560467,-0.0002541784456678083,-0.002211441041228275,-4.761704099600613e-05,-0.002004879636556473,-0.00020656140467180178,ok
crime_2,synthetic_control,2015-10-07,84,94,0.001957262595560467,-0.0002541784456678083,-0.002211441041228275,0.0014584224120710396,-0.0004988401834894272,-0.0017126008577388477,exact_mean_match
crime_2,random_forest,2015-10-07,84,94,0.001957262595560467,-0.0002541784456678083,-0.002211441041228275,0.0005902550371178696,-0.0013670075584425972,-0.0008444334827856777,ok
crime_2,gradient_boosting,2015-10-07,84,94,0.001957262595560467,-0.0002541784456678083,-0.002211441041228275,0.000602782667953436,-0.0013544799276070307,-0.0008569611136212442,ok
crime_2,twfe,2015-10-21,84,94,0.0014161370544349256,-0.0036824877250409174,-0.005098624779475843,0.0014161370544349256,0.0,-0.005098624779475843,ok
crime_2,linear_gap,2015-10-21,84,94,0.0014161370544349256,-0.0036824877250409174,-0.005098624779475843,-0.0006313399688641492,-0.0020474770232990747,-0.003051147756176768,ok
crime_2,synthetic_control,2015-10-21,84,94,0.0014161370544349256,-0.0036824877250409174,-0.005098624779475843,0.0019824516504908067,0.0005663145960558811,-0.005664939375531724,exact_mean_match
crime_2,random_forest,2015-10-21,84,94,0.0014161370544349256,-0.0036824877250409174,-0.005098624779475843,-5.2796109664633664e-05,-0.0014689331640995592,-0.0036296916153762838,ok
crime_2,gradient_boosting,2015-10-21,84,94,0.0014161370544349256,-0.0036824877250409174,-0.005098624779475843,-0.0005096167917803256,-0.0019257538462152512,-0.0031728709332605916,ok
crime_2,twfe,2015-11-04,84,94,0.0009930229345122951,0.010148539403858552,0.009155516469346257,0.0009930229345122951,0.0,0.009155516469346257,ok
crime_2,linear_gap,2015-11-04,84,94,0.0009930229345122951,0.010148539403858552,0.009155516469346257,-0.005113256405846797,-0.0061062793403590925,0.01526179580970535,ok
crime_2,synthetic_control,2015-11-04,84,94,0.0009930229345122951,0.010148539403858552,0.009155516469346257,0.0008297583429809959,-0.0001632645915312992,0.009318781060877556,exact_mean_match
crime_2,random_forest,2015-11-04,84,94,0.0009930229345122951,0.010148539403858552,0.009155516469346257,-0.000592930411358679,-0.001585953345870974,0.01074146981521723,ok
crime_2,gradient_boosting,2015-11-04,84,94,0.0009930229345122951,0.010148539403858552,0.009155516469346257,-0.002120645798230395,-0.0031136687327426903,0.012269185202088948,ok
crime_2,twfe,2015-11-18,84,94,0.0009843879524730579,0.0013266874969002625,0.0003422995444272046,0.0009843879524730579,0.0,0.0003422995444272046,ok
crime_2,linear_gap,2015-11-18,84,94,0.0009843879524730579,0.0013266874969002625,0.0003422995444272046,0.004332766747214,0.0033483787947409423,-0.0030060792503137377,ok
crime_2,synthetic_control,2015-11-18,84,94,0.0009843879524730579,0.0013266874969002625,0.0003422995444272046,0.0008258625472086882,-0.00015852540526436966,0.0005008249496915743,exact_mean_match
crime_2,random_forest,2015-11-18,84,94,0.0009843879524730579,0.0013266874969002625,0.0003422995444272046,0.0022319163155382193,0.0012475283630651614,-0.0009052288186379568,ok
crime_2,gradient_boosting,2015-11-18,84,94,0.0009843879524730579,0.0013266874969002625,0.0003422995444272046,0.0063043148263743415,0.005319926873901284,-0.004977627329474079,ok
crime_2,twfe,2015-12-02,84,94,0.0011023993736759682,-0.0014196796111689734,-0.0025220789848449414,0.0011023993736759682,0.0,-0.0025220789848449414,ok
crime_2,linear_gap,2015-12-02,84,94,0.0011023993736759682,-0.0014196796111689734,-0.0025220789848449414,0.004775583242329257,0.003673183868653289,-0.00619526285349823,ok
crime_2,synthetic_control,2015-12-02,84,94,0.0011023993736759682,-0.0014196796111689734,-0.0025220789848449414,0.0009308031747664088,-0.00017159619890955938,-0.002350482785935382,exact_mean_match
crime_2,random_forest,2015-12-02,84,94,0.0011023993736759682,-0.0014196796111689734,-0.0025220789848449414,0.0017680468515302483,0.0006656474778542801,-0.0031877264626992215,ok
crime_2,gradient_boosting,2015-12-02,84,94,0.0011023993736759682,-0.0014196796111689734,-0.0025220789848449414,0.002411380981783153,0.0013089816081071847,-0.003831060592952126,ok
crime_2,twfe,2015-12-16,84,94,0.0007761889410825569,-0.0005889500570351641,-0.001365138998117721,0.0007761889410825569,0.0,-0.001365138998117721,ok
crime_2,linear_gap,2015-12-16,84,94,0.0007761889410825569,-0.0005889500570351641,-0.001365138998117721,0.0015163185357352888,0.000740129594652732,-0.002105268592770453,ok
crime_2,synthetic_control,2015-12-16,84,94,0.0007761889410825569,-0.0005889500570351641,-0.001365138998117721,0.0007840996548301345,7.910713747577612e-06,-0.0013730497118652986,exact_mean_match
crime_2,random_forest,2015-12-16,84,94,0.0007761889410825569,-0.0005889500570351641,-0.001365138998117721,-0.00032687198070020476,-0.0011030609217827616,-0.0002620780763349594,ok
crime_2,gradient_boosting,2015-12-16,84,94,0.0007761889410825569,-0.0005889500570351641,-0.001365138998117721,-0.0018851150928970285,-0.0026613040339795854,0.0012961650358618644,ok
crime_2,twfe,2015-12-30,84,94,0.0007953777900586397,-0.0032795218965431744,-0.004074899686601814,0.0007953777900586397,0.0,-0.004074899686601814,ok
crime_2,linear_gap,2015-12-30,84,94,0.0007953777900586397,-0.0032795218965431744,-0.004074899686601814,-2.322067490941284e-05,-0.0008185984649680526,-0.0032563012216337618,ok
crime_2,synthetic_control,2015-12-30,84,94,0.0007953777900586397,-0.0032795218965431744,-0.004074899686601814,0.0007014021291062503,-9.397566095238944e-05,-0.003980924025649425,exact_mean_match
crime_2,random_forest,2015-12-30,84,94,0.0007953777900586397,-0.0032795218965431744,-0.004074899686601814,-0.00046544480312334395,-0.0012608225931819836,-0.002814077093419831,ok
crime_2,gradient_boosting,2015-12-30,84,94,0.0007953777900586397,-0.0032795218965431744,-0.004074899686601814,-0.0006547643225167781,-0.001450142112575418,-0.0026247575740263964,ok
crime_2,twfe,2016-01-13,84,94,0.00020052347180006614,-0.0010725090512324566,-0.0012730325230325228,0.00020052347180006614,0.0,-0.0012730325230325228,ok
crime_2,linear_gap,2016-01-13,84,94,0.00020052347180006614,-0.0010725090512324566,-0.0012730325230325228,-0.0026459347988882285,-0.0028464582706882948,0.001573425747655772,ok
crime_2,synthetic_control,2016-01-13,84,94,0.00020052347180006614,-0.0010725090512324566,-0.0012730325230325228,0.00014396238343408925,-5.656108836597689e-05,-0.0012164714346665458,exact_mean_match
crime_2,random_forest,2016-01-13,84,94,0.00020052347180006614,-0.0010725090512324566,-0.0012730325230325228,-0.0011893155461692292,-0.0013898390179692955,0.00011680649493677267,ok
crime_2,gradient_boosting,2016-01-13,84,94,0.00020052347180006614,-0.0010725090512324566,-0.0012730325230325228,-0.003157339189849525,-0.003357862661649591,0.0020848301386170685,ok
crime_2,twfe,2016-01-27,84,94,0.0005679899296920562,0.005821306353221246,0.005253316423529189,0.0005679899296920562,0.0,0.005253316423529189,ok
crime_2,linear_gap,2016-01-27,84,94,0.0005679899296920562,0.005821306353221246,0.005253316423529189,-0.00583843283962314,-0.006406422769315197,0.011659739192844385,ok
crime_2,synthetic_control,2016-01-27,84,94,0.0005679899296920562,0.005821306353221246,0.005253316423529189,0.000324644840186971,-0.00024334508950508516,0.005496661513034275,exact_mean_match
crime_2,random_forest,2016-01-27,84,94,0.0005679899296920562,0.005821306353221246,0.005253316423529189,-0.0004579961858860056,-0.0010259861155780619,0.006279302539107251,ok
crime_2,gradient_boosting,2016-01-27,84,94,0.0005679899296920562,0.005821306353221246,0.005253316423529189,-0.0012753642235364372,-0.0018433541532284934,0.007096670576757683,ok
crime_2,twfe,2016-02-10,84,94,7.867428080193928e-05,-0.0007129395427267775,-0.0007916138235287167,7.867428080193928e-05,0.0,-0.0007916138235287167,ok
crime_2,linear_gap,2016-02-10,84,94,7.867428080193928e-05,-0.0007129395427267775,-0.0007916138235287167,0.0021502524571264344,0.002071578176324495,-0.0028631919998532117,ok
crime_2,synthetic_control,2016-02-10,84,94,7.867428080193928e-05,-0.0007129395427267775,-0.0007916138235287167,8.777490292685534e-05,9.100622124916068e-06,-0.0008007144456536328,exact_mean_match
crime_2,random_forest,2016-02-10,84,94,7.867428080193928e-05,-0.0007129395427267775,-0.0007916138235287167,0.001453417122795858,0.0013747428419939186,-0.002166356665522635,ok
crime_2,gradient_boosting,2016-02-10,84,94,7.867428080193928e-05,-0.0007129395427267775,-0.0007916138235287167,0.004639440238552258,0.004560765957750319,-0.005352379781279035,ok
crime_2,twfe,2016-02-24,84,94,-0.0003185348930029788,0.008263899221346028,0.008582434114349008,-0.0003185348930029788,0.0,0.008582434114349008,ok
crime_2,linear_gap,2016-02-24,84,94,-0.0003185348930029788,0.008263899221346028,0.008582434114349008,0.0031531521265191842,0.003471687019522163,0.005110747094826845,ok
crime_2,synthetic_control,2016-02-24,84,94,-0.0003185348930029788,0.008263899221346028,0.008582434114349008,-0.00018651347778872104,0.00013202141521425774,0.00845041269913475,exact_mean_match
crime_2,random_forest,2016-02-24,84,94,-0.0003185348930029788,0.008263899221346028,0.008582434114349008,0.0007886842714764822,0.001107219164479461,0.007475214949869547,ok
crime_2,gradient_boosting,2016-02-24,84,94,-0.0003185348930029788,0.008263899221346028,0.008582434114349008,0.0014982778055373592,0.0018168126985403379,0.00676562141580867,ok
crime_2,twfe,2016-03-09,84,94,0.0013969482054588427,0.000452561622774388,-0.0009443865826844547,0.0013969482054588427,0.0,-0.0009443865826844547,ok
crime_2,linear_gap,2016-03-09,84,94,0.0013969482054588427,0.000452561622774388,-0.0009443865826844547,0.007531532388324529,0.006134584182865686,-0.007078970765550141,ok
crime_2,synthetic_control,2016-03-09,84,94,0.0013969482054588427,0.000452561622774388,-0.0009443865826844547,0.0015390901368041842,0.00014214193134534149,-0.0010865285140297962,exact_mean_match
crime_2,random_forest,2016-03-09,84,94,0.0013969482054588427,0.000452561622774388,-0.0009443865826844547,0.003498213265905265,0.002101265060446422,-0.0030456516431308766,ok
crime_2,gradient_boosting,2016-03-09,84,94,0.0013969482054588427,0.000452561622774388,-0.0009443865826844547,0.00616386940318597,0.004766921197727127,-0.005711307780411581,ok
crime_2,twfe,2016-03-23,84,94,0.0013863943385219973,0.0003843674056440012,-0.0010020269328779963,0.0013863943385219973,0.0,-0.0010020269328779963,ok
crime_2,linear_gap,2016-03-23,84,94,0.0013863943385219973,0.0003843674056440012,-0.0010020269328779963,0.005403720252701055,0.0040173259141790575,-0.005019352847057054,ok
crime_2,synthetic_control,2016-03-23,84,94,0.0013863943385219973,0.0003843674056440012,-0.0010020269328779963,0.0012032592310827466,-0.0001831351074392507,-0.0008188918254387455,exact_mean_match
crime_2,random_forest,2016-03-23,84,94,0.0013863943385219973,0.0003843674056440012,-0.0010020269328779963,0.00032565088043225057,-0.0010607434580897468,5.87165252117505e-05,ok
crime_2,gradient_boosting,2016-03-23,84,94,0.0013863943385219973,0.0003843674056440012,-0.0010020269328779963,0.002107955930521987,0.0007215615919999897,-0.001723588524877986,ok
crime_2,twfe,2016-04-06,84,94,0.002414916643640047,0.0018970391310816836,-0.0005178775125583635,0.002414916643640047,0.0,-0.0005178775125583635,ok
crime_2,linear_gap,2016-04-06,84,94,0.002414916643640047,0.0018970391310816836,-0.0005178775125583635,0.003795128023293473,0.001380211379653426,-0.0018980888922117895,ok
crime_2,synthetic_control,2016-04-06,84,94,0.002414916643640047,0.0018970391310816836,-0.0005178775125583635,0.0016686064306439524,-0.0007463102129960947,0.00022843270043773124,exact_mean_match
crime_2,random_forest,2016-04-06,84,94,0.002414916643640047,0.0018970391310816836,-0.0005178775125583635,0.0015854311004129468,-0.0008294855432271003,0.00031160803066873676,ok
crime_2,gradient_boosting,2016-04-06,84,94,0.002414916643640047,0.0018970391310816836,-0.0005178775125583635,0.00204952283508943,-0.00036539380855061697,-0.00015248370400774655,ok
crime_2,twfe,2016-04-20,84,94,0.002838030763562678,0.006986807518722412,0.004148776755159733,0.002838030763562678,0.0,0.004148776755159733,ok
crime_2,linear_gap,2016-04-20,84,94,0.002838030763562678,0.006986807518722412,0.004148776755159733,0.001036609697895218,-0.00180142106566746,0.0059501978208271935,ok
crime_2,synthetic_control,2016-04-20,84,94,0.002838030763562678,0.006986807518722412,0.004148776755159733,0.00257799839147747,-0.000260032372085208,0.004408809127244942,exact_mean_match
crime_2,random_forest,2016-04-20,84,94,0.002838030763562678,0.006986807518722412,0.004148776755159733,0.0009476517936762448,-0.0018903789698864332,0.006039155725046166,ok
crime_2,gradient_boosting,2016-04-20,84,94,0.002838030763562678,0.006986807518722412,0.004148776755159733,0.0009493226772142612,-0.001888708086348417,0.006037484841508151,ok
crime_2,twfe,2016-05-04,84,94,0.0027564781554143248,0.007333978078658928,0.004577499923244603,0.0027564781554143248,0.0,0.004577499923244603,ok
crime_2,linear_gap,2016-05-04,84,94,0.0027564781554143248,0.007333978078658928,0.004577499923244603,0.004047571318066777,0.001291093162652452,0.003286406760592151,ok
crime_2,synthetic_control,2016-05-04,84,94,0.0027564781554143248,0.007333978078658928,0.004577499923244603,0.001344086263789986,-0.0014123918916243389,0.005989891814868942,exact_mean_match
crime_2,random_forest,2016-05-04,84,94,0.0027564781554143248,0.007333978078658928,0.004577499923244603,0.0028466950713643543,9.021691595002953e-05,0.004487283007294573,ok
crime_2,gradient_boosting,2016-05-04,84,94,0.0027564781554143248,0.007333978078658928,0.004577499923244603,0.003979885478842046,0.001223407323427721,0.003354092599816882,ok
crime_2,twfe,2016-05-18,84,94,0.004046928249055908,0.0012026980112086483,-0.00284423023784726,0.004046928249055908,0.0,-0.00284423023784726,ok
crime_2,linear_gap,2016-05-18,84,94,0.004046928249055908,0.0012026980112086483,-0.00284423023784726,0.005212751465169256,0.0011658232161133484,-0.004010053453960608,ok
crime_2,synthetic_control,2016-05-18,84,94,0.004046928249055908,0.0012026980112086483,-0.00284423023784726,0.003964601751345642,-8.232649771026598e-05,-0.002761903740136994,exact_mean_match
crime_2,random_forest,2016-05-18,84,94,0.004046928249055908,0.0012026980112086483,-0.00284423023784726,0.0046324905212268225,0.0005855622721709147,-0.0034297925100181745,ok
crime_2,gradient_boosting,2016-05-18,84,94,0.004046928249055908,0.0012026980112086483,-0.00284423023784726,0.005920737715477841,0.001873809466421933,-0.004718039704269193,ok
crime_2,twfe,2016-06-01,84,94,0.0030443108900555693,0.009677379358230423,0.006633068468174854,0.0030443108900555693,0.0,0.006633068468174854,ok
crime_2,linear_gap,2016-06-01,84,94,0.0030443108900555693,0.009677379358230423,0.006633068468174854,0.005660967469106137,0.0026166565790505677,0.004016411889124286,ok
crime_2,synthetic_control,2016-06-01,84,94,0.0030443108900555693,0.009677379358230423,0.006633068468174854,0.001821106644538873,-0.0012232042455166963,0.00785627271369155,exact_mean_match
crime_2,random_forest,2016-06-01,84,94,0.0030443108900555693,0.009677379358230423,0.006633068468174854,0.0029526521570436984,-9.165873301187092e-05,0.006724727201186725,ok
crime_2,gradient_boosting,2016-06-01,84,94,0.0030443108900555693,0.009677379358230423,0.006633068468174854,0.0032707000861493135,0.00022638919609374412,0.00640667927208111,ok
crime_2,twfe,2016-06-15,84,94,0.004733889042399679,0.007860933392848286,0.0031270443504486066,0.004733889042399679,0.0,0.0031270443504486066,ok
crime_2,linear_gap,2016-06-15,84,94,0.004733889042399679,0.007860933392848286,0.0031270443504486066,0.008696006501392602,0.003962117458992923,-0.0008350731085443163,ok
crime_2,synthetic_control,2016-06-15,84,94,0.004733889042399679,0.007860933392848286,0.0031270443504486066,0.003610836976185649,-0.0011230520662140302,0.004250096416662637,exact_mean_match
crime_2,random_forest,2016-06-15,84,94,0.004733889042399679,0.007860933392848286,0.0031270443504486066,0.004411329139593431,-0.0003225599028062482,0.003449604253254855,ok
crime_2,gradient_boosting,2016-06-15,84,94,0.004733889042399679,0.007860933392848286,0.0031270443504486066,0.007712803065767144,0.002978914023367465,0.00014813032708114147,ok
crime_2,twfe,2016-06-29,84,94,0.005339297227595099,0.0008431285027029702,-0.004496168724892129,0.005339297227595099,0.0,-0.004496168724892129,ok
crime_2,linear_gap,2016-06-29,84,94,0.005339297227595099,0.0008431285027029702,-0.004496168724892129,0.00879332875129631,0.0034540315237012106,-0.00795020024859334,ok
crime_2,synthetic_control,2016-06-29,84,94,0.005339297227595099,0.0008431285027029702,-0.004496168724892129,0.0025792838281318495,-0.0027600133994632493,-0.0017361553254288797,exact_mean_match
crime_2,random_forest,2016-06-29,84,94,0.005339297227595099,0.0008431285027029702,-0.004496168724892129,0.005419580041683395,8.0282814088296e-05,-0.004576451538980425,ok
crime_2,gradient_boosting,2016-06-29,84,94,0.005339297227595099,0.0008431285027029702,-0.004496168724892129,0.009577872547805798,0.0042385753202107,-0.008734744045102829,ok
crime_2,twfe,2016-07-13,84,94,0.005384391022688893,0.0005083568913356138,-0.004876034131353279,0.005384391022688893,0.0,-0.004876034131353279,ok
crime_2,linear_gap,2016-07-13,84,94,0.005384391022688893,0.0005083568913356138,-0.004876034131353279,0.004192224685826825,-0.0011921663368620683,-0.003683867794491211,ok
crime_2,synthetic_control,2016-07-13,84,94,0.005384391022688893,0.0005083568913356138,-0.004876034131353279,0.009955662916118721,0.004571271893429828,-0.009447306024783109,exact_mean_match
crime_2,random_forest,2016-07-13,84,94,0.005384391022688893,0.0005083568913356138,-0.004876034131353279,0.0026696596187883977,-0.0027147314039004953,-0.002161302727452784,ok
crime_2,gradient_boosting,2016-07-13,84,94,0.005384391022688893,0.0005083568913356138,-0.004876034131353279,0.002460428945108335,-0.002923962077580558,-0.0019520720537727215,ok
crime_2,twfe,2016-07-27,84,94,0.004418232476743114,-0.0016552596339830389,-0.006073492110726153,0.004418232476743114,0.0,-0.006073492110726153,ok
crime_2,linear_gap,2016-07-27,84,94,0.004418232476743114,-0.0016552596339830389,-0.006073492110726153,0.0002781588297136546,-0.00414007364702946,-0.0019334184636966931,ok
crime_2,synthetic_control,2016-07-27,84,94,0.004418232476743114,-0.0016552596339830389,-0.006073492110726153,0.005741181347295574,0.00132294887055246,-0.007396440981278613,exact_mean_match
crime_2,random_forest,2016-07-27,84,94,0.004418232476743114,-0.0016552596339830389,-0.006073492110726153,0.00105751679811153,-0.003360715678631584,-0.002712776432094569,ok
crime_2,gradient_boosting,2016-07-27,84,94,0.004418232476743114,-0.0016552596339830389,-0.006073492110726153,0.0002903711704675818,-0.004127861306275532,-0.001945630804450621,ok
crime_2,twfe,2016-08-10,84,94,0.0029003945227349475,-0.0022938054852948467,-0.005194200008029794,0.0029003945227349475,0.0,-0.005194200008029794,ok
crime_2,linear_gap,2016-08-10,84,94,0.0029003945227349475,-0.0022938054852948467,-0.005194200008029794,-0.0022536090271546355,-0.0051540035498895825,-4.019645814021169e-05,ok
crime_2,synthetic_control,2016-08-10,84,94,0.0029003945227349475,-0.0022938054852948467,-0.005194200008029794,0.004197628868856301,0.0012972343461213538,-0.006491434354151148,exact_mean_match
crime_2,random_forest,2016-08-10,84,94,0.0029003945227349475,-0.0022938054852948467,-0.005194200008029794,-0.0007733139100591954,-0.003673708432794143,-0.0015204915752356513,ok
crime_2,gradient_boosting,2016-08-10,84,94,0.0029003945227349475,-0.0022938054852948467,-0.005194200008029794,-0.001516206689374783,-0.00441660121210973,-0.0007775987959200642,ok
crime_2,twfe,2016-08-24,84,94,0.0021424349881796682,0.0006757426970192924,-0.0014666922911603757,0.0021424349881796682,0.0,-0.0014666922911603757,ok
crime_2,linear_gap,2016-08-24,84,94,0.0021424349881796682,0.0006757426970192924,-0.0014666922911603757,-0.0065224900163897365,-0.008664925004569404,0.007198232713409029,ok
crime_2,synthetic_control,2016-08-24,84,94,0.0021424349881796682,0.0006757426970192924,-0.0014666922911603757,0.0020691173325126135,-7.331765566705476e-05,-0.001393374635493321,exact_mean_match
crime_2,random_forest,2016-08-24,84,94,0.0021424349881796682,0.0006757426970192924,-0.0014666922911603757,-0.000865849164161557,-0.003008284152341225,0.0015415918611808494,ok
crime_2,gradient_boosting,2016-08-24,84,94,0.0021424349881796682,0.0006757426970192924,-0.0014666922911603757,-0.0016264838093475785,-0.003768918797527247,0.0023022265063668713,ok
crime_2,twfe,2016-09-07,84,94,0.000577584354180098,-0.0007935327084263256,-0.0013711170626064238,0.000577584354180098,0.0,-0.0013711170626064238,ok
crime_2,linear_gap,2016-09-07,84,94,0.000577584354180098,-0.0007935327084263256,-0.0013711170626064238,-0.0040145260350586956,-0.004592110389238794,0.00322099332663237,ok
crime_2,synthetic_control,2016-09-07,84,94,0.000577584354180098,-0.0007935327084263256,-0.0013711170626064238,0.0003713480292731972,-0.0002062363249069008,-0.001164880737699523,exact_mean_match
crime_2,random_forest,2016-09-07,84,94,0.000577584354180098,-0.0007935327084263256,-0.0013711170626064238,-3.153147054142911e-05,-0.0006091158247215271,-0.0007620012378848967,ok
crime_2,gradient_boosting,2016-09-07,84,94,0.000577584354180098,-0.0007935327084263256,-0.0013711170626064238,-0.0006340965651853119,-0.00121168091936541,-0.00015943614324101388,ok
crime_2,twfe,2016-09-21,84,94,-0.0008068910994442914,0.001673858056836779,0.0024807491562810705,-0.0008068910994442914,0.0,0.0024807491562810705,ok
crime_2,linear_gap,2016-09-21,84,94,-0.0008068910994442914,0.001673858056836779,0.0024807491562810705,-0.002292474962092578,-0.0014855838626482865,0.003966333018929357,ok
crime_2,synthetic_control,2016-09-21,84,94,-0.0008068910994442914,0.001673858056836779,0.0024807491562810705,-0.0006409157553215264,0.00016597534412276496,0.0023147738121583055,exact_mean_match
crime_2,random_forest,2016-09-21,84,94,-0.0008068910994442914,0.001673858056836779,0.0024807491562810705,-0.00020321000397076583,0.0006036810954735256,0.001877068060807545,ok
crime_2,gradient_boosting,2016-09-21,84,94,-0.0008068910994442914,0.001673858056836779,0.0024807491562810705,-0.0011157126229011933,-0.000308821523456902,0.0027895706797379724,ok
crime_2,twfe,2016-10-05,84,94,-0.00047012679991403466,0.007916728661409512,0.008386855461323546,-0.00047012679991403466,0.0,0.008386855461323546,ok
crime_2,linear_gap,2016-10-05,84,94,-0.00047012679991403466,0.007916728661409512,0.008386855461323546,0.0019214922689108082,0.0023916190688248427,0.005995236392498703,ok
crime_2,synthetic_control,2016-10-05,84,94,-0.00047012679991403466,0.007916728661409512,0.008386855461323546,-0.00031077562652219795,0.0001593511733918367,0.00822750428793171,exact_mean_match
crime_2,random_forest,2016-10-05,84,94,-0.00047012679991403466,0.007916728661409512,0.008386855461323546,0.0009734684662509641,0.0014435952661649987,0.006943260195158547,ok
crime_2,gradient_boosting,2016-10-05,84,94,-0.00047012679991403466,0.007916728661409512,0.008386855461323546,0.0024052800919792303,0.002875406891893265,0.005511448569430281,ok
crime_2,twfe,2016-10-19,84,94,0.0009018759018759014,-0.0010167137826712304,-0.0019185896845471317,0.0009018759018759014,0.0,-0.0019185896845471317,ok
crime_2,linear_gap,2016-10-19,84,94,0.0009018759018759014,-0.0010167137826712304,-0.0019185896845471317,0.0074938215002937495,0.006591945598417848,-0.008510535282964981,ok
crime_2,synthetic_control,2016-10-19,84,94,0.0009018759018759014,-0.0010167137826712304,-0.0019185896845471317,0.0008552399556001102,-4.663594627579129e-05,-0.0018719537382713403,exact_mean_match
crime_2,random_forest,2016-10-19,84,94,0.0009018759018759014,-0.0010167137826712304,-0.0019185896845471317,0.0036697260073864178,0.002767850105510516,-0.004686439790057648,ok
crime_2,gradient_boosting,2016-10-19,84,94,0.0009018759018759014,-0.0010167137826712304,-0.0019185896845471317,0.007395350486299673,0.0064934745844237715,-0.008412064268970903,ok
crime_2,twfe,2016-11-02,84,94,0.0009920634920634911,0.0055299310618459555,0.004537867569782464,0.0009920634920634911,0.0,0.004537867569782464,ok
crime_2,linear_gap,2016-11-02,84,94,0.0009920634920634911,0.0055299310618459555,0.004537867569782464,0.004930079798030996,0.003938016305967505,0.0005998512638149597,ok
crime_2,synthetic_control,2016-11-02,84,94,0.0009920634920634911,0.0055299310618459555,0.004537867569782464,0.0009869233632046216,-5.140128858869587e-06,0.004543007698641334,exact_mean_match
crime_2,random_forest,2016-11-02,84,94,0.0009920634920634911,0.0055299310618459555,0.004537867569782464,-2.3790059532593493e-05,-0.0010158535515960847,0.005553721121378549,ok
crime_2,gradient_boosting,2016-11-02,84,94,0.0009920634920634911,0.0055299310618459555,0.004537867569782464,0.0001451165173541566,-0.0008469469747093345,0.005384814544491799,ok
crime_2,twfe,2016-11-16,84,94,0.002664371680329126,0.002436393393840201,-0.0002279782864889248,0.002664371680329126,0.0,-0.0002279782864889248,ok
crime_2,linear_gap,2016-11-16,84,94,0.002664371680329126,0.002436393393840201,-0.0002279782864889248,0.007427151862503741,0.004762780182174615,-0.00499075846866354,ok
crime_2,synthetic_control,2016-11-16,84,94,0.002664371680329126,0.002436393393840201,-0.0002279782864889248,0.0027208554659061586,5.6483785577032646e-05,-0.00028446207206595745,exact_mean_match
crime_2,random_forest,2016-11-16,84,94,0.002664371680329126,0.002436393393840201,-0.0002279782864889248,0.0029333643240142034,0.0002689926436850775,-0.0004969709301740023,ok
crime_2,gradient_boosting,2016-11-16,84,94,0.002664371680329126,0.002436393393840201,-0.0002279782864889248,0.006353435557721443,0.003689063877392317,-0.003917042163881242,ok
crime_2,twfe,2016-11-30,84,94,0.0028015719505081202,0.004767395724842533,0.001965823774334413,0.0028015719505081202,0.0,0.001965823774334413,ok
crime_2,linear_gap,2016-11-30,84,94,0.0028015719505081202,0.004767395724842533,0.001965823774334413,0.005266615462270867,0.002465043511762747,-0.0004992197374283341,ok
crime_2,synthetic_control,2016-11-30,84,94,0.0028015719505081202,0.004767395724842533,0.001965823774334413,0.0027013867293461547,-0.00010018522116196551,0.0020660089954963783,exact_mean_match
crime_2,random_forest,2016-11-30,84,94,0.0028015719505081202,0.004767395724842533,0.001965823774334413,0.0027856660119760313,-1.5905938532088937e-05,0.0019817297128665017,ok
crime_2,gradient_boosting,2016-11-30,84,94,0.0028015719505081202,0.004767395724842533,0.001965823774334413,0.0029990653283603367,0.0001974933778522165,0.0017683303964821963,ok
crime_2,twfe,2016-12-14,84,94,0.003572004236897853,0.009274413529732677,0.0057024092928348235,0.003572004236897853,0.0,0.0057024092928348235,ok
crime_2,linear_gap,2016-12-14,84,94,0.003572004236897853,0.009274413529732677,0.0057024092928348235,0.002664848046859648,-0.0009071561900382049,0.006609565482873028,ok
crime_2,synthetic_control,2016-12-14,84,94,0.003572004236897853,0.009274413529732677,0.0057024092928348235,0.002939629463136431,-0.0006323747737614219,0.006334784066596245,exact_mean_match
crime_2,random_forest,2016-12-14,84,94,0.003572004236897853,0.009274413529732677,0.0057024092928348235,0.0019599594954520685,-0.0016120447414457845,0.007314454034280608,ok
crime_2,gradient_boosting,2016-12-14,84,94,0.003572004236897853,0.009274413529732677,0.0057024092928348235,0.003201455992090791,-0.00037054824480706183,0.006072957537641885,ok
crime_2,twfe,2016-12-28,84,94,0.0048020094562647745,0.011146654763676041,0.006344645307411267,0.0048020094562647745,0.0,0.006344645307411267,ok
crime_2,linear_gap,2016-12-28,84,94,0.0048020094562647745,0.011146654763676041,0.006344645307411267,0.0070677980866196855,0.002265788630354911,0.004078856677056356,ok
crime_2,synthetic_control,2016-12-28,84,94,0.0048020094562647745,0.011146654763676041,0.006344645307411267,0.005041652082974827,0.00023964262671005276,0.006105002680701214,exact_mean_match
crime_2,random_forest,2016-12-28,84,94,0.0048020094562647745,0.011146654763676041,0.006344645307411267,0.005371179617107182,0.0005691701608424079,0.005775475146568859,ok
crime_2,gradient_boosting,2016-12-28,84,94,0.0048020094562647745,0.011146654763676041,0.006344645307411267,0.008746496314767755,0.00394448685850298,0.0024001584489082867,ok
crime_2,twfe,2017-01-11,84,94,0.005166597586810352,-0.002876556068045431,-0.008043153654855783,0.005166597586810352,0.0,-0.008043153654855783,ok
crime_2,linear_gap,2017-01-11,84,94,0.005166597586810352,-0.002876556068045431,-0.008043153654855783,0.011297538572125676,0.006130940985315324,-0.014174094640171107,ok
crime_2,synthetic_control,2017-01-11,84,94,0.005166597586810352,-0.002876556068045431,-0.008043153654855783,0.007369510293711771,0.002202912706901419,-0.010246066361757202,exact_mean_match
crime_2,random_forest,2017-01-11,84,94,0.005166597586810352,-0.002876556068045431,-0.008043153654855783,0.0037513285757255765,-0.0014152690110847757,-0.0066278846437710075,ok
crime_2,gradient_boosting,2017-01-11,84,94,0.005166597586810352,-0.002876556068045431,-0.008043153654855783,0.007277365045291983,0.0021107674584816306,-0.010153921113337414,ok
crime_2,twfe,2017-01-25,84,94,0.005258704061895551,0.0017978475425283918,-0.0034608565193671587,0.005258704061895551,0.0,-0.0034608565193671587,ok
crime_2,linear_gap,2017-01-25,84,94,0.005258704061895551,0.0017978475425283918,-0.0034608565193671587,0.004031506979356995,-0.001227197082538556,-0.0022336594368286026,ok
crime_2,synthetic_control,2017-01-25,84,94,0.005258704061895551,0.0017978475425283918,-0.0034608565193671587,0.006721964325019845,0.0014632602631242941,-0.004924116782491453,exact_mean_match
crime_2,random_forest,2017-01-25,84,94,0.005258704061895551,0.0017978475425283918,-0.0034608565193671587,-0.001010993696458618,-0.006269697758354169,0.00280884123898701,ok
crime_2,gradient_boosting,2017-01-25,84,94,0.005258704061895551,0.0017978475425283918,-0.0034608565193671587,-0.0015949201707323977,-0.006853624232627948,0.0033927677132607895,ok
crime_2,twfe,2017-02-08,84,94,0.0041208053176138276,0.009262014581163516,0.005141209263549688,0.0041208053176138276,0.0,0.005141209263549688,ok
crime_2,linear_gap,2017-02-08,84,94,0.0041208053176138276,0.009262014581163516,0.005141209263549688,0.001911626372272106,-0.0022091789453417216,0.00735038820889141,ok
crime_2,synthetic_control,2017-02-08,84,94,0.0041208053176138276,0.009262014581163516,0.005141209263549688,0.002587290697306623,-0.0015335146203072046,0.006674723883856893,exact_mean_match
crime_2,random_forest,2017-02-08,84,94,0.0041208053176138276,0.009262014581163516,0.005141209263549688,0.0018585487996805904,-0.002262256517933237,0.007403465781482925,ok
crime_2,gradient_boosting,2017-02-08,84,94,0.0041208053176138276,0.009262014581163516,0.005141209263549688,0.0018741789416288036,-0.002246626375985024,0.007387835639534712,ok
crime_2,twfe,2017-02-22,84,94,0.0053939854471769366,0.0008555274512721314,-0.004538457995904805,0.0053939854471769366,0.0,-0.004538457995904805,ok
crime_2,linear_gap,2017-02-22,84,94,0.0053939854471769366,0.0008555274512721314,-0.004538457995904805,0.003602653236264298,-0.0017913322109126386,-0.0027471257849921663,ok
crime_2,synthetic_control,2017-02-22,84,94,0.0053939854471769366,0.0008555274512721314,-0.004538457995904805,0.005204775296819475,-0.00018921015035746128,-0.004349247845547344,exact_mean_match
crime_2,random_forest,2017-02-22,84,94,0.0053939854471769366,0.0008555274512721314,-0.004538457995904805,0.005587710784410388,0.00019372533723345173,-0.004732183333138257,ok
crime_2,gradient_boosting,2017-02-22,84,94,0.0053939854471769366,0.0008555274512721314,-0.004538457995904805,0.006544756917214664,0.0011507714700377276,-0.0056892294659425325,ok
crime_2,twfe,2017-03-08,84,94,0.00505050505050505,-0.006608639587362991,-0.011659144637868041,0.00505050505050505,0.0,-0.011659144637868041,ok
crime_2,linear_gap,2017-03-08,84,94,0.00505050505050505,-0.006608639587362991,-0.011659144637868041,-0.0008873464646415167,-0.005937851515146567,-0.005721293122721474,ok
crime_2,synthetic_control,2017-03-08,84,94,0.00505050505050505,-0.006608639587362991,-0.011659144637868041,0.006972990869989173,0.0019224858194841227,-0.013581630457352164,exact_mean_match
crime_2,random_forest,2017-03-08,84,94,0.00505050505050505,-0.006608639587362991,-0.011659144637868041,0.0021511240687735037,-0.0028993809817315463,-0.008759763656136494,ok
crime_2,gradient_boosting,2017-03-08,84,94,0.00505050505050505,-0.006608639587362991,-0.011659144637868041,0.002785888865897685,-0.002264616184607365,-0.009394528453260676,ok
crime_2,twfe,2017-03-22,84,94,0.0018968177212858057,0.0030749392451520094,0.0011781215238662037,0.0018968177212858057,0.0,0.0011781215238662037,ok
crime_2,linear_gap,2017-03-22,84,94,0.0018968177212858057,0.0030749392451520094,0.0011781215238662037,-0.006344935875511682,-0.008241753596797487,0.009419875120663692,ok
crime_2,synthetic_control,2017-03-22,84,94,0.0018968177212858057,0.0030749392451520094,0.0011781215238662037,0.0015298787676037637,-0.000366938953682042,0.0015450604775482457,exact_mean_match
crime_2,random_forest,2017-03-22,84,94,0.0018968177212858057,0.0030749392451520094,0.0011781215238662037,-0.0019739593612812844,-0.00387077708256709,0.005048898606433294,ok
crime_2,gradient_boosting,2017-03-22,84,94,0.0018968177212858057,0.0030749392451520094,0.0011781215238662037,-0.005533841007289596,-0.007430658728575402,0.008608780252441606,ok
crime_2,twfe,2017-04-05,84,94,0.0007013524300758334,0.0,-0.0007013524300758334,0.0007013524300758334,0.0,-0.0007013524300758334,ok
crime_2,linear_gap,2017-04-05,84,94,0.0007013524300758334,0.0,-0.0007013524300758334,-0.0011261315103749286,-0.001827483940450762,0.0011261315103749286,ok
crime_2,synthetic_control,2017-04-05,84,94,0.0007013524300758334,0.0,-0.0007013524300758334,0.0,-0.0007013524300758334,0.0,exact_mean_match
crime_2,random_forest,2017-04-05,84,94,0.0007013524300758334,0.0,-0.0007013524300758334,1.3381454931333533e-05,-0.0006879709751444999,-1.3381454931333516e-05,ok
crime_2,gradient_boosting,2017-04-05,84,94,0.0007013524300758334,0.0,-0.0007013524300758334,-0.0002675994518145499,-0.0009689518818903832,0.00026759945181454984,ok
crime_2,twfe,2017-04-19,84,94,0.0008203232937275482,-0.000985716411248326,-0.0018060397049758743,0.0008203232937275482,0.0,-0.0018060397049758743,ok
crime_2,linear_gap,2017-04-19,84,94,0.0008203232937275482,-0.000985716411248326,-0.0018060397049758743,-0.002318711764850733,-0.003139035058578281,0.001332995353602407,ok
crime_2,synthetic_control,2017-04-19,84,94,0.0008203232937275482,-0.000985716411248326,-0.0018060397049758743,6.459964229079329e-05,-0.0007557236514367549,-0.0010503160535391192,exact_mean_match
crime_2,random_forest,2017-04-19,84,94,0.0008203232937275482,-0.000985716411248326,-0.0018060397049758743,3.399669962046887e-05,-0.0007863265941070793,-0.0010197131108687948,ok
crime_2,gradient_boosting,2017-04-19,84,94,0.0008203232937275482,-0.000985716411248326,-0.0018060397049758743,-4.732592076594674e-05,-0.000867649214493495,-0.0009383904904823793,ok
crime_2,twfe,2017-05-03,84,94,0.0006965552178318131,0.005374944204731436,0.004678388986899623,0.0006965552178318131,0.0,0.004678388986899623,ok
crime_2,linear_gap,2017-05-03,84,94,0.0006965552178318131,0.005374944204731436,0.004678388986899623,-0.0032235253463493295,-0.003920080564181142,0.008598469551080765,ok
crime_2,synthetic_control,2017-05-03,84,94,0.0006965552178318131,0.005374944204731436,0.004678388986899623,0.00041875118599602953,-0.00027780403183578356,0.004956193018735407,exact_mean_match
crime_2,random_forest,2017-05-03,84,94,0.0006965552178318131,0.005374944204731436,0.004678388986899623,3.259750919955978e-05,-0.0006639577086322533,0.0053423466955318764,ok
crime_2,gradient_boosting,2017-05-03,84,94,0.0006965552178318131,0.005374944204731436,0.004678388986899623,-1.3832774263530374e-05,-0.0007103879920953434,0.005388776978994966,ok
crime_2,twfe,2017-05-17,84,94,0.0003031838138221113,0.006484650101671378,0.006181466287849266,0.0003031838138221113,0.0,0.006181466287849266,ok
crime_2,linear_gap,2017-05-17,84,94,0.0003031838138221113,0.006484650101671378,0.006181466287849266,0.004771425486348859,0.004468241672526747,0.0017132246153225188,ok
crime_2,synthetic_control,2017-05-17,84,94,0.0003031838138221113,0.006484650101671378,0.006181466287849266,0.00027472914903311704,-2.8454664788994275e-05,0.006209920952638261,exact_mean_match
crime_2,random_forest,2017-05-17,84,94,0.0003031838138221113,0.006484650101671378,0.006181466287849266,0.0022517786813469336,0.0019485948675248223,0.004232871420324444,ok
crime_2,gradient_boosting,2017-05-17,84,94,0.0003031838138221113,0.006484650101671378,0.006181466287849266,0.0043068830960436705,0.004003699282221559,0.0021777670056277072,ok
crime_2,twfe,2017-05-31,84,94,0.0013911915507660185,0.011506224272181719,0.010115032721415701,0.0013911915507660185,0.0,0.010115032721415701,ok
crime_2,linear_gap,2017-05-31,84,94,0.0013911915507660185,0.011506224272181719,0.010115032721415701,0.00967189933675575,0.008280707785989732,0.0018343249354259693,ok
crime_2,synthetic_control,2017-05-31,84,94,0.0013911915507660185,0.011506224272181719,0.010115032721415701,0.0014648629705113388,7.36714197453203e-05,0.01004136130167038,exact_mean_match
crime_2,random_forest,2017-05-31,84,94,0.0013911915507660185,0.011506224272181719,0.010115032721415701,0.004799122408886363,0.0034079308581203447,0.006707101863295356,ok
crime_2,gradient_boosting,2017-05-31,84,94,0.0013911915507660185,0.011506224272181719,0.010115032721415701,0.006643408727512886,0.005252217176746867,0.004862815544668834,ok
crime_2,twfe,2017-06-14,84,94,0.0048816431795155185,0.006844219610177056,0.0019625764306615374,0.0048816431795155185,0.0,0.0019625764306615374,ok
crime_2,linear_gap,2017-06-14,84,94,0.0048816431795155185,0.006844219610177056,0.0019625764306615374,0.012734695622286747,0.007853052442771229,-0.005890476012109691,ok
crime_2,synthetic_control,2017-06-14,84,94,0.0048816431795155185,0.006844219610177056,0.0019625764306615374,0.006621745163096469,0.0017401019835809502,0.00022247444708058724,exact_mean_match
crime_2,random_forest,2017-06-14,84,94,0.0048816431795155185,0.006844219610177056,0.0019625764306615374,0.009830776346713655,0.004949133167198137,-0.0029865567365365995,ok
crime_2,gradient_boosting,2017-06-14,84,94,0.0048816431795155185,0.006844219610177056,0.0019625764306615374,0.012626469331430894,0.007744826151915376,-0.0057822497212538385,ok
crime_2,twfe,2017-06-28,84,94,0.00583628841607565,0.013087090214749788,0.007250801798674138,0.00583628841607565,0.0,0.007250801798674138,ok
crime_2,linear_gap,2017-06-28,84,94,0.00583628841607565,0.013087090214749788,0.007250801798674138,0.014578561307098723,0.008742272891023074,-0.0014914710923489352,ok
crime_2,synthetic_control,2017-06-28,84,94,0.00583628841607565,0.013087090214749788,0.007250801798674138,0.00793058975625241,0.00209430134017676,0.005156500458497379,exact_mean_match
crime_2,random_forest,2017-06-28,84,94,0.00583628841607565,0.013087090214749788,0.007250801798674138,0.007593457299068597,0.001757168882992947,0.0054936329156811915,ok
crime_2,gradient_boosting,2017-06-28,84,94,0.00583628841607565,0.013087090214749788,0.007250801798674138,0.009970165084740051,0.0041338766686644015,0.003116925130009737,ok
crime_2,twfe,2017-07-12,84,94,0.00810632924994627,0.010743688935178295,0.002637359685232026,0.00810632924994627,0.0,0.002637359685232026,ok
crime_2,linear_gap,2017-07-12,84,94,0.00810632924994627,0.010743688935178295,0.002637359685232026,0.016739306214458714,0.008632976964512444,-0.005995617279280418,ok
crime_2,synthetic_control,2017-07-12,84,94,0.00810632924994627,0.010743688935178295,0.002637359685232026,0.007265969442261384,-0.0008403598076848848,0.003477719492916911,exact_mean_match
crime_2,random_forest,2017-07-12,84,94,0.00810632924994627,0.010743688935178295,0.002637359685232026,0.010375423760679804,0.0022690945107335346,0.0003682651744984916,ok
crime_2,gradient_boosting,2017-07-12,84,94,0.00810632924994627,0.010743688935178295,0.002637359685232026,0.011319757039912916,0.0032134277899666473,-0.000576068104734621,ok
crime_2,twfe,2017-07-26,84,94,0.00987650056798993,0.02027228091057878,0.01039578034258885,0.00987650056798993,0.0,0.01039578034258885,ok
crime_2,linear_gap,2017-07-26,84,94,0.00987650056798993,0.02027228091057878,0.01039578034258885,0.01423824877366016,0.004361748205670231,0.006034032136918619,ok
crime_2,synthetic_control,2017-07-26,84,94,0.00987650056798993,0.02027228091057878,0.01039578034258885,0.006990830997841847,-0.002885669570148082,0.013281449912736932,exact_mean_match
crime_2,random_forest,2017-07-26,84,94,0.00987650056798993,0.02027228091057878,0.01039578034258885,0.010033430698873292,0.00015693013088336275,0.010238850211705487,ok
crime_2,gradient_boosting,2017-07-26,84,94,0.00987650056798993,0.02027228091057878,0.01039578034258885,0.011077754953421561,0.0012012543854316316,0.009194525957157218,ok
crime_2,twfe,2017-08-09,84,94,0.012353780970802248,0.0066644348559242155,-0.005689346114878032,0.012353780970802248,0.0,-0.005689346114878032,ok
crime_2,linear_gap,2017-08-09,84,94,0.012353780970802248,0.0066644348559242155,-0.005689346114878032,0.01997478975421245,0.007621008783410202,-0.013310354898288234,ok
crime_2,synthetic_control,2017-08-09,84,94,0.012353780970802248,0.0066644348559242155,-0.005689346114878032,0.0128326581459079,0.000478877175105653,-0.006168223289983685,exact_mean_match
crime_2,random_forest,2017-08-09,84,94,0.012353780970802248,0.0066644348559242155,-0.005689346114878032,0.01732291013458021,0.004969129163777961,-0.010658475278655993,ok
crime_2,gradient_boosting,2017-08-09,84,94,0.012353780970802248,0.0066644348559242155,-0.005689346114878032,0.021307706202192182,0.008953925231389935,-0.014643271346267967,ok
crime_2,twfe,2017-08-23,84,94,0.01184911424273126,0.012504339631999204,0.0006552253892679449,0.01184911424273126,0.0,0.0006552253892679449,ok
crime_2,linear_gap,2017-08-23,84,94,0.01184911424273126,0.012504339631999204,0.0006552253892679449,0.012310959593730008,0.0004618453509987481,0.00019338003826919678,ok
crime_2,synthetic_control,2017-08-23,84,94,0.01184911424273126,0.012504339631999204,0.0006552253892679449,0.010248524654954853,-0.0016005895877764069,0.0022558149770443518,exact_mean_match
crime_2,random_forest,2017-08-23,84,94,0.01184911424273126,0.012504339631999204,0.0006552253892679449,0.007661121808586636,-0.004187992434144624,0.0048432178234125685,ok
crime_2,gradient_boosting,2017-08-23,84,94,0.01184911424273126,0.012504339631999204,0.0006552253892679449,0.007952068114218178,-0.0038970461285130816,0.0045522715177810265,ok
crime_2,twfe,2017-09-06,84,94,0.011958490681894937,0.013725636066061597,0.0017671453841666598,0.011958490681894937,0.0,0.0017671453841666598,ok
crime_2,linear_gap,2017-09-06,84,94,0.011958490681894937,0.013725636066061597,0.0017671453841666598,0.013295263936909517,0.00133677325501458,0.0004303721291520797,ok
crime_2,synthetic_control,2017-09-06,84,94,0.011958490681894937,0.013725636066061597,0.0017671453841666598,0.01093774286210231,-0.0010207478197926268,0.0027878932039592866,exact_mean_match
crime_2,random_forest,2017-09-06,84,94,0.011958490681894937,0.013725636066061597,0.0017671453841666598,0.007687721451873799,-0.004270769230021138,0.006037914614187798,ok
crime_2,gradient_boosting,2017-09-06,84,94,0.011958490681894937,0.013725636066061597,0.0017671453841666598,0.011197314724693411,-0.0007611759572015257,0.0025283213413681855,ok
crime_2,twfe,2017-09-20,84,94,0.01267999140339566,0.00484798889054208,-0.00783200251285358,0.01267999140339566,0.0,-0.00783200251285358,ok
crime_2,linear_gap,2017-09-20,84,94,0.01267999140339566,0.00484798889054208,-0.00783200251285358,0.012333607390146585,-0.0003463840132490754,-0.007485618499604505,ok
crime_2,synthetic_control,2017-09-20,84,94,0.01267999140339566,0.00484798889054208,-0.00783200251285358,0.01061356769406151,-0.00206642370933415,-0.00576557880351943,exact_mean_match
crime_2,random_forest,2017-09-20,84,94,0.01267999140339566,0.00484798889054208,-0.00783200251285358,0.01179453611859775,-0.0008854552847979112,-0.006946547228055669,ok
crime_2,gradient_boosting,2017-09-20,84,94,0.01267999140339566,0.00484798889054208,-0.00783200251285358,0.012680500288519293,5.088851236321329e-07,-0.007832511397977212,ok
crime_2,twfe,2017-10-04,84,94,0.011323339780786588,0.007302980707236025,-0.0040203590735505635,0.011323339780786588,0.0,-0.0040203590735505635,ok
crime_2,linear_gap,2017-10-04,84,94,0.011323339780786588,0.007302980707236025,-0.0040203590735505635,0.007959827703913396,-0.0033635120768731926,-0.0006568469966773708,ok
crime_2,synthetic_control,2017-10-04,84,94,0.011323339780786588,0.007302980707236025,-0.0040203590735505635,0.009054297425141453,-0.0022690423556451355,-0.001751316717905428,exact_mean_match
crime_2,random_forest,2017-10-04,84,94,0.011323339780786588,0.007302980707236025,-0.0040203590735505635,0.006199186716559906,-0.005124153064226682,0.0011037939906761189,ok
crime_2,gradient_boosting,2017-10-04,84,94,0.011323339780786588,0.007302980707236025,-0.0040203590735505635,0.0076845618337386895,-0.0036387779470478986,-0.0003815811265026649,ok
crime_2,twfe,2017-10-18,84,94,0.01074575542660649,0.002640976045231362,-0.008104779381375129,0.01074575542660649,0.0,-0.008104779381375129,ok
crime_2,linear_gap,2017-10-18,84,94,0.01074575542660649,0.002640976045231362,-0.008104779381375129,0.004034985538854003,-0.006710769887752488,-0.001394009493622641,ok
crime_2,synthetic_control,2017-10-18,84,94,0.01074575542660649,0.002640976045231362,-0.008104779381375129,0.012020071571621726,0.0012743161450152352,-0.009379095526390364,exact_mean_match
crime_2,random_forest,2017-10-18,84,94,0.01074575542660649,0.002640976045231362,-0.008104779381375129,0.0035396648604293346,-0.007206090566177156,-0.0008986888151979733,ok
crime_2,gradient_boosting,2017-10-18,84,94,0.01074575542660649,0.002640976045231362,-0.008104779381375129,0.005113193609378891,-0.005632561817227599,-0.0024722175641475296,ok
crime_2,twfe,2017-11-01,84,94,0.007972007307113688,0.01052050786093339,0.0025485005538197023,0.007972007307113688,0.0,0.0025485005538197023,ok
crime_2,linear_gap,2017-11-01,84,94,0.007972007307113688,0.01052050786093339,0.0025485005538197023,0.005102008375330787,-0.002869998931782901,0.0054184994856026035,ok
crime_2,synthetic_control,2017-11-01,84,94,0.007972007307113688,0.01052050786093339,0.0025485005538197023,0.007734660012485461,-0.00023734729462822693,0.0027858478484479293,exact_mean_match
crime_2,random_forest,2017-11-01,84,94,0.007972007307113688,0.01052050786093339,0.0025485005538197023,0.003683515361081755,-0.0042884919460319335,0.006836992499851636,ok
crime_2,gradient_boosting,2017-11-01,84,94,0.007972007307113688,0.01052050786093339,0.0025485005538197023,0.0035908789678240458,-0.004381128339289643,0.006929628893109345,ok
crime_2,twfe,2017-11-15,84,94,0.008442134107027724,0.005250954719039825,-0.0031911793879878993,0.008442134107027724,0.0,-0.0031911793879878993,ok
crime_2,linear_gap,2017-11-15,84,94,0.008442134107027724,0.005250954719039825,-0.0031911793879878993,0.0020757865107664157,-0.006366347596261308,0.003175168208273409,ok
crime_2,synthetic_control,2017-11-15,84,94,0.008442134107027724,0.005250954719039825,-0.0031911793879878993,0.006413758034897944,-0.0020283760721297797,-0.0011628033158581196,exact_mean_match
crime_2,random_forest,2017-11-15,84,94,0.008442134107027724,0.005250954719039825,-0.0031911793879878993,0.004375813510004963,-0.004066320597022761,0.0008751412090348618,ok
crime_2,gradient_boosting,2017-11-15,84,94,0.008442134107027724,0.005250954719039825,-0.0031911793879878993,0.006238621293040115,-0.0022035128139876086,-0.0009876665740002908,ok
crime_2,twfe,2017-11-29,84,94,0.0072831276288723105,0.006720230124485442,-0.0005628975043868688,0.0072831276288723105,0.0,-0.0005628975043868688,ok
crime_2,linear_gap,2017-11-29,84,94,0.0072831276288723105,0.006720230124485442,-0.0005628975043868688,0.004132882731677548,-0.003150244897194763,0.002587347392807894,ok
crime_2,synthetic_control,2017-11-29,84,94,0.0072831276288723105,0.006720230124485442,-0.0005628975043868688,0.007734339619949827,0.0004512119910775169,-0.0010141094954643857,exact_mean_match
crime_2,random_forest,2017-11-29,84,94,0.0072831276288723105,0.006720230124485442,-0.0005628975043868688,0.004721731217684383,-0.002561396411187927,0.0019984989068010583,ok
crime_2,gradient_boosting,2017-11-29,84,94,0.0072831276288723105,0.006720230124485442,-0.0005628975043868688,0.005769257724731308,-0.0015138699041410027,0.0009509723997541339,ok
crime_2,twfe,2017-12-13,84,94,0.006235416474778177,0.008053117095670286,0.0018177006208921088,0.006235416474778177,0.0,0.0018177006208921088,ok
crime_2,linear_gap,2017-12-13,84,94,0.006235416474778177,0.008053117095670286,0.0018177006208921088,0.006353400026216566,0.00011798355143838833,0.0016997170694537204,ok
crime_2,synthetic_control,2017-12-13,84,94,0.006235416474778177,0.008053117095670286,0.0018177006208921088,0.005052027466982906,-0.0011833890077952713,0.00300108962868738,exact_mean_match
crime_2,random_forest,2017-12-13,84,94,0.006235416474778177,0.008053117095670286,0.0018177006208921088,0.005300547255845528,-0.0009348692189326494,0.002752569839824758,ok
crime_2,gradient_boosting,2017-12-13,84,94,0.006235416474778177,0.008053117095670286,0.0018177006208921088,0.006608947215843504,0.0003735307410653267,0.001444169879826782,ok
crime_2,twfe,2017-12-27,84,94,0.006984741027294216,0.00959058671824629,0.002605845690952074,0.006984741027294216,0.0,0.002605845690952074,ok
crime_2,linear_gap,2017-12-27,84,94,0.006984741027294216,0.00959058671824629,0.002605845690952074,0.008396059709108356,0.0014113186818141398,0.0011945270091379342,ok
crime_2,synthetic_control,2017-12-27,84,94,0.006984741027294216,0.00959058671824629,0.002605845690952074,0.007926869596923233,0.0009421285696290162,0.0016637171213230578,exact_mean_match
crime_2,random_forest,2017-12-27,84,94,0.006984741027294216,0.00959058671824629,0.002605845690952074,0.006826283638809099,-0.0001584573884851172,0.0027643030794371913,ok
crime_2,gradient_boosting,2017-12-27,84,94,0.006984741027294216,0.00959058671824629,0.002605845690952074,0.008959491513987576,0.00197475048669336,0.000631095204258714,ok
crime_2,twfe,2018-01-10,84,94,0.007935548494059133,0.008536676089867577,0.0006011275958084442,0.007935548494059133,0.0,0.0006011275958084442,ok
crime_2,linear_gap,2018-01-10,84,94,0.007935548494059133,0.008536676089867577,0.0006011275958084442,0.012903468722915227,0.0049679202288560945,-0.00436679263304765,ok
crime_2,synthetic_control,2018-01-10,84,94,0.007935548494059133,0.008536676089867577,0.0006011275958084442,0.007557485429155582,-0.00037806306490355095,0.000979190660711995,exact_mean_match
crime_2,random_forest,2018-01-10,84,94,0.007935548494059133,0.008536676089867577,0.0006011275958084442,0.011045923616428402,0.0031103751223692695,-0.0025092475265608254,ok
crime_2,gradient_boosting,2018-01-10,84,94,0.007935548494059133,0.008536676089867577,0.0006011275958084442,0.013090879245420049,0.005155330751360916,-0.004554203155552472,ok
crime_2,twfe,2018-01-24,84,94,0.008594685456387582,0.016527798442692056,0.007933112986304475,0.008594685456387582,0.0,0.007933112986304475,ok
crime_2,linear_gap,2018-01-24,84,94,0.008594685456387582,0.016527798442692056,0.007933112986304475,0.0116448825439303,0.003050197087542719,0.004882915898761756,ok
crime_2,synthetic_control,2018-01-24,84,94,0.008594685456387582,0.016527798442692056,0.007933112986304475,0.006930761466619462,-0.0016639239897681193,0.009597036976072594,exact_mean_match
crime_2,random_forest,2018-01-24,84,94,0.008594685456387582,0.016527798442692056,0.007933112986304475,0.007360458585166473,-0.0012342268712211089,0.009167339857525584,ok
crime_2,gradient_boosting,2018-01-24,84,94,0.008594685456387582,0.016527798442692056,0.007933112986304475,0.009845133341363149,0.0012504478849755668,0.006682665101328908,ok
crime_2,twfe,2018-02-07,84,94,0.009958053176138284,0.009677379358230419,-0.0002806738179078651,0.009958053176138284,0.0,-0.0002806738179078651,ok
crime_2,linear_gap,2018-02-07,84,94,0.009958053176138284,0.009677379358230419,-0.0002806738179078651,0.015125508532367622,0.005167455356229337,-0.005448129174137202,ok
crime_2,synthetic_control,2018-02-07,84,94,0.009958053176138284,0.009677379358230419,-0.0002806738179078651,0.006010974904397923,-0.003947078271740361,0.0036664044538324957,exact_mean_match
crime_2,random_forest,2018-02-07,84,94,0.009958053176138284,0.009677379358230419,-0.0002806738179078651,0.010351068009128161,0.0003930148329898773,-0.0006736886508977424,ok
crime_2,gradient_boosting,2018-02-07,84,94,0.009958053176138284,0.009677379358230419,-0.0002806738179078651,0.011713228153155331,0.001755174977017047,-0.002035848794924912,ok
crime_2,twfe,2018-02-21,84,94,0.010290979705873319,0.0025603828795318145,-0.007730596826341504,0.010290979705873319,0.0,-0.007730596826341504,ok
crime_2,linear_gap,2018-02-21,84,94,0.010290979705873319,0.0025603828795318145,-0.007730596826341504,0.012506043816488684,0.002215064110615365,-0.009945660936956868,ok
crime_2,synthetic_control,2018-02-21,84,94,0.010290979705873319,0.0025603828795318145,-0.007730596826341504,0.0071413997267475455,-0.003149579979125773,-0.004581016847215731,exact_mean_match
crime_2,random_forest,2018-02-21,84,94,0.010290979705873319,0.0025603828795318145,-0.007730596826341504,0.005785606930619354,-0.004505372775253965,-0.003225224051087539,ok
crime_2,gradient_boosting,2018-02-21,84,94,0.010290979705873319,0.0025603828795318145,-0.007730596826341504,0.007247873485875098,-0.0030431062199982204,-0.004687490606343284,ok
crime_2,twfe,2018-03-07,84,94,0.010089496791624448,0.003267122947974011,-0.006822373843650437,0.010089496791624448,0.0,-0.006822373843650437,ok
crime_2,linear_gap,2018-03-07,84,94,0.010089496791624448,0.003267122947974011,-0.006822373843650437,0.007692272803491362,-0.002397223988133086,-0.004425149855517351,ok
crime_2,synthetic_control,2018-03-07,84,94,0.010089496791624448,0.003267122947974011,-0.006822373843650437,0.008847045300334453,-0.0012424514912899951,-0.005579922352360442,exact_mean_match
crime_2,random_forest,2018-03-07,84,94,0.010089496791624448,0.003267122947974011,-0.006822373843650437,0.006095152659396577,-0.003994344132227871,-0.002828029711422566,ok
crime_2,gradient_boosting,2018-03-07,84,94,0.010089496791624448,0.003267122947974011,-0.006822373843650437,0.007168607693460239,-0.002920889098164209,-0.0039014847454862285,ok
crime_2,twfe,2018-03-21,84,94,0.008870045439194372,-0.0012398948569161338,-0.010109940296110505,0.008870045439194372,0.0,-0.010109940296110505,ok
crime_2,linear_gap,2018-03-21,84,94,0.008870045439194372,-0.0012398948569161338,-0.010109940296110505,0.0027547982279420933,-0.0061152472112522786,-0.003994693084858227,ok
crime_2,synthetic_control,2018-03-21,84,94,0.008870045439194372,-0.0012398948569161338,-0.010109940296110505,0.005447483412167529,-0.003422562027026843,-0.006687378269083662,exact_mean_match
crime_2,random_forest,2018-03-21,84,94,0.008870045439194372,-0.0012398948569161338,-0.010109940296110505,0.0036299589628860695,-0.005240086476308302,-0.004869853819802203,ok
crime_2,gradient_boosting,2018-03-21,84,94,0.008870045439194372,-0.0012398948569161338,-0.010109940296110505,0.0040631738870041895,-0.004806871552190182,-0.005303068743920323,ok
crime_2,twfe,2018-04-04,84,94,0.006768866476313283,-0.001990031245350396,-0.008758897721663678,0.006768866476313283,0.0,-0.008758897721663678,ok
crime_2,linear_gap,2018-04-04,84,94,0.006768866476313283,-0.001990031245350396,-0.008758897721663678,-0.0011747054132859856,-0.00794357188959927,-0.0008153258320644091,ok
crime_2,synthetic_control,2018-04-04,84,94,0.006768866476313283,-0.001990031245350396,-0.008758897721663678,0.005526647502142972,-0.001242218974170311,-0.007516678747493367,exact_mean_match
crime_2,random_forest,2018-04-04,84,94,0.006768866476313283,-0.001990031245350396,-0.008758897721663678,0.001027736519751494,-0.005741129956561789,-0.003017767765101889,ok
crime_2,gradient_boosting,2018-04-04,84,94,0.006768866476313283,-0.001990031245350396,-0.008758897721663678,0.00028888520474533897,-0.0064799812715679445,-0.002278916450095734,ok
crime_2,twfe,2018-04-18,84,94,0.005139733198243835,0.005071169964786985,-6.856323345684999e-05,0.005139733198243835,0.0,-6.856323345684999e-05,ok
crime_2,linear_gap,2018-04-18,84,94,0.005139733198243835,0.005071169964786985,-6.856323345684999e-05,-0.005318765984961496,-0.01045849918320533,0.01038993594974848,ok
crime_2,synthetic_control,2018-04-18,84,94,0.005139733198243835,0.005071169964786985,-6.856323345684999e-05,0.004936495599820897,-0.00020323759842293815,0.00013467436496608816,exact_mean_match
crime_2,random_forest,2018-04-18,84,94,0.005139733198243835,0.005071169964786985,-6.856323345684999e-05,4.2830901337935354e-05,-0.0050969022969058995,0.0050283390634490496,ok
crime_2,gradient_boosting,2018-04-18,84,94,0.005139733198243835,0.005071169964786985,-6.856323345684999e-05,7.676122154054496e-05,-0.00506297197670329,0.00499440874324644,ok
crime_2,twfe,2018-05-02,84,94,0.003248672131650853,0.0007997321827109053,-0.002448939948939948,0.003248672131650853,0.0,-0.002448939948939948,ok
crime_2,linear_gap,2018-05-02,84,94,0.003248672131650853,0.0007997321827109053,-0.002448939948939948,-0.0006517912149514618,-0.003900463346602315,0.0014515233976623667,ok
crime_2,synthetic_control,2018-05-02,84,94,0.003248672131650853,0.0007997321827109053,-0.002448939948939948,0.0020203116656573056,-0.0012283604659935475,-0.0012205794829464006,exact_mean_match
crime_2,random_forest,2018-05-02,84,94,0.003248672131650853,0.0007997321827109053,-0.002448939948939948,0.0023408575359592947,-0.0009078145956915584,-0.0015411253532483897,ok
crime_2,gradient_boosting,2018-05-02,84,94,0.003248672131650853,0.0007997321827109053,-0.002448939948939948,0.002298928665611075,-0.0009497434660397782,-0.0014991964829001699,ok
crime_2,twfe,2018-05-16,84,94,0.002010031930244695,0.00017358527996825718,-0.0018364466502764378,0.002010031930244695,0.0,-0.0018364466502764378,ok
crime_2,linear_gap,2018-05-16,84,94,0.002010031930244695,0.00017358527996825718,-0.0018364466502764378,0.0007497658237875435,-0.0012602661064571514,-0.0005761805438192864,ok
crime_2,synthetic_control,2018-05-16,84,94,0.002010031930244695,0.00017358527996825718,-0.0018364466502764378,0.001944867418602371,-6.516451164232393e-05,-0.0017712821386341138,exact_mean_match
crime_2,random_forest,2018-05-16,84,94,0.002010031930244695,0.00017358527996825718,-0.0018364466502764378,0.0005031798268794618,-0.001506852103365233,-0.0003295945469112048,ok
crime_2,gradient_boosting,2018-05-16,84,94,0.002010031930244695,0.00017358527996825718,-0.0018364466502764378,0.00133715789078619,-0.0006728740394585048,-0.001163572610817933,ok
crime_2,twfe,2018-05-30,84,94,0.0011705197875410633,0.006013490056043245,0.0048429702685021826,0.0011705197875410633,0.0,0.0048429702685021826,ok
crime_2,linear_gap,2018-05-30,84,94,0.0011705197875410633,0.006013490056043245,0.0048429702685021826,0.0007445459201150296,-0.0004259738674260336,0.005268944135928216,ok
crime_2,synthetic_control,2018-05-30,84,94,0.0011705197875410633,0.006013490056043245,0.0048429702685021826,0.0008801653577584015,-0.00029035442978266176,0.005133324698284845,exact_mean_match
crime_2,random_forest,2018-05-30,84,94,0.0011705197875410633,0.006013490056043245,0.0048429702685021826,-0.00022301246297538665,-0.0013935322505164499,0.006236502519018632,ok
crime_2,gradient_boosting,2018-05-30,84,94,0.0011705197875410633,0.006013490056043245,0.0048429702685021826,0.0006288836644659763,-0.000541636123075087,0.00538460639157727,ok
crime_2,twfe,2018-06-13,84,94,0.0017845629547757192,0.008580072409859642,0.006795509455083923,0.0017845629547757192,0.0,0.006795509455083923,ok
crime_2,linear_gap,2018-06-13,84,94,0.0017845629547757192,0.008580072409859642,0.006795509455083923,0.004944616460759887,0.0031600535059841672,0.0036354559490997555,ok
crime_2,synthetic_control,2018-06-13,84,94,0.0017845629547757192,0.008580072409859642,0.006795509455083923,0.0014003018492670053,-0.00038426110550871385,0.007179770560592637,exact_mean_match
crime_2,random_forest,2018-06-13,84,94,0.0017845629547757192,0.008580072409859642,0.006795509455083923,0.001976722159137378,0.0001921592043616588,0.006603350250722264,ok
crime_2,gradient_boosting,2018-06-13,84,94,0.0017845629547757192,0.008580072409859642,0.006795509455083923,0.0034041230838213624,0.0016195601290456432,0.00517594932603828,ok
crime_2,twfe,2018-06-27,84,94,0.0034396011789628793,0.005889500570351633,0.0024498993913887536,0.0034396011789628793,0.0,0.0024498993913887536,ok
crime_2,linear_gap,2018-06-27,84,94,0.0034396011789628793,0.005889500570351633,0.0024498993913887536,0.00911990665189593,0.0056803054729330504,-0.003230406081544297,ok
crime_2,synthetic_control,2018-06-27,84,94,0.0034396011789628793,0.005889500570351633,0.0024498993913887536,0.0034525674224374255,1.2966243474546186e-05,0.0024369331479142074,exact_mean_match
crime_2,random_forest,2018-06-27,84,94,0.0034396011789628793,0.005889500570351633,0.0024498993913887536,0.005969438230268834,0.0025298370513059548,-7.993765991720116e-05,ok
crime_2,gradient_boosting,2018-06-27,84,94,0.0034396011789628793,0.005889500570351633,0.0024498993913887536,0.008393584898614468,0.004953983719651589,-0.002504084328262835,ok
crime_2,twfe,2018-07-11,84,94,0.004532406128150808,0.00927441352973268,0.004742007401581872,0.004532406128150808,0.0,0.004742007401581872,ok
crime_2,linear_gap,2018-07-11,84,94,0.004532406128150808,0.00927441352973268,0.004742007401581872,0.00843735341019971,0.0039049472820489014,0.0008370601195329709,ok
crime_2,synthetic_control,2018-07-11,84,94,0.004532406128150808,0.00927441352973268,0.004742007401581872,0.004074128813051475,-0.0004582773150993329,0.005200284716681205,exact_mean_match
crime_2,random_forest,2018-07-11,84,94,0.004532406128150808,0.00927441352973268,0.004742007401581872,0.004756960916622898,0.00022455478847209064,0.004517452613109782,ok
crime_2,gradient_boosting,2018-07-11,84,94,0.004532406128150808,0.00927441352973268,0.004742007401581872,0.006443218788713896,0.0019108126605630882,0.002831194741018784,ok
crime_2,twfe,2018-07-25,84,94,0.005481294710018113,0.012312155929177206,0.0068308612191590925,0.005481294710018113,0.0,0.0068308612191590925,ok
crime_2,linear_gap,2018-07-25,84,94,0.005481294710018113,0.012312155929177206,0.0068308612191590925,0.01139700679389713,0.005915712083879017,0.0009151491352800759,ok
crime_2,synthetic_control,2018-07-25,84,94,0.005481294710018113,0.012312155929177206,0.0068308612191590925,0.0034798472204613847,-0.0020014474895567284,0.008832308708715821,exact_mean_match
crime_2,random_forest,2018-07-25,84,94,0.005481294710018113,0.012312155929177206,0.0068308612191590925,0.006627032700777267,0.0011457379907591535,0.005685123228399939,ok
crime_2,gradient_boosting,2018-07-25,84,94,0.005481294710018113,0.012312155929177206,0.0068308612191590925,0.008988275223279463,0.00350698051326135,0.0033238807058977426,ok
crime_2,twfe,2018-08-08,84,94,0.007099874121150716,-0.0039304666964241446,-0.011030340817574862,0.007099874121150716,0.0,-0.011030340817574862,ok
crime_2,linear_gap,2018-08-08,84,94,0.007099874121150716,-0.0039304666964241446,-0.011030340817574862,0.012245190046112521,0.005145315924961805,-0.016175656742536668,ok
crime_2,synthetic_control,2018-08-08,84,94,0.007099874121150716,-0.0039304666964241446,-0.011030340817574862,0.00730337012738114,0.00020349600623042422,-0.011233836823805285,exact_mean_match
crime_2,random_forest,2018-08-08,84,94,0.007099874121150716,-0.0039304666964241446,-0.011030340817574862,0.006186821683933358,-0.0009130524372173579,-0.010117288380357504,ok
crime_2,gradient_boosting,2018-08-08,84,94,0.007099874121150716,-0.0039304666964241446,-0.011030340817574862,0.009327792998796026,0.0022279188776453103,-0.013258259695220171,ok
crime_2,twfe,2018-08-22,84,94,0.006546275828190721,0.015194911471507215,0.008648635643316496,0.006546275828190721,0.0,0.008648635643316496,ok
crime_2,linear_gap,2018-08-22,84,94,0.006546275828190721,0.015194911471507215,0.008648635643316496,0.0029229757413807354,-0.0036233000868099853,0.012271935730126481,ok
crime_2,synthetic_control,2018-08-22,84,94,0.006546275828190721,0.015194911471507215,0.008648635643316496,0.010399244605167508,0.0038529687769767876,0.004795666866339708,exact_mean_match
crime_2,random_forest,2018-08-22,84,94,0.006546275828190721,0.015194911471507215,0.008648635643316496,0.0001849616597983466,-0.006361314168392374,0.015009949811708868,ok
crime_2,gradient_boosting,2018-08-22,84,94,0.006546275828190721,0.015194911471507215,0.008648635643316496,-0.0008885050294877733,-0.007434780857678494,0.01608341650099499,ok
crime_2,twfe,2018-09-05,84,94,0.008085221516072579,0.010731289986609134,0.0026460684705365556,0.008085221516072579,0.0,0.0026460684705365556,ok
crime_2,linear_gap,2018-09-05,84,94,0.008085221516072579,0.010731289986609134,0.0026460684705365556,0.008408905606123274,0.0003236840900506955,0.00232238438048586,ok
crime_2,synthetic_control,2018-09-05,84,94,0.008085221516072579,0.010731289986609134,0.0026460684705365556,0.0045534629605295165,-0.0035317585555430624,0.006177827026079618,exact_mean_match
crime_2,random_forest,2018-09-05,84,94,0.008085221516072579,0.010731289986609134,0.0026460684705365556,0.009206485045922875,0.0011212635298502964,0.0015248049406862592,ok
crime_2,gradient_boosting,2018-09-05,84,94,0.008085221516072579,0.010731289986609134,0.0026460684705365556,0.012796696797154918,0.004711475281082339,-0.002065406810545784,ok
crime_2,twfe,2018-09-19,84,94,0.008147585275244848,0.007581957050042156,-0.0005656282252026927,0.008147585275244848,0.0,-0.0005656282252026927,ok
crime_2,linear_gap,2018-09-19,84,94,0.008147585275244848,0.007581957050042156,-0.0005656282252026927,0.01069670257663115,0.0025491173013863014,-0.003114745526588994,ok
crime_2,synthetic_control,2018-09-19,84,94,0.008147585275244848,0.007581957050042156,-0.0005656282252026927,0.005969932132450017,-0.0021776531427948314,0.0016120249175921387,exact_mean_match
crime_2,random_forest,2018-09-19,84,94,0.008147585275244848,0.007581957050042156,-0.0005656282252026927,0.008671864952490223,0.0005242796772453751,-0.0010899079024480679,ok
crime_2,gradient_boosting,2018-09-19,84,94,0.008147585275244848,0.007581957050042156,-0.0005656282252026927,0.008837339477379885,0.0006897542021350369,-0.0012553824273377296,ok
crime_2,twfe,2018-10-03,84,94,0.008491065671916737,0.011146654763676041,0.002655589091759305,0.008491065671916737,0.0,0.002655589091759305,ok
crime_2,linear_gap,2018-10-03,84,94,0.008491065671916737,0.011146654763676041,0.002655589091759305,0.008678830468742677,0.00018776479682594029,0.0024678242949333646,ok
crime_2,synthetic_control,2018-10-03,84,94,0.008491065671916737,0.011146654763676041,0.002655589091759305,0.00843679364371512,-5.4272028201615696e-05,0.0027098611199609206,exact_mean_match
crime_2,random_forest,2018-10-03,84,94,0.008491065671916737,0.011146654763676041,0.002655589091759305,0.007245057713394362,-0.0012460079585223747,0.0039015970502816796,ok
crime_2,gradient_boosting,2018-10-03,84,94,0.008491065671916737,0.011146654763676041,0.002655589091759305,0.007332407674791224,-0.0011586579971255128,0.0038142470888848177,ok
crime_2,twfe,2018-10-17,84,94,0.00856398329802585,0.010452313643803003,0.001888330345777154,0.00856398329802585,0.0,0.001888330345777154,ok
crime_2,linear_gap,2018-10-17,84,94,0.00856398329802585,0.010452313643803003,0.001888330345777154,0.010423695524498967,0.0018597122264731175,2.8618119304036488e-05,ok
crime_2,synthetic_control,2018-10-17,84,94,0.00856398329802585,0.010452313643803003,0.001888330345777154,0.009502293991102771,0.0009383106930769217,0.0009500196527002323,exact_mean_match
crime_2,random_forest,2018-10-17,84,94,0.00856398329802585,0.010452313643803003,0.001888330345777154,0.010091399574498892,0.0015274162764730426,0.00036091406930411143,ok
crime_2,gradient_boosting,2018-10-17,84,94,0.00856398329802585,0.010452313643803003,0.001888330345777154,0.009791032832774375,0.0012270495347485259,0.0006612808110286281,ok
crime_2,twfe,2018-10-31,84,94,0.008529443369868902,-0.0022256112681644604,-0.010755054638033362,0.008529443369868902,0.0,-0.010755054638033362,ok
crime_2,linear_gap,2018-10-31,84,94,0.008529443369868902,-0.0022256112681644604,-0.010755054638033362,0.013456727933740273,0.00492728456387137,-0.015682339201904733,ok
crime_2,synthetic_control,2018-10-31,84,94,0.008529443369868902,-0.0022256112681644604,-0.010755054638033362,0.010193618740204524,0.001664175370335622,-0.012419230008368984,exact_mean_match
crime_2,random_forest,2018-10-31,84,94,0.008529443369868902,-0.0022256112681644604,-0.010755054638033362,0.009160728564238003,0.0006312851943691012,-0.011386339832402463,ok
crime_2,gradient_boosting,2018-10-31,84,94,0.008529443369868902,-0.0022256112681644604,-0.010755054638033362,0.010109261385458231,0.0015798180155893286,-0.012334872653622691,ok
crime_2,twfe,2018-11-14,84,94,0.008965030241625987,0.0075261617814809285,-0.0014388684601450586,0.008965030241625987,0.0,-0.0014388684601450586,ok
crime_2,linear_gap,2018-11-14,84,94,0.008965030241625987,0.0075261617814809285,-0.0014388684601450586,0.0014931123118148788,-0.007471917929811108,0.0060330494696660495,ok
crime_2,synthetic_control,2018-11-14,84,94,0.008965030241625987,0.0075261617814809285,-0.0014388684601450586,0.0040578125269992125,-0.004907217714626775,0.003468349254481716,exact_mean_match
crime_2,random_forest,2018-11-14,84,94,0.008965030241625987,0.0075261617814809285,-0.0014388684601450586,0.0005228612564276755,-0.008442168985198312,0.007003300525053253,ok
crime_2,gradient_boosting,2018-11-14,84,94,0.008965030241625987,0.0075261617814809285,-0.0014388684601450586,0.002376236810653595,-0.006588793430972392,0.005149924970827334,ok
crime_2,twfe,2018-11-28,84,94,0.00757000092106475,0.015114318305807665,0.0075443173847429155,0.00757000092106475,0.0,0.0075443173847429155,ok
crime_2,linear_gap,2018-11-28,84,94,0.00757000092106475,0.015114318305807665,0.0075443173847429155,0.004119052102983061,-0.003450948818081689,0.010995266202824604,ok
crime_2,synthetic_control,2018-11-28,84,94,0.00757000092106475,0.015114318305807665,0.0075443173847429155,0.004971023685733782,-0.002598977235330968,0.010143294620073883,exact_mean_match
crime_2,random_forest,2018-11-28,84,94,0.00757000092106475,0.015114318305807665,0.0075443173847429155,0.003860956091881541,-0.003709044829183209,0.011253362213926124,ok
crime_2,gradient_boosting,2018-11-28,84,94,0.00757000092106475,0.015114318305807665,0.0075443173847429155,0.006540792322057008,-0.001029208599007742,0.008573525983750658,ok
crime_2,twfe,2018-12-12,84,94,0.008510254520892817,0.008276298169915191,-0.00023395635097762588,0.008510254520892817,0.0,-0.00023395635097762588,ok
crime_2,linear_gap,2018-12-12,84,94,0.008510254520892817,0.008276298169915191,-0.00023395635097762588,0.011302625320256618,0.0027923707993638015,-0.0030263271503414273,ok
crime_2,synthetic_control,2018-12-12,84,94,0.008510254520892817,0.008276298169915191,-0.00023395635097762588,0.00503222902431579,-0.003478025496577027,0.003244069145599401,exact_mean_match
crime_2,random_forest,2018-12-12,84,94,0.008510254520892817,0.008276298169915191,-0.00023395635097762588,0.011568032477898817,0.003057777957006,-0.0032917343079836257,ok
crime_2,gradient_boosting,2018-12-12,84,94,0.008510254520892817,0.008276298169915191,-0.00023395635097762588,0.014361067546971418,0.005850813026078601,-0.006084769377056227,ok
crime_2,twfe,2018-12-26,84,94,0.008409513063768383,0.007166592272975251,-0.0012429207907931322,0.008409513063768383,0.0,-0.0012429207907931322,ok
crime_2,linear_gap,2018-12-26,84,94,0.008409513063768383,0.007166592272975251,-0.0012429207907931322,0.009339649422970352,0.0009301363592019683,-0.0021730571499951005,ok
crime_2,synthetic_control,2018-12-26,84,94,0.008409513063768383,0.007166592272975251,-0.0012429207907931322,0.006550011994143529,-0.001859501069624854,0.0006165802788317219,exact_mean_match
crime_2,random_forest,2018-12-26,84,94,0.008409513063768383,0.007166592272975251,-0.0012429207907931322,0.004032700549974056,-0.004376812513794327,0.003133891723001195,ok
crime_2,gradient_boosting,2018-12-26,84,94,0.008409513063768383,0.007166592272975251,-0.0012429207907931322,0.006853333276474306,-0.0015561797872940776,0.0003132589965009454,ok
crime_2,twfe,2019-01-09,84,94,0.0076669046083939684,0.0009547190398254223,-0.006712185568568546,0.0076669046083939684,0.0,-0.006712185568568546,ok
crime_2,linear_gap,2019-01-09,84,94,0.0076669046083939684,0.0009547190398254223,-0.006712185568568546,0.007939023440808882,0.0002721188324149139,-0.00698430440098346,ok
crime_2,synthetic_control,2019-01-09,84,94,0.0076669046083939684,0.0009547190398254223,-0.006712185568568546,0.0018675418344662534,-0.005799362773927715,-0.0009128227946408312,exact_mean_match
crime_2,random_forest,2019-01-09,84,94,0.0076669046083939684,0.0009547190398254223,-0.006712185568568546,0.0033775547494244505,-0.004289349858969518,-0.002422835709599028,ok
crime_2,gradient_boosting,2019-01-09,84,94,0.0076669046083939684,0.0009547190398254223,-0.006712185568568546,0.002528425621877272,-0.005138478986516697,-0.0015737065820518497,ok
crime_2,twfe,2019-01-23,84,94,0.005988839765435509,0.0011345037940782613,-0.004854335971357248,0.005988839765435509,0.0,-0.004854335971357248,ok
crime_2,linear_gap,2019-01-23,84,94,0.005988839765435509,0.0011345037940782613,-0.004854335971357248,0.004655429462005861,-0.0013334103034296487,-0.003520925667927599,ok
crime_2,synthetic_control,2019-01-23,84,94,0.005988839765435509,0.0011345037940782613,-0.004854335971357248,0.003578682952966171,-0.0024101568124693384,-0.0024441791588879092,exact_mean_match
crime_2,random_forest,2019-01-23,84,94,0.005988839765435509,0.0011345037940782613,-0.004854335971357248,0.00027657959194063794,-0.0057122601734948715,0.0008579242021376238,ok
crime_2,gradient_boosting,2019-01-23,84,94,0.005988839765435509,0.0011345037940782613,-0.004854335971357248,0.00013858602052896254,-0.005850253744906547,0.000995917773549299,ok
crime_2,twfe,2019-02-06,84,94,0.006472398759632802,-0.0008493279769875521,-0.007321726736620354,0.006472398759632802,0.0,-0.007321726736620354,ok
crime_2,linear_gap,2019-02-06,84,94,0.006472398759632802,-0.0008493279769875521,-0.007321726736620354,-0.0009137639047622746,-0.007386162664395076,6.443592777472234e-05,ok
crime_2,synthetic_control,2019-02-06,84,94,0.006472398759632802,-0.0008493279769875521,-0.007321726736620354,0.004246923106132762,-0.00222547565350004,-0.005096251083120314,exact_mean_match
crime_2,random_forest,2019-02-06,84,94,0.006472398759632802,-0.0008493279769875521,-0.007321726736620354,0.0008240654213672835,-0.005648333338265518,-0.0016733933983548357,ok
crime_2,gradient_boosting,2019-02-06,84,94,0.006472398759632802,-0.0008493279769875521,-0.007321726736620354,0.0017248393557938923,-0.0047475594038389095,-0.0025741673327814444,ok
crime_2,twfe,2019-02-20,84,94,0.005393026004728132,0.0024115954967018796,-0.0029814305080262528,0.005393026004728132,0.0,-0.0029814305080262528,ok
crime_2,linear_gap,2019-02-20,84,94,0.005393026004728132,0.0024115954967018796,-0.0029814305080262528,-0.004247715451405384,-0.009640741456133518,0.0066593109481072645,ok
crime_2,synthetic_control,2019-02-20,84,94,0.005393026004728132,0.0024115954967018796,-0.0029814305080262528,0.002566330577736587,-0.002826695426991545,-0.00015473508103470762,exact_mean_match
crime_2,random_forest,2019-02-20,84,94,0.005393026004728132,0.0024115954967018796,-0.0029814305080262528,0.0010160421551603947,-0.004376983849567737,0.0013955533415414847,ok
crime_2,gradient_boosting,2019-02-20,84,94,0.005393026004728132,0.0024115954967018796,-0.0029814305080262528,0.0013876681060812966,-0.004005357898646836,0.0010239273906205832,ok
crime_2,twfe,2019-03-06,84,94,0.003300482023886278,0.00586470267321331,0.002564220649327032,0.003300482023886278,0.0,0.002564220649327032,ok
crime_2,linear_gap,2019-03-06,84,94,0.003300482023886278,0.00586470267321331,0.002564220649327032,-0.00026144419649850535,-0.0035619262203847833,0.0061261468697118154,ok
crime_2,synthetic_control,2019-03-06,84,94,0.003300482023886278,0.00586470267321331,0.002564220649327032,0.003292187848671641,-8.294175214636906e-06,0.002572514824541669,exact_mean_match
crime_2,random_forest,2019-03-06,84,94,0.003300482023886278,0.00586470267321331,0.002564220649327032,0.001970131227932367,-0.001330350795953911,0.003894571445280943,ok
crime_2,gradient_boosting,2019-03-06,84,94,0.003300482023886278,0.00586470267321331,0.002564220649327032,0.003853378591544429,0.0005528965676581512,0.002011324081668881,ok
crime_2,twfe,2019-03-20,84,94,0.003225645512879555,0.007445568615781382,0.004219923102901827,0.003225645512879555,0.0,0.004219923102901827,ok
crime_2,linear_gap,2019-03-20,84,94,0.003225645512879555,0.007445568615781382,0.004219923102901827,0.003878618612289196,0.0006529730994096409,0.0035669500034921863,ok
crime_2,synthetic_control,2019-03-20,84,94,0.003225645512879555,0.007445568615781382,0.004219923102901827,0.0028674638950500694,-0.00035818161782948544,0.004578104720731313,exact_mean_match
crime_2,random_forest,2019-03-20,84,94,0.003225645512879555,0.007445568615781382,0.004219923102901827,0.0031919375497098854,-3.370796316966946e-05,0.004253631066071496,ok
crime_2,gradient_boosting,2019-03-20,84,94,0.003225645512879555,0.007445568615781382,0.004219923102901827,0.0060003301304545975,0.0027746846175750427,0.0014452384853267846,ok
crime_2,twfe,2019-04-03,84,94,0.0034041018083571274,0.00715419332440609,0.0037500915160489628,0.0034041018083571274,0.0,0.0037500915160489628,ok
crime_2,linear_gap,2019-04-03,84,94,0.0034041018083571274,0.00715419332440609,0.0037500915160489628,0.0072832664615881375,0.00387916465323101,-0.00012907313718204735,ok
crime_2,synthetic_control,2019-04-03,84,94,0.0034041018083571274,0.00715419332440609,0.0037500915160489628,0.0037684564324842506,0.00036435462412712314,0.0033857368919218396,exact_mean_match
crime_2,random_forest,2019-04-03,84,94,0.0034041018083571274,0.00715419332440609,0.0037500915160489628,0.004292687899164104,0.0008885860908069768,0.002861505425241986,ok
crime_2,gradient_boosting,2019-04-03,84,94,0.0034041018083571274,0.00715419332440609,0.0037500915160489628,0.006162658988677885,0.0027585571803207575,0.0009915343357282053,ok
crime_2,twfe,2019-04-17,84,94,0.004490190660403425,0.014574964043049147,0.010084773382645722,0.004490190660403425,0.0,0.010084773382645722,ok
crime_2,linear_gap,2019-04-17,84,94,0.004490190660403425,0.014574964043049147,0.010084773382645722,0.008099758694908223,0.003609568034504798,0.0064752053481409244,ok
crime_2,synthetic_control,2019-04-17,84,94,0.004490190660403425,0.014574964043049147,0.010084773382645722,0.001959580511530225,-0.0025306101488732,0.012615383531518923,exact_mean_match
crime_2,random_forest,2019-04-17,84,94,0.004490190660403425,0.014574964043049147,0.010084773382645722,0.005216449129683485,0.0007262584692800597,0.009358514913365663,ok
crime_2,gradient_boosting,2019-04-17,84,94,0.004490190660403425,0.014574964043049147,0.010084773382645722,0.005859686932996645,0.0013694962725932193,0.008715277110052502,ok
crime_2,twfe,2019-05-01,84,94,0.006480074299223236,0.006794623815900411,0.0003145495166771749,0.006480074299223236,0.0,0.0003145495166771749,ok
crime_2,linear_gap,2019-05-01,84,94,0.006480074299223236,0.006794623815900411,0.0003145495166771749,0.013524897377746647,0.007044823078523411,-0.006730273561846236,ok
crime_2,synthetic_control,2019-05-01,84,94,0.006480074299223236,0.006794623815900411,0.0003145495166771749,0.0024184412830920944,-0.004061633016131142,0.004376182532808317,exact_mean_match
crime_2,random_forest,2019-05-01,84,94,0.006480074299223236,0.006794623815900411,0.0003145495166771749,0.009575438145560401,0.0030953638463371647,-0.00278081432965999,ok
crime_2,gradient_boosting,2019-05-01,84,94,0.006480074299223236,0.006794623815900411,0.0003145495166771749,0.012581708374143559,0.006101634074920322,-0.0057870845582431475,ok
crime_2,twfe,2019-05-15,84,94,0.007409774032114458,0.010830481575162422,0.0034207075430479645,0.007409774032114458,0.0,0.0034207075430479645,ok
crime_2,linear_gap,2019-05-15,84,94,0.007409774032114458,0.010830481575162422,0.0034207075430479645,0.010339745600495482,0.0029299715683810245,0.00049073597466694,ok
crime_2,synthetic_control,2019-05-15,84,94,0.007409774032114458,0.010830481575162422,0.0034207075430479645,0.004055598687315957,-0.0033541753447985006,0.006774882887846465,exact_mean_match
crime_2,random_forest,2019-05-15,84,94,0.007409774032114458,0.010830481575162422,0.0034207075430479645,0.005282681754667349,-0.0021270922774471093,0.005547799820495074,ok
crime_2,gradient_boosting,2019-05-15,84,94,0.007409774032114458,0.010830481575162422,0.0034207075430479645,0.0063650941669465225,-0.0010446798651679353,0.0044653874082159,ok
crime_2,twfe,2019-05-29,84,94,0.008676238064535938,0.0031741308337053012,-0.005502107230830637,0.008676238064535938,0.0,-0.005502107230830637,ok
crime_2,linear_gap,2019-05-29,84,94,0.008676238064535938,0.0031741308337053012,-0.005502107230830637,0.01079013338163761,0.0021138953171016724,-0.007616002547932309,ok
crime_2,synthetic_control,2019-05-29,84,94,0.008676238064535938,0.0031741308337053012,-0.005502107230830637,0.0045718097366854,-0.004104428327850539,-0.001397678902980098,exact_mean_match
crime_2,random_forest,2019-05-29,84,94,0.008676238064535938,0.0031741308337053012,-0.005502107230830637,0.008225812300234852,-0.0004504257643010868,-0.00505168146652955,ok
crime_2,gradient_boosting,2019-05-29,84,94,0.008676238064535938,0.0031741308337053012,-0.005502107230830637,0.010114094112766737,0.001437856048230799,-0.006939963279061436,ok
crime_2,twfe,2019-06-12,84,94,0.007916359645083049,-0.0012646927540544567,-0.009181052399137506,0.007916359645083049,0.0,-0.009181052399137506,ok
crime_2,linear_gap,2019-06-12,84,94,0.007916359645083049,-0.0012646927540544567,-0.009181052399137506,0.005296340114447531,-0.0026200195306355176,-0.006561032868501989,ok
crime_2,synthetic_control,2019-06-12,84,94,0.007916359645083049,-0.0012646927540544567,-0.009181052399137506,0.004383146396229523,-0.003533213248853526,-0.0056478391502839806,exact_mean_match
crime_2,random_forest,2019-06-12,84,94,0.007916359645083049,-0.0012646927540544567,-0.009181052399137506,0.0033994264790956283,-0.004516933165987421,-0.004664119233150086,ok
crime_2,gradient_boosting,2019-06-12,84,94,0.007916359645083049,-0.0012646927540544567,-0.009181052399137506,0.004366637133137374,-0.003549722511945675,-0.005631329887191831,ok
crime_2,twfe,2019-06-26,84,94,0.006686354425716129,0.003936666170708723,-0.002749688255007406,0.006686354425716129,0.0,-0.002749688255007406,ok
crime_2,linear_gap,2019-06-26,84,94,0.006686354425716129,0.003936666170708723,-0.002749688255007406,-0.0007124193071224807,-0.00739877373283861,0.004649085477831204,ok
crime_2,synthetic_control,2019-06-26,84,94,0.006686354425716129,0.003936666170708723,-0.002749688255007406,0.0057056918745756625,-0.0009806625511404668,-0.0017690257038669392,exact_mean_match
crime_2,random_forest,2019-06-26,84,94,0.006686354425716129,0.003936666170708723,-0.002749688255007406,-0.0004946501574173022,-0.007181004583133432,0.004431316328126026,ok
crime_2,gradient_boosting,2019-06-26,84,94,0.006686354425716129,0.003936666170708723,-0.002749688255007406,-0.0008038344493101503,-0.00749018887502628,0.004740500620018874,ok
crime_2,twfe,2019-07-10,84,94,0.006016663596450831,0.004060655656400337,-0.001956007940050494,0.006016663596450831,0.0,-0.001956007940050494,ok
crime_2,linear_gap,2019-07-10,84,94,0.006016663596450831,0.004060655656400337,-0.001956007940050494,-0.0027166414236790715,-0.008733305020129901,0.006777297080079407,ok
crime_2,synthetic_control,2019-07-10,84,94,0.006016663596450831,0.004060655656400337,-0.001956007940050494,0.007761251329365322,0.001744587732914491,-0.003700595672964985,exact_mean_match
crime_2,random_forest,2019-07-10,84,94,0.006016663596450831,0.004060655656400337,-0.001956007940050494,0.0021832515726313323,-0.0038334120238194985,0.0018774040837690044,ok
crime_2,gradient_boosting,2019-07-10,84,94,0.006016663596450831,0.004060655656400337,-0.001956007940050494,0.003428040089928739,-0.0025886235065220916,0.0006326155664715975,ok
crime_2,twfe,2019-07-24,84,94,0.004172615209849252,0.007265783861528543,0.0030931686516792907,0.004172615209849252,0.0,0.0030931686516792907,ok
crime_2,linear_gap,2019-07-24,84,94,0.004172615209849252,0.007265783861528543,0.0030931686516792907,0.00034865901180437326,-0.0038239561980448786,0.00691712484972417,ok
crime_2,synthetic_control,2019-07-24,84,94,0.004172615209849252,0.007265783861528543,0.0030931686516792907,0.003338993326156921,-0.0008336218836923308,0.0039267905353716215,exact_mean_match
crime_2,random_forest,2019-07-24,84,94,0.004172615209849252,0.007265783861528543,0.0030931686516792907,0.003045021364543568,-0.001127593845305684,0.004220762496984975,ok
crime_2,gradient_boosting,2019-07-24,84,94,0.004172615209849252,0.007265783861528543,0.0030931686516792907,0.0025897336496180224,-0.0015828815602312294,0.00467605021191052,ok
crime_2,twfe,2019-08-07,84,94,0.004110251450676982,0.005046372067648663,0.0009361206169716807,0.004110251450676982,0.0,0.0009361206169716807,ok
crime_2,linear_gap,2019-08-07,84,94,0.004110251450676982,0.005046372067648663,0.0009361206169716807,0.002386738763394017,-0.0017235126872829653,0.002659633304254646,ok
crime_2,synthetic_control,2019-08-07,84,94,0.004110251450676982,0.005046372067648663,0.0009361206169716807,0.002792485149490401,-0.0013177663011865815,0.002253886918158262,exact_mean_match
crime_2,random_forest,2019-08-07,84,94,0.004110251450676982,0.005046372067648663,0.0009361206169716807,0.0033417895860457475,-0.0007684618646312349,0.0017045824816029156,ok
crime_2,gradient_boosting,2019-08-07,84,94,0.004110251450676982,0.005046372067648663,0.0009361206169716807,0.004730757310687622,0.0006205058600106395,0.00031561475696104124,ok
crime_2,twfe,2019-08-21,84,94,0.003133539037794357,0.005808907404652086,0.0026753683668577287,0.003133539037794357,0.0,0.0026753683668577287,ok
crime_2,linear_gap,2019-08-21,84,94,0.003133539037794357,0.005808907404652086,0.0026753683668577287,0.006437078478069398,0.003303539440275041,-0.0006281710734173124,ok
crime_2,synthetic_control,2019-08-21,84,94,0.003133539037794357,0.005808907404652086,0.0026753683668577287,0.0030163502505882005,-0.00011718878720615644,0.002792557154063885,exact_mean_match
crime_2,random_forest,2019-08-21,84,94,0.003133539037794357,0.005808907404652086,0.0026753683668577287,0.0030069291877114746,-0.0001266098500828823,0.002801978216940611,ok
crime_2,gradient_boosting,2019-08-21,84,94,0.003133539037794357,0.005808907404652086,0.0026753683668577287,0.003791779476883977,0.0006582404390896202,0.0020171279277681085,ok
crime_2,twfe,2019-09-04,84,94,0.003676583463817506,0.008735059266974158,0.005058475803156652,0.003676583463817506,0.0,0.005058475803156652,ok
crime_2,linear_gap,2019-09-04,84,94,0.003676583463817506,0.008735059266974158,0.005058475803156652,0.007131455725414953,0.003454872261597447,0.001603603541559205,ok
crime_2,synthetic_control,2019-09-04,84,94,0.003676583463817506,0.008735059266974158,0.005058475803156652,0.0026665210643345774,-0.0010100623994829284,0.0060685382026395805,exact_mean_match
crime_2,random_forest,2019-09-04,84,94,0.003676583463817506,0.008735059266974158,0.005058475803156652,0.0047081772770936605,0.0010315938132761547,0.004026881989880497,ok
crime_2,gradient_boosting,2019-09-04,84,94,0.003676583463817506,0.008735059266974158,0.005058475803156652,0.004439540827413117,0.000762957363595611,0.004295518439561041,ok
crime_2,twfe,2019-09-18,84,94,0.005277892910871634,0.001190299062639488,-0.0040875938482321465,0.005277892910871634,0.0,-0.0040875938482321465,ok
crime_2,linear_gap,2019-09-18,84,94,0.005277892910871634,0.001190299062639488,-0.0040875938482321465,0.007996559021332115,0.002718666110460481,-0.006806259958692627,ok
crime_2,synthetic_control,2019-09-18,84,94,0.005277892910871634,0.001190299062639488,-0.0040875938482321465,0.0034716593094263224,-0.001806233601445312,-0.0022813602467868345,exact_mean_match
crime_2,random_forest,2019-09-18,84,94,0.005277892910871634,0.001190299062639488,-0.0040875938482321465,0.005517900978116923,0.00024000806724528822,-0.004327601915477435,ok
crime_2,gradient_boosting,2019-09-18,84,94,0.005277892910871634,0.001190299062639488,-0.0040875938482321465,0.007137386473539161,0.0018594935626675265,-0.005947087410899673,ok
crime_2,twfe,2019-10-02,84,94,0.0048077661109576005,0.003701086147894658,-0.0011066799630629425,0.0048077661109576005,0.0,-0.0011066799630629425,ok
crime_2,linear_gap,2019-10-02,84,94,0.0048077661109576005,0.003701086147894658,-0.0011066799630629425,0.003672489705074138,-0.0011352764058834624,2.8596442820519926e-05,ok
crime_2,synthetic_control,2019-10-02,84,94,0.0048077661109576005,0.003701086147894658,-0.0011066799630629425,0.0027451298431031054,-0.002062636267854495,0.0009559563047915527,exact_mean_match
crime_2,random_forest,2019-10-02,84,94,0.0048077661109576005,0.003701086147894658,-0.0011066799630629425,0.0006736932205673629,-0.004134072890390238,0.0030273929273272955,ok
crime_2,gradient_boosting,2019-10-02,84,94,0.0048077661109576005,0.003701086147894658,-0.0011066799630629425,0.0011336356143327752,-0.0036741304966248253,0.002567450533561883,ok
crime_2,twfe,2019-10-16,84,94,0.0048873998342083445,0.004228041462084015,-0.0006593583721243293,0.0048873998342083445,0.0,-0.0006593583721243293,ok
crime_2,linear_gap,2019-10-16,84,94,0.0048873998342083445,0.004228041462084015,-0.0006593583721243293,0.002452062394779251,-0.0024353374394290935,0.0017759790673047642,ok
crime_2,synthetic_control,2019-10-16,84,94,0.0048873998342083445,0.004228041462084015,-0.0006593583721243293,0.004163192454393542,-0.0007242073798148022,6.48490076904729e-05,exact_mean_match
crime_2,random_forest,2019-10-16,84,94,0.0048873998342083445,0.004228041462084015,-0.0006593583721243293,0.003104030379239191,-0.0017833694549691534,0.0011240110828448242,ok
crime_2,gradient_boosting,2019-10-16,84,94,0.0048873998342083445,0.004228041462084015,-0.0006593583721243293,0.0028162512951095844,-0.00207114853909876,0.0014117901669744308,ok
crime_2,twfe,2019-10-30,84,94,0.004679200822817843,0.0015374696225760054,-0.003141731200241838,0.004679200822817843,0.0,-0.003141731200241838,ok
crime_2,linear_gap,2019-10-30,84,94,0.004679200822817843,0.0015374696225760054,-0.003141731200241838,0.0032956264915794706,-0.0013835743312383725,-0.0017581568690034654,ok
crime_2,synthetic_control,2019-10-30,84,94,0.004679200822817843,0.0015374696225760054,-0.003141731200241838,0.0037720236004278093,-0.0009071772223900338,-0.002234553977851804,exact_mean_match
crime_2,random_forest,2019-10-30,84,94,0.004679200822817843,0.0015374696225760054,-0.003141731200241838,0.004260770206543924,-0.00041843061627391907,-0.002723300583967919,ok
crime_2,gradient_boosting,2019-10-30,84,94,0.004679200822817843,0.0015374696225760054,-0.003141731200241838,0.0050974505868564895,0.00041824976403864646,-0.0035599809642804844,ok
crime_2,twfe,2019-11-13,84,94,0.0040910626017008995,0.00837548975846848,0.004284427156767581,0.0040910626017008995,0.0,0.004284427156767581,ok
crime_2,linear_gap,2019-11-13,84,94,0.0040910626017008995,0.00837548975846848,0.004284427156767581,0.001518965131150815,-0.0025720974705500848,0.006856524627317666,ok
crime_2,synthetic_control,2019-11-13,84,94,0.0040910626017008995,0.00837548975846848,0.004284427156767581,0.002183754304050502,-0.0019073082976503973,0.006191735454417978,exact_mean_match
crime_2,random_forest,2019-11-13,84,94,0.0040910626017008995,0.00837548975846848,0.004284427156767581,0.0013974590447665125,-0.0026936035569343868,0.006978030713701968,ok
crime_2,gradient_boosting,2019-11-13,84,94,0.0040910626017008995,0.00837548975846848,0.004284427156767581,0.002252630828336747,-0.0018384317733641524,0.006122858930131734,ok
crime_2,twfe,2019-11-27,84,94,0.004949763593380614,0.0020086296682041357,-0.0029411339251764783,0.004949763593380614,0.0,-0.0029411339251764783,ok
crime_2,linear_gap,2019-11-27,84,94,0.004949763593380614,0.0020086296682041357,-0.0029411339251764783,0.005994240306470625,0.0010444767130900114,-0.00398561063826649,ok
crime_2,synthetic_control,2019-11-27,84,94,0.004949763593380614,0.0020086296682041357,-0.0029411339251764783,0.004109673856218853,-0.0008400897371617609,-0.0021010441880147173,exact_mean_match
crime_2,random_forest,2019-11-27,84,94,0.004949763593380614,0.0020086296682041357,-0.0029411339251764783,0.007033639470166649,0.002083875876786035,-0.005025009801962513,ok
crime_2,gradient_boosting,2019-11-27,84,94,0.004949763593380614,0.0020086296682041357,-0.0029411339251764783,0.007727924796205783,0.0027781612028251693,-0.005719295128001648,ok
crime_2,twfe,2019-12-11,84,94,0.0036468407479045774,0.004407826216336854,0.0007609854684322765,0.0036468407479045774,0.0,0.0007609854684322765,ok
crime_2,linear_gap,2019-12-11,84,94,0.0036468407479045774,0.004407826216336854,0.0007609854684322765,0.005646956203049044,0.002000115455144466,-0.0012391299867121897,ok
crime_2,synthetic_control,2019-12-11,84,94,0.0036468407479045774,0.004407826216336854,0.0007609854684322765,0.0032671139192816095,-0.0003797268286229679,0.0011407122970552444,exact_mean_match
crime_2,random_forest,2019-12-11,84,94,0.0036468407479045774,0.004407826216336854,0.0007609854684322765,0.00012105305755935842,-0.0035257876903452188,0.004286773158777495,ok
crime_2,gradient_boosting,2019-12-11,84,94,0.0036468407479045774,0.004407826216336854,0.0007609854684322765,0.0018332192772700512,-0.0018136214706345262,0.0025746069390668027,ok
crime_2,twfe,2019-12-25,84,94,0.004488271775505817,0.006738828547339185,0.002250556771833368,0.004488271775505817,0.0,0.002250556771833368,ok
crime_2,linear_gap,2019-12-25,84,94,0.004488271775505817,0.006738828547339185,0.002250556771833368,0.00513115602016063,0.0006428842446548127,0.0016076725271785552,ok
crime_2,synthetic_control,2019-12-25,84,94,0.004488271775505817,0.006738828547339185,0.002250556771833368,0.004706769760986774,0.00021849798548095704,0.002032058786352411,exact_mean_match
crime_2,random_forest,2019-12-25,84,94,0.004488271775505817,0.006738828547339185,0.002250556771833368,0.003659751088531037,-0.0008285206869747801,0.003079077458808148,ok
crime_2,gradient_boosting,2019-12-25,84,94,0.004488271775505817,0.006738828547339185,0.002250556771833368,0.0047106336315514375,0.0002223618560456206,0.0020281949157877474,ok
crime_2,twfe,2020-01-08,84,94,0.005039951183568204,0.012064176957793975,0.007024225774225771,0.005039951183568204,0.0,0.007024225774225771,ok
crime_2,linear_gap,2020-01-08,84,94,0.005039951183568204,0.012064176957793975,0.007024225774225771,0.006566450957166617,0.0015264997735984134,0.005497726000627358,ok
crime_2,synthetic_control,2020-01-08,84,94,0.005039951183568204,0.012064176957793975,0.007024225774225771,0.006816441733942359,0.0017764905503741546,0.005247735223851617,exact_mean_match
crime_2,random_forest,2020-01-08,84,94,0.005039951183568204,0.012064176957793975,0.007024225774225771,0.006221386499217435,0.0011814353156492314,0.00584279045857654,ok
crime_2,gradient_boosting,2020-01-08,84,94,0.005039951183568204,0.012064176957793975,0.007024225774225771,0.010032274204846063,0.004992323021277859,0.0020319027529479127,ok
crime_2,twfe,2020-01-22,84,94,0.006379332842098799,0.012938302831919853,0.006558969989821054,0.006379332842098799,0.0,0.006558969989821054,ok
crime_2,linear_gap,2020-01-22,84,94,0.006379332842098799,0.012938302831919853,0.006558969989821054,0.011055797266926558,0.004676464424827759,0.0018825055649932948,ok
crime_2,synthetic_control,2020-01-22,84,94,0.006379332842098799,0.012938302831919853,0.006558969989821054,0.0025020420388592226,-0.0038772908032395767,0.01043626079306063,exact_mean_match
crime_2,random_forest,2020-01-22,84,94,0.006379332842098799,0.012938302831919853,0.006558969989821054,0.009444472608825584,0.003065139766726785,0.0034938302230942686,ok
crime_2,gradient_boosting,2020-01-22,84,94,0.006379332842098799,0.012938302831919853,0.006558969989821054,0.011809782712667232,0.005430449870568433,0.0011285201192526208,ok
crime_2,twfe,2020-02-05,84,94,0.00806219489730128,0.003601894559341367,-0.004460300337959913,0.00806219489730128,0.0,-0.004460300337959913,ok
crime_2,linear_gap,2020-02-05,84,94,0.00806219489730128,0.003601894559341367,-0.004460300337959913,0.012404045639427274,0.004341850742125994,-0.008802151080085908,ok
crime_2,synthetic_control,2020-02-05,84,94,0.00806219489730128,0.003601894559341367,-0.004460300337959913,0.012350024935141798,0.004287830037840518,-0.008748130375800432,exact_mean_match
crime_2,random_forest,2020-02-05,84,94,0.00806219489730128,0.003601894559341367,-0.004460300337959913,0.008885519306648519,0.0008233244093472387,-0.005283624747307152,ok
crime_2,gradient_boosting,2020-02-05,84,94,0.00806219489730128,0.003601894559341367,-0.004460300337959913,0.009987033459862496,0.0019248385625612163,-0.006385138900521129,ok
crime_3,twfe,2014-03-26,84,94,0.0006351509011083474,0.007278182810097701,0.006643031908989353,0.0006351509011083474,0.0,0.006643031908989353,ok
crime_3,linear_gap,2014-03-26,84,94,0.0006351509011083474,0.007278182810097701,0.006643031908989353,0.00455691294108196,0.0039217620399736135,0.0027212698690157397,ok
crime_3,synthetic_control,2014-03-26,84,94,0.0006351509011083474,0.007278182810097701,0.006643031908989353,0.0005280282926108364,-0.00010712260849751092,0.006750154517486864,exact_mean_match
crime_3,random_forest,2014-03-26,84,94,0.0006351509011083474,0.007278182810097701,0.006643031908989353,0.001627975020398859,0.0009928241192905117,0.005650207789698842,ok
crime_3,gradient_boosting,2014-03-26,84,94,0.0006351509011083474,0.007278182810097701,0.006643031908989353,0.0026209878484571066,0.0019858369473487593,0.0046571949616405935,ok
crime_3,twfe,2014-04-09,84,94,0.002389011697522335,-0.0008245300798492302,-0.003213541777371565,0.002389011697522335,0.0,-0.003213541777371565,ok
crime_3,linear_gap,2014-04-09,84,94,0.002389011697522335,-0.0008245300798492302,-0.003213541777371565,0.007462024163407883,0.005073012465885548,-0.008286554243257114,ok
crime_3,synthetic_control,2014-04-09,84,94,0.002389011697522335,-0.0008245300798492302,-0.003213541777371565,0.003003688227860537,0.0006146765303382019,-0.003828218307709767,exact_mean_match
crime_3,random_forest,2014-04-09,84,94,0.002389011697522335,-0.0008245300798492302,-0.003213541777371565,0.004129679328502138,0.0017406676309798027,-0.004954209408351368,ok
crime_3,gradient_boosting,2014-04-09,84,94,0.002389011697522335,-0.0008245300798492302,-0.003213541777371565,0.006233557627091644,0.003844545929569309,-0.007058087706940874,ok
crime_3,twfe,2014-04-23,84,94,0.002219190384084,-0.0014878738282993608,-0.003707064212383361,0.002219190384084,0.0,-0.003707064212383361,ok
crime_3,linear_gap,2014-04-23,84,94,0.002219190384084,-0.0014878738282993608,-0.003707064212383361,0.004516927054495867,0.0022977366704118665,-0.006004800882795227,ok
crime_3,synthetic_control,2014-04-23,84,94,0.002219190384084,-0.0014878738282993608,-0.003707064212383361,0.0017538521801535364,-0.0004653382039304637,-0.003241726008452897,exact_mean_match
crime_3,random_forest,2014-04-23,84,94,0.002219190384084,-0.0014878738282993608,-0.003707064212383361,0.00018667612426032792,-0.002032514259823672,-0.0016745499525596887,ok
crime_3,gradient_boosting,2014-04-23,84,94,0.002219190384084,-0.0014878738282993608,-0.003707064212383361,0.0011401190644057296,-0.0010790713196782704,-0.0026279928927050904,ok
crime_3,twfe,2014-05-07,84,94,0.0021098139449203268,0.0007439369141496791,-0.0013658770307706477,0.0021098139449203268,0.0,-0.0013658770307706477,ok
crime_3,linear_gap,2014-05-07,84,94,0.0021098139449203268,0.0007439369141496791,-0.0013658770307706477,2.0019780844060678e-05,-0.002089794164076266,0.0007239171333056182,ok
crime_3,synthetic_control,2014-05-07,84,94,0.0021098139449203268,0.0007439369141496791,-0.0013658770307706477,0.0024294409891949097,0.000319627044274583,-0.0016855040750452307,exact_mean_match
crime_3,random_forest,2014-05-07,84,94,0.0021098139449203268,0.0007439369141496791,-0.0013658770307706477,-0.0001521310283946144,-0.0022619449733149413,0.0008960679425442937,ok
crime_3,gradient_boosting,2014-05-07,84,94,0.0021098139449203268,0.0007439369141496791,-0.0013658770307706477,-0.0012769129239497642,-0.003386726868870091,0.002020849838099443,ok
crime_3,twfe,2014-05-21,84,94,0.0015408645727794656,-0.008146109209938997,-0.009686973782718463,0.0015408645727794656,0.0,-0.009686973782718463,ok
crime_3,linear_gap,2014-05-21,84,94,0.0015408645727794656,-0.008146109209938997,-0.009686973782718463,-0.001702141738966618,-0.0032430063117460835,-0.006443967470972379,ok
crime_3,synthetic_control,2014-05-21,84,94,0.0015408645727794656,-0.008146109209938997,-0.009686973782718463,0.0013610326809329332,-0.00017983189184653248,-0.00950714189087193,exact_mean_match
crime_3,random_forest,2014-05-21,84,94,0.0015408645727794656,-0.008146109209938997,-0.009686973782718463,-0.0005673115519146731,-0.0021081761246941385,-0.007578797658024324,ok
crime_3,gradient_boosting,2014-05-21,84,94,0.0015408645727794656,-0.008146109209938997,-0.009686973782718463,-0.0005713776256748028,-0.0021122421984542685,-0.007574731584264194,ok
crime_3,twfe,2014-06-04,84,94,5.7566546928248524e-05,-0.0027649655309229786,-0.002822532077851227,5.7566546928248524e-05,0.0,-0.002822532077851227,ok
crime_3,linear_gap,2014-06-04,84,94,5.7566546928248524e-05,-0.0027649655309229786,-0.002822532077851227,-0.009001664530975645,-0.009059231077903893,0.006236699000052665,ok
crime_3,synthetic_control,2014-06-04,84,94,5.7566546928248524e-05,-0.0027649655309229786,-0.002822532077851227,5.5414885518172835e-05,-2.151661410075689e-06,-0.0028203804164411515,exact_mean_match
crime_3,random_forest,2014-06-04,84,94,5.7566546928248524e-05,-0.0027649655309229786,-0.002822532077851227,-0.004972433046727806,-0.005029999593656054,0.002207467515804827,ok
crime_3,gradient_boosting,2014-06-04,84,94,5.7566546928248524e-05,-0.0027649655309229786,-0.002822532077851227,-0.00842167101811729,-0.008479237565045537,0.00565670548719431,ok
crime_3,twfe,2014-06-18,84,94,-0.0012002625034539939,-0.0009609185141100045,0.00023934398934398937,-0.0012002625034539939,0.0,0.00023934398934398937,ok
crime_3,linear_gap,2014-06-18,84,94,-0.0012002625034539939,-0.0009609185141100045,0.00023934398934398937,-0.009357381818697098,-0.008157119315243103,0.008396463304587093,ok
crime_3,synthetic_control,2014-06-18,84,94,-0.0012002625034539939,-0.0009609185141100045,0.00023934398934398937,-0.000881521261438192,0.0003187412420158019,-7.939725267181255e-05,exact_mean_match
crime_3,random_forest,2014-06-18,84,94,-0.0012002625034539939,-0.0009609185141100045,0.00023934398934398937,-0.0019803460997164725,-0.0007800835962624786,0.001019427585606468,ok
crime_3,gradient_boosting,2014-06-18,84,94,-0.0012002625034539939,-0.0009609185141100045,0.00023934398934398937,-0.003993766679095581,-0.0027935041756415873,0.0030328481649855767,ok
crime_3,twfe,2014-07-02,84,94,-0.002692195511344448,0.0034779050736497537,0.006170100584994202,-0.002692195511344448,0.0,0.006170100584994202,ok
crime_3,linear_gap,2014-07-02,84,94,-0.002692195511344448,0.0034779050736497537,0.006170100584994202,-0.004531169536377094,-0.0018389740250326454,0.008009074610026846,ok
crime_3,synthetic_control,2014-07-02,84,94,-0.002692195511344448,0.0034779050736497537,0.006170100584994202,-0.0019596963798642984,0.0007324991314801499,0.005437601453514052,exact_mean_match
crime_3,random_forest,2014-07-02,84,94,-0.002692195511344448,0.0034779050736497537,0.006170100584994202,-0.0012516002711667365,0.0014405952401777117,0.00472950534481649,ok
crime_3,gradient_boosting,2014-07-02,84,94,-0.002692195511344448,0.0034779050736497537,0.006170100584994202,-0.0011432270361423974,0.0015489684752020508,0.004621132109792151,ok
crime_3,twfe,2014-07-16,84,94,-0.0019812486567805728,-0.0016118633139909737,0.0003693853427895991,-0.0019812486567805728,0.0,0.0003693853427895991,ok
crime_3,linear_gap,2014-07-16,84,94,-0.0019812486567805728,-0.0016118633139909737,0.0003693853427895991,0.0007811358242841653,0.002762384481064738,-0.002392999138275139,ok
crime_3,synthetic_control,2014-07-16,84,94,-0.0019812486567805728,-0.0016118633139909737,0.0003693853427895991,-0.001386901690398068,0.0005943469663825048,-0.0002249616235929057,exact_mean_match
crime_3,random_forest,2014-07-16,84,94,-0.0019812486567805728,-0.0016118633139909737,0.0003693853427895991,0.001242055466140882,0.003223304122921455,-0.002853918780131856,ok
crime_3,gradient_boosting,2014-07-16,84,94,-0.0019812486567805728,-0.0016118633139909737,0.0003693853427895991,0.0015925412265733589,0.0035737898833539316,-0.0032044045405643326,ok
crime_3,twfe,2014-07-30,84,94,-0.002054166282889688,-0.0008493279769875516,0.0012048383059021363,-0.002054166282889688,0.0,0.0012048383059021363,ok
crime_3,linear_gap,2014-07-30,84,94,-0.002054166282889688,-0.0008493279769875516,0.0012048383059021363,0.0005798655460164194,0.002634031828906107,-0.001429193523003971,ok
crime_3,synthetic_control,2014-07-30,84,94,-0.002054166282889688,-0.0008493279769875516,0.0012048383059021363,-0.0017106884645079808,0.00034347781838170704,0.0008613604875204292,exact_mean_match
crime_3,random_forest,2014-07-30,84,94,-0.002054166282889688,-0.0008493279769875516,0.0012048383059021363,-0.0009322278727955365,0.0011219384100941514,8.289989580798486e-05,ok
crime_3,gradient_boosting,2014-07-30,84,94,-0.002054166282889688,-0.0008493279769875516,0.0012048383059021363,-0.0004701415838324154,0.0015840246990572724,-0.00037918639315513616,ok
crime_3,twfe,2014-08-13,84,94,-0.002038815203708821,0.003422109805088528,0.005460925008797348,-0.002038815203708821,0.0,0.005460925008797348,ok
crime_3,linear_gap,2014-08-13,84,94,-0.002038815203708821,0.003422109805088528,0.005460925008797348,0.003078756370677216,0.005117571574386037,0.00034335343441131184,ok
crime_3,synthetic_control,2014-08-13,84,94,-0.002038815203708821,0.003422109805088528,0.005460925008797348,-0.0018265722099555827,0.0002122429937532382,0.00524868201504411,exact_mean_match
crime_3,random_forest,2014-08-13,84,94,-0.002038815203708821,0.003422109805088528,0.005460925008797348,-0.0007162721811042437,0.0013225430226045773,0.0041383819861927715,ok
crime_3,gradient_boosting,2014-08-13,84,94,-0.002038815203708821,0.003422109805088528,0.005460925008797348,-0.0005465578193724417,0.0014922573843363792,0.003968667624460969,ok
crime_3,twfe,2014-08-27,84,94,-0.0002034017991464806,0.0009113227198333574,0.001114724518979838,-0.0002034017991464806,0.0,0.001114724518979838,ok
crime_3,linear_gap,2014-08-27,84,94,-0.0002034017991464806,0.0009113227198333574,0.001114724518979838,0.0025682307987768462,0.0027716325979233267,-0.0016569080789434888,ok
crime_3,synthetic_control,2014-08-27,84,94,-0.0002034017991464806,0.0009113227198333574,0.001114724518979838,-0.00015509017196168456,4.8311627184796034e-05,0.001066412891795042,exact_mean_match
crime_3,random_forest,2014-08-27,84,94,-0.0002034017991464806,0.0009113227198333574,0.001114724518979838,0.001268842545332024,0.0014722443444785045,-0.00035751982549866654,ok
crime_3,gradient_boosting,2014-08-27,84,94,-0.0002034017991464806,0.0009113227198333574,0.001114724518979838,0.0016557217259330224,0.001859123525079503,-0.000744399006099665,ok
crime_3,twfe,2014-09-10,84,94,0.0005910165484633564,0.008220502901353965,0.007629486352890609,0.0005910165484633564,0.0,0.007629486352890609,ok
crime_3,linear_gap,2014-09-10,84,94,0.0005910165484633564,0.008220502901353965,0.007629486352890609,0.0014956505248128508,0.0009046339763494944,0.006724852376541114,ok
crime_3,synthetic_control,2014-09-10,84,94,0.0005910165484633564,0.008220502901353965,0.007629486352890609,0.0007410090263925938,0.00014999247792923736,0.007479493874961371,exact_mean_match
crime_3,random_forest,2014-09-10,84,94,0.0005910165484633564,0.008220502901353965,0.007629486352890609,0.0003092213992109278,-0.0002817951492524286,0.007911281502143038,ok
crime_3,gradient_boosting,2014-09-10,84,94,0.0005910165484633564,0.008220502901353965,0.007629486352890609,0.001623180975772084,0.0010321644273087274,0.006597321925581882,ok
crime_3,twfe,2014-09-24,84,94,0.001885304411900156,-0.002888955016614591,-0.0047742594285147474,0.001885304411900156,0.0,-0.0047742594285147474,ok
crime_3,linear_gap,2014-09-24,84,94,0.001885304411900156,-0.002888955016614591,-0.0047742594285147474,0.004753621867890575,0.0028683174559904186,-0.007642576884505166,ok
crime_3,synthetic_control,2014-09-24,84,94,0.001885304411900156,-0.002888955016614591,-0.0047742594285147474,0.0024338155718881937,0.0005485111599880376,-0.005322770588502785,exact_mean_match
crime_3,random_forest,2014-09-24,84,94,0.001885304411900156,-0.002888955016614591,-0.0047742594285147474,0.0023344149929501183,0.00044911058104996223,-0.00522337000956471,ok
crime_3,gradient_boosting,2014-09-24,84,94,0.001885304411900156,-0.002888955016614591,-0.0047742594285147474,0.005142721927667799,0.0032574175157676424,-0.00803167694428239,ok
crime_3,twfe,2014-10-08,84,94,0.0007195818366031128,0.0003843674056440007,-0.0003352144309591121,0.0007195818366031128,0.0,-0.0003352144309591121,ok
crime_3,linear_gap,2014-10-08,84,94,0.0007195818366031128,0.0003843674056440007,-0.0003352144309591121,0.0021275375668323134,0.0014079557302292007,-0.0017431701611883127,ok
crime_3,synthetic_control,2014-10-08,84,94,0.0007195818366031128,0.0003843674056440007,-0.0003352144309591121,0.0006293540515925258,-9.022778501058704e-05,-0.00024498664594852507,exact_mean_match
crime_3,random_forest,2014-10-08,84,94,0.0007195818366031128,0.0003843674056440007,-0.0003352144309591121,-6.441654726641791e-05,-0.0007839983838695307,0.0004487839529104186,ok
crime_3,gradient_boosting,2014-10-08,84,94,0.0007195818366031128,0.0003843674056440007,-0.0003352144309591121,-0.0016892144512059256,-0.0024087962878090383,0.002073581856849926,ok
crime_3,twfe,2014-10-22,84,94,0.0009920634920634914,-0.0011840995883549083,-0.0021761630804183994,0.0009920634920634914,0.0,-0.0021761630804183994,ok
crime_3,linear_gap,2014-10-22,84,94,0.0009920634920634914,-0.0011840995883549083,-0.0021761630804183994,-0.0006927752519926312,-0.0016848387440561224,-0.000491324336362277,ok
crime_3,synthetic_control,2014-10-22,84,94,0.0009920634920634914,-0.0011840995883549083,-0.0021761630804183994,0.0011888010586473905,0.00019673756658389915,-0.002372900647002299,exact_mean_match
crime_3,random_forest,2014-10-22,84,94,0.0009920634920634914,-0.0011840995883549083,-0.0021761630804183994,-0.0008152015518448119,-0.0018072650439083034,-0.00036889803651009604,ok
crime_3,gradient_boosting,2014-10-22,84,94,0.0009920634920634914,-0.0011840995883549083,-0.0021761630804183994,-0.001544294130499181,-0.0025363576225626724,0.00036019454214427293,ok
crime_3,twfe,2014-11-05,84,94,0.0013201928095545106,-0.001184099588354909,-0.00250429239790942,0.0013201928095545106,0.0,-0.00250429239790942,ok
crime_3,linear_gap,2014-11-05,84,94,0.0013201928095545106,-0.001184099588354909,-0.00250429239790942,-0.0008354591563935418,-0.002155651965948052,-0.0003486404319613676,ok
crime_3,synthetic_control,2014-11-05,84,94,0.0013201928095545106,-0.001184099588354909,-0.00250429239790942,0.0013228901006913114,2.697291136800721e-06,-0.0025069896890462205,exact_mean_match
crime_3,random_forest,2014-11-05,84,94,0.0013201928095545106,-0.001184099588354909,-0.00250429239790942,1.0422878183583593e-05,-0.0013097699313709271,-0.0011945224665384927,ok
crime_3,gradient_boosting,2014-11-05,84,94,0.0013201928095545106,-0.001184099588354909,-0.00250429239790942,0.0006140827619853998,-0.0007061100475691109,-0.001798182350340309,ok
crime_3,twfe,2014-11-19,84,94,0.0009508074667649127,0.003713485096463819,0.0027626776296989066,0.0009508074667649127,0.0,0.0027626776296989066,ok
crime_3,linear_gap,2014-11-19,84,94,0.0009508074667649127,0.003713485096463819,0.0027626776296989066,-0.001238754260997976,-0.0021895617277628886,0.004952239357461795,ok
crime_3,synthetic_control,2014-11-19,84,94,0.0009508074667649127,0.003713485096463819,0.0027626776296989066,0.0008340330927942077,-0.00011677437397070493,0.0028794520036696117,exact_mean_match
crime_3,random_forest,2014-11-19,84,94,0.0009508074667649127,0.003713485096463819,0.0027626776296989066,0.0005255988178039446,-0.000425208648960968,0.0031878862786598747,ok
crime_3,gradient_boosting,2014-11-19,84,94,0.0009508074667649127,0.003713485096463819,0.0027626776296989066,0.0011334687399671512,0.0001826612732022386,0.002580016356496668,ok
crime_3,twfe,2014-12-03,84,94,0.0011225476651008557,-0.0053315478847393745,-0.006454095549840231,0.0011225476651008557,0.0,-0.006454095549840231,ok
crime_3,linear_gap,2014-12-03,84,94,0.0011225476651008557,-0.0053315478847393745,-0.006454095549840231,-0.0004933505714639485,-0.0016158982365648041,-0.004838197313275426,ok
crime_3,synthetic_control,2014-12-03,84,94,0.0011225476651008557,-0.0053315478847393745,-0.006454095549840231,0.0013416526228230904,0.00021910495772223476,-0.006673200507562465,exact_mean_match
crime_3,random_forest,2014-12-03,84,94,0.0011225476651008557,-0.0053315478847393745,-0.006454095549840231,0.000933059862506178,-0.00018948780259467769,-0.006264607747245553,ok
crime_3,gradient_boosting,2014-12-03,84,94,0.0011225476651008557,-0.0053315478847393745,-0.006454095549840231,0.0016796451710114917,0.000557097505910636,-0.007011193055750866,ok
crime_3,twfe,2014-12-17,84,94,-0.0009296997328912231,-0.0016552596339830384,-0.0007255599010918154,-0.0009296997328912231,0.0,-0.0007255599010918154,ok
crime_3,linear_gap,2014-12-17,84,94,-0.0009296997328912231,-0.0016552596339830384,-0.0007255599010918154,-0.0015728642235114483,-0.0006431644906202252,-8.239541047159018e-05,ok
crime_3,synthetic_control,2014-12-17,84,94,-0.0009296997328912231,-0.0016552596339830384,-0.0007255599010918154,-0.0007765262599956774,0.00015317347289554569,-0.0008787333739873611,exact_mean_match
crime_3,random_forest,2014-12-17,84,94,-0.0009296997328912231,-0.0016552596339830384,-0.0007255599010918154,-0.002339487142544747,-0.0014097874096535242,0.0006842275085617088,ok
crime_3,gradient_boosting,2014-12-17,84,94,-0.0009296997328912231,-0.0016552596339830384,-0.0007255599010918154,-0.004200946718637336,-0.003271246985746113,0.0025456870846542975,ok
crime_3,twfe,2014-12-31,84,94,-0.0007301357035399598,0.0005641521598968399,0.0012942878634367998,-0.0007301357035399598,0.0,0.0012942878634367998,ok
crime_3,linear_gap,2014-12-31,84,94,-0.0007301357035399598,0.0005641521598968399,0.0012942878634367998,-0.0030564574624238347,-0.002326321758883875,0.003620609622320675,ok
crime_3,synthetic_control,2014-12-31,84,94,-0.0007301357035399598,0.0005641521598968399,0.0012942878634367998,-0.00048190795933001143,0.0002482277442099484,0.0010460601192268514,exact_mean_match
crime_3,random_forest,2014-12-31,84,94,-0.0007301357035399598,0.0005641521598968399,0.0012942878634367998,-0.0006273771352213998,0.00010275856831856007,0.0011915292951182397,ok
crime_3,gradient_boosting,2014-12-31,84,94,-0.0007301357035399598,0.0005641521598968399,0.0012942878634367998,-0.0018767491069075866,-0.0011466134033676267,0.0024409012668044263,ok
crime_3,twfe,2015-01-14,84,94,-0.00040392527094654826,0.0009237216684025186,0.0013276469393490669,-0.00040392527094654826,0.0,0.0013276469393490669,ok
crime_3,linear_gap,2015-01-14,84,94,-0.00040392527094654826,0.0009237216684025186,0.0013276469393490669,-0.0016664333451269925,-0.0012625080741804442,0.002590155013529511,ok
crime_3,synthetic_control,2015-01-14,84,94,-0.00040392527094654826,0.0009237216684025186,0.0013276469393490669,-0.0005914559545779092,-0.00018753068363136093,0.0015151776229804278,exact_mean_match
crime_3,random_forest,2015-01-14,84,94,-0.00040392527094654826,0.0009237216684025186,0.0013276469393490669,7.319316506321254e-05,0.0004771184360097608,0.0008505285033393061,ok
crime_3,gradient_boosting,2015-01-14,84,94,-0.00040392527094654826,0.0009237216684025186,0.0013276469393490669,0.0010307576364441786,0.0014346829073907269,-0.00010703596804165997,ok
crime_3,twfe,2015-01-28,84,94,-0.0004662890301188182,0.001382482765461488,0.0018487717955803062,-0.0004662890301188182,0.0,0.0018487717955803062,ok
crime_3,linear_gap,2015-01-28,84,94,-0.0004662890301188182,0.001382482765461488,0.0018487717955803062,0.0004557201960862127,0.0009220092262050309,0.0009267625693752753,ok
crime_3,synthetic_control,2015-01-28,84,94,-0.0004662890301188182,0.001382482765461488,0.0018487717955803062,-0.00037944649909108126,8.684253102773693e-05,0.0017619292645525693,exact_mean_match
crime_3,random_forest,2015-01-28,84,94,-0.0004662890301188182,0.001382482765461488,0.0018487717955803062,0.0010781330441922887,0.001544422074311107,0.0003043497212691993,ok
crime_3,gradient_boosting,2015-01-28,84,94,-0.0004662890301188182,0.001382482765461488,0.0018487717955803062,0.001136511659884825,0.0016028006900036431,0.0002459711055766631,ok
crime_3,twfe,2015-02-11,84,94,-0.0001141736514076946,0.0023681991767098144,0.002482372828117509,-0.0001141736514076946,0.0,0.002482372828117509,ok
crime_3,linear_gap,2015-02-11,84,94,-0.0001141736514076946,0.0023681991767098144,0.002482372828117509,0.0030074861573150505,0.003121659808722745,-0.0006392869806052361,ok
crime_3,synthetic_control,2015-02-11,84,94,-0.0001141736514076946,0.0023681991767098144,0.002482372828117509,-7.851771618621987e-05,3.565593522147472e-05,0.0024467168928960343,exact_mean_match
crime_3,random_forest,2015-02-11,84,94,-0.0001141736514076946,0.0023681991767098144,0.002482372828117509,0.0007886938138613987,0.0009028674652690932,0.001579505362848416,ok
crime_3,gradient_boosting,2015-02-11,84,94,-0.0001141736514076946,0.0023681991767098144,0.002482372828117509,0.0029311819500696733,0.003045355601477368,-0.0005629827733598589,ok
crime_3,twfe,2015-02-25,84,94,-0.00023218507261060518,0.005461736844715567,0.005693921917326172,-0.00023218507261060518,0.0,0.005693921917326172,ok
crime_3,linear_gap,2015-02-25,84,94,-0.00023218507261060518,0.005461736844715567,0.005693921917326172,0.005039241536786546,0.005271426609397151,0.000422495307929021,ok
crime_3,synthetic_control,2015-02-25,84,94,-0.00023218507261060518,0.005461736844715567,0.005693921917326172,-0.00016446678367096346,6.771828893964172e-05,0.00562620362838653,exact_mean_match
crime_3,random_forest,2015-02-25,84,94,-0.00023218507261060518,0.005461736844715567,0.005693921917326172,0.0006437514492685437,0.000875936521879149,0.004817985395447023,ok
crime_3,gradient_boosting,2015-02-25,84,94,-0.00023218507261060518,0.005461736844715567,0.005693921917326172,0.0036665320672480193,0.0038987171398586246,0.0017952047774675473,ok
crime_3,twfe,2015-03-11,84,94,0.0016099444290933647,-0.000793532708426326,-0.0024034771375196907,0.0016099444290933647,0.0,-0.0024034771375196907,ok
crime_3,linear_gap,2015-03-11,84,94,0.0016099444290933647,-0.000793532708426326,-0.0024034771375196907,0.006338814849453143,0.004728870420359779,-0.007132347557879469,ok
crime_3,synthetic_control,2015-03-11,84,94,0.0016099444290933647,-0.000793532708426326,-0.0024034771375196907,0.0012393218393834723,-0.0003706225897098924,-0.002032854547809798,exact_mean_match
crime_3,random_forest,2015-03-11,84,94,0.0016099444290933647,-0.000793532708426326,-0.0024034771375196907,0.00335261381648412,0.0017426693873907552,-0.004146146524910446,ok
crime_3,gradient_boosting,2015-03-11,84,94,0.0016099444290933647,-0.000793532708426326,-0.0024034771375196907,0.005212472238626058,0.003602527809532694,-0.006006004947052385,ok
crime_3,twfe,2015-03-25,84,94,0.0016080255441957559,0.0012026980112086487,-0.00040532753298710717,0.0016080255441957559,0.0,-0.00040532753298710717,ok
crime_3,linear_gap,2015-03-25,84,94,0.0016080255441957559,0.0012026980112086487,-0.00040532753298710717,0.001573835536415508,-3.419000778024793e-05,-0.00037113752520685924,ok
crime_3,synthetic_control,2015-03-25,84,94,0.0016080255441957559,0.0012026980112086487,-0.00040532753298710717,0.001217189588868156,-0.00039083595532759976,-1.4491577659507407e-05,exact_mean_match
crime_3,random_forest,2015-03-25,84,94,0.0016080255441957559,0.0012026980112086487,-0.00040532753298710717,-0.0002049860172418843,-0.00181301156143764,0.001407684028450533,ok
crime_3,gradient_boosting,2015-03-25,84,94,0.0016080255441957559,0.0012026980112086487,-0.00040532753298710717,0.0007627744850228701,-0.0008452510591728858,0.0004399235261857786,ok
crime_3,twfe,2015-04-08,84,94,0.001625295508274231,0.005114566284779049,0.0034892707765048184,0.001625295508274231,0.0,0.0034892707765048184,ok
crime_3,linear_gap,2015-04-08,84,94,0.001625295508274231,0.005114566284779049,0.0034892707765048184,0.0011230947382561709,-0.0005022007700180601,0.003991471546522879,ok
crime_3,synthetic_control,2015-04-08,84,94,0.001625295508274231,0.005114566284779049,0.0034892707765048184,0.001546414054482484,-7.888145379174706e-05,0.0035681522302965655,exact_mean_match
crime_3,random_forest,2015-04-08,84,94,0.001625295508274231,0.005114566284779049,0.0034892707765048184,0.0004425302312085387,-0.0011827652770656923,0.004672036053570511,ok
crime_3,gradient_boosting,2015-04-08,84,94,0.001625295508274231,0.005114566284779049,0.0034892707765048184,0.00010440698034766001,-0.001520888527926571,0.005010159304431389,ok
crime_3,twfe,2015-04-22,84,94,0.0019754920020877455,-0.0053439468333085355,-0.007319438835396281,0.0019754920020877455,0.0,-0.007319438835396281,ok
crime_3,linear_gap,2015-04-22,84,94,0.0019754920020877455,-0.0053439468333085355,-0.007319438835396281,0.001965683393298328,-9.808608789417354e-06,-0.007309630226606864,ok
crime_3,synthetic_control,2015-04-22,84,94,0.0019754920020877455,-0.0053439468333085355,-0.007319438835396281,0.002086035318451524,0.00011054331636377833,-0.007429982151760059,exact_mean_match
crime_3,random_forest,2015-04-22,84,94,0.0019754920020877455,-0.0053439468333085355,-0.007319438835396281,0.001009673160680146,-0.0009658188414075994,-0.006353619993988682,ok
crime_3,gradient_boosting,2015-04-22,84,94,0.0019754920020877455,-0.0053439468333085355,-0.007319438835396281,0.0021294658233957636,0.00015397382130801808,-0.007473412656704299,ok
crime_3,twfe,2015-05-06,84,94,0.0006725691566117091,-0.002888955016614592,-0.0035615241732263013,0.0006725691566117091,0.0,-0.0035615241732263013,ok
crime_3,linear_gap,2015-05-06,84,94,0.0006725691566117091,-0.002888955016614592,-0.0035615241732263013,-0.003145782122124928,-0.0038183512787366373,0.000256827105510336,ok
crime_3,synthetic_control,2015-05-06,84,94,0.0006725691566117091,-0.002888955016614592,-0.0035615241732263013,0.0005496389393383639,-0.0001229302172733452,-0.003438593955952956,exact_mean_match
crime_3,random_forest,2015-05-06,84,94,0.0006725691566117091,-0.002888955016614592,-0.0035615241732263013,-0.0014500927432284166,-0.0021226618998401257,-0.0014388622733861756,ok
crime_3,gradient_boosting,2015-05-06,84,94,0.0006725691566117091,-0.002888955016614592,-0.0035615241732263013,-0.0030867646360530753,-0.0037593337926647846,0.00019780961943848333,ok
crime_3,twfe,2015-05-20,84,94,3.07021583617321e-05,-0.000793532708426326,-0.0008242348667880581,3.07021583617321e-05,0.0,-0.0008242348667880581,ok
crime_3,linear_gap,2015-05-20,84,94,3.07021583617321e-05,-0.000793532708426326,-0.0008242348667880581,-0.004723950890815939,-0.004754653049177671,0.003930418182389613,ok
crime_3,synthetic_control,2015-05-20,84,94,3.07021583617321e-05,-0.000793532708426326,-0.0008242348667880581,2.331395926582179e-05,-7.3881990959103085e-06,-0.0008168466676921478,exact_mean_match
crime_3,random_forest,2015-05-20,84,94,3.07021583617321e-05,-0.000793532708426326,-0.0008242348667880581,-0.0015084867465406818,-0.0015391889049024138,0.0007149540381143557,ok
crime_3,gradient_boosting,2015-05-20,84,94,3.07021583617321e-05,-0.000793532708426326,-0.0008242348667880581,-0.002535129924513697,-0.0025658320828754293,0.0017415972160873712,ok
crime_3,twfe,2015-06-03,84,94,-0.001109115470817599,0.0027153697366463316,0.0038244852074639304,-0.001109115470817599,0.0,0.0038244852074639304,ok
crime_3,linear_gap,2015-06-03,84,94,-0.001109115470817599,0.0027153697366463316,0.0038244852074639304,-0.0031537900344625527,-0.0020446745636449534,0.005869159771108884,ok
crime_3,synthetic_control,2015-06-03,84,94,-0.001109115470817599,0.0027153697366463316,0.0038244852074639304,-0.0009725498206210994,0.00013656565019649967,0.0036879195572674306,exact_mean_match
crime_3,random_forest,2015-06-03,84,94,-0.001109115470817599,0.0027153697366463316,0.0038244852074639304,-0.0011831094408130951,-7.39939699954961e-05,0.0038984791774594263,ok
crime_3,gradient_boosting,2015-06-03,84,94,-0.001109115470817599,0.0027153697366463316,0.0038244852074639304,-0.0017060671022190547,-0.0005969516314014557,0.004421436838865386,ok
crime_3,twfe,2015-06-17,84,94,-0.0003041432562709163,-0.0068008232901849925,-0.006496680033914076,-0.0003041432562709163,0.0,-0.006496680033914076,ok
crime_3,linear_gap,2015-06-17,84,94,-0.0003041432562709163,-0.0068008232901849925,-0.006496680033914076,-0.0009770138192248,-0.0006728705629538837,-0.005823809470960192,ok
crime_3,synthetic_control,2015-06-17,84,94,-0.0003041432562709163,-0.0068008232901849925,-0.006496680033914076,-0.0004349295511010317,-0.00013078629483011538,-0.006365893739083961,exact_mean_match
crime_3,random_forest,2015-06-17,84,94,-0.0003041432562709163,-0.0068008232901849925,-0.006496680033914076,-0.00016088386536120645,0.00014325939090970987,-0.006639939424823786,ok
crime_3,gradient_boosting,2015-06-17,84,94,-0.0003041432562709163,-0.0068008232901849925,-0.006496680033914076,0.0004911102546936323,0.0007952535109645486,-0.007291933544878624,ok
crime_3,twfe,2015-07-01,84,94,-0.0015792422707316327,0.005461736844715566,0.007040979115447198,-0.0015792422707316327,0.0,0.007040979115447198,ok
crime_3,linear_gap,2015-07-01,84,94,-0.0015792422707316327,0.005461736844715566,0.007040979115447198,-0.003926582477021399,-0.002347340206289766,0.009388319321736964,ok
crime_3,synthetic_control,2015-07-01,84,94,-0.0015792422707316327,0.005461736844715566,0.007040979115447198,-0.0011597083617801707,0.000419533908951462,0.0066214452064957355,exact_mean_match
crime_3,random_forest,2015-07-01,84,94,-0.0015792422707316327,0.005461736844715566,0.007040979115447198,-0.0019379343898624603,-0.0003586921191308277,0.007399671234578025,ok
crime_3,gradient_boosting,2015-07-01,84,94,-0.0015792422707316327,0.005461736844715566,0.007040979115447198,-0.0037016064306480754,-0.0021223641599164428,0.00916334327536364,ok
crime_3,twfe,2015-07-15,84,94,-0.0012184919099812721,0.00335391558795814,0.0045724074979394125,-0.0012184919099812721,0.0,0.0045724074979394125,ok
crime_3,linear_gap,2015-07-15,84,94,-0.0012184919099812721,0.00335391558795814,0.0045724074979394125,0.0032060313919412236,0.004424523301922495,0.00014788419601691714,ok
crime_3,synthetic_control,2015-07-15,84,94,-0.0012184919099812721,0.00335391558795814,0.0045724074979394125,-0.0011937857434637647,2.4706166517507455e-05,0.004547701331421905,exact_mean_match
crime_3,random_forest,2015-07-15,84,94,-0.0012184919099812721,0.00335391558795814,0.0045724074979394125,0.0019445978307611098,0.003163089740742382,0.0014093177571970305,ok
crime_3,gradient_boosting,2015-07-15,84,94,-0.0012184919099812721,0.00335391558795814,0.0045724074979394125,0.002908884478660054,0.004127376388641326,0.00044503110929808645,ok
crime_3,twfe,2015-07-29,84,94,0.000226428417917779,-0.0007253384912959388,-0.0009517669092137178,0.000226428417917779,0.0,-0.0009517669092137178,ok
crime_3,linear_gap,2015-07-29,84,94,0.000226428417917779,-0.0007253384912959388,-0.0009517669092137178,0.003810213823604688,0.0035837854056869093,-0.004535552314900627,ok
crime_3,synthetic_control,2015-07-29,84,94,0.000226428417917779,-0.0007253384912959388,-0.0009517669092137178,0.0003120907877845157,8.566236986673668e-05,-0.0010374292790804546,exact_mean_match
crime_3,random_forest,2015-07-29,84,94,0.000226428417917779,-0.0007253384912959388,-0.0009517669092137178,0.0007470895716416087,0.0005206611537238296,-0.0014724280629375476,ok
crime_3,gradient_boosting,2015-07-29,84,94,0.000226428417917779,-0.0007253384912959388,-0.0009517669092137178,0.002918203245790801,0.0026917748278730224,-0.0036435417370867403,ok
crime_3,twfe,2015-08-12,84,94,0.0002091584538393042,0.004711600456281306,0.004502442002442002,0.0002091584538393042,0.0,0.004502442002442002,ok
crime_3,linear_gap,2015-08-12,84,94,0.0002091584538393042,0.004711600456281306,0.004502442002442002,0.0007522751348074963,0.0005431166809681921,0.00395932532147381,ok
crime_3,synthetic_control,2015-08-12,84,94,0.0002091584538393042,0.004711600456281306,0.004502442002442002,0.00025124915110657717,4.209069726727297e-05,0.004460351305174729,exact_mean_match
crime_3,random_forest,2015-08-12,84,94,0.0002091584538393042,0.004711600456281306,0.004502442002442002,-0.00028528484993517667,-0.0004944433037744808,0.004996885306216483,ok
crime_3,gradient_boosting,2015-08-12,84,94,0.0002091584538393042,0.004711600456281306,0.004502442002442002,-0.0005185031629554265,-0.0007276616167947307,0.005230103619236733,ok
crime_3,twfe,2015-08-26,84,94,0.001187789751619538,-0.002361999702425235,-0.0035497894540447734,0.001187789751619538,0.0,-0.0035497894540447734,ok
crime_3,linear_gap,2015-08-26,84,94,0.001187789751619538,-0.002361999702425235,-0.0035497894540447734,0.0029146653904874387,0.0017268756388679008,-0.005276665092912674,ok
crime_3,synthetic_control,2015-08-26,84,94,0.001187789751619538,-0.002361999702425235,-0.0035497894540447734,0.0010187056749904853,-0.00016908407662905261,-0.0033807053774157205,exact_mean_match
crime_3,random_forest,2015-08-26,84,94,0.001187789751619538,-0.002361999702425235,-0.0035497894540447734,0.0014601947752345007,0.0002724050236149627,-0.003822194477659736,ok
crime_3,gradient_boosting,2015-08-26,84,94,0.001187789751619538,-0.002361999702425235,-0.0035497894540447734,0.0027298881113948163,0.0015420983597752784,-0.005091887813820052,ok
crime_3,twfe,2015-09-09,84,94,0.0004921939762365288,0.001091107474086197,0.0005989134978496681,0.0004921939762365288,0.0,0.0005989134978496681,ok
crime_3,linear_gap,2015-09-09,84,94,0.0004921939762365288,0.001091107474086197,0.0005989134978496681,0.0019508742262052752,0.0014586802499687464,-0.0008597667521190783,ok
crime_3,synthetic_control,2015-09-09,84,94,0.0004921939762365288,0.001091107474086197,0.0005989134978496681,0.0005641406566713261,7.19466804347973e-05,0.0005269668174148708,exact_mean_match
crime_3,random_forest,2015-09-09,84,94,0.0004921939762365288,0.001091107474086197,0.0005989134978496681,-0.00024875206889272945,-0.0007409460451292583,0.0013398595429789265,ok
crime_3,gradient_boosting,2015-09-09,84,94,0.0004921939762365288,0.001091107474086197,0.0005989134978496681,-0.0006037622100440183,-0.0010959561862805471,0.0016948696841302153,ok
crime_3,twfe,2015-09-23,84,94,0.0020484096281968615,-0.0021264196796111695,-0.0041748293078080305,0.0020484096281968615,0.0,-0.0041748293078080305,ok
crime_3,linear_gap,2015-09-23,84,94,0.0020484096281968615,-0.0021264196796111695,-0.0041748293078080305,0.0005011716531579626,-0.001547237975038899,-0.0026275913327691316,ok
crime_3,synthetic_control,2015-09-23,84,94,0.0020484096281968615,-0.0021264196796111695,-0.0041748293078080305,0.0021506360596340347,0.00010222643143717328,-0.004277055739245203,exact_mean_match
crime_3,random_forest,2015-09-23,84,94,0.0020484096281968615,-0.0021264196796111695,-0.0041748293078080305,0.0009916143682454591,-0.0010567952599514023,-0.003118034047856628,ok
crime_3,gradient_boosting,2015-09-23,84,94,0.0020484096281968615,-0.0021264196796111695,-0.0041748293078080305,0.0031813708164322332,0.0011329611882353718,-0.005307790496043402,ok
crime_3,twfe,2015-10-07,84,94,0.0009556046790089334,0.0016056638397063923,0.000650059160697459,0.0009556046790089334,0.0,0.000650059160697459,ok
crime_3,linear_gap,2015-10-07,84,94,0.0009556046790089334,0.0016056638397063923,0.000650059160697459,0.0006607859233956521,-0.0002948187556132812,0.0009448779163107402,ok
crime_3,synthetic_control,2015-10-07,84,94,0.0009556046790089334,0.0016056638397063923,0.000650059160697459,0.00047264732907257613,-0.00048295734993635724,0.0011330165106338162,exact_mean_match
crime_3,random_forest,2015-10-07,84,94,0.0009556046790089334,0.0016056638397063923,0.000650059160697459,0.00048047026395603394,-0.00047513441505289943,0.0011251935757503584,ok
crime_3,gradient_boosting,2015-10-07,84,94,0.0009556046790089334,0.0016056638397063923,0.000650059160697459,0.0015889682094675053,0.0006333635304585719,1.6695630238887068e-05,ok
crime_3,twfe,2015-10-21,84,94,0.0006399481133523676,-0.0020582254624807823,-0.00269817357583315,0.0006399481133523676,0.0,-0.00269817357583315,ok
crime_3,linear_gap,2015-10-21,84,94,0.0006399481133523676,-0.0020582254624807823,-0.00269817357583315,0.0019159079938725798,0.0012759598805202122,-0.003974133456353363,ok
crime_3,synthetic_control,2015-10-21,84,94,0.0006399481133523676,-0.0020582254624807823,-0.00269817357583315,0.0009318442754361958,0.00029189616208382817,-0.002990069737916978,exact_mean_match
crime_3,random_forest,2015-10-21,84,94,0.0006399481133523676,-0.0020582254624807823,-0.00269817357583315,0.00034457763885975464,-0.000295370474492613,-0.0024028031013405373,ok
crime_3,gradient_boosting,2015-10-21,84,94,0.0006399481133523676,-0.0020582254624807823,-0.00269817357583315,0.0009724721257903606,0.00033252401243799297,-0.0030306975882711433,ok
crime_3,twfe,2015-11-04,84,94,0.0007320545884375664,0.005641521598968407,0.004909467010530841,0.0007320545884375664,0.0,0.004909467010530841,ok
crime_3,linear_gap,2015-11-04,84,94,0.0007320545884375664,0.005641521598968407,0.004909467010530841,-0.0015073909211686329,-0.0022394455096061993,0.00714891252013704,ok
crime_3,synthetic_control,2015-11-04,84,94,0.0007320545884375664,0.005641521598968407,0.004909467010530841,0.0006278125577439553,-0.000104242030693611,0.005013709041224452,exact_mean_match
crime_3,random_forest,2015-11-04,84,94,0.0007320545884375664,0.005641521598968407,0.004909467010530841,-0.00014275789528763627,-0.0008748124837252027,0.005784279494256044,ok
crime_3,gradient_boosting,2015-11-04,84,94,0.0007320545884375664,0.005641521598968407,0.004909467010530841,-0.000904602004736245,-0.0016366565931738115,0.006546123603704652,ok
crime_3,twfe,2015-11-18,84,94,0.0006591369623284509,-0.0007253384912959387,-0.0013844754536243896,0.0006591369623284509,0.0,-0.0013844754536243896,ok
crime_3,linear_gap,2015-11-18,84,94,0.0006591369623284509,-0.0007253384912959387,-0.0013844754536243896,0.002739963255511534,0.002080826293183083,-0.0034653017468074723,ok
crime_3,synthetic_control,2015-11-18,84,94,0.0006591369623284509,-0.0007253384912959387,-0.0013844754536243896,0.0006644596179179486,5.322655589497715e-06,-0.0013897981092138873,exact_mean_match
crime_3,random_forest,2015-11-18,84,94,0.0006591369623284509,-0.0007253384912959387,-0.0013844754536243896,0.001364473472674208,0.0007053365103457572,-0.0020898119639701468,ok
crime_3,gradient_boosting,2015-11-18,84,94,0.0006591369623284509,-0.0007253384912959387,-0.0013844754536243896,0.0025872943774986772,0.0019281574151702263,-0.003312632868794616,ok
crime_3,twfe,2015-12-02,84,94,0.0009037947867735092,0.0010229132569558096,0.00011911847018230041,0.0009037947867735092,0.0,0.00011911847018230041,ok
crime_3,linear_gap,2015-12-02,84,94,0.0009037947867735092,0.0010229132569558096,0.00011911847018230041,0.0008292493599739534,-7.454542679955574e-05,0.00019366389698185615,ok
crime_3,synthetic_control,2015-12-02,84,94,0.0009037947867735092,0.0010229132569558096,0.00011911847018230041,0.0006916160689553821,-0.00021217871781812703,0.00033129718800042744,exact_mean_match
crime_3,random_forest,2015-12-02,84,94,0.0009037947867735092,0.0010229132569558096,0.00011911847018230041,-0.00012657782030335414,-0.0010303726070768633,0.0011494910772591638,ok
crime_3,gradient_boosting,2015-12-02,84,94,0.0009037947867735092,0.0010229132569558096,0.00011911847018230041,-0.0008961277995704227,-0.001799922586343932,0.0019190410565262323,ok
crime_3,twfe,2015-12-16,84,94,0.0003329265297350396,-0.0020024301939195565,-0.002335356723654596,0.0003329265297350396,0.0,-0.002335356723654596,ok
crime_3,linear_gap,2015-12-16,84,94,0.0003329265297350396,-0.0020024301939195565,-0.002335356723654596,0.000667259966471393,0.0003343334367363533,-0.0026696901603909494,ok
crime_3,synthetic_control,2015-12-16,84,94,0.0003329265297350396,-0.0020024301939195565,-0.002335356723654596,0.0003658535964821425,3.2927066747102886e-05,-0.002368283790401699,exact_mean_match
crime_3,random_forest,2015-12-16,84,94,0.0003329265297350396,-0.0020024301939195565,-0.002335356723654596,-0.0002472407289181803,-0.0005801672586532199,-0.0017551894650013763,ok
crime_3,gradient_boosting,2015-12-16,84,94,0.0003329265297350396,-0.0020024301939195565,-0.002335356723654596,-0.00121274733459794,-0.0015456738643329795,-0.0007896828593216166,ok
crime_3,twfe,2015-12-30,84,94,9.882257222682691e-05,-0.000892724296979617,-0.0009915468692064439,9.882257222682691e-05,0.0,-0.0009915468692064439,ok
crime_3,linear_gap,2015-12-30,84,94,9.882257222682691e-05,-0.000892724296979617,-0.0009915468692064439,-0.0019668704388240174,-0.0020656930110508442,0.0010741461418444004,ok
crime_3,synthetic_control,2015-12-30,84,94,9.882257222682691e-05,-0.000892724296979617,-0.0009915468692064439,8.392566576488451e-05,-1.48969064619424e-05,-0.0009766499627445015,exact_mean_match
crime_3,random_forest,2015-12-30,84,94,9.882257222682691e-05,-0.000892724296979617,-0.0009915468692064439,-0.001072654970939594,-0.0011714775431664209,0.00017993067395997704,ok
crime_3,gradient_boosting,2015-12-30,84,94,9.882257222682691e-05,-0.000892724296979617,-0.0009915468692064439,-0.0018339373771530218,-0.0019327599493798486,0.0009412130801734048,ok
crime_3,twfe,2016-01-13,84,94,-0.00028783273464124645,-0.0011407032683628435,-0.000852870533721597,-0.00028783273464124645,0.0,-0.000852870533721597,ok
crime_3,linear_gap,2016-01-13,84,94,-0.00028783273464124645,-0.0011407032683628435,-0.000852870533721597,-0.002095979703478588,-0.0018081469688373414,0.0009552764351157443,ok
crime_3,synthetic_control,2016-01-13,84,94,-0.00028783273464124645,-0.0011407032683628435,-0.000852870533721597,-0.00015394336006921937,0.0001338893745720271,-0.0009867599082936242,exact_mean_match
crime_3,random_forest,2016-01-13,84,94,-0.00028783273464124645,-0.0011407032683628435,-0.000852870533721597,-0.0004685985563182556,-0.00018076582167700914,-0.0006721047120445879,ok
crime_3,gradient_boosting,2016-01-13,84,94,-0.00028783273464124645,-0.0011407032683628435,-0.000852870533721597,-0.0014996290051518802,-0.0012117962705106337,0.00035892573678903664,ok
crime_3,twfe,2016-01-27,84,94,-0.00013720027017899414,0.005988692158904924,0.0061258924290839185,-0.00013720027017899414,0.0,0.0061258924290839185,ok
crime_3,linear_gap,2016-01-27,84,94,-0.00013720027017899414,0.005988692158904924,0.0061258924290839185,-0.0036259822935912804,-0.003488782023412286,0.009614674452496204,ok
crime_3,synthetic_control,2016-01-27,84,94,-0.00013720027017899414,0.005988692158904924,0.0061258924290839185,-8.98483321302157e-05,4.735193804877844e-05,0.00607854049103514,exact_mean_match
crime_3,random_forest,2016-01-27,84,94,-0.00013720027017899414,0.005988692158904924,0.0061258924290839185,-0.00010874751027229529,2.845275990669885e-05,0.006097439669177219,ok
crime_3,gradient_boosting,2016-01-27,84,94,-0.00013720027017899414,0.005988692158904924,0.0061258924290839185,-0.000810968115830595,-0.0006737678456516009,0.00679966027473552,ok
crime_3,twfe,2016-02-10,84,94,0.00017845629547757157,-0.002238010216733622,-0.0024164665122111935,0.00017845629547757157,0.0,-0.0024164665122111935,ok
crime_3,linear_gap,2016-02-10,84,94,0.00017845629547757157,-0.002238010216733622,-0.0024164665122111935,0.0030638687553581176,0.002885412459880546,-0.00530187897209174,ok
crime_3,synthetic_control,2016-02-10,84,94,0.00017845629547757157,-0.002238010216733622,-0.0024164665122111935,0.00022023630350442164,4.178000802685007e-05,-0.0024582465202380435,exact_mean_match
crime_3,random_forest,2016-02-10,84,94,0.00017845629547757157,-0.002238010216733622,-0.0024164665122111935,0.0012338487375156341,0.0010553924420380625,-0.003471858954249256,ok
crime_3,gradient_boosting,2016-02-10,84,94,0.00017845629547757157,-0.002238010216733622,-0.0024164665122111935,0.0052477669852778516,0.00506931068980028,-0.007485777202011473,ok
crime_3,twfe,2016-02-24,84,94,-9.21064750851992e-05,0.00948519565540842,0.009577302130493619,-9.21064750851992e-05,0.0,0.009577302130493619,ok
crime_3,linear_gap,2016-02-24,84,94,-9.21064750851992e-05,0.00948519565540842,0.009577302130493619,0.0025422055997863166,0.002634312074871516,0.006942990055622103,ok
crime_3,synthetic_control,2016-02-24,84,94,-9.21064750851992e-05,0.00948519565540842,0.009577302130493619,-4.790555740562946e-05,4.4200917679569735e-05,0.00953310121281405,exact_mean_match
crime_3,random_forest,2016-02-24,84,94,-9.21064750851992e-05,0.00948519565540842,0.009577302130493619,0.0007604118236876188,0.0008525182987728179,0.008724783831720801,ok
crime_3,gradient_boosting,2016-02-24,84,94,-9.21064750851992e-05,0.00948519565540842,0.009577302130493619,0.001064384765580123,0.0011564912406653222,0.008420810889828297,ok
crime_3,twfe,2016-03-09,84,94,0.0014794602560560001,0.0011469027426474223,-0.00033255751340857784,0.0014794602560560001,0.0,-0.00033255751340857784,ok
crime_3,linear_gap,2016-03-09,84,94,0.0014794602560560001,0.0011469027426474223,-0.00033255751340857784,0.008393688714697494,0.006914228458641493,-0.007246785972050071,ok
crime_3,synthetic_control,2016-03-09,84,94,0.0014794602560560001,0.0011469027426474223,-0.00033255751340857784,0.0017626791383640074,0.00028321888230800727,-0.0006157763957165851,exact_mean_match
crime_3,random_forest,2016-03-09,84,94,0.0014794602560560001,0.0011469027426474223,-0.00033255751340857784,0.004349007596422172,0.002869547340366172,-0.0032021048537747496,ok
crime_3,gradient_boosting,2016-03-09,84,94,0.0014794602560560001,0.0011469027426474223,-0.00033255751340857784,0.007440356770881294,0.005960896514825294,-0.006293454028233871,ok
crime_3,twfe,2016-03-23,84,94,0.0019217632249547132,-0.0003223726627981955,-0.002244135887752909,0.0019217632249547132,0.0,-0.002244135887752909,ok
crime_3,linear_gap,2016-03-23,84,94,0.0019217632249547132,-0.0003223726627981955,-0.002244135887752909,0.005486772150959025,0.0035650089260043116,-0.00580914481375722,ok
crime_3,synthetic_control,2016-03-23,84,94,0.0019217632249547132,-0.0003223726627981955,-0.002244135887752909,0.0018286771004531951,-9.308612450151807e-05,-0.002151049763251391,exact_mean_match
crime_3,random_forest,2016-03-23,84,94,0.0019217632249547132,-0.0003223726627981955,-0.002244135887752909,0.00047005760982328146,-0.0014517056151314317,-0.0007924302726214773,ok
crime_3,gradient_boosting,2016-03-23,84,94,0.0019217632249547132,-0.0003223726627981955,-0.002244135887752909,0.0019201271941474151,-1.636030807298074e-06,-0.002242499856945611,ok
crime_3,twfe,2016-04-06,84,94,0.0024715237481194915,0.0025913802509547187,0.00011985650283522723,0.0024715237481194915,0.0,0.00011985650283522723,ok
crime_3,linear_gap,2016-04-06,84,94,0.0024715237481194915,0.0025913802509547187,0.00011985650283522723,0.0041838265967859755,0.001712302848666484,-0.0015924463458312568,ok
crime_3,synthetic_control,2016-04-06,84,94,0.0024715237481194915,0.0025913802509547187,0.00011985650283522723,0.0013807548879596421,-0.0010907688601598494,0.0012106253629950766,exact_mean_match
crime_3,random_forest,2016-04-06,84,94,0.0024715237481194915,0.0025913802509547187,0.00011985650283522723,0.001295634723124105,-0.0011758890249953865,0.0012957455278306137,ok
crime_3,gradient_boosting,2016-04-06,84,94,0.0024715237481194915,0.0025913802509547187,0.00011985650283522723,0.0016636159535766337,-0.0008079077945428578,0.000927764297378085,ok
crime_3,twfe,2016-04-20,84,94,0.0030942018973933857,0.0016056638397063923,-0.0014885380576869934,0.0030942018973933857,0.0,-0.0014885380576869934,ok
crime_3,linear_gap,2016-04-20,84,94,0.0030942018973933857,0.0016056638397063923,-0.0014885380576869934,0.0023680846010112454,-0.0007261172963821403,-0.0007624207613048531,ok
crime_3,synthetic_control,2016-04-20,84,94,0.0030942018973933857,0.0016056638397063923,-0.0014885380576869934,0.003006385983561741,-8.781591383164467e-05,-0.0014007221438553487,exact_mean_match
crime_3,random_forest,2016-04-20,84,94,0.0030942018973933857,0.0016056638397063923,-0.0014885380576869934,0.0020188469142788236,-0.0010753549831145621,-0.00041318307457243126,ok
crime_3,gradient_boosting,2016-04-20,84,94,0.0030942018973933857,0.0016056638397063923,-0.0014885380576869934,0.002413946564808276,-0.0006802553325851099,-0.0008082827251018835,ok
crime_3,twfe,2016-05-04,84,94,0.0022441358877529085,0.005226156821901503,0.002982020934148594,0.0022441358877529085,0.0,0.002982020934148594,ok
crime_3,linear_gap,2016-05-04,84,94,0.0022441358877529085,0.005226156821901503,0.002982020934148594,0.0021188659412138037,-0.0001252699465391048,0.003107290880687699,ok
crime_3,synthetic_control,2016-05-04,84,94,0.0022441358877529085,0.005226156821901503,0.002982020934148594,0.0007872789034332108,-0.0014568569843196977,0.004438877918468292,exact_mean_match
crime_3,random_forest,2016-05-04,84,94,0.0022441358877529085,0.005226156821901503,0.002982020934148594,0.0009394084202980652,-0.0013047274674548434,0.004286748401603438,ok
crime_3,gradient_boosting,2016-05-04,84,94,0.0022441358877529085,0.005226156821901503,0.002982020934148594,0.001250056295361585,-0.0009940795923913234,0.003976100526539917,ok
crime_3,twfe,2016-05-18,84,94,0.0033993045961131065,-0.0005579526856122606,-0.0039572572817253675,0.0033993045961131065,0.0,-0.0039572572817253675,ok
crime_3,linear_gap,2016-05-18,84,94,0.0033993045961131065,-0.0005579526856122606,-0.0039572572817253675,0.0018425382582502022,-0.0015567663378629043,-0.002400490943862463,ok
crime_3,synthetic_control,2016-05-18,84,94,0.0033993045961131065,-0.0005579526856122606,-0.0039572572817253675,0.0037724589308646573,0.0003731543347515508,-0.004330411616476918,exact_mean_match
crime_3,random_forest,2016-05-18,84,94,0.0033993045961131065,-0.0005579526856122606,-0.0039572572817253675,0.002862665533485848,-0.0005366390626272586,-0.003420618219098109,ok
crime_3,gradient_boosting,2016-05-18,84,94,0.0033993045961131065,-0.0005579526856122606,-0.0039572572817253675,0.0036930414567216577,0.0002937368606085512,-0.004250994142333918,ok
crime_3,twfe,2016-06-01,84,94,0.0018085490159958236,0.009262014581163517,0.007453465565167693,0.0018085490159958236,0.0,0.007453465565167693,ok
crime_3,linear_gap,2016-06-01,84,94,0.0018085490159958236,0.009262014581163517,0.007453465565167693,0.002142882452732176,0.0003343334367363524,0.0071191321284313405,ok
crime_3,synthetic_control,2016-06-01,84,94,0.0018085490159958236,0.009262014581163517,0.007453465565167693,0.001138397011883733,-0.0006701520041120907,0.008123617569279784,exact_mean_match
crime_3,random_forest,2016-06-01,84,94,0.0018085490159958236,0.009262014581163517,0.007453465565167693,0.0005557744453382404,-0.0012527745706575832,0.008706240135825277,ok
crime_3,gradient_boosting,2016-06-01,84,94,0.0018085490159958236,0.009262014581163517,0.007453465565167693,0.0008057987185572465,-0.001002750297438577,0.00845621586260627,ok
crime_3,twfe,2016-06-15,84,94,0.003326386970003991,0.0028827555423300106,-0.0004436314276739803,0.003326386970003991,0.0,-0.0004436314276739803,ok
crime_3,linear_gap,2016-06-15,84,94,0.003326386970003991,0.0028827555423300106,-0.0004436314276739803,0.006546132866620886,0.003219745896616895,-0.003663377324290875,ok
crime_3,synthetic_control,2016-06-15,84,94,0.003326386970003991,0.0028827555423300106,-0.0004436314276739803,0.0022051921467526785,-0.0011211948232513124,0.0006775633955773321,exact_mean_match
crime_3,random_forest,2016-06-15,84,94,0.003326386970003991,0.0028827555423300106,-0.0004436314276739803,0.0029552015733752346,-0.0003711853966287563,-7.2446031045224e-05,ok
crime_3,gradient_boosting,2016-06-15,84,94,0.003326386970003991,0.0028827555423300106,-0.0004436314276739803,0.006000122671227491,0.0026737357012235003,-0.0031173671288974806,ok
crime_3,twfe,2016-06-29,84,94,0.0033609268981609408,0.0009547190398254226,-0.002406207858335518,0.0033609268981609408,0.0,-0.002406207858335518,ok
crime_3,linear_gap,2016-06-29,84,94,0.0033609268981609408,0.0009547190398254226,-0.002406207858335518,0.0050583767106605945,0.0016974498124996537,-0.004103657670835172,ok
crime_3,synthetic_control,2016-06-29,84,94,0.0033609268981609408,0.0009547190398254226,-0.002406207858335518,0.0015243381342777305,-0.0018365887638832103,-0.0005696190944523079,exact_mean_match
crime_3,random_forest,2016-06-29,84,94,0.0033609268981609408,0.0009547190398254226,-0.002406207858335518,0.0023708635308476267,-0.000990063367313314,-0.001416144491022204,ok
crime_3,gradient_boosting,2016-06-29,84,94,0.0033609268981609408,0.0009547190398254226,-0.002406207858335518,0.0055265118195646085,0.0021655849214036677,-0.004571792779739186,ok
crime_3,twfe,2016-07-13,84,94,0.00315272788677044,0.0003843674056440004,-0.00276836048112644,0.00315272788677044,0.0,-0.00276836048112644,ok
crime_3,linear_gap,2016-07-13,84,94,0.00315272788677044,0.0003843674056440004,-0.00276836048112644,0.0033741221994458104,0.00022139431267537016,-0.00298975479380181,ok
crime_3,synthetic_control,2016-07-13,84,94,0.00315272788677044,0.0003843674056440004,-0.00276836048112644,0.005793829756037228,0.0026411018692667878,-0.005409462350393228,exact_mean_match
crime_3,random_forest,2016-07-13,84,94,0.00315272788677044,0.0003843674056440004,-0.00276836048112644,0.0017376888407517564,-0.0014150390460186838,-0.0013533214351077562,ok
crime_3,gradient_boosting,2016-07-13,84,94,0.00315272788677044,0.0003843674056440004,-0.00276836048112644,0.0018145187079677918,-0.0013382091788026484,-0.0014301513023237916,ok
crime_3,twfe,2016-07-27,84,94,0.0029550827423167844,-0.0020148291424887175,-0.004969911884805502,0.0029550827423167844,0.0,-0.004969911884805502,ok
crime_3,linear_gap,2016-07-27,84,94,0.0029550827423167844,-0.0020148291424887175,-0.004969911884805502,-0.00010127975646499994,-0.0030563624987817845,-0.0019135493860237174,ok
crime_3,synthetic_control,2016-07-27,84,94,0.0029550827423167844,-0.0020148291424887175,-0.004969911884805502,0.0036997778967252943,0.0007446951544085099,-0.005714607039214012,exact_mean_match
crime_3,random_forest,2016-07-27,84,94,0.0029550827423167844,-0.0020148291424887175,-0.004969911884805502,0.0006419696135097553,-0.002313113128807029,-0.0026567987559984727,ok
crime_3,gradient_boosting,2016-07-27,84,94,0.0029550827423167844,-0.0020148291424887175,-0.004969911884805502,0.0005348214982781484,-0.002420261244038636,-0.002549650640766866,ok
crime_3,twfe,2016-08-10,84,94,0.001752901353965183,0.002659574468085106,0.0009066731141199229,0.001752901353965183,0.0,0.0009066731141199229,ok
crime_3,linear_gap,2016-08-10,84,94,0.001752901353965183,0.002659574468085106,0.0009066731141199229,-0.0020284574573370888,-0.0037813588113022717,0.004688031925422194,ok
crime_3,synthetic_control,2016-08-10,84,94,0.001752901353965183,0.002659574468085106,0.0009066731141199229,0.0019096563178938215,0.00015675496392863857,0.0007499181501912843,exact_mean_match
crime_3,random_forest,2016-08-10,84,94,0.001752901353965183,0.002659574468085106,0.0009066731141199229,-0.000870933190462781,-0.002623834544427964,0.003530507658547887,ok
crime_3,gradient_boosting,2016-08-10,84,94,0.001752901353965183,0.002659574468085106,0.0009066731141199229,-0.0012967349109057698,-0.003049636264870953,0.003956309378990876,ok
crime_3,twfe,2016-08-24,84,94,0.0022057581898007428,0.0036452908793334323,0.0014395326895326895,0.0022057581898007428,0.0,0.0014395326895326895,ok
crime_3,linear_gap,2016-08-24,84,94,0.0022057581898007428,0.0036452908793334323,0.0014395326895326895,-0.0029908427468314427,-0.005196600936632186,0.006636133626164876,ok
crime_3,synthetic_control,2016-08-24,84,94,0.0022057581898007428,0.0036452908793334323,0.0014395326895326895,0.001427691853760244,-0.0007780663360404988,0.0022175990255731883,exact_mean_match
crime_3,random_forest,2016-08-24,84,94,0.0022057581898007428,0.0036452908793334323,0.0014395326895326895,0.0007742987673862085,-0.0014314594224145343,0.002870992111947224,ok
crime_3,gradient_boosting,2016-08-24,84,94,0.0022057581898007428,0.0036452908793334323,0.0014395326895326895,0.0008223952407771212,-0.0013833629490236216,0.002822895638556311,ok
crime_3,twfe,2016-09-07,84,94,0.0011647631328482386,-0.0026099786738084615,-0.0037747418066567,0.0011647631328482386,0.0,-0.0037747418066567,ok
crime_3,linear_gap,2016-09-07,84,94,0.0011647631328482386,-0.0026099786738084615,-0.0037747418066567,0.0011731705118105938,8.407378962355192e-06,-0.0037831491856190553,ok
crime_3,synthetic_control,2016-09-07,84,94,0.0011647631328482386,-0.0026099786738084615,-0.0037747418066567,0.0008703572170200386,-0.0002944059158281999,-0.0034803358908285,exact_mean_match
crime_3,random_forest,2016-09-07,84,94,0.0011647631328482386,-0.0026099786738084615,-0.0037747418066567,0.0016975870032846828,0.0005328238704364443,-0.004307565677093145,ok
crime_3,gradient_boosting,2016-09-07,84,94,0.0011647631328482386,-0.0026099786738084615,-0.0037747418066567,0.00279375533435306,0.0016289922015048216,-0.005403734008161522,ok
crime_3,twfe,2016-09-21,84,94,0.00022450953302017058,0.001314288548331101,0.0010897790153109304,0.00022450953302017058,0.0,0.0010897790153109304,ok
crime_3,linear_gap,2016-09-21,84,94,0.00022450953302017058,0.001314288548331101,0.0010897790153109304,-0.0007305687171034584,-0.000955078250123629,0.0020448572654345595,ok
crime_3,synthetic_control,2016-09-21,84,94,0.00022450953302017058,0.001314288548331101,0.0010897790153109304,0.00020403897663593372,-2.047055638423686e-05,0.0011102495716951673,exact_mean_match
crime_3,random_forest,2016-09-21,84,94,0.00022450953302017058,0.001314288548331101,0.0010897790153109304,-0.0006271948567945762,-0.0008517043898147468,0.0019414834051256773,ok
crime_3,gradient_boosting,2016-09-21,84,94,0.00022450953302017058,0.001314288548331101,0.0010897790153109304,-0.0012461387814847963,-0.001470648314504967,0.0025604273298158974,ok
crime_3,twfe,2016-10-05,84,94,0.00044326241134751707,0.007972523929970738,0.007529261518623221,0.00044326241134751707,0.0,0.007529261518623221,ok
crime_3,linear_gap,2016-10-05,84,94,0.00044326241134751707,0.007972523929970738,0.007529261518623221,0.0017419222150660914,0.0012986598037185743,0.006230601714904647,ok
crime_3,synthetic_control,2016-10-05,84,94,0.00044326241134751707,0.007972523929970738,0.007529261518623221,0.0002777112197825957,-0.00016555119156492137,0.007694812710188143,exact_mean_match
crime_3,random_forest,2016-10-05,84,94,0.00044326241134751707,0.007972523929970738,0.007529261518623221,0.00039182145546765756,-5.1440955879859514e-05,0.007580702474503081,ok
crime_3,gradient_boosting,2016-10-05,84,94,0.00044326241134751707,0.007972523929970738,0.007529261518623221,0.0014672601529176627,0.0010239977415701456,0.006505263777053075,ok
crime_3,twfe,2016-10-19,84,94,0.0018795477572073312,-0.0009051232455487787,-0.00278467100275611,0.0018795477572073312,0.0,-0.00278467100275611,ok
crime_3,linear_gap,2016-10-19,84,94,0.0018795477572073312,-0.0009051232455487787,-0.00278467100275611,0.00693154177568699,0.0050519940184796585,-0.007836665021235768,ok
crime_3,synthetic_control,2016-10-19,84,94,0.0018795477572073312,-0.0009051232455487787,-0.00278467100275611,0.0018192583095367684,-6.0289447670562775e-05,-0.002724381555085547,exact_mean_match
crime_3,random_forest,2016-10-19,84,94,0.0018795477572073312,-0.0009051232455487787,-0.00278467100275611,0.004371310408798242,0.0024917626515909112,-0.0052764336543470215,ok
crime_3,gradient_boosting,2016-10-19,84,94,0.0018795477572073312,-0.0009051232455487787,-0.00278467100275611,0.007659892582305501,0.00578034482509817,-0.00856501582785428,ok
crime_3,twfe,2016-11-02,84,94,0.0019524653833164467,0.0035337003422109795,0.0015812349588945327,0.0019524653833164467,0.0,0.0015812349588945327,ok
crime_3,linear_gap,2016-11-02,84,94,0.0019524653833164467,0.0035337003422109795,0.0015812349588945327,0.0029997445560605777,0.001047279172744131,0.0005339557861504017,ok
crime_3,synthetic_control,2016-11-02,84,94,0.0019524653833164467,0.0035337003422109795,0.0015812349588945327,0.0022470701257785303,0.0002946047424620835,0.0012866302164324492,exact_mean_match
crime_3,random_forest,2016-11-02,84,94,0.0019524653833164467,0.0035337003422109795,0.0015812349588945327,-0.00012635811458356022,-0.002078823497900007,0.0036600584567945396,ok
crime_3,gradient_boosting,2016-11-02,84,94,0.0019524653833164467,0.0035337003422109795,0.0015812349588945327,0.0004809177129914067,-0.00147154767032504,0.0030527826292195727,ok
crime_3,twfe,2016-11-16,84,94,0.002549238586472629,0.0009671179883945836,-0.0015821205980780452,0.002549238586472629,0.0,-0.0015821205980780452,ok
crime_3,linear_gap,2016-11-16,84,94,0.002549238586472629,0.0009671179883945836,-0.0015821205980780452,0.005870994014499442,0.003321755428026813,-0.004903876026104858,ok
crime_3,synthetic_control,2016-11-16,84,94,0.002549238586472629,0.0009671179883945836,-0.0015821205980780452,0.002660658157217409,0.00011141957074478018,-0.0016935401688228254,exact_mean_match
crime_3,random_forest,2016-11-16,84,94,0.002549238586472629,0.0009671179883945836,-0.0015821205980780452,0.0030035594774182445,0.0004543208909456157,-0.002036441489023661,ok
crime_3,gradient_boosting,2016-11-16,84,94,0.002549238586472629,0.0009671179883945836,-0.0015821205980780452,0.005226148481503766,0.0026769098950311368,-0.004259030493109182,ok
crime_3,twfe,2016-11-30,84,94,0.00199947806330785,0.003242325050835689,0.0012428469875278387,0.00199947806330785,0.0,0.0012428469875278387,ok
crime_3,linear_gap,2016-11-30,84,94,0.00199947806330785,0.003242325050835689,0.0012428469875278387,0.004325519576226312,0.002326041512918462,-0.0010831945253906234,ok
crime_3,synthetic_control,2016-11-30,84,94,0.00199947806330785,0.003242325050835689,0.0012428469875278387,0.0020564475178371736,5.69694545293235e-05,0.0011858775329985152,exact_mean_match
crime_3,random_forest,2016-11-30,84,94,0.00199947806330785,0.003242325050835689,0.0012428469875278387,0.001368427222394451,-0.0006310508409133992,0.001873897828441238,ok
crime_3,gradient_boosting,2016-11-30,84,94,0.00199947806330785,0.003242325050835689,0.0012428469875278387,0.0015031892385500825,-0.0004962888247577676,0.0017391358122856063,ok
crime_3,twfe,2016-12-14,84,94,0.0028150041447913784,0.005585726330407179,0.0027707221856158007,0.0028150041447913784,0.0,0.0027707221856158007,ok
crime_3,linear_gap,2016-12-14,84,94,0.0028150041447913784,0.005585726330407179,0.0027707221856158007,0.0011963034485724517,-0.0016187006962189267,0.004389422881834727,ok
crime_3,synthetic_control,2016-12-14,84,94,0.0028150041447913784,0.005585726330407179,0.0027707221856158007,0.0022761611076252755,-0.0005388430371661029,0.0033095652227819036,exact_mean_match
crime_3,random_forest,2016-12-14,84,94,0.0028150041447913784,0.005585726330407179,0.0027707221856158007,0.0011104583540514324,-0.001704545790739946,0.004475267976355747,ok
crime_3,gradient_boosting,2016-12-14,84,94,0.0028150041447913784,0.005585726330407179,0.0027707221856158007,0.0015681537854071235,-0.0012468503593842549,0.004017572545000056,ok
crime_3,twfe,2016-12-28,84,94,0.003484694974056675,0.009968754649605715,0.006484059675549039,0.003484694974056675,0.0,0.006484059675549039,ok
crime_3,linear_gap,2016-12-28,84,94,0.003484694974056675,0.009968754649605715,0.006484059675549039,0.0033832459345775772,-0.00010144903947909793,0.006585508715028137,ok
crime_3,synthetic_control,2016-12-28,84,94,0.003484694974056675,0.009968754649605715,0.006484059675549039,0.0031921002070472333,-0.0002925947670094418,0.006776654442558481,exact_mean_match
crime_3,random_forest,2016-12-28,84,94,0.003484694974056675,0.009968754649605715,0.006484059675549039,0.002908366701953934,-0.000576328272102741,0.0070603879476517795,ok
crime_3,gradient_boosting,2016-12-28,84,94,0.003484694974056675,0.009968754649605715,0.006484059675549039,0.004631014368179974,0.0011463193941232985,0.005337740281425741,ok
crime_3,twfe,2017-01-11,84,94,0.003576801449141873,-0.0004339631999206477,-0.004010764649062521,0.003576801449141873,0.0,-0.004010764649062521,ok
crime_3,linear_gap,2017-01-11,84,94,0.003576801449141873,-0.0004339631999206477,-0.004010764649062521,0.008731645736927683,0.00515484428778581,-0.00916560893684833,ok
crime_3,synthetic_control,2017-01-11,84,94,0.003576801449141873,-0.0004339631999206477,-0.004010764649062521,0.004840698965833544,0.0012638975166916712,-0.005274662165754192,exact_mean_match
crime_3,random_forest,2017-01-11,84,94,0.003576801449141873,-0.0004339631999206477,-0.004010764649062521,0.003409509006834593,-0.00016729244230728009,-0.0038434722067552407,ok
crime_3,gradient_boosting,2017-01-11,84,94,0.003576801449141873,-0.0004339631999206477,-0.004010764649062521,0.0062906402677578984,0.0027138388186160253,-0.006724603467678546,ok
crime_3,twfe,2017-01-25,84,94,0.0041198458751650225,0.0028393592223379446,-0.001280486652827078,0.0041198458751650225,0.0,-0.001280486652827078,ok
crime_3,linear_gap,2017-01-25,84,94,0.0041198458751650225,0.0028393592223379446,-0.001280486652827078,0.005202155793585636,0.001082309918420614,-0.002362796571247692,ok
crime_3,synthetic_control,2017-01-25,84,94,0.0041198458751650225,0.0028393592223379446,-0.001280486652827078,0.004820730662201031,0.0007008847870360081,-0.001981371439863086,exact_mean_match
crime_3,random_forest,2017-01-25,84,94,0.0041198458751650225,0.0028393592223379446,-0.001280486652827078,0.0022626082303681704,-0.001857237644796852,0.0005767509919697741,ok
crime_3,gradient_boosting,2017-01-25,84,94,0.0041198458751650225,0.0028393592223379446,-0.001280486652827078,0.0016126545317969195,-0.002507191343368103,0.0012267046905410249,ok
crime_3,twfe,2017-02-08,84,94,0.0033618863406097445,0.007389773347220156,0.004027887006610411,0.0033618863406097445,0.0,0.004027887006610411,ok
crime_3,linear_gap,2017-02-08,84,94,0.0033618863406097445,0.007389773347220156,0.004027887006610411,0.004058577810623635,0.0006966914700138904,0.0033311955365965206,ok
crime_3,synthetic_control,2017-02-08,84,94,0.0033618863406097445,0.007389773347220156,0.004027887006610411,0.0019099727296966428,-0.0014519136109131018,0.005479800617523513,exact_mean_match
crime_3,random_forest,2017-02-08,84,94,0.0033618863406097445,0.007389773347220156,0.004027887006610411,0.0024665860214253873,-0.0008953003191843572,0.004923187325794769,ok
crime_3,gradient_boosting,2017-02-08,84,94,0.0033618863406097445,0.007389773347220156,0.004027887006610411,0.0027585719690271866,-0.0006033143715825579,0.004631201378192969,ok
crime_3,twfe,2017-02-22,84,94,0.004617796506094379,0.0031865297822744614,-0.0014312667238199172,0.004617796506094379,0.0,-0.0014312667238199172,ok
crime_3,linear_gap,2017-02-22,84,94,0.004617796506094379,0.0031865297822744614,-0.0014312667238199172,0.004974549620063675,0.00035675311396929626,-0.0017880198377892135,ok
crime_3,synthetic_control,2017-02-22,84,94,0.004617796506094379,0.0031865297822744614,-0.0014312667238199172,0.004130422092570673,-0.00048737441352370535,-0.0009438923102962119,exact_mean_match
crime_3,random_forest,2017-02-22,84,94,0.004617796506094379,0.0031865297822744614,-0.0014312667238199172,0.004483831341209912,-0.00013396516488446697,-0.0012973015589354503,ok
crime_3,gradient_boosting,2017-02-22,84,94,0.004617796506094379,0.0031865297822744614,-0.0014312667238199172,0.005520798608917878,0.0009030021028234997,-0.002334268826643417,ok
crime_3,twfe,2017-03-08,84,94,0.004916183107672468,-0.0031121360908594946,-0.008028319198531962,0.004916183107672468,0.0,-0.008028319198531962,ok
crime_3,linear_gap,2017-03-08,84,94,0.004916183107672468,-0.0031121360908594946,-0.008028319198531962,0.0024561840232871293,-0.002459999084385339,-0.0055683201141466234,ok
crime_3,synthetic_control,2017-03-08,84,94,0.004916183107672468,-0.0031121360908594946,-0.008028319198531962,0.007738185753570586,0.0028220026458981176,-0.010850321844430081,exact_mean_match
crime_3,random_forest,2017-03-08,84,94,0.004916183107672468,-0.0031121360908594946,-0.008028319198531962,0.002385404523569203,-0.0025307785841032653,-0.005497540614428698,ok
crime_3,gradient_boosting,2017-03-08,84,94,0.004916183107672468,-0.0031121360908594946,-0.008028319198531962,0.003981487865190236,-0.0009346952424822324,-0.00709362395604973,ok
crime_3,twfe,2017-03-22,84,94,0.0030462297749531786,0.0015498685711451655,-0.001496361203808013,0.0030462297749531786,0.0,-0.001496361203808013,ok
crime_3,linear_gap,2017-03-22,84,94,0.0030462297749531786,0.0015498685711451655,-0.001496361203808013,-0.0027170285037417924,-0.005763258278694971,0.004266897074886958,ok
crime_3,synthetic_control,2017-03-22,84,94,0.0030462297749531786,0.0015498685711451655,-0.001496361203808013,0.002892977438533277,-0.00015325233641990147,-0.0013431088673881116,exact_mean_match
crime_3,random_forest,2017-03-22,84,94,0.0030462297749531786,0.0015498685711451655,-0.001496361203808013,-0.001185199468872799,-0.004231429243825978,0.002735068040017965,ok
crime_3,gradient_boosting,2017-03-22,84,94,0.0030462297749531786,0.0015498685711451655,-0.001496361203808013,-0.002791467565247362,-0.005837697340200541,0.004341336136392528,ok
crime_3,twfe,2017-04-05,84,94,0.0017970357066101736,0.0,-0.0017970357066101736,0.0017970357066101736,0.0,-0.0017970357066101736,ok
crime_3,linear_gap,2017-04-05,84,94,0.0017970357066101736,0.0,-0.0017970357066101736,-0.0005937426243184325,-0.0023907783309286062,0.0005937426243184326,ok
crime_3,synthetic_control,2017-04-05,84,94,0.0017970357066101736,0.0,-0.0017970357066101736,0.0,-0.0017970357066101736,0.0,exact_mean_match
crime_3,random_forest,2017-04-05,84,94,0.0017970357066101736,0.0,-0.0017970357066101736,-5.3319248164609375e-06,-0.0018023676314266345,5.3319248164609544e-06,ok
crime_3,gradient_boosting,2017-04-05,84,94,0.0017970357066101736,0.0,-0.0017970357066101736,-0.0005293502397645046,-0.002326385946374678,0.0005293502397645045,ok
crime_3,twfe,2017-04-19,84,94,0.0014928924503392583,-0.000985716411248326,-0.0024786088615875845,0.0014928924503392583,0.0,-0.0024786088615875845,ok
crime_3,linear_gap,2017-04-19,84,94,0.0014928924503392583,-0.000985716411248326,-0.0024786088615875845,-0.0019995327706233824,-0.003492425220962641,0.0010138163593750565,ok
crime_3,synthetic_control,2017-04-19,84,94,0.0014928924503392583,-0.000985716411248326,-0.0024786088615875845,0.00014020805065405057,-0.0013526843996852077,-0.0011259244619023767,exact_mean_match
crime_3,random_forest,2017-04-19,84,94,0.0014928924503392583,-0.000985716411248326,-0.0024786088615875845,-1.5225747852031127e-05,-0.0015081181981912895,-0.000970490663396295,ok
crime_3,gradient_boosting,2017-04-19,84,94,0.0014928924503392583,-0.000985716411248326,-0.0024786088615875845,-0.000579169632322688,-0.0020720620826619462,-0.0004065467789256382,ok
crime_3,twfe,2017-05-03,84,94,0.0012530318381382207,0.005542330010415116,0.0042892981722768946,0.0012530318381382207,0.0,0.0042892981722768946,ok
crime_3,linear_gap,2017-05-03,84,94,0.0012530318381382207,0.005542330010415116,0.0042892981722768946,-0.003328989696345744,-0.004582021534483964,0.008871319706760859,ok
crime_3,synthetic_control,2017-05-03,84,94,0.0012530318381382207,0.005542330010415116,0.0042892981722768946,0.00061625562604797,-0.0006367762120902507,0.004926074384367145,exact_mean_match
crime_3,random_forest,2017-05-03,84,94,0.0012530318381382207,0.005542330010415116,0.0042892981722768946,-7.227802577171903e-05,-0.0013253098639099397,0.005614608036186834,ok
crime_3,gradient_boosting,2017-05-03,84,94,0.0012530318381382207,0.005542330010415116,0.0042892981722768946,1.3629489919462549e-05,-0.0012394023482187582,0.005528700520495653,ok
crime_3,twfe,2017-05-17,84,94,0.0013019634030272322,0.000867926399841292,-0.0004340370031859402,0.0013019634030272322,0.0,-0.0004340370031859402,ok
crime_3,linear_gap,2017-05-17,84,94,0.0013019634030272322,0.000867926399841292,-0.0004340370031859402,0.004032399844035015,0.0027304364410077834,-0.0031644734441937236,ok
crime_3,synthetic_control,2017-05-17,84,94,0.0013019634030272322,0.000867926399841292,-0.0004340370031859402,0.0013077142969075695,5.750893880337267e-06,-0.00043978789706627746,exact_mean_match
crime_3,random_forest,2017-05-17,84,94,0.0013019634030272322,0.000867926399841292,-0.0004340370031859402,0.003596927876807374,0.002294964473780142,-0.002729001476966082,ok
crime_3,gradient_boosting,2017-05-17,84,94,0.0013019634030272322,0.000867926399841292,-0.0004340370031859402,0.006051906693666245,0.004749943290639013,-0.0051839802938249534,ok
crime_3,twfe,2017-05-31,84,94,0.0008615793190261268,0.008108912364231512,0.007247333045205385,0.0008615793190261268,0.0,0.007247333045205385,ok
crime_3,linear_gap,2017-05-31,84,94,0.0008615793190261268,0.008108912364231512,0.007247333045205385,0.005005856655536761,0.004144277336510634,0.0031030557086947517,ok
crime_3,synthetic_control,2017-05-31,84,94,0.0008615793190261268,0.008108912364231512,0.007247333045205385,0.0010393289900985855,0.00017774967107245872,0.007069583374132927,exact_mean_match
crime_3,random_forest,2017-05-31,84,94,0.0008615793190261268,0.008108912364231512,0.007247333045205385,0.0012804028295057026,0.00041882351047957574,0.00682850953472581,ok
crime_3,gradient_boosting,2017-05-31,84,94,0.0008615793190261268,0.008108912364231512,0.007247333045205385,0.00239779887602947,0.001536219557003343,0.0057111134882020425,ok
crime_3,twfe,2017-06-14,84,94,0.0030769319333149117,0.009107027724048998,0.006030095790734087,0.0030769319333149117,0.0,0.006030095790734087,ok
crime_3,linear_gap,2017-06-14,84,94,0.0030769319333149117,0.009107027724048998,0.006030095790734087,0.007821215881772344,0.0047442839484574326,0.0012858118422766542,ok
crime_3,synthetic_control,2017-06-14,84,94,0.0030769319333149117,0.009107027724048998,0.006030095790734087,0.0037014034989128718,0.0006244715655979601,0.005405624225136126,exact_mean_match
crime_3,random_forest,2017-06-14,84,94,0.0030769319333149117,0.009107027724048998,0.006030095790734087,0.00566711976984809,0.002590187836533178,0.0034399079542009087,ok
crime_3,gradient_boosting,2017-06-14,84,94,0.0030769319333149117,0.009107027724048998,0.006030095790734087,0.0075064980117331755,0.004429566078418264,0.0016005297123158225,ok
crime_3,twfe,2017-06-28,84,94,0.00458133769303982,0.01050810891236423,0.005926771219324409,0.00458133769303982,0.0,0.005926771219324409,ok
crime_3,linear_gap,2017-06-28,84,94,0.00458133769303982,0.01050810891236423,0.005926771219324409,0.01237750020483244,0.00779616251179262,-0.0018693912924682109,ok
crime_3,synthetic_control,2017-06-28,84,94,0.00458133769303982,0.01050810891236423,0.005926771219324409,0.006261868296747058,0.0016805306037072374,0.004246240615617172,exact_mean_match
crime_3,random_forest,2017-06-28,84,94,0.00458133769303982,0.01050810891236423,0.005926771219324409,0.008332719747733672,0.003751382054693852,0.0021753891646305572,ok
crime_3,gradient_boosting,2017-06-28,84,94,0.00458133769303982,0.01050810891236423,0.005926771219324409,0.011323939167981788,0.006742601474941968,-0.0008158302556175584,ok
crime_3,twfe,2017-07-12,84,94,0.006452250468207914,0.009565788821107968,0.0031135383529000546,0.006452250468207914,0.0,0.0031135383529000546,ok
crime_3,linear_gap,2017-07-12,84,94,0.006452250468207914,0.009565788821107968,0.0031135383529000546,0.014365555793542688,0.007913305325334775,-0.004799766972434721,ok
crime_3,synthetic_control,2017-07-12,84,94,0.006452250468207914,0.009565788821107968,0.0031135383529000546,0.004649211071451316,-0.0018030393967565983,0.004916577749656653,exact_mean_match
crime_3,random_forest,2017-07-12,84,94,0.006452250468207914,0.009565788821107968,0.0031135383529000546,0.00922541997268404,0.0027731695044761256,0.00034036884842392895,ok
crime_3,gradient_boosting,2017-07-12,84,94,0.006452250468207914,0.009565788821107968,0.0031135383529000546,0.010451387934161374,0.0039991374659534605,-0.000885599113053406,ok
crime_3,twfe,2017-07-26,84,94,0.00808522151607258,0.00892724296979616,0.0008420214537235796,0.00808522151607258,0.0,0.0008420214537235796,ok
crime_3,linear_gap,2017-07-26,84,94,0.00808522151607258,0.00892724296979616,0.0008420214537235796,0.013060988631960204,0.004975767115887623,-0.0041337456621640435,ok
crime_3,synthetic_control,2017-07-26,84,94,0.00808522151607258,0.00892724296979616,0.0008420214537235796,0.006504698076893913,-0.0015805234391786677,0.0024225448929022474,exact_mean_match
crime_3,random_forest,2017-07-26,84,94,0.00808522151607258,0.00892724296979616,0.0008420214537235796,0.008518781827606228,0.00043356031153364734,0.0004084611421899323,ok
crime_3,gradient_boosting,2017-07-26,84,94,0.00808522151607258,0.00892724296979616,0.0008420214537235796,0.00919749322307302,0.0011122717070004388,-0.0002702502532768592,ok
crime_3,twfe,2017-08-09,84,94,0.008482430689877496,0.0072347864901056375,-0.0012476441997718588,0.008482430689877496,0.0,-0.0012476441997718588,ok
crime_3,linear_gap,2017-08-09,84,94,0.008482430689877496,0.0072347864901056375,-0.0012476441997718588,0.014162175670879722,0.005679744981002226,-0.006927389180774085,ok
crime_3,synthetic_control,2017-08-09,84,94,0.008482430689877496,0.0072347864901056375,-0.0012476441997718588,0.008968909358296931,0.00048647866841943464,-0.0017341228681912934,exact_mean_match
crime_3,random_forest,2017-08-09,84,94,0.008482430689877496,0.0072347864901056375,-0.0012476441997718588,0.009703504170909856,0.0012210734810323594,-0.002468717680804218,ok
crime_3,gradient_boosting,2017-08-09,84,94,0.008482430689877496,0.0072347864901056375,-0.0012476441997718588,0.01067958616793723,0.0021971554780597334,-0.003444799677831592,ok
crime_3,twfe,2017-08-23,84,94,0.009323861717478737,0.006472251153102215,-0.002851610564376522,0.009323861717478737,0.0,-0.002851610564376522,ok
crime_3,linear_gap,2017-08-23,84,94,0.009323861717478737,0.006472251153102215,-0.002851610564376522,0.008886117519505401,-0.00043774419797333597,-0.002413866366403186,ok
crime_3,synthetic_control,2017-08-23,84,94,0.009323861717478737,0.006472251153102215,-0.002851610564376522,0.007520653049927184,-0.0018032086675515528,-0.0010484018968249693,exact_mean_match
crime_3,random_forest,2017-08-23,84,94,0.009323861717478737,0.006472251153102215,-0.002851610564376522,0.007270501555429538,-0.0020533601620491993,-0.0007982504023273228,ok
crime_3,gradient_boosting,2017-08-23,84,94,0.009323861717478737,0.006472251153102215,-0.002851610564376522,0.008403203163760366,-0.000920658553718371,-0.0019309520106581511,ok
crime_3,twfe,2017-09-06,84,94,0.009278767922384943,0.013713237117492434,0.004434469195107491,0.009278767922384943,0.0,0.004434469195107491,ok
crime_3,linear_gap,2017-09-06,84,94,0.009278767922384943,0.013713237117492434,0.004434469195107491,0.007383464458304504,-0.001895303464080439,0.00632977265918793,ok
crime_3,synthetic_control,2017-09-06,84,94,0.009278767922384943,0.013713237117492434,0.004434469195107491,0.007075965348071641,-0.002202802574313302,0.006637271769420793,exact_mean_match
crime_3,random_forest,2017-09-06,84,94,0.009278767922384943,0.013713237117492434,0.004434469195107491,0.004888348487012953,-0.00439041943537199,0.00882488863047948,ok
crime_3,gradient_boosting,2017-09-06,84,94,0.009278767922384943,0.013713237117492434,0.004434469195107491,0.007287657456880661,-0.0019911104655042818,0.006425579660611773,ok
crime_3,twfe,2017-09-20,84,94,0.009639518283135305,0.008456082924168029,-0.001183435358967276,0.009639518283135305,0.0,-0.001183435358967276,ok
crime_3,linear_gap,2017-09-20,84,94,0.009639518283135305,0.008456082924168029,-0.001183435358967276,0.01016329799249007,0.0005237797093547644,-0.0017072150683220405,ok
crime_3,synthetic_control,2017-09-20,84,94,0.009639518283135305,0.008456082924168029,-0.001183435358967276,0.008227633389733419,-0.0014118848934018859,0.00022844953443460977,exact_mean_match
crime_3,random_forest,2017-09-20,84,94,0.009639518283135305,0.008456082924168029,-0.001183435358967276,0.00881382520865881,-0.000825693074476495,-0.00035774228449078106,ok
crime_3,gradient_boosting,2017-09-20,84,94,0.009639518283135305,0.008456082924168029,-0.001183435358967276,0.011570412022148424,0.0019308937390131193,-0.0031143290979803954,ok
crime_3,twfe,2017-10-04,84,94,0.009195296429338981,0.009801368843922032,0.0006060724145830511,0.009195296429338981,0.0,0.0006060724145830511,ok
crime_3,linear_gap,2017-10-04,84,94,0.009195296429338981,0.009801368843922032,0.0006060724145830511,0.010282650775137006,0.0010873543457980243,-0.00048128193121497326,ok
crime_3,synthetic_control,2017-10-04,84,94,0.009195296429338981,0.009801368843922032,0.0006060724145830511,0.006844642063587215,-0.0023506543657517663,0.0029567267803348174,exact_mean_match
crime_3,random_forest,2017-10-04,84,94,0.009195296429338981,0.009801368843922032,0.0006060724145830511,0.008936392769292848,-0.00025890366004613363,0.0008649760746291847,ok
crime_3,gradient_boosting,2017-10-04,84,94,0.009195296429338981,0.009801368843922032,0.0006060724145830511,0.009651141127295086,0.00045584469795610476,0.00015022771662694633,ok
crime_3,twfe,2017-10-18,84,94,0.00923175524239354,0.002213212319595298,-0.007018542922798242,0.00923175524239354,0.0,-0.007018542922798242,ok
crime_3,linear_gap,2017-10-18,84,94,0.00923175524239354,0.002213212319595298,-0.007018542922798242,0.010432889450148778,0.001201134207755238,-0.00821967713055348,ok
crime_3,synthetic_control,2017-10-18,84,94,0.00923175524239354,0.002213212319595298,-0.007018542922798242,0.00946647798839791,0.0002347227460043691,-0.0072532656688026114,exact_mean_match
crime_3,random_forest,2017-10-18,84,94,0.00923175524239354,0.002213212319595298,-0.007018542922798242,0.004994489870041954,-0.004237265372351587,-0.0027812775504466557,ok
crime_3,gradient_boosting,2017-10-18,84,94,0.00923175524239354,0.002213212319595298,-0.007018542922798242,0.007410323490704796,-0.0018214317516887443,-0.005197111171109498,ok
crime_3,twfe,2017-11-01,84,94,0.008156220257284085,0.009107027724049,0.0009508074667649146,0.008156220257284085,0.0,0.0009508074667649146,ok
crime_3,linear_gap,2017-11-01,84,94,0.008156220257284085,0.009107027724049,0.0009508074667649146,0.006583760145358114,-0.0015724601119259714,0.002523267578690886,ok
crime_3,synthetic_control,2017-11-01,84,94,0.008156220257284085,0.009107027724049,0.0009508074667649146,0.008363309676306508,0.00020708941902242324,0.0007437180477424914,exact_mean_match
crime_3,random_forest,2017-11-01,84,94,0.008156220257284085,0.009107027724049,0.0009508074667649146,0.0034247530674845613,-0.004731467189799524,0.005682274656564438,ok
crime_3,gradient_boosting,2017-11-01,84,94,0.008156220257284085,0.009107027724049,0.0009508074667649146,0.0029189686492829855,-0.005237251608001099,0.006188059074766014,ok
crime_3,twfe,2017-11-15,84,94,0.008184044088299406,0.005653920547537569,-0.002530123540761837,0.008184044088299406,0.0,-0.002530123540761837,ok
crime_3,linear_gap,2017-11-15,84,94,0.008184044088299406,0.005653920547537569,-0.002530123540761837,0.003567832546035191,-0.004616211542264215,0.002086088001502378,ok
crime_3,synthetic_control,2017-11-15,84,94,0.008184044088299406,0.005653920547537569,-0.002530123540761837,0.006004517124833219,-0.0021795269634661864,-0.0003505965772956504,exact_mean_match
crime_3,random_forest,2017-11-15,84,94,0.008184044088299406,0.005653920547537569,-0.002530123540761837,0.004683239436212728,-0.0035008046520866778,0.000970681111324841,ok
crime_3,gradient_boosting,2017-11-15,84,94,0.008184044088299406,0.005653920547537569,-0.002530123540761837,0.005158236524233398,-0.0030258075640660076,0.0004956840233041708,ok
crime_3,twfe,2017-11-29,84,94,0.007975845076908905,0.007581957050042156,-0.0003938880268667495,0.007975845076908905,0.0,-0.0003938880268667495,ok
crime_3,linear_gap,2017-11-29,84,94,0.007975845076908905,0.007581957050042156,-0.0003938880268667495,0.003502278731039323,-0.004473566345869582,0.004079678319002833,ok
crime_3,synthetic_control,2017-11-29,84,94,0.007975845076908905,0.007581957050042156,-0.0003938880268667495,0.008816519933147322,0.0008406748562384166,-0.001234562883105166,exact_mean_match
crime_3,random_forest,2017-11-29,84,94,0.007975845076908905,0.007581957050042156,-0.0003938880268667495,0.005905989806257751,-0.002069855270651154,0.0016759672437844046,ok
crime_3,gradient_boosting,2017-11-29,84,94,0.007975845076908905,0.007581957050042156,-0.0003938880268667495,0.006416518940882903,-0.0015593261360260019,0.0011654381091592524,ok
crime_3,twfe,2017-12-13,84,94,0.007198696693377541,0.006001091107474085,-0.001197605585903456,0.007198696693377541,0.0,-0.001197605585903456,ok
crime_3,linear_gap,2017-12-13,84,94,0.007198696693377541,0.006001091107474085,-0.001197605585903456,0.00579270268490622,-0.0014059940084713216,0.00020838842256786557,ok
crime_3,synthetic_control,2017-12-13,84,94,0.007198696693377541,0.006001091107474085,-0.001197605585903456,0.006317317555145214,-0.0008813791382323273,-0.00031622644767112865,exact_mean_match
crime_3,random_forest,2017-12-13,84,94,0.007198696693377541,0.006001091107474085,-0.001197605585903456,0.0067137164919691085,-0.0004849802014084328,-0.0007126253844950232,ok
crime_3,gradient_boosting,2017-12-13,84,94,0.007198696693377541,0.006001091107474085,-0.001197605585903456,0.007804778767476513,0.0006060820740989717,-0.0018036876600024277,ok
crime_3,twfe,2017-12-27,84,94,0.007162237880322984,0.009175221941179387,0.002012984060856403,0.007162237880322984,0.0,0.002012984060856403,ok
crime_3,linear_gap,2017-12-27,84,94,0.007162237880322984,0.009175221941179387,0.002012984060856403,0.007177090916489811,1.4853036166826913e-05,0.001998131024689576,ok
crime_3,synthetic_control,2017-12-27,84,94,0.007162237880322984,0.009175221941179387,0.002012984060856403,0.00863631734237514,0.0014740794620521558,0.0005389045988042473,exact_mean_match
crime_3,random_forest,2017-12-27,84,94,0.007162237880322984,0.009175221941179387,0.002012984060856403,0.0063776413392165,-0.0007845965411064837,0.0027975806019628867,ok
crime_3,gradient_boosting,2017-12-27,84,94,0.007162237880322984,0.009175221941179387,0.002012984060856403,0.008555578760746132,0.0013933408804231483,0.0006196431804332547,ok
crime_3,twfe,2018-01-10,84,94,0.007571919805962358,0.010867678420869907,0.0032957586149075487,0.007571919805962358,0.0,0.0032957586149075487,ok
crime_3,linear_gap,2018-01-10,84,94,0.007571919805962358,0.010867678420869907,0.0032957586149075487,0.012925178237259766,0.005353258431297408,-0.0020574998163898593,ok
crime_3,synthetic_control,2018-01-10,84,94,0.007571919805962358,0.010867678420869907,0.0032957586149075487,0.007631485072849234,5.9565266886875586e-05,0.003236193348020673,exact_mean_match
crime_3,random_forest,2018-01-10,84,94,0.007571919805962358,0.010867678420869907,0.0032957586149075487,0.01015720474408735,0.002585284938124992,0.0007104736767825567,ok
crime_3,gradient_boosting,2018-01-10,84,94,0.007571919805962358,0.010867678420869907,0.0032957586149075487,0.01302606009972532,0.005454140293762962,-0.0021583816788554137,ok
crime_3,twfe,2018-01-24,84,94,0.008866207669399159,0.016112433665625155,0.007246225996225996,0.008866207669399159,0.0,0.007246225996225996,ok
crime_3,linear_gap,2018-01-24,84,94,0.008866207669399159,0.016112433665625155,0.007246225996225996,0.013348181394231079,0.00448197372483192,0.0027642522713940756,ok
crime_3,synthetic_control,2018-01-24,84,94,0.008866207669399159,0.016112433665625155,0.007246225996225996,0.007896500157191302,-0.0009697075122078562,0.008215933508433852,exact_mean_match
crime_3,random_forest,2018-01-24,84,94,0.008866207669399159,0.016112433665625155,0.007246225996225996,0.008258618001694057,-0.0006075896677051017,0.007853815663931098,ok
crime_3,gradient_boosting,2018-01-24,84,94,0.008866207669399159,0.016112433665625155,0.007246225996225996,0.012342627423760053,0.0034764197543608946,0.0037698062418651014,ok
crime_3,twfe,2018-02-07,84,94,0.010212305425071382,0.008567673461290481,-0.0016446319637809011,0.010212305425071382,0.0,-0.0016446319637809011,ok
crime_3,linear_gap,2018-02-07,84,94,0.010212305425071382,0.008567673461290481,-0.0016446319637809011,0.015052153247734255,0.004839847822662873,-0.006484479786443774,ok
crime_3,synthetic_control,2018-02-07,84,94,0.010212305425071382,0.008567673461290481,-0.0016446319637809011,0.006030739759316931,-0.0041815656657544515,0.0025369337019735504,exact_mean_match
crime_3,random_forest,2018-02-07,84,94,0.010212305425071382,0.008567673461290481,-0.0016446319637809011,0.008530808813321973,-0.0016814966117494091,3.686464796850801e-05,ok
crime_3,gradient_boosting,2018-02-07,84,94,0.010212305425071382,0.008567673461290481,-0.0016446319637809011,0.009308617448490614,-0.0009036879765807679,-0.0007409439872001333,ok
crime_3,twfe,2018-02-21,84,94,0.01018448159405606,0.004308634627783563,-0.005875846966272497,0.01018448159405606,0.0,-0.005875846966272497,ok
crime_3,linear_gap,2018-02-21,84,94,0.01018448159405606,0.004308634627783563,-0.005875846966272497,0.011553483135093004,0.0013690015410369443,-0.007244848507309441,ok
crime_3,synthetic_control,2018-02-21,84,94,0.01018448159405606,0.004308634627783563,-0.005875846966272497,0.007450195071949399,-0.0027342865221066607,-0.003141560444165836,exact_mean_match
crime_3,random_forest,2018-02-21,84,94,0.01018448159405606,0.004308634627783563,-0.005875846966272497,0.004828949721945605,-0.005355531872110455,-0.0005203150941620414,ok
crime_3,gradient_boosting,2018-02-21,84,94,0.01018448159405606,0.004308634627783563,-0.005875846966272497,0.00583416612851918,-0.00435031546553688,-0.0015255315007356163,ok
crime_3,twfe,2018-03-07,84,94,0.01003001135979859,0.003849873530724594,-0.0061801378290739966,0.01003001135979859,0.0,-0.0061801378290739966,ok
crime_3,linear_gap,2018-03-07,84,94,0.01003001135979859,0.003849873530724594,-0.0061801378290739966,0.008465117888938743,-0.0015648934708598471,-0.004615244358214149,ok
crime_3,synthetic_control,2018-03-07,84,94,0.01003001135979859,0.003849873530724594,-0.0061801378290739966,0.010075000072397262,4.4988712598672057e-05,-0.006225126541672669,exact_mean_match
crime_3,random_forest,2018-03-07,84,94,0.01003001135979859,0.003849873530724594,-0.0061801378290739966,0.006541303076483941,-0.0034887082833146496,-0.002691429545759347,ok
crime_3,gradient_boosting,2018-03-07,84,94,0.01003001135979859,0.003849873530724594,-0.0061801378290739966,0.007948464222742325,-0.002081547137056265,-0.004098590692017731,ok
crime_3,twfe,2018-03-21,84,94,0.009173229253016486,-0.0017668501711054921,-0.010940079424121979,0.009173229253016486,0.0,-0.010940079424121979,ok
crime_3,linear_gap,2018-03-21,84,94,0.009173229253016486,-0.0017668501711054921,-0.010940079424121979,0.003098337460783516,-0.00607489179223297,-0.004865187631889009,ok
crime_3,synthetic_control,2018-03-21,84,94,0.009173229253016486,-0.0017668501711054921,-0.010940079424121979,0.005280982758746238,-0.0038922464942702482,-0.007047832929851731,exact_mean_match
crime_3,random_forest,2018-03-21,84,94,0.009173229253016486,-0.0017668501711054921,-0.010940079424121979,0.0043441806606609,-0.004829048592355586,-0.006111030831766393,ok
crime_3,gradient_boosting,2018-03-21,84,94,0.009173229253016486,-0.0017668501711054921,-0.010940079424121979,0.0047387974942365635,-0.0044344317587799225,-0.0065056476653420564,ok
crime_3,twfe,2018-04-04,84,94,0.007181426729299069,-0.004860387839111245,-0.012041814568410313,0.007181426729299069,0.0,-0.012041814568410313,ok
crime_3,linear_gap,2018-04-04,84,94,0.007181426729299069,-0.004860387839111245,-0.012041814568410313,-0.001239123793431192,-0.00842055052273026,-0.0036212640456800525,ok
crime_3,synthetic_control,2018-04-04,84,94,0.007181426729299069,-0.004860387839111245,-0.012041814568410313,0.0054825595032911255,-0.0016988672260079439,-0.010342947342402369,exact_mean_match
crime_3,random_forest,2018-04-04,84,94,0.007181426729299069,-0.004860387839111245,-0.012041814568410313,0.002400111605155245,-0.004781315124143825,-0.007260499444266488,ok
crime_3,gradient_boosting,2018-04-04,84,94,0.007181426729299069,-0.004860387839111245,-0.012041814568410313,0.001449225680644744,-0.0057322010486543255,-0.006309613519755988,ok
crime_3,twfe,2018-04-18,84,94,0.0046571336464953485,0.006292466398849376,0.0016353327523540278,0.0046571336464953485,0.0,0.0016353327523540278,ok
crime_3,linear_gap,2018-04-18,84,94,0.0046571336464953485,0.006292466398849376,0.0016353327523540278,-0.006205760464799301,-0.010862894111294649,0.012498226863648676,ok
crime_3,synthetic_control,2018-04-18,84,94,0.0046571336464953485,0.006292466398849376,0.0016353327523540278,0.004049379931288847,-0.0006077537152065016,0.0022430864675605294,exact_mean_match
crime_3,random_forest,2018-04-18,84,94,0.0046571336464953485,0.006292466398849376,0.0016353327523540278,-0.0019644677707036256,-0.0066216014171989745,0.008256934169553002,ok
crime_3,gradient_boosting,2018-04-18,84,94,0.0046571336464953485,0.006292466398849376,0.0016353327523540278,-0.0012710498675250763,-0.005928183514020425,0.007563516266374453,ok
crime_3,twfe,2018-05-02,84,94,0.0031460117896288096,0.001438278034022714,-0.0017077337556060956,0.0031460117896288096,0.0,-0.0017077337556060956,ok
crime_3,linear_gap,2018-05-02,84,94,0.0031460117896288096,0.001438278034022714,-0.0017077337556060956,-0.0007390380288758538,-0.003885049818504663,0.0021773160628985678,ok
crime_3,synthetic_control,2018-05-02,84,94,0.0031460117896288096,0.001438278034022714,-0.0017077337556060956,0.001964175566035623,-0.0011818362235931864,-0.0005258975320129092,exact_mean_match
crime_3,random_forest,2018-05-02,84,94,0.0031460117896288096,0.001438278034022714,-0.0017077337556060956,0.0025785619640770153,-0.0005674498255517943,-0.0011402839300543013,ok
crime_3,gradient_boosting,2018-05-02,84,94,0.0031460117896288096,0.001438278034022714,-0.0017077337556060956,0.0025009125435524093,-0.0006450992460764002,-0.0010626345095296954,ok
crime_3,twfe,2018-05-16,84,94,0.002051287955543274,-0.0027525665823538168,-0.004803854537897091,0.002051287955543274,0.0,-0.004803854537897091,ok
crime_3,linear_gap,2018-05-16,84,94,0.002051287955543274,-0.0027525665823538168,-0.004803854537897091,-0.0007192236585184087,-0.002770511614061683,-0.0020333429238354084,ok
crime_3,synthetic_control,2018-05-16,84,94,0.002051287955543274,-0.0027525665823538168,-0.004803854537897091,0.002202209737403999,0.00015092178186072508,-0.004954776319757817,exact_mean_match
crime_3,random_forest,2018-05-16,84,94,0.002051287955543274,-0.0027525665823538168,-0.004803854537897091,-0.00017197106849313657,-0.0022232590240364104,-0.0025805955138606808,ok
crime_3,gradient_boosting,2018-05-16,84,94,0.002051287955543274,-0.0027525665823538168,-0.004803854537897091,0.0011005067023171222,-0.0009507812532261518,-0.0038530732846709394,ok
crime_3,twfe,2018-05-30,84,94,0.0006600964047772549,0.00641645588454099,0.005756359479763735,0.0006600964047772549,0.0,0.005756359479763735,ok
crime_3,linear_gap,2018-05-30,84,94,0.0006600964047772549,0.00641645588454099,0.005756359479763735,-0.0006245511006707258,-0.0012846475054479807,0.007041006985211715,ok
crime_3,synthetic_control,2018-05-30,84,94,0.0006600964047772549,0.00641645588454099,0.005756359479763735,0.0003991177400003935,-0.0002609786647768614,0.006017338144540596,exact_mean_match
crime_3,random_forest,2018-05-30,84,94,0.0006600964047772549,0.00641645588454099,0.005756359479763735,-0.001375636448400292,-0.002035732853177547,0.007792092332941282,ok
crime_3,gradient_boosting,2018-05-30,84,94,0.0006600964047772549,0.00641645588454099,0.005756359479763735,-0.0009170161674539657,-0.0015771125722312206,0.007333472051994956,ok
crime_3,twfe,2018-06-13,84,94,0.0012463157409965905,0.005071169964786985,0.0038248542237903946,0.0012463157409965905,0.0,0.0038248542237903946,ok
crime_3,linear_gap,2018-06-13,84,94,0.0012463157409965905,0.005071169964786985,0.0038248542237903946,0.004755835965849351,0.0035095202248527605,0.0003153339989376341,ok
crime_3,synthetic_control,2018-06-13,84,94,0.0012463157409965905,0.005071169964786985,0.0038248542237903946,0.001149759247523599,-9.655649347299145e-05,0.003921410717263386,exact_mean_match
crime_3,random_forest,2018-06-13,84,94,0.0012463157409965905,0.005071169964786985,0.0038248542237903946,0.00226004469745605,0.0010137289564594596,0.002811125267330935,ok
crime_3,gradient_boosting,2018-06-13,84,94,0.0012463157409965905,0.005071169964786985,0.0038248542237903946,0.004605010262393709,0.0033586945213971184,0.0004661597023932762,ok
crime_3,twfe,2018-06-27,84,94,0.002186569340824659,0.00214501810246491,-4.1551238359748954e-05,0.002186569340824659,0.0,-4.1551238359748954e-05,ok
crime_3,linear_gap,2018-06-27,84,94,0.002186569340824659,0.00214501810246491,-4.1551238359748954e-05,0.007033983804553657,0.0048474144637289975,-0.004888965702088747,ok
crime_3,synthetic_control,2018-06-27,84,94,0.002186569340824659,0.00214501810246491,-4.1551238359748954e-05,0.0021189372464937867,-6.76320943308723e-05,2.608085597112335e-05,exact_mean_match
crime_3,random_forest,2018-06-27,84,94,0.002186569340824659,0.00214501810246491,-4.1551238359748954e-05,0.004141709712580355,0.0019551403717556963,-0.0019966916101154452,ok
crime_3,gradient_boosting,2018-06-27,84,94,0.002186569340824659,0.00214501810246491,-4.1551238359748954e-05,0.005628054150191341,0.0034414848093666816,-0.0034830360477264306,ok
crime_3,twfe,2018-07-11,84,94,0.003270739307973349,0.007222387541536475,0.003951648233563126,0.003270739307973349,0.0,0.003951648233563126,ok
crime_3,linear_gap,2018-07-11,84,94,0.003270739307973349,0.007222387541536475,0.003951648233563126,0.00486561909713226,0.0015948797891589114,0.0023567684444042144,ok
crime_3,synthetic_control,2018-07-11,84,94,0.003270739307973349,0.007222387541536475,0.003951648233563126,0.0025666562051085435,-0.0007040831028648055,0.004655731336427931,exact_mean_match
crime_3,random_forest,2018-07-11,84,94,0.003270739307973349,0.007222387541536475,0.003951648233563126,0.0036321065437793323,0.00036136723580598327,0.0035902809977571425,ok
crime_3,gradient_boosting,2018-07-11,84,94,0.003270739307973349,0.007222387541536475,0.003951648233563126,0.004218655146191679,0.0009479158382183304,0.0030037323953447954,ok
crime_3,twfe,2018-07-25,84,94,0.003713042276872063,0.011314040569359717,0.007600998292487653,0.003713042276872063,0.0,0.007600998292487653,ok
crime_3,linear_gap,2018-07-25,84,94,0.003713042276872063,0.011314040569359717,0.007600998292487653,0.008616786179648842,0.004903743902776779,0.0026972543897108743,ok
crime_3,synthetic_control,2018-07-25,84,94,0.003713042276872063,0.011314040569359717,0.007600998292487653,0.0017899927096889732,-0.00192304956718309,0.009524047859670743,exact_mean_match
crime_3,random_forest,2018-07-25,84,94,0.003713042276872063,0.011314040569359717,0.007600998292487653,0.005576035624407389,0.0018629933475353255,0.005738004944952328,ok
crime_3,gradient_boosting,2018-07-25,84,94,0.003713042276872063,0.011314040569359717,0.007600998292487653,0.007320237299083541,0.003607195022211478,0.003993803270276175,ok
crime_3,twfe,2018-08-08,84,94,0.005286527892910871,-0.005455537370430987,-0.010742065263341857,0.005286527892910871,0.0,-0.010742065263341857,ok
crime_3,linear_gap,2018-08-08,84,94,0.005286527892910871,-0.005455537370430987,-0.010742065263341857,0.010975520990771695,0.0056889930978608234,-0.01643105836120268,ok
crime_3,synthetic_control,2018-08-08,84,94,0.005286527892910871,-0.005455537370430987,-0.010742065263341857,0.004328901654699176,-0.0009576262382116948,-0.009784439025130163,exact_mean_match
crime_3,random_forest,2018-08-08,84,94,0.005286527892910871,-0.005455537370430987,-0.010742065263341857,0.004631887752585875,-0.0006546401403249962,-0.010087425123016861,ok
crime_3,gradient_boosting,2018-08-08,84,94,0.005286527892910871,-0.005455537370430987,-0.010742065263341857,0.008181662665634505,0.002895134772723634,-0.013637200036065491,ok
crime_3,twfe,2018-08-22,84,94,0.004778023395044672,0.013905420820314433,0.009127397425269761,0.004778023395044672,0.0,0.009127397425269761,ok
crime_3,linear_gap,2018-08-22,84,94,0.004778023395044672,0.013905420820314433,0.009127397425269761,0.0015849008651418971,-0.0031931225299027745,0.012320519955172535,ok
crime_3,synthetic_control,2018-08-22,84,94,0.004778023395044672,0.013905420820314433,0.009127397425269761,0.00841791366005289,0.0036398902650082183,0.005487507160261543,exact_mean_match
crime_3,random_forest,2018-08-22,84,94,0.004778023395044672,0.013905420820314433,0.009127397425269761,-0.0008774493094932097,-0.005655472704537881,0.014782870129807642,ok
crime_3,gradient_boosting,2018-08-22,84,94,0.004778023395044672,0.013905420820314433,0.009127397425269761,-0.0015067455382726733,-0.006284768933317345,0.015412166358587106,ok
crime_3,twfe,2018-09-05,84,94,0.005928394891160847,0.011425631106482169,0.0054972362153213215,0.005928394891160847,0.0,0.0054972362153213215,ok
crime_3,linear_gap,2018-09-05,84,94,0.005928394891160847,0.011425631106482169,0.0054972362153213215,0.007963260846016383,0.002034865954855536,0.0034623702604657854,ok
crime_3,synthetic_control,2018-09-05,84,94,0.005928394891160847,0.011425631106482169,0.0054972362153213215,0.0034853273143727985,-0.002443067576788049,0.00794030379210937,exact_mean_match
crime_3,random_forest,2018-09-05,84,94,0.005928394891160847,0.011425631106482169,0.0054972362153213215,0.0068044782337695845,0.0008760833426087371,0.004621152872712584,ok
crime_3,gradient_boosting,2018-09-05,84,94,0.005928394891160847,0.011425631106482169,0.0054972362153213215,0.010556215903283829,0.004627821012122981,0.0008694152031983402,ok
crime_3,twfe,2018-09-19,84,94,0.006858094624052069,0.007513762832911768,0.0006556682088596994,0.006858094624052069,0.0,0.0006556682088596994,ok
crime_3,linear_gap,2018-09-19,84,94,0.006858094624052069,0.007513762832911768,0.0006556682088596994,0.01137678057035295,0.004518685946300881,-0.0038630177374411817,ok
crime_3,synthetic_control,2018-09-19,84,94,0.006858094624052069,0.007513762832911768,0.0006556682088596994,0.0041275742642368305,-0.0027305203598152385,0.003386188568674938,exact_mean_match
crime_3,random_forest,2018-09-19,84,94,0.006858094624052069,0.007513762832911768,0.0006556682088596994,0.009201383231989489,0.00234328860793742,-0.0016876203990777204,ok
crime_3,gradient_boosting,2018-09-19,84,94,0.006858094624052069,0.007513762832911768,0.0006556682088596994,0.010666514056883078,0.0038084194328310093,-0.00315275122397131,ok
crime_3,twfe,2018-10-03,84,94,0.00764387798962267,0.012423746466299655,0.004779868476676985,0.00764387798962267,0.0,0.004779868476676985,ok
crime_3,linear_gap,2018-10-03,84,94,0.00764387798962267,0.012423746466299655,0.004779868476676985,0.009248286141605583,0.0016044081519829131,0.0031754603246940717,ok
crime_3,synthetic_control,2018-10-03,84,94,0.00764387798962267,0.012423746466299655,0.004779868476676985,0.008062585632358253,0.00041870764273558344,0.004361160833941401,exact_mean_match
crime_3,random_forest,2018-10-03,84,94,0.00764387798962267,0.012423746466299655,0.004779868476676985,0.007376274374338703,-0.00026760361528396694,0.005047472091960952,ok
crime_3,gradient_boosting,2018-10-03,84,94,0.00764387798962267,0.012423746466299655,0.004779868476676985,0.008097247926572876,0.00045336993695020613,0.004326498539726779,ok
crime_3,twfe,2018-10-17,84,94,0.008232016210739615,0.010619699449486682,0.002387683238747067,0.008232016210739615,0.0,0.002387683238747067,ok
crime_3,linear_gap,2018-10-17,84,94,0.008232016210739615,0.010619699449486682,0.002387683238747067,0.011726683399425543,0.003494667188685928,-0.0011069839499388608,ok
crime_3,synthetic_control,2018-10-17,84,94,0.008232016210739615,0.010619699449486682,0.002387683238747067,0.0073200474692444555,-0.0009119687414951595,0.0032996519802422266,exact_mean_match
crime_3,random_forest,2018-10-17,84,94,0.008232016210739615,0.010619699449486682,0.002387683238747067,0.010566874278091764,0.0023348580673521486,5.282517139491849e-05,ok
crime_3,gradient_boosting,2018-10-17,84,94,0.008232016210739615,0.010619699449486682,0.002387683238747067,0.01087051248420907,0.0026384962734694543,-0.0002508130347223872,ok
crime_3,twfe,2018-10-31,84,94,0.008422945258051642,-0.0006571442741655517,-0.009080089532217193,0.008422945258051642,0.0,-0.009080089532217193,ok
crime_3,linear_gap,2018-10-31,84,94,0.008422945258051642,-0.0006571442741655517,-0.009080089532217193,0.014813954499269174,0.006391009241217532,-0.015471098773434725,ok
crime_3,synthetic_control,2018-10-31,84,94,0.008422945258051642,-0.0006571442741655517,-0.009080089532217193,0.00959662392962522,0.001173678671573579,-0.010253768203790772,exact_mean_match
crime_3,random_forest,2018-10-31,84,94,0.008422945258051642,-0.0006571442741655517,-0.009080089532217193,0.01025783276758953,0.001834887509537888,-0.010914977041755081,ok
crime_3,gradient_boosting,2018-10-31,84,94,0.008422945258051642,-0.0006571442741655517,-0.009080089532217193,0.010022016748225393,0.001599071490173751,-0.010679161022390945,ok
crime_3,twfe,2018-11-14,84,94,0.009337293911761996,0.007110797004414025,-0.0022264969073479707,0.009337293911761996,0.0,-0.0022264969073479707,ok
crime_3,linear_gap,2018-11-14,84,94,0.009337293911761996,0.007110797004414025,-0.0022264969073479707,0.0032682872848026783,-0.006069006626959318,0.003842509719611347,ok
crime_3,synthetic_control,2018-11-14,84,94,0.009337293911761996,0.007110797004414025,-0.0022264969073479707,0.004432976879352112,-0.004904317032409884,0.002677820125061913,exact_mean_match
crime_3,random_forest,2018-11-14,84,94,0.009337293911761996,0.007110797004414025,-0.0022264969073479707,0.0019347109399708796,-0.007402582971791116,0.005176086064443145,ok
crime_3,gradient_boosting,2018-11-14,84,94,0.009337293911761996,0.007110797004414025,-0.0022264969073479707,0.003360323734355612,-0.005976970177406384,0.003750473270058413,ok
crime_3,twfe,2018-11-28,84,94,0.008249286174818089,0.013880622923176116,0.005631336748358027,0.008249286174818089,0.0,0.005631336748358027,ok
crime_3,linear_gap,2018-11-28,84,94,0.008249286174818089,0.013880622923176116,0.005631336748358027,0.004386936279511782,-0.0038623498953063067,0.009493686643664335,ok
crime_3,synthetic_control,2018-11-28,84,94,0.008249286174818089,0.013880622923176116,0.005631336748358027,0.0051371355331182224,-0.003112150641699866,0.008743487390057893,exact_mean_match
crime_3,random_forest,2018-11-28,84,94,0.008249286174818089,0.013880622923176116,0.005631336748358027,0.005023985953106862,-0.003225300221711227,0.008856636970069255,ok
crime_3,gradient_boosting,2018-11-28,84,94,0.008249286174818089,0.013880622923176116,0.005631336748358027,0.006690823255589029,-0.0015584629192290592,0.0071897996675870865,ok
crime_3,twfe,2018-12-12,84,94,0.00893624696816186,0.0069310122501611855,-0.0020052347180006744,0.00893624696816186,0.0,-0.0020052347180006744,ok
crime_3,linear_gap,2018-12-12,84,94,0.00893624696816186,0.0069310122501611855,-0.0020052347180006744,0.011147948127192275,0.0022117011590304155,-0.00421693587703109,ok
crime_3,synthetic_control,2018-12-12,84,94,0.00893624696816186,0.0069310122501611855,-0.0020052347180006744,0.006662429512335899,-0.002273817455825961,0.0002685827378252868,exact_mean_match
crime_3,random_forest,2018-12-12,84,94,0.00893624696816186,0.0069310122501611855,-0.0020052347180006744,0.011452841942255746,0.002516594974093886,-0.00452182969209456,ok
crime_3,gradient_boosting,2018-12-12,84,94,0.00893624696816186,0.0069310122501611855,-0.0020052347180006744,0.013678655665921493,0.004742408697759633,-0.0067476434157603075,ok
crime_3,twfe,2018-12-26,84,94,0.00863786036658377,0.006695432227347121,-0.0019424281392366486,0.00863786036658377,0.0,-0.0019424281392366486,ok
crime_3,linear_gap,2018-12-26,84,94,0.00863786036658377,0.006695432227347121,-0.0019424281392366486,0.007943691110258576,-0.0006941692563251934,-0.0012482588829114552,ok
crime_3,synthetic_control,2018-12-26,84,94,0.00863786036658377,0.006695432227347121,-0.0019424281392366486,0.0061725842657557525,-0.0024652761008280167,0.0005228479615913681,exact_mean_match
crime_3,random_forest,2018-12-26,84,94,0.00863786036658377,0.006695432227347121,-0.0019424281392366486,0.003939410562764104,-0.004698449803819665,0.002756021664583016,ok
crime_3,gradient_boosting,2018-12-26,84,94,0.00863786036658377,0.006695432227347121,-0.0019424281392366486,0.007032987500795189,-0.00160487286578858,-0.0003375552734480687,ok
crime_3,twfe,2019-01-09,84,94,0.007624689140646585,0.0013018895997619396,-0.006322799540884646,0.007624689140646585,0.0,-0.006322799540884646,ok
crime_3,linear_gap,2019-01-09,84,94,0.007624689140646585,0.0013018895997619396,-0.006322799540884646,0.006748920498734507,-0.000875768641912078,-0.005447030898972568,ok
crime_3,synthetic_control,2019-01-09,84,94,0.007624689140646585,0.0013018895997619396,-0.006322799540884646,0.001243887647073648,-0.006380801493572937,5.8001952688291336e-05,exact_mean_match
crime_3,random_forest,2019-01-09,84,94,0.007624689140646585,0.0013018895997619396,-0.006322799540884646,0.003634452561201763,-0.003990236579444822,-0.0023325629614398234,ok
crime_3,gradient_boosting,2019-01-09,84,94,0.007624689140646585,0.0013018895997619396,-0.006322799540884646,0.003929746193803531,-0.003694942946843054,-0.0026278565940415916,ok
crime_3,twfe,2019-01-23,84,94,0.005929354333609651,0.0020086296682041357,-0.003920724665405515,0.005929354333609651,0.0,-0.003920724665405515,ok
crime_3,linear_gap,2019-01-23,84,94,0.005929354333609651,0.0020086296682041357,-0.003920724665405515,0.004066279155551581,-0.0018630751780580697,-0.0020576494873474453,ok
crime_3,synthetic_control,2019-01-23,84,94,0.005929354333609651,0.0020086296682041357,-0.003920724665405515,0.0036522310181093644,-0.0022771233155002863,-0.0016436013499052287,exact_mean_match
crime_3,random_forest,2019-01-23,84,94,0.005929354333609651,0.0020086296682041357,-0.003920724665405515,0.0005351489776023985,-0.005394205356007252,0.0014734806906017374,ok
crime_3,gradient_boosting,2019-01-23,84,94,0.005929354333609651,0.0020086296682041357,-0.003920724665405515,0.0009022089513844659,-0.005027145382225185,0.00110642071681967,ok
crime_3,twfe,2019-02-06,84,94,0.006260361978447084,-0.0013762832911769084,-0.0076366452696239925,0.006260361978447084,0.0,-0.0076366452696239925,ok
crime_3,linear_gap,2019-02-06,84,94,0.006260361978447084,-0.0013762832911769084,-0.0076366452696239925,-0.0003957599460500842,-0.006656121924497168,-0.0009805233451268243,ok
crime_3,synthetic_control,2019-02-06,84,94,0.006260361978447084,-0.0013762832911769084,-0.0076366452696239925,0.004865801548398047,-0.0013945604300490367,-0.006242084839574956,exact_mean_match
crime_3,random_forest,2019-02-06,84,94,0.006260361978447084,-0.0013762832911769084,-0.0076366452696239925,0.0014491692463185267,-0.004811192732128557,-0.0028254525374954353,ok
crime_3,gradient_boosting,2019-02-06,84,94,0.006260361978447084,-0.0013762832911769084,-0.0076366452696239925,0.0023859450211657428,-0.003874416957281341,-0.0037622283123426516,ok
crime_3,twfe,2019-02-20,84,94,0.0051186254643701455,0.002702970788077171,-0.0024156546762929745,0.0051186254643701455,0.0,-0.0024156546762929745,ok
crime_3,linear_gap,2019-02-20,84,94,0.0051186254643701455,0.002702970788077171,-0.0024156546762929745,-0.0038741873197311433,-0.008992812784101288,0.006577158107808314,ok
crime_3,synthetic_control,2019-02-20,84,94,0.0051186254643701455,0.002702970788077171,-0.0024156546762929745,0.0024918437094432954,-0.00262678175492685,0.00021112707863387564,exact_mean_match
crime_3,random_forest,2019-02-20,84,94,0.0051186254643701455,0.002702970788077171,-0.0024156546762929745,0.0010570293608100144,-0.004061596103560132,0.0016459414272671571,ok
crime_3,gradient_boosting,2019-02-20,84,94,0.0051186254643701455,0.002702970788077171,-0.0024156546762929745,0.0012996334651917357,-0.00381899199917841,0.0014033373228854356,ok
crime_3,twfe,2019-03-06,84,94,0.003253469343894876,0.006211873233149826,0.0029584038892549506,0.003253469343894876,0.0,0.0029584038892549506,ok
crime_3,linear_gap,2019-03-06,84,94,0.003253469343894876,0.006211873233149826,0.0029584038892549506,0.0009316315204575877,-0.002321837823437288,0.005280241712692238,ok
crime_3,synthetic_control,2019-03-06,84,94,0.003253469343894876,0.006211873233149826,0.0029584038892549506,0.002785007126211247,-0.0004684622176836287,0.0034268661069385793,exact_mean_match
crime_3,random_forest,2019-03-06,84,94,0.003253469343894876,0.006211873233149826,0.0029584038892549506,0.0025054852702367314,-0.0007479840736581444,0.003706387962913095,ok
crime_3,gradient_boosting,2019-03-06,84,94,0.003253469343894876,0.006211873233149826,0.0029584038892549506,0.0047270825554386435,0.0014736132115437677,0.001484790677711183,ok
crime_3,twfe,2019-03-20,84,94,0.003440560621411685,0.007792739175717899,0.004352178554306214,0.003440560621411685,0.0,0.004352178554306214,ok
crime_3,linear_gap,2019-03-20,84,94,0.003440560621411685,0.007792739175717899,0.004352178554306214,0.004569951862021492,0.0011293912406098072,0.0032227873136964065,ok
crime_3,synthetic_control,2019-03-20,84,94,0.003440560621411685,0.007792739175717899,0.004352178554306214,0.002989855411078061,-0.00045070521033362424,0.004802883764639838,exact_mean_match
crime_3,random_forest,2019-03-20,84,94,0.003440560621411685,0.007792739175717899,0.004352178554306214,0.004505396484712091,0.0010648358633004056,0.003287342691005808,ok
crime_3,gradient_boosting,2019-03-20,84,94,0.003440560621411685,0.007792739175717899,0.004352178554306214,0.0065354002799817784,0.0030948396585700933,0.0012573388957361205,ok
crime_3,twfe,2019-04-03,84,94,0.0037907571152252,0.006156077964588603,0.0023653208493634027,0.0037907571152252,0.0,0.0023653208493634027,ok
crime_3,linear_gap,2019-04-03,84,94,0.0037907571152252,0.006156077964588603,0.0023653208493634027,0.007835547134014619,0.004044790018789419,-0.0016794691694260165,ok
crime_3,synthetic_control,2019-04-03,84,94,0.0037907571152252,0.006156077964588603,0.0023653208493634027,0.0034884015143345076,-0.0003023556008906925,0.002667676450254095,exact_mean_match
crime_3,random_forest,2019-04-03,84,94,0.0037907571152252,0.006156077964588603,0.0023653208493634027,0.003925949716754979,0.0001351926015297788,0.002230128247833624,ok
crime_3,gradient_boosting,2019-04-03,84,94,0.0037907571152252,0.006156077964588603,0.0023653208493634027,0.005711997260756683,0.0019212401455314825,0.00044408070383192017,ok
crime_3,twfe,2019-04-17,84,94,0.004668646955880998,0.01217576749491643,0.007507120539035432,0.004668646955880998,0.0,0.007507120539035432,ok
crime_3,linear_gap,2019-04-17,84,94,0.004668646955880998,0.01217576749491643,0.007507120539035432,0.007699787317775707,0.0030311403618947094,0.004475980177140722,ok
crime_3,synthetic_control,2019-04-17,84,94,0.004668646955880998,0.01217576749491643,0.007507120539035432,0.0016870584372120417,-0.002981588518668956,0.010488709057704389,exact_mean_match
crime_3,random_forest,2019-04-17,84,94,0.004668646955880998,0.01217576749491643,0.007507120539035432,0.004833316451198099,0.0001646694953171008,0.007342451043718331,ok
crime_3,gradient_boosting,2019-04-17,84,94,0.004668646955880998,0.01217576749491643,0.007507120539035432,0.005422834176748404,0.0007541872208674059,0.006752933318168026,ok
crime_3,twfe,2019-05-01,84,94,0.006197038776826011,0.00632346377027228,0.0001264249934462688,0.006197038776826011,0.0,0.0001264249934462688,ok
crime_3,linear_gap,2019-05-01,84,94,0.006197038776826011,0.00632346377027228,0.0001264249934462688,0.011895279991545426,0.005698241214719415,-0.005571816221273146,ok
crime_3,synthetic_control,2019-05-01,84,94,0.006197038776826011,0.00632346377027228,0.0001264249934462688,0.0024599330491165386,-0.0037371057277094722,0.003863530721155741,exact_mean_match
crime_3,random_forest,2019-05-01,84,94,0.006197038776826011,0.00632346377027228,0.0001264249934462688,0.007094183613980761,0.0008971448371547499,-0.0007707198437084811,ok
crime_3,gradient_boosting,2019-05-01,84,94,0.006197038776826011,0.00632346377027228,0.0001264249934462688,0.00962508444380969,0.0034280456669836786,-0.0033016206735374098,ok
crime_3,twfe,2019-05-15,84,94,0.007135373491756471,0.00919382036403313,0.002058446872276659,0.007135373491756471,0.0,0.002058446872276659,ok
crime_3,linear_gap,2019-05-15,84,94,0.007135373491756471,0.00919382036403313,0.002058446872276659,0.00853183913740378,0.0013964656456473094,0.0006619812266293497,ok
crime_3,synthetic_control,2019-05-15,84,94,0.007135373491756471,0.00919382036403313,0.002058446872276659,0.005765137140252436,-0.0013702363515040355,0.0034286832237806946,exact_mean_match
crime_3,random_forest,2019-05-15,84,94,0.007135373491756471,0.00919382036403313,0.002058446872276659,0.004751911703402275,-0.002383461788354196,0.004441908660630855,ok
crime_3,gradient_boosting,2019-05-15,84,94,0.007135373491756471,0.00919382036403313,0.002058446872276659,0.006298297605239028,-0.0008370758865174433,0.0028955227587941024,ok
crime_3,twfe,2019-05-29,84,94,0.00797680451935771,0.0013018895997619396,-0.006674914919595771,0.00797680451935771,0.0,-0.006674914919595771,ok
crime_3,linear_gap,2019-05-29,84,94,0.00797680451935771,0.0013018895997619396,-0.006674914919595771,0.008916749487349095,0.0009399449679913848,-0.0076148598875871555,ok
crime_3,synthetic_control,2019-05-29,84,94,0.00797680451935771,0.0013018895997619396,-0.006674914919595771,0.006570644960321451,-0.0014061595590362588,-0.005268755360559512,exact_mean_match
crime_3,random_forest,2019-05-29,84,94,0.00797680451935771,0.0013018895997619396,-0.006674914919595771,0.007581732430884168,-0.0003950720884735425,-0.006279842831122228,ok
crime_3,gradient_boosting,2019-05-29,84,94,0.00797680451935771,0.0013018895997619396,-0.006674914919595771,0.009254438818016526,0.0012776342986588161,-0.007952549218254588,ok
crime_3,twfe,2019-06-12,84,94,0.006873445703232935,-0.0009733174626791655,-0.007846763165912101,0.006873445703232935,0.0,-0.007846763165912101,ok
crime_3,linear_gap,2019-06-12,84,94,0.006873445703232935,-0.0009733174626791655,-0.007846763165912101,0.0033440280148359248,-0.0035294176883970104,-0.004317345477515091,ok
crime_3,synthetic_control,2019-06-12,84,94,0.006873445703232935,-0.0009733174626791655,-0.007846763165912101,0.004930163919820774,-0.0019432817834121614,-0.00590348138249994,exact_mean_match
crime_3,random_forest,2019-06-12,84,94,0.006873445703232935,-0.0009733174626791655,-0.007846763165912101,0.001243804989867503,-0.005629640713365433,-0.0022171224525466687,ok
crime_3,gradient_boosting,2019-06-12,84,94,0.006873445703232935,-0.0009733174626791655,-0.007846763165912101,0.0022511565631481356,-0.0046222891400848,-0.003224474025827302,ok
crime_3,twfe,2019-06-26,84,94,0.005716358109975131,0.003701086147894658,-0.002015271962080473,0.005716358109975131,0.0,-0.002015271962080473,ok
crime_3,linear_gap,2019-06-26,84,94,0.005716358109975131,0.003701086147894658,-0.002015271962080473,-0.0004675493628030498,-0.006183907472778181,0.0041686355106977085,ok
crime_3,synthetic_control,2019-06-26,84,94,0.005716358109975131,0.003701086147894658,-0.002015271962080473,0.004687265913393719,-0.0010290921965814123,-0.0009861797654990606,exact_mean_match
crime_3,random_forest,2019-06-26,84,94,0.005716358109975131,0.003701086147894658,-0.002015271962080473,0.0003200436911765453,-0.005396314418798585,0.0033810424567181124,ok
crime_3,gradient_boosting,2019-06-26,84,94,0.005716358109975131,0.003701086147894658,-0.002015271962080473,0.00017263448537987628,-0.005543723624595254,0.0035284516625147815,ok
crime_3,twfe,2019-07-10,84,94,0.005164678701912744,0.0038808709021474976,-0.0012838077997652463,0.005164678701912744,0.0,-0.0012838077997652463,ok
crime_3,linear_gap,2019-07-10,84,94,0.005164678701912744,0.0038808709021474976,-0.0012838077997652463,-0.0020457697421690946,-0.0072104484440818385,0.005926640644316592,ok
crime_3,synthetic_control,2019-07-10,84,94,0.005164678701912744,0.0038808709021474976,-0.0012838077997652463,0.00751520367881654,0.0023505249769037962,-0.0036343327766690425,exact_mean_match
crime_3,random_forest,2019-07-10,84,94,0.005164678701912744,0.0038808709021474976,-0.0012838077997652463,0.0016491602863844756,-0.0035155184155282685,0.002231710615763022,ok
crime_3,gradient_boosting,2019-07-10,84,94,0.005164678701912744,0.0038808709021474976,-0.0012838077997652463,0.0035050384150491108,-0.001659640286863633,0.0003758324870983868,ok
crime_3,twfe,2019-07-24,84,94,0.003664110711983052,0.004283836730645241,0.0006197260186621895,0.003664110711983052,0.0,0.0006197260186621895,ok
crime_3,linear_gap,2019-07-24,84,94,0.003664110711983052,0.004283836730645241,0.0006197260186621895,0.000663517160318229,-0.003000593551664823,0.0036203195703270125,ok
crime_3,synthetic_control,2019-07-24,84,94,0.003664110711983052,0.004283836730645241,0.0006197260186621895,0.0029445474334833235,-0.0007195632784997284,0.001339289297161918,exact_mean_match
crime_3,random_forest,2019-07-24,84,94,0.003664110711983052,0.004283836730645241,0.0006197260186621895,0.002916840699380064,-0.0007472700126029881,0.0013669960312651776,ok
crime_3,gradient_boosting,2019-07-24,84,94,0.003664110711983052,0.004283836730645241,0.0006197260186621895,0.001854980361611278,-0.0018091303503717739,0.002428856369033963,ok
crime_3,twfe,2019-08-07,84,94,0.0033849129593810446,0.005337747359023955,0.0019528343996429104,0.0033849129593810446,0.0,0.0019528343996429104,ok
crime_3,linear_gap,2019-08-07,84,94,0.0033849129593810446,0.005337747359023955,0.0019528343996429104,0.0020929790588323496,-0.001291933900548695,0.0032447683001916054,ok
crime_3,synthetic_control,2019-08-07,84,94,0.0033849129593810446,0.005337747359023955,0.0019528343996429104,0.0022305054312951695,-0.001154407528085875,0.0031072419277287855,exact_mean_match
crime_3,random_forest,2019-08-07,84,94,0.0033849129593810446,0.005337747359023955,0.0019528343996429104,0.0032079821427905626,-0.00017693081659048192,0.0021297652162333923,ok
crime_3,gradient_boosting,2019-08-07,84,94,0.0033849129593810446,0.005337747359023955,0.0019528343996429104,0.004131270140572062,0.0007463571811910175,0.001206477218451893,ok
crime_3,twfe,2019-08-21,84,94,0.0025799407448343615,0.006156077964588603,0.0035761372197542413,0.0025799407448343615,0.0,0.0035761372197542413,ok
crime_3,linear_gap,2019-08-21,84,94,0.0025799407448343615,0.006156077964588603,0.0035761372197542413,0.0058120174639293785,0.003232076719095017,0.00034406050065922435,ok
crime_3,synthetic_control,2019-08-21,84,94,0.0025799407448343615,0.006156077964588603,0.0035761372197542413,0.0022848685686626315,-0.00029507217617172994,0.0038712093959259713,exact_mean_match
crime_3,random_forest,2019-08-21,84,94,0.0025799407448343615,0.006156077964588603,0.0035761372197542413,0.0027344178193954103,0.00015447707456104883,0.0034216601451931925,ok
crime_3,gradient_boosting,2019-08-21,84,94,0.0025799407448343615,0.006156077964588603,0.0035761372197542413,0.003624155906152166,0.0010442151613178044,0.002531922058436437,ok
crime_3,twfe,2019-09-04,84,94,0.003466465567529397,0.007972523929970736,0.004506058362441339,0.003466465567529397,0.0,0.004506058362441339,ok
crime_3,linear_gap,2019-09-04,84,94,0.003466465567529397,0.007972523929970736,0.004506058362441339,0.006468740594986686,0.0030022750274572895,0.00150378333498405,ok
crime_3,synthetic_control,2019-09-04,84,94,0.003466465567529397,0.007972523929970736,0.004506058362441339,0.002457202164275565,-0.001009263403253832,0.0055153217656951714,exact_mean_match
crime_3,random_forest,2019-09-04,84,94,0.003466465567529397,0.007972523929970736,0.004506058362441339,0.004640397524665472,0.0011739319571360748,0.0033321264053052645,ok
crime_3,gradient_boosting,2019-09-04,84,94,0.003466465567529397,0.007972523929970736,0.004506058362441339,0.004520828534375971,0.0010543629668465738,0.0034516953955947656,ok
crime_3,twfe,2019-09-18,84,94,0.004778023395044672,0.0023558002281406525,-0.002422223166904019,0.004778023395044672,0.0,-0.002422223166904019,ok
crime_3,linear_gap,2019-09-18,84,94,0.004778023395044672,0.0023558002281406525,-0.002422223166904019,0.00773181587048571,0.0029537924754410383,-0.005376015642345057,ok
crime_3,synthetic_control,2019-09-18,84,94,0.004778023395044672,0.0023558002281406525,-0.002422223166904019,0.0030244594044386928,-0.0017535639906059788,-0.0006686591762980402,exact_mean_match
crime_3,random_forest,2019-09-18,84,94,0.004778023395044672,0.0023558002281406525,-0.002422223166904019,0.005677774348041111,0.0008997509529964391,-0.003321974119900458,ok
crime_3,gradient_boosting,2019-09-18,84,94,0.004778023395044672,0.0023558002281406525,-0.002422223166904019,0.006861926457177057,0.002083903062132385,-0.004506126229036404,ok
crime_3,twfe,2019-10-02,84,94,0.004524730588560376,0.0015932648911372313,-0.0029314656974231447,0.004524730588560376,0.0,-0.0029314656974231447,ok
crime_3,linear_gap,2019-10-02,84,94,0.004524730588560376,0.0015932648911372313,-0.0029314656974231447,0.004644675861756649,0.00011994527319627267,-0.0030514109706194174,ok
crime_3,synthetic_control,2019-10-02,84,94,0.004524730588560376,0.0015932648911372313,-0.0029314656974231447,0.002408716328579072,-0.002116014259981304,-0.0008154514374418406,exact_mean_match
crime_3,random_forest,2019-10-02,84,94,0.004524730588560376,0.0015932648911372313,-0.0029314656974231447,0.0013333006273256764,-0.0031914299612346994,0.00025996426381155475,ok
crime_3,gradient_boosting,2019-10-02,84,94,0.004524730588560376,0.0015932648911372313,-0.0029314656974231447,0.0018670752283988863,-0.0026576553601614897,-0.000273810337261655,ok
crime_3,twfe,2019-10-16,84,94,0.004432624113475177,0.004283836730645241,-0.00014878738282993534,0.004432624113475177,0.0,-0.00014878738282993534,ok
crime_3,linear_gap,2019-10-16,84,94,0.004432624113475177,0.004283836730645241,-0.00014878738282993534,0.0029153724567353456,-0.0015172516567398312,0.0013684642739098959,ok
crime_3,synthetic_control,2019-10-16,84,94,0.004432624113475177,0.004283836730645241,-0.00014878738282993534,0.003091886118876826,-0.0013407379945983506,0.0011919506117684152,exact_mean_match
crime_3,random_forest,2019-10-16,84,94,0.004432624113475177,0.004283836730645241,-0.00014878738282993534,0.0027745828562352704,-0.0016580412572399063,0.001509253874409971,ok
crime_3,gradient_boosting,2019-10-16,84,94,0.004432624113475177,0.004283836730645241,-0.00014878738282993534,0.0017622066619363641,-0.002670417451538813,0.0025216300687088775,ok
crime_3,twfe,2019-10-30,84,94,0.004522811703662767,0.0018288449139512964,-0.0026939667897114706,0.004522811703662767,0.0,-0.0026939667897114706,ok
crime_3,linear_gap,2019-10-30,84,94,0.004522811703662767,0.0018288449139512964,-0.0026939667897114706,0.003341855205417174,-0.0011809564982455927,-0.0015130102914658779,ok
crime_3,synthetic_control,2019-10-30,84,94,0.004522811703662767,0.0018288449139512964,-0.0026939667897114706,0.004961893900507796,0.00043908219684502935,-0.0031330489865565,exact_mean_match
crime_3,random_forest,2019-10-30,84,94,0.004522811703662767,0.0018288449139512964,-0.0026939667897114706,0.004265459287928337,-0.00025735241573443014,-0.0024366143739770404,ok
crime_3,gradient_boosting,2019-10-30,84,94,0.004522811703662767,0.0018288449139512964,-0.0026939667897114706,0.004968130231608187,0.0004453185279454201,-0.0031392853176568907,ok
crime_3,twfe,2019-11-13,84,94,0.0040613198857879715,0.00808411446709319,0.004022794581305219,0.0040613198857879715,0.0,0.004022794581305219,ok
crime_3,linear_gap,2019-11-13,84,94,0.0040613198857879715,0.00808411446709319,0.004022794581305219,0.0017097759900170215,-0.00235154389577095,0.006374338477076169,ok
crime_3,synthetic_control,2019-11-13,84,94,0.0040613198857879715,0.00808411446709319,0.004022794581305219,0.002233685761021867,-0.0018276341247661044,0.005850428706071323,exact_mean_match
crime_3,random_forest,2019-11-13,84,94,0.0040613198857879715,0.00808411446709319,0.004022794581305219,0.0016649242178352528,-0.0023963956679527187,0.006419190249257937,ok
crime_3,gradient_boosting,2019-11-13,84,94,0.0040613198857879715,0.00808411446709319,0.004022794581305219,0.0032979900520782182,-0.0007633298337097532,0.004786124415014972,ok
crime_3,twfe,2019-11-27,84,94,0.00469455190199871,0.0003719684570748401,-0.00432258344492387,0.00469455190199871,0.0,-0.00432258344492387,ok
crime_3,linear_gap,2019-11-27,84,94,0.00469455190199871,0.0003719684570748401,-0.00432258344492387,0.005625248753131505,0.0009306968511327953,-0.005253280296056665,ok
crime_3,synthetic_control,2019-11-27,84,94,0.00469455190199871,0.0003719684570748401,-0.00432258344492387,0.0031374680090327433,-0.0015570838929659667,-0.0027654995519579033,exact_mean_match
crime_3,random_forest,2019-11-27,84,94,0.00469455190199871,0.0003719684570748401,-0.00432258344492387,0.006145776445453073,0.0014512245434543632,-0.005773807988378233,ok
crime_3,gradient_boosting,2019-11-27,84,94,0.00469455190199871,0.0003719684570748401,-0.00432258344492387,0.006768680911828788,0.002074129009830078,-0.006396712454753948,ok
crime_3,twfe,2019-12-11,84,94,0.0032563476712412875,0.0024797897138322663,-0.0007765579574090212,0.0032563476712412875,0.0,-0.0007765579574090212,ok
crime_3,linear_gap,2019-12-11,84,94,0.0032563476712412875,0.0024797897138322663,-0.0007765579574090212,0.004062335067765806,0.0008059873965245187,-0.00158254535393354,ok
crime_3,synthetic_control,2019-12-11,84,94,0.0032563476712412875,0.0024797897138322663,-0.0007765579574090212,0.0042395706945177695,0.000983223023276482,-0.0017597809806855031,exact_mean_match
crime_3,random_forest,2019-12-11,84,94,0.0032563476712412875,0.0024797897138322663,-0.0007765579574090212,-0.0007997568053747186,-0.004056104476616006,0.0032795465192069846,ok
crime_3,gradient_boosting,2019-12-11,84,94,0.0032563476712412875,0.0024797897138322663,-0.0007765579574090212,-0.00036780850893186,-0.0036241561801731476,0.0028475982227641264,ok
crime_3,twfe,2019-12-25,84,94,0.003619016916889257,0.00930541090115558,0.005686393984266324,0.003619016916889257,0.0,0.005686393984266324,ok
crime_3,linear_gap,2019-12-25,84,94,0.003619016916889257,0.00930541090115558,0.005686393984266324,0.003329242588653387,-0.00028977432823586993,0.005976168312502195,ok
crime_3,synthetic_control,2019-12-25,84,94,0.003619016916889257,0.00930541090115558,0.005686393984266324,0.0034251098963526106,-0.00019390702053664628,0.005880301004802971,exact_mean_match
crime_3,random_forest,2019-12-25,84,94,0.003619016916889257,0.00930541090115558,0.005686393984266324,0.0023318967830678766,-0.0012871201338213803,0.006973514118087705,ok
crime_3,gradient_boosting,2019-12-25,84,94,0.003619016916889257,0.00930541090115558,0.005686393984266324,0.0024947476340312466,-0.0011242692828580102,0.006810663267124335,ok
crime_3,twfe,2020-01-08,84,94,0.004767469528107825,0.012411347517730495,0.007643877989622671,0.004767469528107825,0.0,0.007643877989622671,ok
crime_3,linear_gap,2020-01-08,84,94,0.004767469528107825,0.012411347517730495,0.007643877989622671,0.0066734223388739,0.0019059528107660756,0.005737925178856595,ok
crime_3,synthetic_control,2020-01-08,84,94,0.004767469528107825,0.012411347517730495,0.007643877989622671,0.006694138245056962,0.0019266687169491375,0.005717209272673533,exact_mean_match
crime_3,random_forest,2020-01-08,84,94,0.004767469528107825,0.012411347517730495,0.007643877989622671,0.007228690338662964,0.0024612208105551396,0.005182657179067531,ok
crime_3,gradient_boosting,2020-01-08,84,94,0.004767469528107825,0.012411347517730495,0.007643877989622671,0.011996535548895087,0.007229066020787262,0.0004148119688354088,ok
crime_3,twfe,2020-01-22,84,94,0.006151944981732214,0.009956355701036552,0.0038044107193043377,0.006151944981732214,0.0,0.0038044107193043377,ok
crime_3,linear_gap,2020-01-22,84,94,0.006151944981732214,0.009956355701036552,0.0038044107193043377,0.011636358524842376,0.0054844135431101615,-0.0016800028238058238,ok
crime_3,synthetic_control,2020-01-22,84,94,0.006151944981732214,0.009956355701036552,0.0038044107193043377,0.0017029683682743381,-0.004448976613457876,0.008253387332762215,exact_mean_match
crime_3,random_forest,2020-01-22,84,94,0.006151944981732214,0.009956355701036552,0.0038044107193043377,0.010396860396360062,0.004244915414627848,-0.0004405046953235101,ok
crime_3,gradient_boosting,2020-01-22,84,94,0.006151944981732214,0.009956355701036552,0.0038044107193043377,0.012817728589525944,0.00666578360779373,-0.0028613728884893923,ok
crime_3,twfe,2020-02-05,84,94,0.0073282214239661055,0.003949065119277885,-0.0033791563046882203,0.0073282214239661055,0.0,-0.0033791563046882203,ok
crime_3,linear_gap,2020-02-05,84,94,0.0073282214239661055,0.003949065119277885,-0.0033791563046882203,0.011453442034828723,0.004125220610862617,-0.0075043769155508375,ok
crime_3,synthetic_control,2020-02-05,84,94,0.0073282214239661055,0.003949065119277885,-0.0033791563046882203,0.00932075871723716,0.001992537293271055,-0.005371693597959275,exact_mean_match
crime_3,random_forest,2020-02-05,84,94,0.0073282214239661055,0.003949065119277885,-0.0033791563046882203,0.007228719072290519,-9.950235167558667e-05,-0.0032796539530126336,ok
crime_3,gradient_boosting,2020-02-05,84,94,0.0073282214239661055,0.003949065119277885,-0.0033791563046882203,0.007512953773081467,0.00018473234911536157,-0.003563888653803582,ok
crime_4,twfe,2014-03-26,84,94,0.000895159804734272,0.006807022764469573,0.005911862959735301,0.000895159804734272,0.0,0.005911862959735301,ok
crime_4,linear_gap,2014-03-26,84,94,0.000895159804734272,0.006807022764469573,0.005911862959735301,0.004695014849753726,0.003799855045019454,0.0021120079147158473,ok
crime_4,synthetic_control,2014-03-26,84,94,0.000895159804734272,0.006807022764469573,0.005911862959735301,0.0007183778906806118,-0.00017678191405366022,0.006088644873788961,exact_mean_match
crime_4,random_forest,2014-03-26,84,94,0.000895159804734272,0.006807022764469573,0.005911862959735301,0.001990423024996338,0.0010952632202620661,0.004816599739473235,ok
crime_4,gradient_boosting,2014-03-26,84,94,0.000895159804734272,0.006807022764469573,0.005911862959735301,0.0032156768006829373,0.0023205169959486655,0.0035913459637866357,ok
crime_4,twfe,2014-04-09,84,94,0.002485915384851554,-0.0029323513366066563,-0.005418266721458211,0.002485915384851554,0.0,-0.005418266721458211,ok
crime_4,linear_gap,2014-04-09,84,94,0.002485915384851554,-0.0029323513366066563,-0.005418266721458211,0.00731034967941678,0.004824434294565225,-0.010242701016023436,ok
crime_4,synthetic_control,2014-04-09,84,94,0.002485915384851554,-0.0029323513366066563,-0.005418266721458211,0.002926736729739577,0.0004408213448880232,-0.005859088066346234,exact_mean_match
crime_4,random_forest,2014-04-09,84,94,0.002485915384851554,-0.0029323513366066563,-0.005418266721458211,0.0039771169298274435,0.0014912015449758897,-0.006909468266434101,ok
crime_4,gradient_boosting,2014-04-09,84,94,0.002485915384851554,-0.0029323513366066563,-0.005418266721458211,0.005565445083187242,0.0030795296983356884,-0.0084977964197939,ok
crime_4,twfe,2014-04-23,84,94,0.0019898836388198083,-0.0003223726627981955,-0.0023122563016180035,0.0019898836388198083,0.0,-0.0023122563016180035,ok
crime_4,linear_gap,2014-04-23,84,94,0.0019898836388198083,-0.0003223726627981955,-0.0023122563016180035,0.0030946132344733717,0.0011047295956535634,-0.003416985897271567,ok
crime_4,synthetic_control,2014-04-23,84,94,0.0019898836388198083,-0.0003223726627981955,-0.0023122563016180035,0.0016541431290884971,-0.00033574050973131115,-0.0019765157918866924,exact_mean_match
crime_4,random_forest,2014-04-23,84,94,0.0019898836388198083,-0.0003223726627981955,-0.0023122563016180035,-0.0007099556150638122,-0.0026998392538836206,0.0003875829522656171,ok
crime_4,gradient_boosting,2014-04-23,84,94,0.0019898836388198083,-0.0003223726627981955,-0.0023122563016180035,-0.0003177847093869177,-0.002307668348206726,-4.587953411277351e-06,ok
crime_4,twfe,2014-05-07,84,94,0.001970694789843725,0.0002727768685215487,-0.0016979179213221763,0.001970694789843725,0.0,-0.0016979179213221763,ok
crime_4,linear_gap,2014-05-07,84,94,0.001970694789843725,0.0002727768685215487,-0.0016979179213221763,0.0001149060068863653,-0.0018557887829573597,0.0001578708616351834,ok
crime_4,synthetic_control,2014-05-07,84,94,0.001970694789843725,0.0002727768685215487,-0.0016979179213221763,0.002212015993201333,0.00024132120335760817,-0.0019392391246797844,exact_mean_match
crime_4,random_forest,2014-05-07,84,94,0.001970694789843725,0.0002727768685215487,-0.0016979179213221763,0.0001862195101394021,-0.0017844752797043228,8.655735838214657e-05,ok
crime_4,gradient_boosting,2014-05-07,84,94,0.001970694789843725,0.0002727768685215487,-0.0016979179213221763,-0.0009086014929716875,-0.0028792962828154125,0.0011813783614932362,ok
crime_4,twfe,2014-05-21,84,94,0.001491933007890454,-0.005052571541933244,-0.006544504549823698,0.001491933007890454,0.0,-0.006544504549823698,ok
crime_4,linear_gap,2014-05-21,84,94,0.001491933007890454,-0.005052571541933244,-0.006544504549823698,-0.0024715856809295303,-0.003963518688819985,-0.0025809858610037137,ok
crime_4,synthetic_control,2014-05-21,84,94,0.001491933007890454,-0.005052571541933244,-0.006544504549823698,0.0013422272299091487,-0.00014970577798130544,-0.006394798771842393,exact_mean_match
crime_4,random_forest,2014-05-21,84,94,0.001491933007890454,-0.005052571541933244,-0.006544504549823698,-0.000353073125040718,-0.001845006132931172,-0.0046994984168925264,ok
crime_4,gradient_boosting,2014-05-21,84,94,0.001491933007890454,-0.005052571541933244,-0.006544504549823698,-0.0005686730744209323,-0.0020606060823113864,-0.004483898467512312,ok
crime_4,twfe,2014-06-04,84,94,0.00021683399342973755,-0.0033477161136735616,-0.003564550107103299,0.00021683399342973755,0.0,-0.003564550107103299,ok
crime_4,linear_gap,2014-06-04,84,94,0.00021683399342973755,-0.0033477161136735616,-0.003564550107103299,-0.0069400874712584265,-0.007156921464688164,0.003592371357584865,ok
crime_4,synthetic_control,2014-06-04,84,94,0.00021683399342973755,-0.0033477161136735616,-0.003564550107103299,0.00023552763006209898,1.869363663236143e-05,-0.0035832437437356606,exact_mean_match
crime_4,random_forest,2014-06-04,84,94,0.00021683399342973755,-0.0033477161136735616,-0.003564550107103299,-0.0036216938736820243,-0.0038385278671117617,0.00027397776000846275,ok
crime_4,gradient_boosting,2014-06-04,84,94,0.00021683399342973755,-0.0033477161136735616,-0.003564550107103299,-0.005812626706554358,-0.006029460699984095,0.0024649105928807964,ok
crime_4,twfe,2014-06-18,84,94,-0.0011033588161247743,-0.00014258790854535671,0.0009607709075794177,-0.0011033588161247743,0.0,0.0009607709075794177,ok
crime_4,linear_gap,2014-06-18,84,94,-0.0011033588161247743,-0.00014258790854535671,0.0009607709075794177,-0.00773397835776946,-0.006630619541644686,0.007591390449224103,ok
crime_4,synthetic_control,2014-06-18,84,94,-0.0011033588161247743,-0.00014258790854535671,0.0009607709075794177,-0.0008314103373628715,0.0002719484787619029,0.0006888224288175148,exact_mean_match
crime_4,random_forest,2014-06-18,84,94,-0.0011033588161247743,-0.00014258790854535671,0.0009607709075794177,-0.0019534009396971496,-0.0008500421235723753,0.001810813031151793,ok
crime_4,gradient_boosting,2014-06-18,84,94,-0.0011033588161247743,-0.00014258790854535671,0.0009607709075794177,-0.0032873586952984757,-0.0021839998791737016,0.003144770786753119,ok
crime_4,twfe,2014-07-02,84,94,-0.0023506339995701705,0.0015498685711451664,0.003900502570715337,-0.0023506339995701705,0.0,0.003900502570715337,ok
crime_4,linear_gap,2014-07-02,84,94,-0.0023506339995701705,0.0015498685711451664,0.003900502570715337,-0.002522705022333054,-0.00017207102276288336,0.004072573593478221,ok
crime_4,synthetic_control,2014-07-02,84,94,-0.0023506339995701705,0.0015498685711451664,0.003900502570715337,-0.0018795103948984013,0.0004711236046717692,0.003429378966043568,exact_mean_match
crime_4,random_forest,2014-07-02,84,94,-0.0023506339995701705,0.0015498685711451664,0.003900502570715337,-0.0009658956898580926,0.001384738309712078,0.002515764261003259,ok
crime_4,gradient_boosting,2014-07-02,84,94,-0.0023506339995701705,0.0015498685711451664,0.003900502570715337,-0.0007479060587501942,0.0016027279408199764,0.0022977746298953605,ok
crime_4,twfe,2014-07-16,84,94,-0.0016118633139909746,-0.0026657739423696872,-0.0010539106283787127,-0.0016118633139909746,0.0,-0.0010539106283787127,ok
crime_4,linear_gap,2014-07-16,84,94,-0.0016118633139909746,-0.0026657739423696872,-0.0010539106283787127,0.00017834791306000855,0.0017902112270509832,-0.0028441218554296956,ok
crime_4,synthetic_control,2014-07-16,84,94,-0.0016118633139909746,-0.0026657739423696872,-0.0010539106283787127,-0.0011784200636518359,0.0004334432503391387,-0.0014873538787178514,exact_mean_match
crime_4,random_forest,2014-07-16,84,94,-0.0016118633139909746,-0.0026657739423696872,-0.0010539106283787127,0.0006029017778154257,0.0022147650918064,-0.003268675720185113,ok
crime_4,gradient_boosting,2014-07-16,84,94,-0.0016118633139909746,-0.0026657739423696872,-0.0010539106283787127,0.000663608404280494,0.0022754717182714686,-0.0033293823466501813,ok
crime_4,twfe,2014-07-30,84,94,-0.002154907740014125,0.0014258790854535528,0.0035807868254676776,-0.002154907740014125,0.0,0.0035807868254676776,ok
crime_4,linear_gap,2014-07-30,84,94,-0.002154907740014125,0.0014258790854535528,0.0035807868254676776,-0.0008758651538743756,0.0012790425861397493,0.0023017442393279282,ok
crime_4,synthetic_control,2014-07-30,84,94,-0.002154907740014125,0.0014258790854535528,0.0035807868254676776,-0.001320451981546263,0.0008344557584678619,0.0027463310669998157,exact_mean_match
crime_4,random_forest,2014-07-30,84,94,-0.002154907740014125,0.0014258790854535528,0.0035807868254676776,-0.0017322699490003783,0.0004226377910137465,0.003158149034453931,ok
crime_4,gradient_boosting,2014-07-30,84,94,-0.002154907740014125,0.0014258790854535528,0.0035807868254676776,-0.0018037104157555017,0.00035119732425862313,0.0032295895012090545,ok
crime_4,twfe,2014-08-13,84,94,-0.001669429860919223,0.0017854485939592325,0.0034548784548784554,-0.001669429860919223,0.0,0.0034548784548784554,ok
crime_4,linear_gap,2014-08-13,84,94,-0.001669429860919223,0.0017854485939592325,0.0034548784548784554,0.0026093655389891053,0.004278795399908328,-0.0008239169450298726,ok
crime_4,synthetic_control,2014-08-13,84,94,-0.001669429860919223,0.0017854485939592325,0.0034548784548784554,-0.0013486591133546246,0.0003207707475645983,0.0031341077073138573,exact_mean_match
crime_4,random_forest,2014-08-13,84,94,-0.001669429860919223,0.0017854485939592325,0.0034548784548784554,-0.0004882211785881403,0.0011812086823310827,0.0022736697725473727,ok
crime_4,gradient_boosting,2014-08-13,84,94,-0.001669429860919223,0.0017854485939592325,0.0034548784548784554,0.00013783405883140002,0.0018072639197506228,0.0016476145351278326,ok
crime_4,twfe,2014-08-27,84,94,-0.0006111648398882447,-8.679263998412986e-05,0.0005243721999041148,-0.0006111648398882447,0.0,0.0005243721999041148,ok
crime_4,linear_gap,2014-08-27,84,94,-0.0006111648398882447,-8.679263998412986e-05,0.0005243721999041148,0.0018496749823933268,0.002460839822281571,-0.0019364676223774563,ok
crime_4,synthetic_control,2014-08-27,84,94,-0.0006111648398882447,-8.679263998412986e-05,0.0005243721999041148,-0.00037706213017829615,0.0002341027097099485,0.0002902694901941663,exact_mean_match
crime_4,random_forest,2014-08-27,84,94,-0.0006111648398882447,-8.679263998412986e-05,0.0005243721999041148,0.0004848140513604275,0.0010959788912486721,-0.0005716066913445573,ok
crime_4,gradient_boosting,2014-08-27,84,94,-0.0006111648398882447,-8.679263998412986e-05,0.0005243721999041148,0.0007560116703404259,0.0013671765102286704,-0.0008428043103245556,ok
crime_4,twfe,2014-09-10,84,94,0.000290711061987657,0.005238555770470664,0.0049478447084830065,0.000290711061987657,0.0,0.0049478447084830065,ok
crime_4,linear_gap,2014-09-10,84,94,0.000290711061987657,0.005238555770470664,0.0049478447084830065,0.0010162678664389717,0.0007255568044513147,0.0042222879040316914,ok
crime_4,synthetic_control,2014-09-10,84,94,0.000290711061987657,0.005238555770470664,0.0049478447084830065,0.0004486624124749074,0.00015795135048725037,0.004789893357995756,exact_mean_match
crime_4,random_forest,2014-09-10,84,94,0.000290711061987657,0.005238555770470664,0.0049478447084830065,0.0005081753520578965,0.00021746429007023953,0.004730380418412767,ok
crime_4,gradient_boosting,2014-09-10,84,94,0.000290711061987657,0.005238555770470664,0.0049478447084830065,0.0005021918167937783,0.00021148075480612125,0.004736363953676885,ok
crime_4,twfe,2014-09-24,84,94,0.0009517669092137167,-0.003707285622179239,-0.004659052531392956,0.0009517669092137167,0.0,-0.004659052531392956,ok
crime_4,linear_gap,2014-09-24,84,94,0.0009517669092137167,-0.003707285622179239,-0.004659052531392956,0.0033091959702583095,0.002357429061044593,-0.007016481592437548,ok
crime_4,synthetic_control,2014-09-24,84,94,0.0009517669092137167,-0.003707285622179239,-0.004659052531392956,0.0011526753492196399,0.00020090844000592316,-0.004859960971398879,exact_mean_match
crime_4,random_forest,2014-09-24,84,94,0.0009517669092137167,-0.003707285622179239,-0.004659052531392956,0.001455713525676466,0.0005039466164627494,-0.005162999147855706,ok
crime_4,gradient_boosting,2014-09-24,84,94,0.0009517669092137167,-0.003707285622179239,-0.004659052531392956,0.0035889018216332482,0.0026371349124195316,-0.007296187443812488,ok
crime_4,twfe,2014-10-08,84,94,-4.221546774738328e-05,0.002076823885334524,0.002119039353081907,-4.221546774738328e-05,0.0,0.002119039353081907,ok
crime_4,linear_gap,2014-10-08,84,94,-4.221546774738328e-05,0.002076823885334524,0.002119039353081907,0.00035797577086075827,0.00040019123860814154,0.0017188481144737656,ok
crime_4,synthetic_control,2014-10-08,84,94,-4.221546774738328e-05,0.002076823885334524,0.002119039353081907,-3.911883673103113e-05,3.0966310163521522e-06,0.002115942722065555,exact_mean_match
crime_4,random_forest,2014-10-08,84,94,-4.221546774738328e-05,0.002076823885334524,0.002119039353081907,-0.0008128381239795961,-0.0007706226562322128,0.00288966200931412,ok
crime_4,gradient_boosting,2014-10-08,84,94,-4.221546774738328e-05,0.002076823885334524,0.002119039353081907,-0.0031715369890492574,-0.003129321521301874,0.005248360874383781,ok
crime_4,twfe,2014-10-22,84,94,0.0008270393908691773,0.00032857213708277516,-0.0004984672537864021,0.0008270393908691773,0.0,-0.0004984672537864021,ok
crime_4,linear_gap,2014-10-22,84,94,0.0008270393908691773,0.00032857213708277516,-0.0004984672537864021,-0.000847150006501295,-0.0016741893973704724,0.0011757221435840703,ok
crime_4,synthetic_control,2014-10-22,84,94,0.0008270393908691773,0.00032857213708277516,-0.0004984672537864021,0.0009432037374668932,0.0001161643465977159,-0.000614631600384118,exact_mean_match
crime_4,random_forest,2014-10-22,84,94,0.0008270393908691773,0.00032857213708277516,-0.0004984672537864021,-0.0003034540876151291,-0.0011304934784843064,0.0006320262246979043,ok
crime_4,gradient_boosting,2014-10-22,84,94,0.0008270393908691773,0.00032857213708277516,-0.0004984672537864021,-6.331157577733666e-05,-0.000890350966646514,0.00039188371286011186,ok
crime_4,twfe,2014-11-05,84,94,0.0009920634920634916,-0.00463720676486634,-0.005629270256929832,0.0009920634920634916,0.0,-0.005629270256929832,ok
crime_4,linear_gap,2014-11-05,84,94,0.0009920634920634916,-0.00463720676486634,-0.005629270256929832,0.0009842166050319586,-7.846887031533016e-06,-0.005621423369898299,ok
crime_4,synthetic_control,2014-11-05,84,94,0.0009920634920634916,-0.00463720676486634,-0.005629270256929832,0.0010653751936110217,7.331170154753009e-05,-0.005702581958477362,exact_mean_match
crime_4,random_forest,2014-11-05,84,94,0.0009920634920634916,-0.00463720676486634,-0.005629270256929832,0.0006032876266287256,-0.000388775865434766,-0.005240494391495066,ok
crime_4,gradient_boosting,2014-11-05,84,94,0.0009920634920634916,-0.00463720676486634,-0.005629270256929832,0.0018621421816764608,0.0008700786896129692,-0.006499348946542801,ok
crime_4,twfe,2014-11-19,84,94,0.0005133017101102202,0.005988692158904924,0.005475390448794704,0.0005133017101102202,0.0,0.005475390448794704,ok
crime_4,linear_gap,2014-11-19,84,94,0.0005133017101102202,0.005988692158904924,0.005475390448794704,-0.00154566539777074,-0.0020589671078809603,0.007534357556675664,ok
crime_4,synthetic_control,2014-11-19,84,94,0.0005133017101102202,0.005988692158904924,0.005475390448794704,0.0003962445150919279,-0.00011705719501829226,0.005592447643812996,exact_mean_match
crime_4,random_forest,2014-11-19,84,94,0.0005133017101102202,0.005988692158904924,0.005475390448794704,-0.00041465616816699987,-0.00092795787827722,0.006403348327071924,ok
crime_4,gradient_boosting,2014-11-19,84,94,0.0005133017101102202,0.005988692158904924,0.005475390448794704,-0.0008504334012141482,-0.0013637351113243684,0.006839125560119072,ok
crime_4,twfe,2014-12-03,84,94,0.0009296997328912216,-0.006149878490304022,-0.007079578223195244,0.0009296997328912216,0.0,-0.007079578223195244,ok
crime_4,linear_gap,2014-12-03,84,94,0.0009296997328912216,-0.006149878490304022,-0.007079578223195244,0.0008100347056603553,-0.00011966502723086635,-0.006959913195964377,ok
crime_4,synthetic_control,2014-12-03,84,94,0.0009296997328912216,-0.006149878490304022,-0.007079578223195244,0.0012589635973915513,0.0003292638645003296,-0.007408842087695574,exact_mean_match
crime_4,random_forest,2014-12-03,84,94,0.0009296997328912216,-0.006149878490304022,-0.007079578223195244,0.0015908615262189263,0.0006611617933277047,-0.007740740016522949,ok
crime_4,gradient_boosting,2014-12-03,84,94,0.0009296997328912216,-0.006149878490304022,-0.007079578223195244,0.002663027536970388,0.0017333278040791663,-0.00881290602727441,ok
crime_4,twfe,2014-12-17,84,94,-0.000787702250468208,-0.0004897584684818732,0.0002979437819863348,-0.000787702250468208,0.0,0.0002979437819863348,ok
crime_4,linear_gap,2014-12-17,84,94,-0.000787702250468208,-0.0004897584684818732,0.0002979437819863348,-0.001968938994679211,-0.001181236744211003,0.0014791805261973377,ok
crime_4,synthetic_control,2014-12-17,84,94,-0.000787702250468208,-0.0004897584684818732,0.0002979437819863348,-0.000614252572686531,0.00017344967778167692,0.00012449410420465787,exact_mean_match
crime_4,random_forest,2014-12-17,84,94,-0.000787702250468208,-0.0004897584684818732,0.0002979437819863348,-0.003100664204867604,-0.002312961954399396,0.0026109057363857308,ok
crime_4,gradient_boosting,2014-12-17,84,94,-0.000787702250468208,-0.0004897584684818732,0.0002979437819863348,-0.004554014335100361,-0.003766312084632153,0.004064255866618488,ok
crime_4,twfe,2014-12-31,84,94,-0.0002811166374996168,0.0011469027426474223,0.001428019380147039,-0.0002811166374996168,0.0,0.001428019380147039,ok
crime_4,linear_gap,2014-12-31,84,94,-0.0002811166374996168,0.0011469027426474223,0.001428019380147039,-0.0035187982759028735,-0.0032376816384032565,0.004665701018550295,ok
crime_4,synthetic_control,2014-12-31,84,94,-0.0002811166374996168,0.0011469027426474223,0.001428019380147039,-0.00022144974362796332,5.96668938716535e-05,0.0013683524862753856,exact_mean_match
crime_4,random_forest,2014-12-31,84,94,-0.0002811166374996168,0.0011469027426474223,0.001428019380147039,0.00014781253847542133,0.00042892917597503813,0.000999090204172001,ok
crime_4,gradient_boosting,2014-12-31,84,94,-0.0002811166374996168,0.0011469027426474223,0.001428019380147039,-0.0016903992688870983,-0.0014092826313874816,0.0028373020115345206,ok
crime_4,twfe,2015-01-14,84,94,-0.0002168339934297389,0.006292466398849377,0.006509300392279116,-0.0002168339934297389,0.0,0.006509300392279116,ok
crime_4,linear_gap,2015-01-14,84,94,-0.0002168339934297389,0.006292466398849377,0.006509300392279116,-0.0011881665095472577,-0.0009713325161175188,0.007480632908396635,ok
crime_4,synthetic_control,2015-01-14,84,94,-0.0002168339934297389,0.006292466398849377,0.006509300392279116,-0.0002647033923429253,-4.786939891318642e-05,0.0065571697911923025,exact_mean_match
crime_4,random_forest,2015-01-14,84,94,-0.0002168339934297389,0.006292466398849377,0.006509300392279116,0.00017835562912958813,0.000395189622559327,0.0061141107697197895,ok
crime_4,gradient_boosting,2015-01-14,84,94,-0.0002168339934297389,0.006292466398849377,0.006509300392279116,0.0010897276342130904,0.0013065616276428293,0.005202738764636287,ok
crime_4,twfe,2015-01-28,84,94,0.00040776304074176343,-0.001016713782671231,-0.0014244768234129945,0.00040776304074176343,0.0,-0.0014244768234129945,ok
crime_4,linear_gap,2015-01-28,84,94,0.00040776304074176343,-0.001016713782671231,-0.0014244768234129945,0.0048869343059195726,0.004479171265177809,-0.005903648088590804,ok
crime_4,synthetic_control,2015-01-28,84,94,0.00040776304074176343,-0.001016713782671231,-0.0014244768234129945,0.0003580890381563017,-4.9674002585461724e-05,-0.0013748028208275327,exact_mean_match
crime_4,random_forest,2015-01-28,84,94,0.00040776304074176343,-0.001016713782671231,-0.0014244768234129945,0.003672287617403967,0.0032645245766622037,-0.004689001400075199,ok
crime_4,gradient_boosting,2015-01-28,84,94,0.00040776304074176343,-0.001016713782671231,-0.0014244768234129945,0.005563593498584902,0.0051558304578431385,-0.0065803072812561335,ok
crime_4,twfe,2015-02-11,84,94,0.0009229836357495925,0.0029509497594603965,0.002027966123710804,0.0009229836357495925,0.0,0.002027966123710804,ok
crime_4,linear_gap,2015-02-11,84,94,0.0009229836357495925,0.0029509497594603965,0.002027966123710804,0.004203542906860865,0.003280559271111273,-0.0012525931474004688,ok
crime_4,synthetic_control,2015-02-11,84,94,0.0009229836357495925,0.0029509497594603965,0.002027966123710804,0.0005536560821474378,-0.0003693275536021547,0.0023972936773129588,exact_mean_match
crime_4,random_forest,2015-02-11,84,94,0.0009229836357495925,0.0029509497594603965,0.002027966123710804,0.0014220595095727126,0.0004990758738231202,0.001528890249887684,ok
crime_4,gradient_boosting,2015-02-11,84,94,0.0009229836357495925,0.0029509497594603965,0.002027966123710804,0.0035199822272080775,0.002596998591458485,-0.000569032467747681,ok
crime_4,twfe,2015-02-25,84,94,0.0006783258113045342,0.003298120319396914,0.0026197945080923797,0.0006783258113045342,0.0,0.0026197945080923797,ok
crime_4,linear_gap,2015-02-25,84,94,0.0006783258113045342,0.003298120319396914,0.0026197945080923797,0.006378808993747243,0.005700483182442709,-0.003080688674350329,ok
crime_4,synthetic_control,2015-02-25,84,94,0.0006783258113045342,0.003298120319396914,0.0026197945080923797,0.0005020093448117741,-0.00017631646649276015,0.00279611097458514,exact_mean_match
crime_4,random_forest,2015-02-25,84,94,0.0006783258113045342,0.003298120319396914,0.0026197945080923797,0.0013599356235809482,0.000681609812276414,0.0019381846958159657,ok
crime_4,gradient_boosting,2015-02-25,84,94,0.0006783258113045342,0.003298120319396914,0.0026197945080923797,0.0037331786479911882,0.0030548528366866542,-0.0004350583285942745,ok
crime_4,twfe,2015-03-11,84,94,0.0023122563016180027,-0.0019032386053662656,-0.004215494906984268,0.0023122563016180027,0.0,-0.004215494906984268,ok
crime_4,linear_gap,2015-03-11,84,94,0.0023122563016180027,-0.0019032386053662656,-0.004215494906984268,0.004749275216839564,0.0024370189152215617,-0.00665251382220583,ok
crime_4,synthetic_control,2015-03-11,84,94,0.0023122563016180027,-0.0019032386053662656,-0.004215494906984268,0.0020607162302269527,-0.00025154007139104994,-0.003963954835593218,exact_mean_match
crime_4,random_forest,2015-03-11,84,94,0.0023122563016180027,-0.0019032386053662656,-0.004215494906984268,0.0028033405077961438,0.0004910842061781411,-0.004706579113162409,ok
crime_4,gradient_boosting,2015-03-11,84,94,0.0023122563016180027,-0.0019032386053662656,-0.004215494906984268,0.0031238098937811497,0.0008115535921631471,-0.005027048499147415,ok
crime_4,twfe,2015-03-25,84,94,0.0019582220380092714,0.0012584932797698749,-0.0006997287582393966,0.0019582220380092714,0.0,-0.0006997287582393966,ok
crime_4,linear_gap,2015-03-25,84,94,0.0019582220380092714,0.0012584932797698749,-0.0006997287582393966,-0.0006489061782172936,-0.002607128216226565,0.0019073994579871685,ok
crime_4,synthetic_control,2015-03-25,84,94,0.0019582220380092714,0.0012584932797698749,-0.0006997287582393966,0.001676863251143185,-0.0002813587868660864,-0.00041836997137331016,exact_mean_match
crime_4,random_forest,2015-03-25,84,94,0.0019582220380092714,0.0012584932797698749,-0.0006997287582393966,-0.0005955050626777115,-0.002553727100686983,0.0018539983424475865,ok
crime_4,gradient_boosting,2015-03-25,84,94,0.0019582220380092714,0.0012584932797698749,-0.0006997287582393966,-0.0005490209899257281,-0.0025072430279349995,0.001807514269695603,ok
crime_4,twfe,2015-04-08,84,94,0.0018939393939393936,0.0037692803650250456,0.001875340971085652,0.0018939393939393936,0.0,0.001875340971085652,ok
crime_4,linear_gap,2015-04-08,84,94,0.0018939393939393936,0.0037692803650250456,0.001875340971085652,-0.0011461688388485017,-0.0030401082327878954,0.004915449203873547,ok
crime_4,synthetic_control,2015-04-08,84,94,0.0018939393939393936,0.0037692803650250456,0.001875340971085652,0.0018399701981261993,-5.3969195813194284e-05,0.0019293101668988464,exact_mean_match
crime_4,random_forest,2015-04-08,84,94,0.0018939393939393936,0.0037692803650250456,0.001875340971085652,0.00014025877501690944,-0.001753680618922484,0.003629021590008136,ok
crime_4,gradient_boosting,2015-04-08,84,94,0.0018939393939393936,0.0037692803650250456,0.001875340971085652,0.00011871441330935141,-0.0017752249806300422,0.0036505659517156942,ok
crime_4,twfe,2015-04-22,84,94,0.0011599659206042179,-0.004469820959182662,-0.00562978687978688,0.0011599659206042179,0.0,-0.00562978687978688,ok
crime_4,linear_gap,2015-04-22,84,94,0.0011599659206042179,-0.004469820959182662,-0.00562978687978688,0.0011563227230538616,-3.6431975503562874e-06,-0.0056261436822365235,ok
crime_4,synthetic_control,2015-04-22,84,94,0.0011599659206042179,-0.004469820959182662,-0.00562978687978688,0.0012377353049784334,7.77693843742155e-05,-0.005707556264161096,exact_mean_match
crime_4,random_forest,2015-04-22,84,94,0.0011599659206042179,-0.004469820959182662,-0.00562978687978688,0.0004727342654279793,-0.0006872316551762385,-0.004942555224610641,ok
crime_4,gradient_boosting,2015-04-22,84,94,0.0011599659206042179,-0.004469820959182662,-0.00562978687978688,0.0016093124933660387,0.0004493465727618208,-0.0060791334525487,ok
crime_4,twfe,2015-05-06,84,94,0.00023698228485462475,-0.0014320785597381346,-0.0016690608445927594,0.00023698228485462475,0.0,-0.0016690608445927594,ok
crime_4,linear_gap,2015-05-06,84,94,0.00023698228485462475,-0.0014320785597381346,-0.0016690608445927594,-0.0032170492388465905,-0.0034540315237012154,0.001784970679108456,ok
crime_4,synthetic_control,2015-05-06,84,94,0.00023698228485462475,-0.0014320785597381346,-0.0016690608445927594,0.0001730985843124526,-6.388370054217216e-05,-0.0016051771440505872,exact_mean_match
crime_4,random_forest,2015-05-06,84,94,0.00023698228485462475,-0.0014320785597381346,-0.0016690608445927594,-0.0018302314842816466,-0.002067213769136271,0.00039815292454351177,ok
crime_4,gradient_boosting,2015-05-06,84,94,0.00023698228485462475,-0.0014320785597381346,-0.0016690608445927594,-0.0032267820401873184,-0.0034637643250419433,0.0017947034804491838,ok
crime_4,twfe,2015-05-20,84,94,-0.000188050719965614,0.001370083816892327,0.001558134536857941,-0.000188050719965614,0.0,0.001558134536857941,ok
crime_4,linear_gap,2015-05-20,84,94,-0.000188050719965614,0.001370083816892327,0.001558134536857941,-0.002625069635187177,-0.002437018915221563,0.003995153452079504,ok
crime_4,synthetic_control,2015-05-20,84,94,-0.000188050719965614,0.001370083816892327,0.001558134536857941,-0.0001383129595714152,4.973776039419881e-05,0.0015083967764637422,exact_mean_match
crime_4,random_forest,2015-05-20,84,94,-0.000188050719965614,0.001370083816892327,0.001558134536857941,-0.0008491646241530177,-0.0006611139041874037,0.002219248441045345,ok
crime_4,gradient_boosting,2015-05-20,84,94,-0.000188050719965614,0.001370083816892327,0.001558134536857941,-0.0016466058152696794,-0.0014585550953040655,0.0030166896321620063,ok
crime_4,twfe,2015-06-03,84,94,-0.0006581775198796479,0.0018970391310816832,0.002555216650961331,-0.0006581775198796479,0.0,0.002555216650961331,ok
crime_4,linear_gap,2015-06-03,84,94,-0.0006581775198796479,0.0018970391310816832,0.002555216650961331,-0.00029385776484422627,0.00036431975503542166,0.0021908968959259093,ok
crime_4,synthetic_control,2015-06-03,84,94,-0.0006581775198796479,0.0018970391310816832,0.002555216650961331,-0.0006856141006543887,-2.743658077474073e-05,0.002582653231736072,exact_mean_match
crime_4,random_forest,2015-06-03,84,94,-0.0006581775198796479,0.0018970391310816832,0.002555216650961331,-0.00022094450045683558,0.00043723301942281235,0.002117983631538519,ok
crime_4,gradient_boosting,2015-06-03,84,94,-0.0006581775198796479,0.0018970391310816832,0.002555216650961331,9.087095325286937e-05,0.0007490484731325173,0.0018061681778288139,ok
crime_4,twfe,2015-06-17,84,94,0.00019188848976082936,-0.004234240936368597,-0.004426129426129426,0.00019188848976082936,0.0,-0.004426129426129426,ok
crime_4,linear_gap,2015-06-17,84,94,0.00019188848976082936,-0.004234240936368597,-0.004426129426129426,0.000315757206472873,0.00012386871671204362,-0.00454999814284147,ok
crime_4,synthetic_control,2015-06-17,84,94,0.00019188848976082936,-0.004234240936368597,-0.004426129426129426,0.00021530719164110541,2.3418701880276052e-05,-0.004449548128009702,exact_mean_match
crime_4,random_forest,2015-06-17,84,94,0.00019188848976082936,-0.004234240936368597,-0.004426129426129426,-0.0002526400409288035,-0.0004445285306896329,-0.0039816008954397936,ok
crime_4,gradient_boosting,2015-06-17,84,94,0.00019188848976082936,-0.004234240936368597,-0.004426129426129426,0.0019542500814367938,0.0017623615916759643,-0.00618849101780539,ok
crime_4,twfe,2015-07-01,84,94,-0.0006946363329342059,0.0038808709021474976,0.004575507235081704,-0.0006946363329342059,0.0,0.004575507235081704,ok
crime_4,linear_gap,2015-07-01,84,94,-0.0006946363329342059,0.0038808709021474976,0.004575507235081704,-0.0017954424850720036,-0.0011008061521377978,0.005676313387219502,ok
crime_4,synthetic_control,2015-07-01,84,94,-0.0006946363329342059,0.0038808709021474976,0.004575507235081704,-0.0005719775469513197,0.0001226587859828862,0.004452848449098818,exact_mean_match
crime_4,random_forest,2015-07-01,84,94,-0.0006946363329342059,0.0038808709021474976,0.004575507235081704,-0.0009544216441641372,-0.00025978531122993127,0.0048352925463116345,ok
crime_4,gradient_boosting,2015-07-01,84,94,-0.0006946363329342059,0.0038808709021474976,0.004575507235081704,-0.0017668628155926116,-0.0010722264826584058,0.005647733717740109,ok
crime_4,twfe,2015-07-15,84,94,-0.00024369838199625484,0.0028269602737687836,0.0030706586557650386,-0.00024369838199625484,0.0,0.0030706586557650386,ok
crime_4,linear_gap,2015-07-15,84,94,-0.00024369838199625484,0.0028269602737687836,0.0030706586557650386,0.0033983781844963198,0.003642076566492575,-0.0005714179107275362,ok
crime_4,synthetic_control,2015-07-15,84,94,-0.00024369838199625484,0.0028269602737687836,0.0030706586557650386,-0.00022774019926886154,1.59581827273933e-05,0.003054700473037645,exact_mean_match
crime_4,random_forest,2015-07-15,84,94,-0.00024369838199625484,0.0028269602737687836,0.0030706586557650386,0.0018233526548590319,0.002067051036855287,0.0010036076189097517,ok
crime_4,gradient_boosting,2015-07-15,84,94,-0.00024369838199625484,0.0028269602737687836,0.0030706586557650386,0.0019498401351233268,0.0021935385171195816,0.000877120138645457,ok
crime_4,twfe,2015-07-29,84,94,0.000939294157379263,-0.00043396319992064714,-0.00137325735729991,0.000939294157379263,0.0,-0.00137325735729991,ok
crime_4,linear_gap,2015-07-29,84,94,0.000939294157379263,-0.00043396319992064714,-0.00137325735729991,0.0029091430482592498,0.0019698488908799867,-0.003343106248179897,ok
crime_4,synthetic_control,2015-07-29,84,94,0.000939294157379263,-0.00043396319992064714,-0.00137325735729991,0.0013751636809703049,0.0004358695235910419,-0.001809126880890952,exact_mean_match
crime_4,random_forest,2015-07-29,84,94,0.000939294157379263,-0.00043396319992064714,-0.00137325735729991,0.0006442606272677742,-0.00029503353011148877,-0.0010782238271884212,ok
crime_4,gradient_boosting,2015-07-29,84,94,0.000939294157379263,-0.00043396319992064714,-0.00137325735729991,0.0029272769272503706,0.0019879827698711075,-0.0033612401271710174,ok
crime_4,twfe,2015-08-12,84,94,0.0006600964047772552,0.006112681644596536,0.005452585239819281,0.0006600964047772552,0.0,0.005452585239819281,ok
crime_4,linear_gap,2015-08-12,84,94,0.0006600964047772552,0.006112681644596536,0.005452585239819281,0.00040955651169904993,-0.0002505398930782053,0.005703125132897486,ok
crime_4,synthetic_control,2015-08-12,84,94,0.0006600964047772552,0.006112681644596536,0.005452585239819281,0.0008112978098913266,0.00015120140511407142,0.005301383834705209,exact_mean_match
crime_4,random_forest,2015-08-12,84,94,0.0006600964047772552,0.006112681644596536,0.005452585239819281,-0.0004224648585888206,-0.0010825612633660758,0.006535146503185357,ok
crime_4,gradient_boosting,2015-08-12,84,94,0.0006600964047772552,0.006112681644596536,0.005452585239819281,-0.0003181844130345504,-0.0009782808178118057,0.006430866057631087,ok
crime_4,twfe,2015-08-26,84,94,0.0015207162813545786,-0.0016676585825521994,-0.003188374863906778,0.0015207162813545786,0.0,-0.003188374863906778,ok
crime_4,linear_gap,2015-08-26,84,94,0.0015207162813545786,-0.0016676585825521994,-0.003188374863906778,0.0036682411143056856,0.002147524832951107,-0.0053358996968578855,ok
crime_4,synthetic_control,2015-08-26,84,94,0.0015207162813545786,-0.0016676585825521994,-0.003188374863906778,0.0010770777799575196,-0.00044363850139705896,-0.002744736362509719,exact_mean_match
crime_4,random_forest,2015-08-26,84,94,0.0015207162813545786,-0.0016676585825521994,-0.003188374863906778,0.0008234336748833118,-0.0006972826064712668,-0.002491092257435511,ok
crime_4,gradient_boosting,2015-08-26,84,94,0.0015207162813545786,-0.0016676585825521994,-0.003188374863906778,0.0031856679803760634,0.0016649516990214848,-0.004853326562928263,ok
crime_4,twfe,2015-09-09,84,94,0.0010592244634797822,-0.0004339631999206476,-0.0014931876634004298,0.0010592244634797822,0.0,-0.0014931876634004298,ok
crime_4,linear_gap,2015-09-09,84,94,0.0010592244634797822,-0.0004339631999206476,-0.0014931876634004298,0.002282217856537153,0.0012229933930573706,-0.0027161810564578005,ok
crime_4,synthetic_control,2015-09-09,84,94,0.0010592244634797822,-0.0004339631999206476,-0.0014931876634004298,0.001239815273347369,0.00018059080986758684,-0.0016737784732680167,exact_mean_match
crime_4,random_forest,2015-09-09,84,94,0.0010592244634797822,-0.0004339631999206476,-0.0014931876634004298,-0.00032141643889748806,-0.0013806409023772704,-0.00011254676102315946,ok
crime_4,gradient_boosting,2015-09-09,84,94,0.0010592244634797822,-0.0004339631999206476,-0.0014931876634004298,-0.0006559099720199132,-0.0017151344354996954,0.0002219467720992656,ok
crime_4,twfe,2015-09-23,84,94,0.0018555616959872274,-0.0018350443882358784,-0.003690606084223106,0.0018555616959872274,0.0,-0.003690606084223106,ok
crime_4,linear_gap,2015-09-23,84,94,0.0018555616959872274,-0.0018350443882358784,-0.003690606084223106,6.498816199753297e-06,-0.001849062879787474,-0.0018415432044356318,ok
crime_4,synthetic_control,2015-09-23,84,94,0.0018555616959872274,-0.0018350443882358784,-0.003690606084223106,0.0024670303248690607,0.0006114686288818333,-0.004302074713104939,exact_mean_match
crime_4,random_forest,2015-09-23,84,94,0.0018555616959872274,-0.0018350443882358784,-0.003690606084223106,0.00048496489119202746,-0.0013705968047952,-0.0023200092794279058,ok
crime_4,gradient_boosting,2015-09-23,84,94,0.0018555616959872274,-0.0018350443882358784,-0.003690606084223106,0.0018502310811917737,-5.3306147954537e-06,-0.003685275469427652,ok
crime_4,twfe,2015-10-07,84,94,0.000672569156611709,0.0011345037940782613,0.0004619346374665523,0.000672569156611709,0.0,0.0004619346374665523,ok
crime_4,linear_gap,2015-10-07,84,94,0.000672569156611709,0.0011345037940782613,0.0004619346374665523,-0.0011168013325430388,-0.0017893704891547477,0.0022513051266213,ok
crime_4,synthetic_control,2015-10-07,84,94,0.000672569156611709,0.0011345037940782613,0.0004619346374665523,0.00029690604399547696,-0.000375663112616232,0.0008375977500827843,exact_mean_match
crime_4,random_forest,2015-10-07,84,94,0.000672569156611709,0.0011345037940782613,0.0004619346374665523,-0.0002924113882777213,-0.0009649805448894303,0.0014269151823559827,ok
crime_4,gradient_boosting,2015-10-07,84,94,0.000672569156611709,0.0011345037940782613,0.0004619346374665523,-6.548707150235855e-05,-0.0007380562281140675,0.00119999086558062,ok
crime_4,twfe,2015-10-21,84,94,0.000537287771330324,-0.0006013490056043253,-0.0011386367769346492,0.000537287771330324,0.0,-0.0011386367769346492,ok
crime_4,linear_gap,2015-10-21,84,94,0.000537287771330324,-0.0006013490056043253,-0.0011386367769346492,0.00013541505692971106,-0.0004018727144006129,-0.0007367640625340363,ok
crime_4,synthetic_control,2015-10-21,84,94,0.000537287771330324,-0.0006013490056043253,-0.0011386367769346492,0.0006452915013231818,0.0001080037299928579,-0.0012466405069275072,exact_mean_match
crime_4,random_forest,2015-10-21,84,94,0.000537287771330324,-0.0006013490056043253,-0.0011386367769346492,-0.00021863534795342756,-0.0007559231192837515,-0.0003827136576508976,ok
crime_4,gradient_boosting,2015-10-21,84,94,0.000537287771330324,-0.0006013490056043253,-0.0011386367769346492,0.00041284234813678065,-0.0001244454231935433,-0.0010141913537411059,ok
crime_4,twfe,2015-11-04,84,94,0.0006831230235485547,0.004587610970589693,0.003904487947041138,0.0006831230235485547,0.0,0.003904487947041138,ok
crime_4,linear_gap,2015-11-04,84,94,0.0006831230235485547,0.004587610970589693,0.003904487947041138,-0.0023457753706228636,-0.003028898394171418,0.006933386341212556,ok
crime_4,synthetic_control,2015-11-04,84,94,0.0006831230235485547,0.004587610970589693,0.003904487947041138,0.0006204866978425389,-6.263632570601579e-05,0.003967124272747154,exact_mean_match
crime_4,random_forest,2015-11-04,84,94,0.0006831230235485547,0.004587610970589693,0.003904487947041138,-4.810827401578972e-05,-0.0007312312975643444,0.0046357192446054825,ok
crime_4,gradient_boosting,2015-11-04,84,94,0.0006831230235485547,0.004587610970589693,0.003904487947041138,0.0004475524047648466,-0.00023557061878370808,0.0041400585658248465,ok
crime_4,twfe,2015-11-18,84,94,0.00023026618771299542,-0.001723453851113426,-0.0019537200388264216,0.00023026618771299542,0.0,-0.0019537200388264216,ok
crime_4,linear_gap,2015-11-18,84,94,0.00023026618771299542,-0.001723453851113426,-0.0019537200388264216,0.0022216940179296952,0.0019914278302166997,-0.003945147869043122,ok
crime_4,synthetic_control,2015-11-18,84,94,0.00023026618771299542,-0.001723453851113426,-0.0019537200388264216,0.00019039619342000463,-3.986999429299079e-05,-0.001913850044533431,exact_mean_match
crime_4,random_forest,2015-11-18,84,94,0.00023026618771299542,-0.001723453851113426,-0.0019537200388264216,0.0009531234470648855,0.00072285725935189,-0.0026765772981783118,ok
crime_4,gradient_boosting,2015-11-18,84,94,0.00023026618771299542,-0.001723453851113426,-0.0019537200388264216,0.0015494469736440529,0.0013191807859310575,-0.003272900824757479,ok
crime_4,twfe,2015-12-02,84,94,0.0002580900187283159,0.00044016267420522617,0.00018207265547691025,0.0002580900187283159,0.0,0.00018207265547691025,ok
crime_4,linear_gap,2015-12-02,84,94,0.0002580900187283159,0.00044016267420522617,0.00018207265547691025,0.000826148590618162,0.000568058571889846,-0.00038598591641293576,ok
crime_4,synthetic_control,2015-12-02,84,94,0.0002580900187283159,0.00044016267420522617,0.00018207265547691025,0.0002020393805183384,-5.605063820997752e-05,0.00023812329368688777,exact_mean_match
crime_4,random_forest,2015-12-02,84,94,0.0002580900187283159,0.00044016267420522617,0.00018207265547691025,-0.0002205039379072473,-0.0004785939566355632,0.0006606666121124734,ok
crime_4,gradient_boosting,2015-12-02,84,94,0.0002580900187283159,0.00044016267420522617,0.00018207265547691025,-0.0006440428226454283,-0.0009021328413737443,0.0010842054968506546,ok
crime_4,twfe,2015-12-16,84,94,4.797212244020001e-06,0.0007439369141496786,0.0007391397019056587,4.797212244020001e-06,0.0,0.0007391397019056587,ok
crime_4,linear_gap,2015-12-16,84,94,4.797212244020001e-06,0.0007439369141496786,0.0007391397019056587,0.0002455284965328106,0.00024073128428879058,0.000498408417616868,ok
crime_4,synthetic_control,2015-12-16,84,94,4.797212244020001e-06,0.0007439369141496786,0.0007391397019056587,4.517310310382314e-06,-2.799019336376877e-07,0.0007394196038392963,exact_mean_match
crime_4,random_forest,2015-12-16,84,94,4.797212244020001e-06,0.0007439369141496786,0.0007391397019056587,-0.000372265889435593,-0.000377063101679613,0.0011162028035852716,ok
crime_4,gradient_boosting,2015-12-16,84,94,4.797212244020001e-06,0.0007439369141496786,0.0007391397019056587,-0.0012330578251295728,-0.0012378550373735929,0.0019769947392792517,ok
crime_4,twfe,2015-12-30,84,94,0.0005305716741886948,-0.002238010216733621,-0.002768581890922316,0.0005305716741886948,0.0,-0.002768581890922316,ok
crime_4,linear_gap,2015-12-30,84,94,0.0005305716741886948,-0.002238010216733621,-0.002768581890922316,-0.00035864877406314836,-0.0008892204482518431,-0.0018793614426704727,ok
crime_4,synthetic_control,2015-12-30,84,94,0.0005305716741886948,-0.002238010216733621,-0.002768581890922316,0.0005181366212701263,-1.2435052918568492e-05,-0.0027561468380037472,exact_mean_match
crime_4,random_forest,2015-12-30,84,94,0.0005305716741886948,-0.002238010216733621,-0.002768581890922316,0.00022973671605913202,-0.0003008349581295627,-0.0024677469327927535,ok
crime_4,gradient_boosting,2015-12-30,84,94,0.0005305716741886948,-0.002238010216733621,-0.002768581890922316,0.0005384661116853348,7.894437496640087e-06,-0.002776476328418956,ok
crime_4,twfe,2016-01-13,84,94,-0.00011801142120291111,-0.0016118633139909741,-0.001493851892788063,-0.00011801142120291111,0.0,-0.001493851892788063,ok
crime_4,linear_gap,2016-01-13,84,94,-0.00011801142120291111,-0.0016118633139909741,-0.001493851892788063,-0.0016136841386060255,-0.0014956727174031143,1.820824615051406e-06,ok
crime_4,synthetic_control,2016-01-13,84,94,-0.00011801142120291111,-0.0016118633139909741,-0.001493851892788063,-6.554744857397571e-05,5.24639726289354e-05,-0.0015463158654169984,exact_mean_match
crime_4,random_forest,2016-01-13,84,94,-0.00011801142120291111,-0.0016118633139909741,-0.001493851892788063,-0.0003485045552049915,-0.0002304931340020804,-0.0012633587587859824,ok
crime_4,gradient_boosting,2016-01-13,84,94,-0.00011801142120291111,-0.0016118633139909741,-0.001493851892788063,-0.001338587906243784,-0.0012205764850408728,-0.0002732754077471901,ok
crime_4,twfe,2016-01-27,84,94,-0.00031085935341254573,0.0042962356792144015,0.0046070950326269474,-0.00031085935341254573,0.0,0.0046070950326269474,ok
crime_4,linear_gap,2016-01-27,84,94,-0.00031085935341254573,0.0042962356792144015,0.0046070950326269474,-0.003521917625101675,-0.0032110582716891292,0.007818153304316077,ok
crime_4,synthetic_control,2016-01-27,84,94,-0.00031085935341254573,0.0042962356792144015,0.0046070950326269474,-0.00022522764353546595,8.563170987707977e-05,0.0045214633227498675,exact_mean_match
crime_4,random_forest,2016-01-27,84,94,-0.00031085935341254573,0.0042962356792144015,0.0046070950326269474,-0.0007086819432728928,-0.0003978225898603471,0.005004917622487295,ok
crime_4,gradient_boosting,2016-01-27,84,94,-0.00031085935341254573,0.0042962356792144015,0.0046070950326269474,-0.0015852729409547473,-0.0012744135875422016,0.005881508620169149,ok
crime_4,twfe,2016-02-10,84,94,-0.0002206717632249554,3.71968457074835e-05,0.0002578686089324389,-0.0002206717632249554,0.0,0.0002578686089324389,ok
crime_4,linear_gap,2016-02-10,84,94,-0.0002206717632249554,3.71968457074835e-05,0.0002578686089324389,0.0011082546047581005,0.001328926367983056,-0.001071057759050617,ok
crime_4,synthetic_control,2016-02-10,84,94,-0.0002206717632249554,3.71968457074835e-05,0.0002578686089324389,-0.00028695417893312425,-6.628241570816884e-05,0.00032415102464060776,exact_mean_match
crime_4,random_forest,2016-02-10,84,94,-0.0002206717632249554,3.71968457074835e-05,0.0002578686089324389,0.0006841121020559093,0.0009047838652808647,-0.0006469152563484259,ok
crime_4,gradient_boosting,2016-02-10,84,94,-0.0002206717632249554,3.71968457074835e-05,0.0002578686089324389,0.0023691639286555566,0.002589835691880512,-0.0023319670829480732,ok
crime_4,twfe,2016-02-24,84,94,-0.00011129532406128232,0.008084114467093189,0.00819540979115447,-0.00011129532406128232,0.0,0.00819540979115447,ok
crime_4,linear_gap,2016-02-24,84,94,-0.00011129532406128232,0.008084114467093189,0.00819540979115447,0.0015909186698503757,0.001702213993911658,0.006493195797242813,ok
crime_4,synthetic_control,2016-02-24,84,94,-0.00011129532406128232,0.008084114467093189,0.00819540979115447,-6.804671383669851e-05,4.324861022458381e-05,0.008152161180929887,exact_mean_match
crime_4,random_forest,2016-02-24,84,94,-0.00011129532406128232,0.008084114467093189,0.00819540979115447,0.0009066075654889984,0.0010179028895502807,0.00717750690160419,ok
crime_4,gradient_boosting,2016-02-24,84,94,-0.00011129532406128232,0.008084114467093189,0.00819540979115447,0.0008533385523448265,0.0009646338764061088,0.007230775914748362,ok
crime_4,twfe,2016-03-09,84,94,0.001288531208743974,-0.0001983831771065833,-0.0014869143858505574,0.001288531208743974,0.0,-0.0014869143858505574,ok
crime_4,linear_gap,2016-03-09,84,94,0.001288531208743974,-0.0001983831771065833,-0.0014869143858505574,0.006546786257766766,0.005258255049022792,-0.00674516943487335,ok
crime_4,synthetic_control,2016-03-09,84,94,0.001288531208743974,-0.0001983831771065833,-0.0014869143858505574,0.0014956262619327844,0.00020709505318881037,-0.0016940094390393678,exact_mean_match
crime_4,random_forest,2016-03-09,84,94,0.001288531208743974,-0.0001983831771065833,-0.0014869143858505574,0.003608495916298373,0.0023199647075543986,-0.003806879093404956,ok
crime_4,gradient_boosting,2016-03-09,84,94,0.001288531208743974,-0.0001983831771065833,-0.0014869143858505574,0.006543114240647205,0.005254583031903231,-0.006741497417753789,ok
crime_4,twfe,2016-03-23,84,94,0.0010160495532835951,-0.0024859891881168477,-0.0035020387414004426,0.0010160495532835951,0.0,-0.0035020387414004426,ok
crime_4,linear_gap,2016-03-23,84,94,0.0010160495532835951,-0.0024859891881168477,-0.0035020387414004426,0.0050412223544941855,0.0040251728012105905,-0.007527211542611033,ok
crime_4,synthetic_control,2016-03-23,84,94,0.0010160495532835951,-0.0024859891881168477,-0.0035020387414004426,0.0010052138210043266,-1.0835732279268527e-05,-0.0034912030091211743,exact_mean_match
crime_4,random_forest,2016-03-23,84,94,0.0010160495532835951,-0.0024859891881168477,-0.0035020387414004426,0.00037802747237845175,-0.0006380220809051434,-0.002864016660495299,ok
crime_4,gradient_boosting,2016-03-23,84,94,0.0010160495532835951,-0.0024859891881168477,-0.0035020387414004426,0.0015587764261789825,0.0005427268728953874,-0.00404476561429583,ok
crime_4,twfe,2016-04-06,84,94,0.001230964661815725,0.0006633437484501309,-0.0005676209133655941,0.001230964661815725,0.0,-0.0005676209133655941,ok
crime_4,linear_gap,2016-04-06,84,94,0.001230964661815725,0.0006633437484501309,-0.0005676209133655941,0.0018735686605051269,0.0006426039986894018,-0.001210224912054996,ok
crime_4,synthetic_control,2016-04-06,84,94,0.001230964661815725,0.0006633437484501309,-0.0005676209133655941,0.0007628177386176903,-0.00046814692319803474,-9.947399016755937e-05,exact_mean_match
crime_4,random_forest,2016-04-06,84,94,0.001230964661815725,0.0006633437484501309,-0.0005676209133655941,0.00013606214701278365,-0.0010949025148029414,0.0005272816014373473,ok
crime_4,gradient_boosting,2016-04-06,84,94,0.001230964661815725,0.0006633437484501309,-0.0005676209133655941,-0.0007582303808978395,-0.0019891950427135645,0.0014215741293479704,ok
crime_4,twfe,2016-04-20,84,94,0.0017999140339565861,0.003825075633586271,0.0020251615996296846,0.0017999140339565861,0.0,0.0020251615996296846,ok
crime_4,linear_gap,2016-04-20,84,94,0.0017999140339565861,0.003825075633586271,0.0020251615996296846,-8.670180519607958e-05,-0.0018866158391526657,0.003911777438782351,ok
crime_4,synthetic_control,2016-04-20,84,94,0.0017999140339565861,0.003825075633586271,0.0020251615996296846,0.0015331220332634073,-0.0002667920006931789,0.0022919536003228637,exact_mean_match
crime_4,random_forest,2016-04-20,84,94,0.0017999140339565861,0.003825075633586271,0.0020251615996296846,0.0007935196051601617,-0.0010063944287964244,0.003031556028426109,ok
crime_4,gradient_boosting,2016-04-20,84,94,0.0017999140339565861,0.003825075633586271,0.0020251615996296846,0.000165614634569128,-0.001634299399387458,0.0036594609990171427,ok
crime_4,twfe,2016-05-04,84,94,0.0017269964078474712,0.0061002826960273775,0.004373286288179906,0.0017269964078474712,0.0,0.004373286288179906,ok
crime_4,linear_gap,2016-05-04,84,94,0.0017269964078474712,0.0061002826960273775,0.004373286288179906,0.0017740777300366624,4.708132218919116e-05,0.004326204965990715,ok
crime_4,synthetic_control,2016-05-04,84,94,0.0017269964078474712,0.0061002826960273775,0.004373286288179906,0.0005906904308990981,-0.001136305976948373,0.005509592265128279,exact_mean_match
crime_4,random_forest,2016-05-04,84,94,0.0017269964078474712,0.0061002826960273775,0.004373286288179906,0.0013508491048111952,-0.00037614730303627605,0.004749433591216182,ok
crime_4,gradient_boosting,2016-05-04,84,94,0.0017269964078474712,0.0061002826960273775,0.004373286288179906,0.002295318820568627,0.0005683224127211559,0.00380496387545875,ok
crime_4,twfe,2016-05-18,84,94,0.0026202373276841356,-0.0004463621484898084,-0.0030665994761739437,0.0026202373276841356,0.0,-0.0030665994761739437,ok
crime_4,linear_gap,2016-05-18,84,94,0.0026202373276841356,-0.0004463621484898084,-0.0030665994761739437,0.002942800433873187,0.0003225631061890516,-0.0033891625823629953,ok
crime_4,synthetic_control,2016-05-18,84,94,0.0026202373276841356,-0.0004463621484898084,-0.0030665994761739437,0.0023490425171922985,-0.00027119481049183705,-0.0027954046656821067,exact_mean_match
crime_4,random_forest,2016-05-18,84,94,0.0026202373276841356,-0.0004463621484898084,-0.0030665994761739437,0.0024271521856040245,-0.0001930851420801111,-0.0028735143340938326,ok
crime_4,gradient_boosting,2016-05-18,84,94,0.0026202373276841356,-0.0004463621484898084,-0.0030665994761739437,0.004602521784801019,0.001982284457116884,-0.005048883933290827,ok
crime_4,twfe,2016-06-01,84,94,0.0012635857050750667,0.007916728661409512,0.006653142956334445,0.0012635857050750667,0.0,0.006653142956334445,ok
crime_4,linear_gap,2016-06-01,84,94,0.0012635857050750667,0.007916728661409512,0.006653142956334445,0.0034878979325490248,0.002224312227473958,0.004428830728860487,ok
crime_4,synthetic_control,2016-06-01,84,94,0.0012635857050750667,0.007916728661409512,0.006653142956334445,0.0008990723999693691,-0.00036451330510569755,0.007017656261440143,exact_mean_match
crime_4,random_forest,2016-06-01,84,94,0.0012635857050750667,0.007916728661409512,0.006653142956334445,0.0005015763707495343,-0.0007620093343255324,0.007415152290659977,ok
crime_4,gradient_boosting,2016-06-01,84,94,0.0012635857050750667,0.007916728661409512,0.006653142956334445,0.0006253641028400954,-0.0006382216022349713,0.007291364558569416,ok
crime_4,twfe,2016-06-15,84,94,0.0027363298639894377,0.004810792044834597,0.0020744621808451596,0.0027363298639894377,0.0,0.0020744621808451596,ok
crime_4,linear_gap,2016-06-15,84,94,0.0027363298639894377,0.004810792044834597,0.0020744621808451596,0.007120497746892626,0.004384167882903188,-0.002309705702058028,ok
crime_4,synthetic_control,2016-06-15,84,94,0.0027363298639894377,0.004810792044834597,0.0020744621808451596,0.001796165421066703,-0.0009401644429227348,0.0030146266237678944,exact_mean_match
crime_4,random_forest,2016-06-15,84,94,0.0027363298639894377,0.004810792044834597,0.0020744621808451596,0.0019128600211633486,-0.0008234698428260892,0.0028979320236712488,ok
crime_4,gradient_boosting,2016-06-15,84,94,0.0027363298639894377,0.004810792044834597,0.0020744621808451596,0.005349128030261752,0.0026127981662723144,-0.0005383359854271548,ok
crime_4,twfe,2016-06-29,84,94,0.0035672070246538334,0.002064424936765362,-0.0015027820878884715,0.0035672070246538334,0.0,-0.0015027820878884715,ok
crime_4,linear_gap,2016-06-29,84,94,0.0035672070246538334,0.002064424936765362,-0.0015027820878884715,0.005901655916534651,0.0023344488918808173,-0.0038372309797692888,ok
crime_4,synthetic_control,2016-06-29,84,94,0.0035672070246538334,0.002064424936765362,-0.0015027820878884715,0.0017111025676963803,-0.0018561044569574531,0.00035332236906898164,exact_mean_match
crime_4,random_forest,2016-06-29,84,94,0.0035672070246538334,0.002064424936765362,-0.0015027820878884715,0.0035041055922808515,-6.31014323729819e-05,-0.0014396806555154896,ok
crime_4,gradient_boosting,2016-06-29,84,94,0.0035672070246538334,0.002064424936765362,-0.0015027820878884715,0.005947297056173409,0.002380090031519575,-0.0038828721194080467,ok
crime_4,twfe,2016-07-13,84,94,0.0036123008197476284,-0.0006137479541734868,-0.004226048773921115,0.0036123008197476284,0.0,-0.004226048773921115,ok
crime_4,linear_gap,2016-07-13,84,94,0.0036123008197476284,-0.0006137479541734868,-0.004226048773921115,0.002961849934026692,-0.0006504508857209366,-0.0035755978882001786,ok
crime_4,synthetic_control,2016-07-13,84,94,0.0036123008197476284,-0.0006137479541734868,-0.004226048773921115,0.005894103147788243,0.0022818023280406145,-0.006507851101961729,exact_mean_match
crime_4,random_forest,2016-07-13,84,94,0.0036123008197476284,-0.0006137479541734868,-0.004226048773921115,0.001801345700001041,-0.0018109551197465874,-0.002415093654174528,ok
crime_4,gradient_boosting,2016-07-13,84,94,0.0036123008197476284,-0.0006137479541734868,-0.004226048773921115,0.0015744829683390312,-0.002037817851408597,-0.002188230922512518,ok
crime_4,twfe,2016-07-27,84,94,0.0029167050443646187,0.0004959579427664529,-0.0024207471015981656,0.0029167050443646187,0.0,-0.0024207471015981656,ok
crime_4,linear_gap,2016-07-27,84,94,0.0029167050443646187,0.0004959579427664529,-0.0024207471015981656,-0.0002764174855381527,-0.0031931225299027715,0.0007723754283046058,ok
crime_4,synthetic_control,2016-07-27,84,94,0.0029167050443646187,0.0004959579427664529,-0.0024207471015981656,0.0035190664381890002,0.0006023613938243816,-0.003023108495422547,exact_mean_match
crime_4,random_forest,2016-07-27,84,94,0.0029167050443646187,0.0004959579427664529,-0.0024207471015981656,0.00025818659579252256,-0.002658518448572096,0.0002377713469739304,ok
crime_4,gradient_boosting,2016-07-27,84,94,0.0029167050443646187,0.0004959579427664529,-0.0024207471015981656,-0.0003836296338171772,-0.0033003346781817957,0.00087958757658363,ok
crime_4,twfe,2016-08-10,84,94,0.0020944628657394606,0.0021326191538957495,3.815628815628889e-05,0.0020944628657394606,0.0,3.815628815628889e-05,ok
crime_4,linear_gap,2016-08-10,84,94,0.0020944628657394606,0.0021326191538957495,3.815628815628889e-05,-0.0006242032447210268,-0.0027186661104604873,0.0027568223986167762,ok
crime_4,synthetic_control,2016-08-10,84,94,0.0020944628657394606,0.0021326191538957495,3.815628815628889e-05,0.0023390324627904583,0.00024456959705099765,-0.00020641330889470877,exact_mean_match
crime_4,random_forest,2016-08-10,84,94,0.0020944628657394606,0.0021326191538957495,3.815628815628889e-05,-0.0001040096722089629,-0.0021984725379484236,0.0022366288261047125,ok
crime_4,gradient_boosting,2016-08-10,84,94,0.0020944628657394606,0.0021326191538957495,3.815628815628889e-05,0.00027797300187394343,-0.0018164898638655172,0.0018546461520218061,ok
crime_4,twfe,2016-08-24,84,94,0.0024484971293481923,0.002826960273768784,0.0003784631444205917,0.0024484971293481923,0.0,0.0003784631444205917,ok
crime_4,linear_gap,2016-08-24,84,94,0.0024484971293481923,0.002826960273768784,0.0003784631444205917,-0.0022495462348162895,-0.004698043364164482,0.005076506508585074,ok
crime_4,synthetic_control,2016-08-24,84,94,0.0024484971293481923,0.002826960273768784,0.0003784631444205917,0.0020579457351245787,-0.00039055139422361366,0.0007690145386442053,exact_mean_match
crime_4,random_forest,2016-08-24,84,94,0.0024484971293481923,0.002826960273768784,0.0003784631444205917,0.0010183383489935363,-0.001430158780354656,0.0018086219247752478,ok
crime_4,gradient_boosting,2016-08-24,84,94,0.0024484971293481923,0.002826960273768784,0.0003784631444205917,0.0010250719175301027,-0.0014234252118180896,0.0018018883562386813,ok
crime_4,twfe,2016-09-07,84,94,0.0014890546805440418,-0.0012088974854932305,-0.0026979521660372725,0.0014890546805440418,0.0,-0.0026979521660372725,ok
crime_4,linear_gap,2016-09-07,84,94,0.0014890546805440418,-0.0012088974854932305,-0.0026979521660372725,0.00044093476990367193,-0.0010481199106403699,-0.0016498322553969026,ok
crime_4,synthetic_control,2016-09-07,84,94,0.0014890546805440418,-0.0012088974854932305,-0.0026979521660372725,0.0010451422685923192,-0.0004439124119517226,-0.00225403975408555,exact_mean_match
crime_4,random_forest,2016-09-07,84,94,0.0014890546805440418,-0.0012088974854932305,-0.0026979521660372725,0.0012298228010386378,-0.000259231879505404,-0.0024387202865318687,ok
crime_4,gradient_boosting,2016-09-07,84,94,0.0014890546805440418,-0.0012088974854932305,-0.0026979521660372725,0.0020058791000566174,0.0005168244195125756,-0.003214776585549848,ok
crime_4,twfe,2016-09-21,84,94,0.0005123422676614161,0.0024239944452710406,0.0019116521776096245,0.0005123422676614161,0.0,0.0019116521776096245,ok
crime_4,linear_gap,2016-09-21,84,94,0.0005123422676614161,0.0024239944452710406,0.0019116521776096245,-0.0002986895562405161,-0.0008110318239019322,0.002722684001511557,ok
crime_4,synthetic_control,2016-09-21,84,94,0.0005123422676614161,0.0024239944452710406,0.0019116521776096245,0.0004983603211404942,-1.3981946520921903e-05,0.0019256341241305464,exact_mean_match
crime_4,random_forest,2016-09-21,84,94,0.0005123422676614161,0.0024239944452710406,0.0019116521776096245,-0.00019596661056676468,-0.0007083088782281808,0.0026199610558378054,ok
crime_4,gradient_boosting,2016-09-21,84,94,0.0005123422676614161,0.0024239944452710406,0.0019116521776096245,-0.0005022759676215036,-0.0010146182352829196,0.002926270412892544,ok
crime_4,twfe,2016-10-05,84,94,0.0009028353443247055,0.007389773347220156,0.006486938002895451,0.0009028353443247055,0.0,0.006486938002895451,ok
crime_4,linear_gap,2016-10-05,84,94,0.0009028353443247055,0.007389773347220156,0.006486938002895451,0.002687721898032862,0.0017848865537081567,0.004702051449187294,ok
crime_4,synthetic_control,2016-10-05,84,94,0.0009028353443247055,0.007389773347220156,0.006486938002895451,0.0006957159127890904,-0.00020711943153561515,0.0066940574344310656,exact_mean_match
crime_4,random_forest,2016-10-05,84,94,0.0009028353443247055,0.007389773347220156,0.006486938002895451,0.0006256958366817651,-0.0002771395076429404,0.006764077510538391,ok
crime_4,gradient_boosting,2016-10-05,84,94,0.0009028353443247055,0.007389773347220156,0.006486938002895451,0.0031047163337531093,0.0022018809894284036,0.004285057013467047,ok
crime_4,twfe,2016-10-19,84,94,0.0024034033342543973,-0.0008493279769875516,-0.003252731311241949,0.0024034033342543973,0.0,-0.003252731311241949,ok
crime_4,linear_gap,2016-10-19,84,94,0.0024034033342543973,-0.0008493279769875516,-0.003252731311241949,0.006727878826524859,0.004324475492270462,-0.007577206803512411,ok
crime_4,synthetic_control,2016-10-19,84,94,0.0024034033342543973,-0.0008493279769875516,-0.003252731311241949,0.0023060572923719637,-9.734604188243361e-05,-0.0031553852693595153,exact_mean_match
crime_4,random_forest,2016-10-19,84,94,0.0024034033342543973,-0.0008493279769875516,-0.003252731311241949,0.005802629988021559,0.0033992266537671615,-0.006651957965009111,ok
crime_4,gradient_boosting,2016-10-19,84,94,0.0024034033342543973,-0.0008493279769875516,-0.003252731311241949,0.008691296111782359,0.006287892777527962,-0.00954062408876991,ok
crime_4,twfe,2016-11-02,84,94,0.0022316631359184545,0.003880870902147497,0.0016492077662290426,0.0022316631359184545,0.0,0.0016492077662290426,ok
crime_4,linear_gap,2016-11-02,84,94,0.0022316631359184545,0.003880870902147497,0.0016492077662290426,0.004056624862680508,0.0018249617267620533,-0.00017575396053301062,ok
crime_4,synthetic_control,2016-11-02,84,94,0.0022316631359184545,0.003880870902147497,0.0016492077662290426,0.0020942101550792966,-0.00013745298083915787,0.0017866607470682005,exact_mean_match
crime_4,random_forest,2016-11-02,84,94,0.0022316631359184545,0.003880870902147497,0.0016492077662290426,0.00043266354574963826,-0.0017989995901688163,0.003448207356397859,ok
crime_4,gradient_boosting,2016-11-02,84,94,0.0022316631359184545,0.003880870902147497,0.0016492077662290426,0.000633505101382357,-0.0015981580345360976,0.0032473658007651403,ok
crime_4,twfe,2016-11-16,84,94,0.0028370713211138734,0.00464340623915092,0.0018063349180370463,0.0028370713211138734,0.0,0.0018063349180370463,ok
crime_4,linear_gap,2016-11-16,84,94,0.0028370713211138734,0.00464340623915092,0.0018063349180370463,0.0059396744041886095,0.003102603083074736,-0.0012962681650376898,ok
crime_4,synthetic_control,2016-11-16,84,94,0.0028370713211138734,0.00464340623915092,0.0018063349180370463,0.002150717676652543,-0.0006863536444613304,0.0024926885624983767,exact_mean_match
crime_4,random_forest,2016-11-16,84,94,0.0028370713211138734,0.00464340623915092,0.0018063349180370463,0.003361731072880864,0.0005246597517669905,0.0012816751662700558,ok
crime_4,gradient_boosting,2016-11-16,84,94,0.0028370713211138734,0.00464340623915092,0.0018063349180370463,0.004487870339462487,0.001650799018348614,0.0001555358996884323,ok
crime_4,twfe,2016-11-30,84,94,0.002982906573332105,0.003242325050835689,0.00025941847750358396,0.002982906573332105,0.0,0.00025941847750358396,ok
crime_4,linear_gap,2016-11-30,84,94,0.002982906573332105,0.003242325050835689,0.00025941847750358396,0.005947628641424203,0.002964722068092098,-0.002705303590588514,ok
crime_4,synthetic_control,2016-11-30,84,94,0.002982906573332105,0.003242325050835689,0.00025941847750358396,0.0035646068191648294,0.0005817002458327245,-0.00032228176832914054,exact_mean_match
crime_4,random_forest,2016-11-30,84,94,0.002982906573332105,0.003242325050835689,0.00025941847750358396,0.0030827549065752502,9.984833324314536e-05,0.0001595701442604386,ok
crime_4,gradient_boosting,2016-11-30,84,94,0.002982906573332105,0.003242325050835689,0.00025941847750358396,0.004398993565400382,0.0014160869920682773,-0.0011566685145646934,ok
crime_4,twfe,2016-12-14,84,94,0.003581598661385895,0.003949065119277884,0.0003674664578919894,0.003581598661385895,0.0,0.0003674664578919894,ok
crime_4,linear_gap,2016-12-14,84,94,0.003581598661385895,0.003949065119277884,0.0003674664578919894,0.0022546340151607205,-0.0013269646462251744,0.0016944311041171638,ok
crime_4,synthetic_control,2016-12-14,84,94,0.003581598661385895,0.003949065119277884,0.0003674664578919894,0.0030294847632491035,-0.0005521138981367914,0.0009195803560287808,exact_mean_match
crime_4,random_forest,2016-12-14,84,94,0.003581598661385895,0.003949065119277884,0.0003674664578919894,0.0016172773592314648,-0.00196432130215443,0.0023317877600464196,ok
crime_4,gradient_boosting,2016-12-14,84,94,0.003581598661385895,0.003949065119277884,0.0003674664578919894,0.0019266756133186603,-0.0016549230480672346,0.002022389505959224,ok
crime_4,twfe,2016-12-28,84,94,0.0036996100825888063,0.008679263998412935,0.004979653915824129,0.0036996100825888063,0.0,0.004979653915824129,ok
crime_4,linear_gap,2016-12-28,84,94,0.0036996100825888063,0.008679263998412935,0.004979653915824129,0.0025259399794439197,-0.0011736701031448867,0.0061533240189690155,ok
crime_4,synthetic_control,2016-12-28,84,94,0.0036996100825888063,0.008679263998412935,0.004979653915824129,0.0035862191694037045,-0.00011339091318510186,0.005093044829009231,exact_mean_match
crime_4,random_forest,2016-12-28,84,94,0.0036996100825888063,0.008679263998412935,0.004979653915824129,0.0021233682756957107,-0.0015762418068930957,0.0065558957227172246,ok
crime_4,gradient_boosting,2016-12-28,84,94,0.0036996100825888063,0.008679263998412935,0.004979653915824129,0.0028107452381357736,-0.0008888648444530327,0.005868518760277162,ok
crime_4,twfe,2017-01-11,84,94,0.003727433913604126,-0.002888955016614591,-0.006616388930218717,0.003727433913604126,0.0,-0.006616388930218717,ok
crime_4,linear_gap,2017-01-11,84,94,0.003727433913604126,-0.002888955016614591,-0.006616388930218717,0.007284595952576905,0.003557162038972779,-0.010173550969191496,ok
crime_4,synthetic_control,2017-01-11,84,94,0.003727433913604126,-0.002888955016614591,-0.006616388930218717,0.005941351725443982,0.002213917811839856,-0.008830306742058574,exact_mean_match
crime_4,random_forest,2017-01-11,84,94,0.003727433913604126,-0.002888955016614591,-0.006616388930218717,0.0041213792907709,0.0003939453771667741,-0.007010334307385491,ok
crime_4,gradient_boosting,2017-01-11,84,94,0.003727433913604126,-0.002888955016614591,-0.006616388930218717,0.005951500906230158,0.002224066992626032,-0.008840455922844749,ok
crime_4,twfe,2017-01-25,84,94,0.003366683552853766,0.0029509497594603965,-0.0004157337933933694,0.003366683552853766,0.0,-0.0004157337933933694,ok
crime_4,linear_gap,2017-01-25,84,94,0.003366683552853766,0.0029509497594603965,-0.0004157337933933694,0.0006536223617015144,-0.0027130611911522513,0.002297327397758882,ok
crime_4,synthetic_control,2017-01-25,84,94,0.003366683552853766,0.0029509497594603965,-0.0004157337933933694,0.003198618410983834,-0.00016806514186993183,-0.00024766865152343756,exact_mean_match
crime_4,random_forest,2017-01-25,84,94,0.003366683552853766,0.0029509497594603965,-0.0004157337933933694,-0.001280129053247263,-0.004646812606101029,0.004231078812707659,ok
crime_4,gradient_boosting,2017-01-25,84,94,0.003366683552853766,0.0029509497594603965,-0.0004157337933933694,-0.0019263384857531496,-0.005293022038606916,0.004877288245213546,ok
crime_4,twfe,2017-02-08,84,94,0.0027890991986736662,0.008028319198531962,0.005239219999858297,0.0027890991986736662,0.0,0.005239219999858297,ok
crime_4,linear_gap,2017-02-08,84,94,0.0027890991986736662,0.008028319198531962,0.005239219999858297,0.000760398655057186,-0.0020287005436164804,0.007267920543474777,ok
crime_4,synthetic_control,2017-02-08,84,94,0.0027890991986736662,0.008028319198531962,0.005239219999858297,0.001548144624701711,-0.0012409545739719553,0.006480174573830252,exact_mean_match
crime_4,random_forest,2017-02-08,84,94,0.0027890991986736662,0.008028319198531962,0.005239219999858297,0.001795364034865681,-0.0009937351638079853,0.006232955163666282,ok
crime_4,gradient_boosting,2017-02-08,84,94,0.0027890991986736662,0.008028319198531962,0.005239219999858297,0.0022858877453845326,-0.0005032114532891336,0.00574243145314743,ok
crime_4,twfe,2017-02-22,84,94,0.0035297887691504706,0.001661459108267618,-0.0018683296608828525,0.0035297887691504706,0.0,-0.0018683296608828525,ok
crime_4,linear_gap,2017-02-22,84,94,0.0035297887691504706,0.001661459108267618,-0.0018683296608828525,0.004290096073312851,0.0007603073041623802,-0.0026286369650452327,ok
crime_4,synthetic_control,2017-02-22,84,94,0.0035297887691504706,0.001661459108267618,-0.0018683296608828525,0.002762865721008664,-0.0007669230481418066,-0.001101406612741046,exact_mean_match
crime_4,random_forest,2017-02-22,84,94,0.0035297887691504706,0.001661459108267618,-0.0018683296608828525,0.0040540112139599415,0.0005242224448094709,-0.0023925521056923234,ok
crime_4,gradient_boosting,2017-02-22,84,94,0.0035297887691504706,0.001661459108267618,-0.0018683296608828525,0.006662886098510947,0.003133097329360476,-0.005001426990243328,ok
crime_4,twfe,2017-03-08,84,94,0.0036372463234165355,-0.002473590239547687,-0.006110836562964223,0.0036372463234165355,0.0,-0.006110836562964223,ok
crime_4,linear_gap,2017-03-08,84,94,0.0036372463234165355,-0.002473590239547687,-0.006110836562964223,0.0024291059665259903,-0.0012081403568905452,-0.004902696206073677,ok
crime_4,synthetic_control,2017-03-08,84,94,0.0036372463234165355,-0.002473590239547687,-0.006110836562964223,0.005495142596070085,0.0018578962726535499,-0.007968732835617772,exact_mean_match
crime_4,random_forest,2017-03-08,84,94,0.0036372463234165355,-0.002473590239547687,-0.006110836562964223,0.00201697739110409,-0.0016202689323124454,-0.004490567630651777,ok
crime_4,gradient_boosting,2017-03-08,84,94,0.0036372463234165355,-0.002473590239547687,-0.006110836562964223,0.0033890094337251284,-0.0002482368896914071,-0.0058625996732728156,ok
crime_4,twfe,2017-03-22,84,94,0.002291148567744312,0.0010787085255170353,-0.0012124400422272765,0.002291148567744312,0.0,-0.0012124400422272765,ok
crime_4,linear_gap,2017-03-22,84,94,0.002291148567744312,0.0010787085255170353,-0.0012124400422272765,-0.0017853092451366533,-0.004076457812880965,0.0028640177706536884,ok
crime_4,synthetic_control,2017-03-22,84,94,0.002291148567744312,0.0010787085255170353,-0.0012124400422272765,0.0022963713512154024,5.222783471090561e-06,-0.001217662825698367,exact_mean_match
crime_4,random_forest,2017-03-22,84,94,0.002291148567744312,0.0010787085255170353,-0.0012124400422272765,-0.0007933692144487185,-0.00308451778219303,0.0018720777399657536,ok
crime_4,gradient_boosting,2017-03-22,84,94,0.002291148567744312,0.0010787085255170353,-0.0012124400422272765,-0.002459980722095595,-0.004751129289839907,0.0035386892476126303,ok
crime_4,twfe,2017-04-05,84,94,0.001078413312455865,0.0,-0.001078413312455865,0.001078413312455865,0.0,-0.001078413312455865,ok
crime_4,linear_gap,2017-04-05,84,94,0.001078413312455865,0.0,-0.001078413312455865,0.0004753239948895345,-0.0006030893175663306,-0.0004753239948895345,ok
crime_4,synthetic_control,2017-04-05,84,94,0.001078413312455865,0.0,-0.001078413312455865,0.0,-0.001078413312455865,0.0,exact_mean_match
crime_4,random_forest,2017-04-05,84,94,0.001078413312455865,0.0,-0.001078413312455865,-4.2554141854806614e-05,-0.0011209674543106716,4.255414185480653e-05,ok
crime_4,gradient_boosting,2017-04-05,84,94,0.001078413312455865,0.0,-0.001078413312455865,-0.0005246043889675843,-0.0016030177014234493,0.0005246043889675842,ok
crime_4,twfe,2017-04-19,84,94,0.001534148475637837,-0.0015126717254376827,-0.0030468202010755195,0.001534148475637837,0.0,-0.0030468202010755195,ok
crime_4,linear_gap,2017-04-19,84,94,0.001534148475637837,-0.0015126717254376827,-0.0030468202010755195,-0.0020897121031029694,-0.0036238605787408066,0.0005770403776652871,ok
crime_4,synthetic_control,2017-04-19,84,94,0.001534148475637837,-0.0015126717254376827,-0.0030468202010755195,0.00019200733579737917,-0.0013421411398404578,-0.0017046790612350617,exact_mean_match
crime_4,random_forest,2017-04-19,84,94,0.001534148475637837,-0.0015126717254376827,-0.0030468202010755195,-3.662871298825774e-05,-0.0015707771886260948,-0.0014760430124494248,ok
crime_4,gradient_boosting,2017-04-19,84,94,0.001534148475637837,-0.0015126717254376827,-0.0030468202010755195,-0.00037364137983814344,-0.0019077898554759804,-0.001139030345599539,ok
crime_4,twfe,2017-05-03,84,94,0.0011052777010223816,0.006999206467291573,0.005893928766269191,0.0011052777010223816,0.0,0.005893928766269191,ok
crime_4,linear_gap,2017-05-03,84,94,0.0011052777010223816,0.006999206467291573,0.005893928766269191,-0.003579313856802325,-0.004684591557824707,0.010578520324093899,ok
crime_4,synthetic_control,2017-05-03,84,94,0.0011052777010223816,0.006999206467291573,0.005893928766269191,0.0006201877969966539,-0.0004850899040257277,0.006379018670294919,exact_mean_match
crime_4,random_forest,2017-05-03,84,94,0.0011052777010223816,0.006999206467291573,0.005893928766269191,-2.2241043006805282e-06,-0.0011075018053230622,0.007001430571592253,ok
crime_4,gradient_boosting,2017-05-03,84,94,0.0011052777010223816,0.006999206467291573,0.005893928766269191,-0.00039064903955671724,-0.0014959267405790988,0.00738985550684829,ok
crime_4,twfe,2017-05-17,84,94,0.0013259494642473364,0.001742052273967166,0.0004161028097198296,0.0013259494642473364,0.0,0.0004161028097198296,ok
crime_4,linear_gap,2017-05-17,84,94,0.0013259494642473364,0.001742052273967166,0.0004161028097198296,0.0049758729177714405,0.003649923453524104,-0.0032338206438042743,ok
crime_4,synthetic_control,2017-05-17,84,94,0.0013259494642473364,0.001742052273967166,0.0004161028097198296,0.001566126432644947,0.0002401769683976105,0.0001759258413222191,exact_mean_match
crime_4,random_forest,2017-05-17,84,94,0.0013259494642473364,0.001742052273967166,0.0004161028097198296,0.00361437816347419,0.002288428699226854,-0.0018723258895070242,ok
crime_4,gradient_boosting,2017-05-17,84,94,0.0013259494642473364,0.001742052273967166,0.0004161028097198296,0.007083405473381646,0.005757456009134309,-0.00534135319941448,ok
crime_4,twfe,2017-05-31,84,94,0.0012117758128396422,0.009801368843922032,0.00858959303108239,0.0012117758128396422,0.0,0.00858959303108239,ok
crime_4,linear_gap,2017-05-31,84,94,0.0012117758128396422,0.009801368843922032,0.00858959303108239,0.005740270367929939,0.004528494555090297,0.004061098475992093,ok
crime_4,synthetic_control,2017-05-31,84,94,0.0012117758128396422,0.009801368843922032,0.00858959303108239,0.001591029353011631,0.0003792535401719889,0.008210339490910401,exact_mean_match
crime_4,random_forest,2017-05-31,84,94,0.0012117758128396422,0.009801368843922032,0.00858959303108239,0.0013582137809837057,0.00014643796814406353,0.008443155062938325,ok
crime_4,gradient_boosting,2017-05-31,84,94,0.0012117758128396422,0.009801368843922032,0.00858959303108239,0.0024657125108892503,0.0012539366980496081,0.007335656333032781,ok
crime_4,twfe,2017-06-14,84,94,0.003500046053237542,0.009162822992610228,0.005662776939372685,0.003500046053237542,0.0,0.005662776939372685,ok
crime_4,linear_gap,2017-06-14,84,94,0.003500046053237542,0.009162822992610228,0.005662776939372685,0.009541588575586488,0.006041542522348946,-0.0003787655829762607,ok
crime_4,synthetic_control,2017-06-14,84,94,0.003500046053237542,0.009162822992610228,0.005662776939372685,0.004294769568485918,0.0007947235152483763,0.004868053424124309,exact_mean_match
crime_4,random_forest,2017-06-14,84,94,0.003500046053237542,0.009162822992610228,0.005662776939372685,0.0080351449158004,0.0045350988625628575,0.0011276780768098276,ok
crime_4,gradient_boosting,2017-06-14,84,94,0.003500046053237542,0.009162822992610228,0.005662776939372685,0.008727178246941882,0.00522713219370434,0.00043564474566834543,ok
crime_4,twfe,2017-06-28,84,94,0.005040910626017008,0.010563904180925454,0.005522993554908446,0.005040910626017008,0.0,0.005522993554908446,ok
crime_4,linear_gap,2017-06-28,84,94,0.005040910626017008,0.010563904180925454,0.005522993554908446,0.013198310187225521,0.008157399561208513,-0.002634406006300067,ok
crime_4,synthetic_control,2017-06-28,84,94,0.005040910626017008,0.010563904180925454,0.005522993554908446,0.006373672962138073,0.0013327623361210645,0.004190231218787381,exact_mean_match
crime_4,random_forest,2017-06-28,84,94,0.005040910626017008,0.010563904180925454,0.005522993554908446,0.008499789459748412,0.0034588788337314037,0.0020641147211770423,ok
crime_4,gradient_boosting,2017-06-28,84,94,0.005040910626017008,0.010563904180925454,0.005522993554908446,0.011342415518526595,0.0063015048925095865,-0.0007785113376011406,ok
crime_4,twfe,2017-07-12,84,94,0.006965552178318134,0.008567673461290481,0.0016021212829723467,0.006965552178318134,0.0,0.0016021212829723467,ok
crime_4,linear_gap,2017-07-12,84,94,0.006965552178318134,0.008567673461290481,0.0016021212829723467,0.014897073491404686,0.007931521313086552,-0.006329400030114205,ok
crime_4,synthetic_control,2017-07-12,84,94,0.006965552178318134,0.008567673461290481,0.0016021212829723467,0.0051248248883507316,-0.0018407272899674029,0.0034428485729397496,exact_mean_match
crime_4,random_forest,2017-07-12,84,94,0.006965552178318134,0.008567673461290481,0.0016021212829723467,0.009889039358387504,0.00292348718006937,-0.001321365897097023,ok
crime_4,gradient_boosting,2017-07-12,84,94,0.006965552178318134,0.008567673461290481,0.0016021212829723467,0.011277218680662258,0.004311666502344123,-0.0027095452193717767,ok
crime_4,twfe,2017-07-26,84,94,0.008525605600073686,0.00845608292416803,-6.952267590565504e-05,0.008525605600073686,0.0,-6.952267590565504e-05,ok
crime_4,linear_gap,2017-07-26,84,94,0.008525605600073686,0.00845608292416803,-6.952267590565504e-05,0.012008502458212313,0.003482896858138627,-0.003552419534044282,ok
crime_4,synthetic_control,2017-07-26,84,94,0.008525605600073686,0.00845608292416803,-6.952267590565504e-05,0.006721747986621136,-0.00180385761345255,0.0017343349375468949,exact_mean_match
crime_4,random_forest,2017-07-26,84,94,0.008525605600073686,0.00845608292416803,-6.952267590565504e-05,0.007273844128112773,-0.0012517614719609127,0.0011822387960552577,ok
crime_4,gradient_boosting,2017-07-26,84,94,0.008525605600073686,0.00845608292416803,-6.952267590565504e-05,0.008820754589706848,0.00029514898963316216,-0.0003646716655388172,ok
crime_4,twfe,2017-08-09,84,94,0.008497781769058365,0.0072905817586668645,-0.0012072000103915004,0.008497781769058365,0.0,-0.0012072000103915004,ok
crime_4,linear_gap,2017-08-09,84,94,0.008497781769058365,0.0072905817586668645,-0.0012072000103915004,0.012538087852401193,0.004040306083342828,-0.005247506093734328,ok
crime_4,synthetic_control,2017-08-09,84,94,0.008497781769058365,0.0072905817586668645,-0.0012072000103915004,0.007981291424823336,-0.000516490344235029,-0.0006907096661564714,exact_mean_match
crime_4,random_forest,2017-08-09,84,94,0.008497781769058365,0.0072905817586668645,-0.0012072000103915004,0.008854350078751374,0.0003565683096930089,-0.0015637683200845093,ok
crime_4,gradient_boosting,2017-08-09,84,94,0.008497781769058365,0.0072905817586668645,-0.0012072000103915004,0.00954054126799402,0.0010427594989356557,-0.002249959509327156,ok
crime_4,twfe,2017-08-23,84,94,0.009212566393417457,0.00734637702722809,-0.001866189366189367,0.009212566393417457,0.0,-0.001866189366189367,ok
crime_4,linear_gap,2017-08-23,84,94,0.009212566393417457,0.00734637702722809,-0.001866189366189367,0.007658882761174082,-0.001553683632243375,-0.0003125057339459919,ok
crime_4,synthetic_control,2017-08-23,84,94,0.009212566393417457,0.00734637702722809,-0.001866189366189367,0.006761590051483213,-0.0024509763419342436,0.0005847869757448767,exact_mean_match
crime_4,random_forest,2017-08-23,84,94,0.009212566393417457,0.00734637702722809,-0.001866189366189367,0.007531573307386399,-0.0016809930860310577,-0.0001851962801583092,ok
crime_4,gradient_boosting,2017-08-23,84,94,0.009212566393417457,0.00734637702722809,-0.001866189366189367,0.007862479548902004,-0.0013500868445154527,-0.0005161025216739142,ok
crime_4,twfe,2017-09-06,84,94,0.008959273586933162,0.008511878192729257,-0.00044739539420390537,0.008959273586933162,0.0,-0.00044739539420390537,ok
crime_4,linear_gap,2017-09-06,84,94,0.008959273586933162,0.008511878192729257,-0.00044739539420390537,0.006902828692740903,-0.0020564448941922595,0.001609049499988354,ok
crime_4,synthetic_control,2017-09-06,84,94,0.008959273586933162,0.008511878192729257,-0.00044739539420390537,0.007055407930898155,-0.001903865656035007,0.0014564702618311016,exact_mean_match
crime_4,random_forest,2017-09-06,84,94,0.008959273586933162,0.008511878192729257,-0.00044739539420390537,0.004933393301062057,-0.004025880285871105,0.0035784848916672,ok
crime_4,gradient_boosting,2017-09-06,84,94,0.008959273586933162,0.008511878192729257,-0.00044739539420390537,0.007320256364989198,-0.0016390172219439636,0.0011916218277400583,ok
crime_4,twfe,2017-09-20,84,94,0.008596604341285192,0.006056886376035312,-0.0025397179652498795,0.008596604341285192,0.0,-0.0025397179652498795,ok
crime_4,linear_gap,2017-09-20,84,94,0.008596604341285192,0.006056886376035312,-0.0025397179652498795,0.0067262427681264135,-0.0018703615731587783,-0.0006693563920911012,ok
crime_4,synthetic_control,2017-09-20,84,94,0.008596604341285192,0.006056886376035312,-0.0025397179652498795,0.007022264646204691,-0.001574339695080501,-0.0009653782701693784,exact_mean_match
crime_4,random_forest,2017-09-20,84,94,0.008596604341285192,0.006056886376035312,-0.0025397179652498795,0.006039945509905368,-0.002556658831379824,1.6940866129944686e-05,ok
crime_4,gradient_boosting,2017-09-20,84,94,0.008596604341285192,0.006056886376035312,-0.0025397179652498795,0.007006187701024456,-0.0015904166402607358,-0.0009493013249891437,ok
crime_4,twfe,2017-10-04,84,94,0.007772443277762425,0.00856767346129048,0.0007952301835280548,0.007772443277762425,0.0,0.0007952301835280548,ok
crime_4,linear_gap,2017-10-04,84,94,0.007772443277762425,0.00856767346129048,0.0007952301835280548,0.00688770676495717,-0.0008847365128052545,0.0016799666963333093,ok
crime_4,synthetic_control,2017-10-04,84,94,0.007772443277762425,0.00856767346129048,0.0007952301835280548,0.004743520055933656,-0.0030289232218287682,0.003824153405356823,exact_mean_match
crime_4,random_forest,2017-10-04,84,94,0.007772443277762425,0.00856767346129048,0.0007952301835280548,0.006173060232842507,-0.0015993830449199178,0.0023946132284479726,ok
crime_4,gradient_boosting,2017-10-04,84,94,0.007772443277762425,0.00856767346129048,0.0007952301835280548,0.007239698702321334,-0.0005327445754410905,0.0013279747589691453,ok
crime_4,twfe,2017-10-18,84,94,0.007600703079426482,0.001215096959777809,-0.006385606119648673,0.007600703079426482,0.0,-0.006385606119648673,ok
crime_4,linear_gap,2017-10-18,84,94,0.007600703079426482,0.001215096959777809,-0.006385606119648673,0.006814332900480784,-0.0007863701789456983,-0.005599235940702975,ok
crime_4,synthetic_control,2017-10-18,84,94,0.007600703079426482,0.001215096959777809,-0.006385606119648673,0.007359873218152709,-0.00024082986127377335,-0.0061447762583749,exact_mean_match
crime_4,random_forest,2017-10-18,84,94,0.007600703079426482,0.001215096959777809,-0.006385606119648673,0.0026258745203036125,-0.00497482855912287,-0.001410777560525803,ok
crime_4,gradient_boosting,2017-10-18,84,94,0.007600703079426482,0.001215096959777809,-0.006385606119648673,0.005040156121037109,-0.0025605469583893734,-0.0038250591612592998,ok
crime_4,twfe,2017-11-01,84,94,0.0065251680943170295,0.00974557357536081,0.0032204054810437803,0.0065251680943170295,0.0,0.0032204054810437803,ok
crime_4,linear_gap,2017-11-01,84,94,0.0065251680943170295,0.00974557357536081,0.0032204054810437803,0.0035245745426522035,-0.003000593551664826,0.006220999032708606,ok
crime_4,synthetic_control,2017-11-01,84,94,0.0065251680943170295,0.00974557357536081,0.0032204054810437803,0.006079125691489648,-0.0004460424028273815,0.003666447883871162,exact_mean_match
crime_4,random_forest,2017-11-01,84,94,0.0065251680943170295,0.00974557357536081,0.0032204054810437803,0.0016437677154594668,-0.004881400378857563,0.008101805859901343,ok
crime_4,gradient_boosting,2017-11-01,84,94,0.0065251680943170295,0.00974557357536081,0.0032204054810437803,0.0009288816381917167,-0.005596286456125313,0.008816691937169094,ok
crime_4,twfe,2017-11-15,84,94,0.006643179515519939,0.0052385557704706645,-0.0014046237450492747,0.006643179515519939,0.0,-0.0014046237450492747,ok
crime_4,linear_gap,2017-11-15,84,94,0.006643179515519939,0.0052385557704706645,-0.0014046237450492747,0.0029237550625736825,-0.0037194244529462567,0.002314800707896982,ok
crime_4,synthetic_control,2017-11-15,84,94,0.006643179515519939,0.0052385557704706645,-0.0014046237450492747,0.0045390734360739315,-0.0021041060794460076,0.0006994823343967329,exact_mean_match
crime_4,random_forest,2017-11-15,84,94,0.006643179515519939,0.0052385557704706645,-0.0014046237450492747,0.004118185485415123,-0.0025249940301048162,0.0011203702850555415,ok
crime_4,gradient_boosting,2017-11-15,84,94,0.006643179515519939,0.0052385557704706645,-0.0014046237450492747,0.00510613600678081,-0.001537043508739129,0.00013241976368985435,ok
crime_4,twfe,2017-11-29,84,94,0.006362062878020323,0.008164707632792739,0.0018026447547724155,0.006362062878020323,0.0,0.0018026447547724155,ok
crime_4,linear_gap,2017-11-29,84,94,0.006362062878020323,0.008164707632792739,0.0018026447547724155,0.004507114832959194,-0.0018549480450611288,0.0036575927998335443,ok
crime_4,synthetic_control,2017-11-29,84,94,0.006362062878020323,0.008164707632792739,0.0018026447547724155,0.008117849415164016,0.0017557865371436929,4.685821762872265e-05,exact_mean_match
crime_4,random_forest,2017-11-29,84,94,0.006362062878020323,0.008164707632792739,0.0018026447547724155,0.00596883255280387,-0.0003932303252164532,0.0021958750799888687,ok
crime_4,gradient_boosting,2017-11-29,84,94,0.006362062878020323,0.008164707632792739,0.0018026447547724155,0.006512380745298429,0.00015031786727810574,0.0016523268874943098,ok
crime_4,twfe,2017-12-13,84,94,0.006434980504129438,0.0052385557704706645,-0.0011964247336587732,0.006434980504129438,0.0,-0.0011964247336587732,ok
crime_4,linear_gap,2017-12-13,84,94,0.006434980504129438,0.0052385557704706645,-0.0011964247336587732,0.006937461520112905,0.0005024810159834671,-0.0016989057496422403,ok
crime_4,synthetic_control,2017-12-13,84,94,0.006434980504129438,0.0052385557704706645,-0.0011964247336587732,0.005743550747801045,-0.0006914297563283926,-0.0005049949773303806,exact_mean_match
crime_4,random_forest,2017-12-13,84,94,0.006434980504129438,0.0052385557704706645,-0.0011964247336587732,0.006723573164166126,0.00028859266003668834,-0.0014850173936954616,ok
crime_4,gradient_boosting,2017-12-13,84,94,0.006434980504129438,0.0052385557704706645,-0.0011964247336587732,0.008358379117272467,0.0019233986131430292,-0.0031198233468018024,ok
crime_4,twfe,2017-12-27,84,94,0.006606720702465382,0.009162822992610224,0.0025561022901448424,0.006606720702465382,0.0,0.0025561022901448424,ok
crime_4,linear_gap,2017-12-27,84,94,0.006606720702465382,0.009162822992610224,0.0025561022901448424,0.00778319326526438,0.001176472562798998,0.0013796297273458444,ok
crime_4,synthetic_control,2017-12-27,84,94,0.006606720702465382,0.009162822992610224,0.0025561022901448424,0.0076672734660276215,0.0010605527635622397,0.0014955495265826027,exact_mean_match
crime_4,random_forest,2017-12-27,84,94,0.006606720702465382,0.009162822992610224,0.0025561022901448424,0.004920224539545542,-0.00168649616291984,0.004242598453064682,ok
crime_4,gradient_boosting,2017-12-27,84,94,0.006606720702465382,0.009162822992610224,0.0025561022901448424,0.00839664021200877,0.0017899195095433884,0.0007661827806014539,ok
crime_4,twfe,2018-01-10,84,94,0.00725050658561297,0.00974557357536081,0.00249506698974784,0.00725050658561297,0.0,0.00249506698974784,ok
crime_4,linear_gap,2018-01-10,84,94,0.00725050658561297,0.00974557357536081,0.00249506698974784,0.01269316347987676,0.00544265689426379,-0.0029475899045159504,ok
crime_4,synthetic_control,2018-01-10,84,94,0.00725050658561297,0.00974557357536081,0.00249506698974784,0.006530789439252206,-0.0007197171463607637,0.0032147841361086036,exact_mean_match
crime_4,random_forest,2018-01-10,84,94,0.00725050658561297,0.00974557357536081,0.00249506698974784,0.010270602749416678,0.0030200961638037083,-0.0005250291740558685,ok
crime_4,gradient_boosting,2018-01-10,84,94,0.00725050658561297,0.00974557357536081,0.00249506698974784,0.012667338774335872,0.005416832188722902,-0.002921765198975062,ok
crime_4,twfe,2018-01-24,84,94,0.008570699395167481,0.010731289986609133,0.0021605905914416513,0.008570699395167481,0.0,0.0021605905914416513,ok
crime_4,linear_gap,2018-01-24,84,94,0.008570699395167481,0.010731289986609133,0.0021605905914416513,0.012191757514254161,0.0036210581190866797,-0.0014604675276450284,ok
crime_4,synthetic_control,2018-01-24,84,94,0.008570699395167481,0.010731289986609133,0.0021605905914416513,0.008135453338055751,-0.0004352460571117305,0.002595836648553382,exact_mean_match
crime_4,random_forest,2018-01-24,84,94,0.008570699395167481,0.010731289986609133,0.0021605905914416513,0.0079909386684189,-0.0005797607267485818,0.002740351318190233,ok
crime_4,gradient_boosting,2018-01-24,84,94,0.008570699395167481,0.010731289986609133,0.0021605905914416513,0.011090965527919501,0.0025202661327520196,-0.00035967554131036833,ok
crime_4,twfe,2018-02-07,84,94,0.008985178533050872,0.00920621931260229,0.00022104077955141695,0.008985178533050872,0.0,0.00022104077955141695,ok
crime_4,linear_gap,2018-02-07,84,94,0.008985178533050872,0.00920621931260229,0.00022104077955141695,0.011283475695393553,0.0022982971623426805,-0.0020772563827912635,ok
crime_4,synthetic_control,2018-02-07,84,94,0.008985178533050872,0.00920621931260229,0.00022104077955141695,0.00551727961495725,-0.0034678989180936225,0.0036889396976450394,exact_mean_match
crime_4,random_forest,2018-02-07,84,94,0.008985178533050872,0.00920621931260229,0.00022104077955141695,0.004003864988516215,-0.004981313544534657,0.005202354324086074,ok
crime_4,gradient_boosting,2018-02-07,84,94,0.008985178533050872,0.00920621931260229,0.00022104077955141695,0.004185866701220688,-0.004799311831830184,0.005020352611381601,ok
crime_4,twfe,2018-02-21,84,94,0.009165553713426053,0.0030749392451520103,-0.006090614468274042,0.009165553713426053,0.0,-0.006090614468274042,ok
crime_4,linear_gap,2018-02-21,84,94,0.009165553713426053,0.0030749392451520103,-0.006090614468274042,0.009475785997136978,0.0003102322837109251,-0.006400846751984967,ok
crime_4,synthetic_control,2018-02-21,84,94,0.009165553713426053,0.0030749392451520103,-0.006090614468274042,0.007166859434627009,-0.0019986942787990434,-0.004091920189474999,exact_mean_match
crime_4,random_forest,2018-02-21,84,94,0.009165553713426053,0.0030749392451520103,-0.006090614468274042,0.004985145546076202,-0.00418040816734985,-0.001910206300924192,ok
crime_4,gradient_boosting,2018-02-21,84,94,0.009165553713426053,0.0030749392451520103,-0.006090614468274042,0.0061952172485842715,-0.002970336464841781,-0.003120278003432261,ok
crime_4,twfe,2018-03-07,84,94,0.008476674035184671,0.005126965233348212,-0.003349708801836459,0.008476674035184671,0.0,-0.003349708801836459,ok
crime_4,linear_gap,2018-03-07,84,94,0.008476674035184671,0.005126965233348212,-0.003349708801836459,0.006080290784947823,-0.002396383250236848,-0.0009533255515996111,ok
crime_4,synthetic_control,2018-03-07,84,94,0.008476674035184671,0.005126965233348212,-0.003349708801836459,0.00749567962038253,-0.0009809944148021412,-0.002368714387034318,exact_mean_match
crime_4,random_forest,2018-03-07,84,94,0.008476674035184671,0.005126965233348212,-0.003349708801836459,0.005301768463804159,-0.003174905571380512,-0.00017480323045594715,ok
crime_4,gradient_boosting,2018-03-07,84,94,0.008476674035184671,0.005126965233348212,-0.003349708801836459,0.005968232387320509,-0.0025084416478641618,-0.0008412671539722973,ok
crime_4,twfe,2018-03-21,84,94,0.007853995885910778,-0.00019838317710658144,-0.008052379063017359,0.007853995885910778,0.0,-0.008052379063017359,ok
crime_4,linear_gap,2018-03-21,84,94,0.007853995885910778,-0.00019838317710658144,-0.008052379063017359,0.002529322543085366,-0.005324673342825412,-0.0027277057201919464,ok
crime_4,synthetic_control,2018-03-21,84,94,0.007853995885910778,-0.00019838317710658144,-0.008052379063017359,0.0034988620882860574,-0.00435513379762472,-0.0036972452653926385,exact_mean_match
crime_4,random_forest,2018-03-21,84,94,0.007853995885910778,-0.00019838317710658144,-0.008052379063017359,0.004028635986444928,-0.0038253598994658494,-0.004227019163551509,ok
crime_4,gradient_boosting,2018-03-21,84,94,0.007853995885910778,-0.00019838317710658144,-0.008052379063017359,0.0043155139008382165,-0.0035384819850725613,-0.0045138970779447975,ok
crime_4,twfe,2018-04-04,84,94,0.006278591384974362,-0.006912413827307446,-0.013191005212281809,0.006278591384974362,0.0,-0.013191005212281809,ok
crime_4,linear_gap,2018-04-04,84,94,0.006278591384974362,-0.006912413827307446,-0.013191005212281809,0.00038557922429369905,-0.005893012160680664,-0.007297993051601145,ok
crime_4,synthetic_control,2018-04-04,84,94,0.006278591384974362,-0.006912413827307446,-0.013191005212281809,0.004221230958767926,-0.0020573604262064367,-0.011133644786075373,exact_mean_match
crime_4,random_forest,2018-04-04,84,94,0.006278591384974362,-0.006912413827307446,-0.013191005212281809,0.0020470634826159633,-0.004231527902358399,-0.00895947730992341,ok
crime_4,gradient_boosting,2018-04-04,84,94,0.006278591384974362,-0.006912413827307446,-0.013191005212281809,0.0019129795792703326,-0.00436561180570403,-0.00882539340657778,ok
crime_4,twfe,2018-04-18,84,94,0.003655475729943814,0.004476020433467241,0.0008205447035234269,0.003655475729943814,0.0,0.0008205447035234269,ok
crime_4,linear_gap,2018-04-18,84,94,0.003655475729943814,0.004476020433467241,0.0008205447035234269,-0.005006927060936878,-0.008662402790880692,0.009482947494404119,ok
crime_4,synthetic_control,2018-04-18,84,94,0.003655475729943814,0.004476020433467241,0.0008205447035234269,0.0031173526327987217,-0.0005381230971450925,0.0013586678006685194,exact_mean_match
crime_4,random_forest,2018-04-18,84,94,0.003655475729943814,0.004476020433467241,0.0008205447035234269,-0.002504690451841689,-0.006160166181785503,0.00698071088530893,ok
crime_4,gradient_boosting,2018-04-18,84,94,0.003655475729943814,0.004476020433467241,0.0008205447035234269,-0.002242650985373559,-0.005898126715317373,0.0067186714188407996,ok
crime_4,twfe,2018-05-02,84,94,0.0026960332811396637,-8.679263998412986e-05,-0.0027828259211237936,0.0026960332811396637,0.0,-0.0027828259211237936,ok
crime_4,linear_gap,2018-05-02,84,94,0.0026960332811396637,-8.679263998412986e-05,-0.0027828259211237936,-0.0021320442109759186,-0.004828077492115583,0.002045251570991789,ok
crime_4,synthetic_control,2018-05-02,84,94,0.0026960332811396637,-8.679263998412986e-05,-0.0027828259211237936,0.0016597703003227108,-0.0010362629808169529,-0.0017465629403068408,exact_mean_match
crime_4,random_forest,2018-05-02,84,94,0.0026960332811396637,-8.679263998412986e-05,-0.0027828259211237936,0.0010621989620804976,-0.001633834319059166,-0.0011489916020646276,ok
crime_4,gradient_boosting,2018-05-02,84,94,0.0026960332811396637,-8.679263998412986e-05,-0.0027828259211237936,0.0009688551117103376,-0.001727178169429326,-0.0010556477516944676,ok
crime_4,twfe,2018-05-16,84,94,0.0012664640324214777,-0.0028765560680454306,-0.004143020100466908,0.0012664640324214777,0.0,-0.004143020100466908,ok
crime_4,linear_gap,2018-05-16,84,94,0.0012664640324214777,-0.0028765560680454306,-0.004143020100466908,-0.001914327675003173,-0.0031807917074246506,-0.0009622283930422575,ok
crime_4,synthetic_control,2018-05-16,84,94,0.0012664640324214777,-0.0028765560680454306,-0.004143020100466908,0.0014348980848142342,0.00016843405239275644,-0.004311454152859664,exact_mean_match
crime_4,random_forest,2018-05-16,84,94,0.0012664640324214777,-0.0028765560680454306,-0.004143020100466908,-0.0004082809313331403,-0.001674744963754618,-0.00246827513671229,ok
crime_4,gradient_boosting,2018-05-16,84,94,0.0012664640324214777,-0.0028765560680454306,-0.004143020100466908,-0.0005331812269163815,-0.0017996452593378592,-0.002343374841129049,ok
crime_4,twfe,2018-05-30,84,94,0.00017365908323355053,0.005238555770470664,0.005064896687237113,0.00017365908323355053,0.0,0.005064896687237113,ok
crime_4,linear_gap,2018-05-30,84,94,0.00017365908323355053,0.005238555770470664,0.005064896687237113,-0.0028336603716011552,-0.003007319454834706,0.00807221614207182,ok
crime_4,synthetic_control,2018-05-30,84,94,0.00017365908323355053,0.005238555770470664,0.005064896687237113,0.00010176944700854458,-7.188963622500595e-05,0.005136786323462119,exact_mean_match
crime_4,random_forest,2018-05-30,84,94,0.00017365908323355053,0.005238555770470664,0.005064896687237113,-0.002256840727817258,-0.002430499811050808,0.007495396498287921,ok
crime_4,gradient_boosting,2018-05-30,84,94,0.00017365908323355053,0.005238555770470664,0.005064896687237113,-0.0017943692692164999,-0.00196802835245005,0.007032925039687163,ok
crime_4,twfe,2018-06-13,84,94,0.00046149181787479574,0.002727768685215492,0.0022662768673406965,0.00046149181787479574,0.0,0.0022662768673406965,ok
crime_4,linear_gap,2018-06-13,84,94,0.00046149181787479574,0.002727768685215492,0.0022662768673406965,0.002946432793181786,0.0024849409753069903,-0.00021866410796629382,ok
crime_4,synthetic_control,2018-06-13,84,94,0.00046149181787479574,0.002727768685215492,0.0022662768673406965,0.0004987403214847148,3.72485036099191e-05,0.0022290283637307774,exact_mean_match
crime_4,random_forest,2018-06-13,84,94,0.00046149181787479574,0.002727768685215492,0.0022662768673406965,0.0020240186561760764,0.0015625268383012807,0.0007037500290394158,ok
crime_4,gradient_boosting,2018-06-13,84,94,0.00046149181787479574,0.002727768685215492,0.0022662768673406965,0.0033857258682660134,0.0029242340503912176,-0.0006579571830505212,ok
crime_4,twfe,2018-06-27,84,94,0.0006696908292652965,0.0026037791995238797,0.0019340883702585832,0.0006696908292652965,0.0,0.0019340883702585832,ok
crime_4,linear_gap,2018-06-27,84,94,0.0006696908292652965,0.0026037791995238797,0.0019340883702585832,0.00530720106490081,0.004637510235635513,-0.00270342186537693,ok
crime_4,synthetic_control,2018-06-27,84,94,0.0006696908292652965,0.0026037791995238797,0.0019340883702585832,0.0005113004910873992,-0.00015839033817789737,0.0020924787084364805,exact_mean_match
crime_4,random_forest,2018-06-27,84,94,0.0006696908292652965,0.0026037791995238797,0.0019340883702585832,0.002260006066099273,0.0015903152368339764,0.0003437731334246068,ok
crime_4,gradient_boosting,2018-06-27,84,94,0.0006696908292652965,0.0026037791995238797,0.0019340883702585832,0.0033458815911067653,0.0026761907618414685,-0.0007421023915828854,ok
crime_4,twfe,2018-07-11,84,94,0.0021875287832734632,0.0018412438625204576,-0.0003462849207530056,0.0021875287832734632,0.0,-0.0003462849207530056,ok
crime_4,linear_gap,2018-07-11,84,94,0.0021875287832734632,0.0018412438625204576,-0.0003462849207530056,0.004453037167662967,0.0022655083843895036,-0.002611793305142509,ok
crime_4,synthetic_control,2018-07-11,84,94,0.0021875287832734632,0.0018412438625204576,-0.0003462849207530056,0.0018218674775034513,-0.00036566130577001194,1.9376385017006326e-05,exact_mean_match
crime_4,random_forest,2018-07-11,84,94,0.0021875287832734632,0.0018412438625204576,-0.0003462849207530056,0.0027020941796544397,0.0005145653963809765,-0.0008608503171339821,ok
crime_4,gradient_boosting,2018-07-11,84,94,0.0021875287832734632,0.0018412438625204576,-0.0003462849207530056,0.0038493487551033256,0.0016618199718298624,-0.002008104892582868,ok
crime_4,twfe,2018-07-25,84,94,0.0020781523441097904,0.01095447106085404,0.008876318716744248,0.0020781523441097904,0.0,0.008876318716744248,ok
crime_4,linear_gap,2018-07-25,84,94,0.0020781523441097904,0.01095447106085404,0.008876318716744248,0.005618779871123271,0.0035406275270134803,0.005335691189730768,ok
crime_4,synthetic_control,2018-07-25,84,94,0.0020781523441097904,0.01095447106085404,0.008876318716744248,0.0006713852473360475,-0.0014067670967737428,0.010283085813517992,exact_mean_match
crime_4,random_forest,2018-07-25,84,94,0.0020781523441097904,0.01095447106085404,0.008876318716744248,0.002876906113591084,0.0007987537694812935,0.008077564947262954,ok
crime_4,gradient_boosting,2018-07-25,84,94,0.0020781523441097904,0.01095447106085404,0.008876318716744248,0.0039028207424544096,0.0018246683983446192,0.007051650318399629,ok
crime_4,twfe,2018-08-08,84,94,0.0037869193454299834,-0.006980608044437832,-0.010767527389867816,0.0037869193454299834,0.0,-0.010767527389867816,ok
crime_4,linear_gap,2018-08-08,84,94,0.0037869193454299834,-0.006980608044437832,-0.010767527389867816,0.009183055409435406,0.0053961360640054235,-0.01616366345387324,ok
crime_4,synthetic_control,2018-08-08,84,94,0.0037869193454299834,-0.006980608044437832,-0.010767527389867816,0.003621761747469915,-0.00016515759796006816,-0.010602369791907748,exact_mean_match
crime_4,random_forest,2018-08-08,84,94,0.0037869193454299834,-0.006980608044437832,-0.010767527389867816,0.004944313081530908,0.001157393736100925,-0.01192492112596874,ok
crime_4,gradient_boosting,2018-08-08,84,94,0.0037869193454299834,-0.006980608044437832,-0.010767527389867816,0.008008619377574928,0.004221700032144945,-0.01498922742201276,ok
crime_4,twfe,2018-08-22,84,94,0.0030615808541340456,0.012436145414868817,0.009374564560734771,0.0030615808541340456,0.0,0.009374564560734771,ok
crime_4,linear_gap,2018-08-22,84,94,0.0030615808541340456,0.012436145414868817,0.009374564560734771,-0.0005656426761917036,-0.003627223530325749,0.01300178809106052,ok
crime_4,synthetic_control,2018-08-22,84,94,0.0030615808541340456,0.012436145414868817,0.009374564560734771,0.005207843263773736,0.00214626240963969,0.007228302151095082,exact_mean_match
crime_4,random_forest,2018-08-22,84,94,0.0030615808541340456,0.012436145414868817,0.009374564560734771,-0.0021753904846168125,-0.005236971338750858,0.01461153589948563,ok
crime_4,gradient_boosting,2018-08-22,84,94,0.0030615808541340456,0.012436145414868817,0.009374564560734771,-0.003462849978371677,-0.006524430832505723,0.015898995393240495,ok
crime_4,twfe,2018-09-05,84,94,0.0040853059470080735,0.006280067450280215,0.0021947615032721418,0.0040853059470080735,0.0,0.0021947615032721418,ok
crime_4,linear_gap,2018-09-05,84,94,0.0040853059470080735,0.006280067450280215,0.0021947615032721418,0.005858702416134343,0.001773396469126269,0.0004213650341458727,ok
crime_4,synthetic_control,2018-09-05,84,94,0.0040853059470080735,0.006280067450280215,0.0021947615032721418,0.0026031145058901164,-0.0014821914411179572,0.003676952944390099,exact_mean_match
crime_4,random_forest,2018-09-05,84,94,0.0040853059470080735,0.006280067450280215,0.0021947615032721418,0.004766224113094972,0.0006809181660868985,0.0015138433371852432,ok
crime_4,gradient_boosting,2018-09-05,84,94,0.0040853059470080735,0.006280067450280215,0.0021947615032721418,0.007832897700570596,0.003747591753562523,-0.0015528302502903811,ok
crime_4,twfe,2018-09-19,84,94,0.004662890301188173,0.004352030947775629,-0.00031085935341254416,0.004662890301188173,0.0,-0.00031085935341254416,ok
crime_4,linear_gap,2018-09-19,84,94,0.004662890301188173,0.004352030947775629,-0.00031085935341254416,0.007076368555315137,0.0024134782541269644,-0.0027243376075395086,ok
crime_4,synthetic_control,2018-09-19,84,94,0.004662890301188173,0.004352030947775629,-0.00031085935341254416,0.002479788733494281,-0.0021831015676938917,0.0018722422142813475,exact_mean_match
crime_4,random_forest,2018-09-19,84,94,0.004662890301188173,0.004352030947775629,-0.00031085935341254416,0.004959152059781111,0.0002962617585929384,-0.0006071211120054825,ok
crime_4,gradient_boosting,2018-09-19,84,94,0.004662890301188173,0.004352030947775629,-0.00031085935341254416,0.005755075933184342,0.0010921856319961697,-0.0014030449854087138,ok
crime_4,twfe,2018-10-03,84,94,0.004798171686469558,0.009026434558349452,0.004228262871879894,0.004798171686469558,0.0,0.004228262871879894,ok
crime_4,linear_gap,2018-10-03,84,94,0.004798171686469558,0.009026434558349452,0.004228262871879894,0.006076373534713063,0.0012782018482435055,0.0029500610236363883,ok
crime_4,synthetic_control,2018-10-03,84,94,0.004798171686469558,0.009026434558349452,0.004228262871879894,0.004731883813785613,-6.628787268394502e-05,0.004294550744563839,exact_mean_match
crime_4,random_forest,2018-10-03,84,94,0.004798171686469558,0.009026434558349452,0.004228262871879894,0.003836607138344876,-0.0009615645481246817,0.0051898274200045755,ok
crime_4,gradient_boosting,2018-10-03,84,94,0.004798171686469558,0.009026434558349452,0.004228262871879894,0.004900630118776131,0.00010245843230657307,0.004125804439573321,ok
crime_4,twfe,2018-10-17,84,94,0.0057384252862976255,0.009857164112483259,0.004118738826185633,0.0057384252862976255,0.0,0.004118738826185633,ok
crime_4,linear_gap,2018-10-17,84,94,0.0057384252862976255,0.009857164112483259,0.004118738826185633,0.007297994083814641,0.0015595687975170159,0.0025591700286686173,ok
crime_4,synthetic_control,2018-10-17,84,94,0.0057384252862976255,0.009857164112483259,0.004118738826185633,0.005245736027783346,-0.0004926892585142796,0.004611428084699913,exact_mean_match
crime_4,random_forest,2018-10-17,84,94,0.0057384252862976255,0.009857164112483259,0.004118738826185633,0.007521693402710573,0.0017832681164129472,0.002335470709772686,ok
crime_4,gradient_boosting,2018-10-17,84,94,0.0057384252862976255,0.009857164112483259,0.004118738826185633,0.007859109174377845,0.0021206838880802195,0.0019980549381054136,ok
crime_4,twfe,2018-10-31,84,94,0.005866990574437382,-0.0007253384912959388,-0.006592329065733321,0.005866990574437382,0.0,-0.006592329065733321,ok
crime_4,linear_gap,2018-10-31,84,94,0.005866990574437382,-0.0007253384912959388,-0.006592329065733321,0.01262960596579105,0.006762615391353668,-0.013354944457086989,ok
crime_4,synthetic_control,2018-10-31,84,94,0.005866990574437382,-0.0007253384912959388,-0.006592329065733321,0.0064274043415654646,0.0005604137671280825,-0.007152742832861403,exact_mean_match
crime_4,random_forest,2018-10-31,84,94,0.005866990574437382,-0.0007253384912959388,-0.006592329065733321,0.008955918269646633,0.0030889276952092513,-0.009681256760942572,ok
crime_4,gradient_boosting,2018-10-31,84,94,0.005866990574437382,-0.0007253384912959388,-0.006592329065733321,0.009371376071165234,0.003504385496727852,-0.010096714562461173,ok
crime_4,twfe,2018-11-14,84,94,0.007133454606858862,0.007166592272975251,3.31376661163894e-05,0.007133454606858862,0.0,3.31376661163894e-05,ok
crime_4,linear_gap,2018-11-14,84,94,0.007133454606858862,0.007166592272975251,3.31376661163894e-05,0.003206928385473242,-0.0039265262213856195,0.003959663887502009,ok
crime_4,synthetic_control,2018-11-14,84,94,0.007133454606858862,0.007166592272975251,3.31376661163894e-05,0.00338019419133871,-0.0037532604155201517,0.003786398081636541,exact_mean_match
crime_4,random_forest,2018-11-14,84,94,0.007133454606858862,0.007166592272975251,3.31376661163894e-05,0.0016544577929866711,-0.005478996813872191,0.00551213447998858,ok
crime_4,gradient_boosting,2018-11-14,84,94,0.007133454606858862,0.007166592272975251,3.31376661163894e-05,0.0030716171522485246,-0.004061837454610338,0.004094975120726727,ok
crime_4,twfe,2018-11-28,84,94,0.006363022320469127,0.012064176957793977,0.00570115463732485,0.006363022320469127,0.0,0.00570115463732485,ok
crime_4,linear_gap,2018-11-28,84,94,0.006363022320469127,0.012064176957793977,0.00570115463732485,0.006077731927679846,-0.0002852903927892808,0.005986445030114131,ok
crime_4,synthetic_control,2018-11-28,84,94,0.006363022320469127,0.012064176957793977,0.00570115463732485,0.0027856879023920094,-0.003577334418077118,0.009278489055401969,exact_mean_match
crime_4,random_forest,2018-11-28,84,94,0.006363022320469127,0.012064176957793977,0.00570115463732485,0.005111346944401652,-0.0012516753760674756,0.0069528300133923256,ok
crime_4,gradient_boosting,2018-11-28,84,94,0.006363022320469127,0.012064176957793977,0.00570115463732485,0.0066180326364149965,0.00025501031594586925,0.005446144321378981,ok
crime_4,twfe,2018-12-12,84,94,0.00756520370882073,0.00511456628477905,-0.0024506374240416797,0.00756520370882073,0.0,-0.0024506374240416797,ok
crime_4,linear_gap,2018-12-12,84,94,0.00756520370882073,0.00511456628477905,-0.0024506374240416797,0.011382434003695716,0.003817230294874986,-0.006267867718916666,ok
crime_4,synthetic_control,2018-12-12,84,94,0.00756520370882073,0.00511456628477905,-0.0024506374240416797,0.0050943354129593665,-0.0024708682958613634,2.0230871819683707e-05,exact_mean_match
crime_4,random_forest,2018-12-12,84,94,0.00756520370882073,0.00511456628477905,-0.0024506374240416797,0.009897203312713043,0.0023319996038923133,-0.004782637027933993,ok
crime_4,gradient_boosting,2018-12-12,84,94,0.00756520370882073,0.00511456628477905,-0.0024506374240416797,0.012102475501414602,0.004537271792593872,-0.006987909216635552,ok
crime_4,twfe,2018-12-26,84,94,0.007520109913726935,0.007098398055844863,-0.00042171185788207177,0.007520109913726935,0.0,-0.00042171185788207177,ok
crime_4,linear_gap,2018-12-26,84,94,0.007520109913726935,0.007098398055844863,-0.00042171185788207177,0.0075436505748215235,2.354066109458864e-05,-0.0004452525189766604,ok
crime_4,synthetic_control,2018-12-26,84,94,0.007520109913726935,0.007098398055844863,-0.00042171185788207177,0.005037254758592971,-0.002482855155133964,0.002061143297251892,exact_mean_match
crime_4,random_forest,2018-12-26,84,94,0.007520109913726935,0.007098398055844863,-0.00042171185788207177,0.00352311451367987,-0.003996995400047065,0.003575283542164993,ok
crime_4,gradient_boosting,2018-12-26,84,94,0.007520109913726935,0.007098398055844863,-0.00042171185788207177,0.006444076480642162,-0.0010760334330847726,0.0006543215752027008,ok
crime_4,twfe,2019-01-09,84,94,0.0070499831138128985,0.0005393542627585179,-0.006510628851054381,0.0070499831138128985,0.0,-0.006510628851054381,ok
crime_4,linear_gap,2019-01-09,84,94,0.0070499831138128985,0.0005393542627585179,-0.006510628851054381,0.00637739279682442,-0.0006725903169884787,-0.005838038534065902,ok
crime_4,synthetic_control,2019-01-09,84,94,0.0070499831138128985,0.0005393542627585179,-0.006510628851054381,0.0012130996424526436,-0.005836883471360255,-0.0006737453796941259,exact_mean_match
crime_4,random_forest,2019-01-09,84,94,0.0070499831138128985,0.0005393542627585179,-0.006510628851054381,0.004960666947890235,-0.0020893161659226635,-0.004421312685131717,ok
crime_4,gradient_boosting,2019-01-09,84,94,0.0070499831138128985,0.0005393542627585179,-0.006510628851054381,0.005034909177347026,-0.0020150739364658728,-0.004495554914588508,ok
crime_4,twfe,2019-01-23,84,94,0.005354648306775967,-9.919158855329085e-05,-0.005453839895329257,0.005354648306775967,0.0,-0.005453839895329257,ok
crime_4,linear_gap,2019-01-23,84,94,0.005354648306775967,-9.919158855329085e-05,-0.005453839895329257,0.003565277817621214,-0.0017893704891547525,-0.0036644694061745047,ok
crime_4,synthetic_control,2019-01-23,84,94,0.005354648306775967,-9.919158855329085e-05,-0.005453839895329257,0.0035716843485926048,-0.001782963958183362,-0.0036708759371458953,exact_mean_match
crime_4,random_forest,2019-01-23,84,94,0.005354648306775967,-9.919158855329085e-05,-0.005453839895329257,0.0003194022718623252,-0.005035246034913642,-0.0004185938604156156,ok
crime_4,gradient_boosting,2019-01-23,84,94,0.005354648306775967,-9.919158855329085e-05,-0.005453839895329257,0.0004286537835615818,-0.0049259945232143845,-0.0005278453721148726,ok
crime_4,twfe,2019-02-06,84,94,0.005369999385956832,-0.0026657739423696872,-0.008035773328326518,0.005369999385956832,0.0,-0.008035773328326518,ok
crime_4,linear_gap,2019-02-06,84,94,0.005369999385956832,-0.0026657739423696872,-0.008035773328326518,-0.0016240991728270421,-0.006994098558783874,-0.0010416747695426443,ok
crime_4,synthetic_control,2019-02-06,84,94,0.005369999385956832,-0.0026657739423696872,-0.008035773328326518,0.004310733026585255,-0.0010592663593715773,-0.006976506968954941,exact_mean_match
crime_4,random_forest,2019-02-06,84,94,0.005369999385956832,-0.0026657739423696872,-0.008035773328326518,0.0006908538077923174,-0.0046791455781645145,-0.0033566277501620037,ok
crime_4,gradient_boosting,2019-02-06,84,94,0.005369999385956832,-0.0026657739423696872,-0.008035773328326518,0.0007733346756883052,-0.004596664710268527,-0.0034391086180579917,ok
crime_4,twfe,2019-02-20,84,94,0.0040200638604893915,0.002467390765263106,-0.0015526730952262857,0.0040200638604893915,0.0,-0.0015526730952262857,ok
crime_4,linear_gap,2019-02-20,84,94,0.0040200638604893915,0.002467390765263106,-0.0015526730952262857,-0.0048048815903301905,-0.008824945450819582,0.007272272355593296,ok
crime_4,synthetic_control,2019-02-20,84,94,0.0040200638604893915,0.002467390765263106,-0.0015526730952262857,0.0017625039134289778,-0.0022575599470604137,0.000704886851834128,exact_mean_match
crime_4,random_forest,2019-02-20,84,94,0.0040200638604893915,0.002467390765263106,-0.0015526730952262857,0.000448667493332268,-0.0035713963671571234,0.0020187232719308377,ok
crime_4,gradient_boosting,2019-02-20,84,94,0.0040200638604893915,0.002467390765263106,-0.0015526730952262857,-3.512437213441719e-05,-0.004055188232623809,0.002502515137397523,ok
crime_4,twfe,2019-03-06,84,94,0.002399565564459181,0.006267668501711053,0.0038681029372518716,0.002399565564459181,0.0,0.0038681029372518716,ok
crime_4,linear_gap,2019-03-06,84,94,0.002399565564459181,0.006267668501711053,0.0038681029372518716,0.00032322320672268474,-0.0020763423577364964,0.005944445294988368,ok
crime_4,synthetic_control,2019-03-06,84,94,0.002399565564459181,0.006267668501711053,0.0038681029372518716,0.0017688036752376048,-0.0006307618892215762,0.004498864826473448,exact_mean_match
crime_4,random_forest,2019-03-06,84,94,0.002399565564459181,0.006267668501711053,0.0038681029372518716,0.0019243490845923137,-0.00047521647986686726,0.004343319417118739,ok
crime_4,gradient_boosting,2019-03-06,84,94,0.002399565564459181,0.006267668501711053,0.0038681029372518716,0.004144692772888272,0.0017451272084290908,0.002122975728822781,ok
crime_4,twfe,2019-03-20,84,94,0.002704668263178901,0.0075571591529038345,0.004852490889724934,0.002704668263178901,0.0,0.004852490889724934,ok
crime_4,linear_gap,2019-03-20,84,94,0.002704668263178901,0.0075571591529038345,0.004852490889724934,0.0035798764131601494,0.0008752081499812485,0.003977282739743685,ok
crime_4,synthetic_control,2019-03-20,84,94,0.002704668263178901,0.0075571591529038345,0.004852490889724934,0.002405101829524044,-0.00029956643365485706,0.005152057323379791,exact_mean_match
crime_4,random_forest,2019-03-20,84,94,0.002704668263178901,0.0075571591529038345,0.004852490889724934,0.003023037281197196,0.00031836901801829496,0.004534121871706639,ok
crime_4,gradient_boosting,2019-03-20,84,94,0.002704668263178901,0.0075571591529038345,0.004852490889724934,0.005846285674066918,0.0031416174108880174,0.0017108734788369162,ok
crime_4,twfe,2019-04-03,84,94,0.0029560421847655886,0.005449337896146406,0.002493295711380817,0.0029560421847655886,0.0,0.002493295711380817,ok
crime_4,linear_gap,2019-04-03,84,94,0.0029560421847655886,0.005449337896146406,0.002493295711380817,0.007683511375298309,0.004727469190532721,-0.0022341734791519042,ok
crime_4,synthetic_control,2019-04-03,84,94,0.0029560421847655886,0.005449337896146406,0.002493295711380817,0.0020547295407114894,-0.0009013126440540991,0.0033946083554349162,exact_mean_match
crime_4,random_forest,2019-04-03,84,94,0.0029560421847655886,0.005449337896146406,0.002493295711380817,0.0038289268161254683,0.0008728846313598797,0.0016204110800209373,ok
crime_4,gradient_boosting,2019-04-03,84,94,0.0029560421847655886,0.005449337896146406,0.002493295711380817,0.004968086471139781,0.0020120442863741923,0.00048125142500662476,ok
crime_4,twfe,2019-04-17,84,94,0.003715920604218477,0.010303526260973068,0.0065876056567545915,0.003715920604218477,0.0,0.0065876056567545915,ok
crime_4,linear_gap,2019-04-17,84,94,0.003715920604218477,0.010303526260973068,0.0065876056567545915,0.007198537216391699,0.0034826166121732223,0.0031049890445813693,ok
crime_4,synthetic_control,2019-04-17,84,94,0.003715920604218477,0.010303526260973068,0.0065876056567545915,0.0011278072799725796,-0.0025881133242458975,0.009175718981000489,exact_mean_match
crime_4,random_forest,2019-04-17,84,94,0.003715920604218477,0.010303526260973068,0.0065876056567545915,0.0031242538886112866,-0.0005916667156071905,0.0071792723723617825,ok
crime_4,gradient_boosting,2019-04-17,84,94,0.003715920604218477,0.010303526260973068,0.0065876056567545915,0.003951793961695763,0.0002358733574772862,0.006351732299277305,ok
crime_4,twfe,2019-05-01,84,94,0.005154124834975898,0.0030501413480136874,-0.0021039834869622104,0.005154124834975898,0.0,-0.0021039834869622104,ok
crime_4,linear_gap,2019-05-01,84,94,0.005154124834975898,0.0030501413480136874,-0.0021039834869622104,0.00981909917522177,0.004664974340245873,-0.006768957827208083,ok
crime_4,synthetic_control,2019-05-01,84,94,0.005154124834975898,0.0030501413480136874,-0.0021039834869622104,0.002628657025589868,-0.00252546780938603,0.0004214843224238196,exact_mean_match
crime_4,random_forest,2019-05-01,84,94,0.005154124834975898,0.0030501413480136874,-0.0021039834869622104,0.0058550930473368215,0.0007009682123609237,-0.002804951699323134,ok
crime_4,gradient_boosting,2019-05-01,84,94,0.005154124834975898,0.0030501413480136874,-0.0021039834869622104,0.007627376152789481,0.002473251317813583,-0.004577234804775793,ok
crime_4,twfe,2019-05-15,84,94,0.00578543796628903,0.006794623815900411,0.0010091858496113814,0.00578543796628903,0.0,0.0010091858496113814,ok
crime_4,linear_gap,2019-05-15,84,94,0.00578543796628903,0.006794623815900411,0.0010091858496113814,0.004960393844116501,-0.0008250441221725286,0.00183422997178391,ok
crime_4,synthetic_control,2019-05-15,84,94,0.00578543796628903,0.006794623815900411,0.0010091858496113814,0.005373270530285764,-0.00041216743600326535,0.0014213532856146467,exact_mean_match
crime_4,random_forest,2019-05-15,84,94,0.00578543796628903,0.006794623815900411,0.0010091858496113814,0.002114588226819766,-0.003670849739469264,0.004680035589080645,ok
crime_4,gradient_boosting,2019-05-15,84,94,0.00578543796628903,0.006794623815900411,0.0010091858496113814,0.0028459950095673686,-0.002939442956721661,0.003948628806333043,ok
crime_4,twfe,2019-05-29,84,94,0.006337117374351416,0.002176015473887814,-0.004161101900463602,0.006337117374351416,0.0,-0.004161101900463602,ok
crime_4,linear_gap,2019-05-29,84,94,0.006337117374351416,0.002176015473887814,-0.004161101900463602,0.005567842199295847,-0.0007692751750555688,-0.003391826725408033,ok
crime_4,synthetic_control,2019-05-29,84,94,0.006337117374351416,0.002176015473887814,-0.004161101900463602,0.005636018226953285,-0.0007010991473981312,-0.0034600027530654704,exact_mean_match
crime_4,random_forest,2019-05-29,84,94,0.006337117374351416,0.002176015473887814,-0.004161101900463602,0.005674477338447868,-0.0006626400359035483,-0.0034984618645600533,ok
crime_4,gradient_boosting,2019-05-29,84,94,0.006337117374351416,0.002176015473887814,-0.004161101900463602,0.006830757335949233,0.0004936399615978167,-0.004654741862061418,ok
crime_4,twfe,2019-06-12,84,94,0.005487051364710939,-0.0003347716113673563,-0.005821822976078295,0.005487051364710939,0.0,-0.005821822976078295,ok
crime_4,linear_gap,2019-06-12,84,94,0.005487051364710939,-0.0003347716113673563,-0.005821822976078295,0.0022034093879801315,-0.0032836419767308077,-0.0025381809993474877,ok
crime_4,synthetic_control,2019-06-12,84,94,0.005487051364710939,-0.0003347716113673563,-0.005821822976078295,0.003274475791780522,-0.002212575572930417,-0.0036092474031478783,exact_mean_match
crime_4,random_forest,2019-06-12,84,94,0.005487051364710939,-0.0003347716113673563,-0.005821822976078295,0.0021116284920465354,-0.0033754228726644037,-0.0024464001034138916,ok
crime_4,gradient_boosting,2019-06-12,84,94,0.005487051364710939,-0.0003347716113673563,-0.005821822976078295,0.0029333217763732903,-0.002553729588337649,-0.0032680933877406466,ok
crime_4,twfe,2019-06-26,84,94,0.004465245156734518,0.0023558002281406534,-0.002109444928593865,0.004465245156734518,0.0,-0.002109444928593865,ok
crime_4,linear_gap,2019-06-26,84,94,0.004465245156734518,0.0023558002281406534,-0.002109444928593865,0.00039999718247002664,-0.004065247974264491,0.0019558030456706265,ok
crime_4,synthetic_control,2019-06-26,84,94,0.004465245156734518,0.0023558002281406534,-0.002109444928593865,0.004115066260873958,-0.0003501788958605598,-0.001759266032733305,exact_mean_match
crime_4,random_forest,2019-06-26,84,94,0.004465245156734518,0.0023558002281406534,-0.002109444928593865,0.0009555797142748809,-0.0035096654424596374,0.0014002205138657726,ok
crime_4,gradient_boosting,2019-06-26,84,94,0.004465245156734518,0.0023558002281406534,-0.002109444928593865,0.00052079288327492,-0.003944452273459598,0.0018350073448657332,ok
crime_4,twfe,2019-07-10,84,94,0.0039413895796874526,0.0034097108565193665,-0.000531678723168086,0.0039413895796874526,0.0,-0.000531678723168086,ok
crime_4,linear_gap,2019-07-10,84,94,0.0039413895796874526,0.0034097108565193665,-0.000531678723168086,-0.001301451941237687,-0.00524284152092514,0.004711162797757054,ok
crime_4,synthetic_control,2019-07-10,84,94,0.0039413895796874526,0.0034097108565193665,-0.000531678723168086,0.005745781126705175,0.0018043915470177226,-0.0023360702701858086,exact_mean_match
crime_4,random_forest,2019-07-10,84,94,0.0039413895796874526,0.0034097108565193665,-0.000531678723168086,0.0003905717800870809,-0.0035508177996003715,0.0030191390764322855,ok
crime_4,gradient_boosting,2019-07-10,84,94,0.0039413895796874526,0.0034097108565193665,-0.000531678723168086,0.002407109494524887,-0.0015342800851625656,0.0010026013619944796,ok
crime_4,twfe,2019-07-24,84,94,0.0027843019864296457,0.00492238258195705,0.002138080595527404,0.0027843019864296457,0.0,0.002138080595527404,ok
crime_4,linear_gap,2019-07-24,84,94,0.0027843019864296457,0.00492238258195705,0.002138080595527404,0.0012597639345891065,-0.0015245380518405392,0.0036626186473679434,ok
crime_4,synthetic_control,2019-07-24,84,94,0.0027843019864296457,0.00492238258195705,0.002138080595527404,0.001486629407671006,-0.0012976725787586397,0.0034357531742860437,exact_mean_match
crime_4,random_forest,2019-07-24,84,94,0.0027843019864296457,0.00492238258195705,0.002138080595527404,0.0018177522989458817,-0.0009665496874837641,0.003104630283011168,ok
crime_4,gradient_boosting,2019-07-24,84,94,0.0027843019864296457,0.00492238258195705,0.002138080595527404,0.001348271180304931,-0.0014360308061247148,0.0035741114016521187,ok
crime_4,twfe,2019-08-07,84,94,0.0031556062141168523,0.005102167336209889,0.001946561122093037,0.0031556062141168523,0.0,0.001946561122093037,ok
crime_4,linear_gap,2019-08-07,84,94,0.0031556062141168523,0.005102167336209889,0.001946561122093037,0.0028274381886195586,-0.0003281680254972937,0.0022747291475903307,ok
crime_4,synthetic_control,2019-08-07,84,94,0.0031556062141168523,0.005102167336209889,0.001946561122093037,0.0020828685682456214,-0.0010727376458712309,0.003019298767964268,exact_mean_match
crime_4,random_forest,2019-08-07,84,94,0.0031556062141168523,0.005102167336209889,0.001946561122093037,0.00286675610300526,-0.00028885011111159237,0.0022354112332046293,ok
crime_4,gradient_boosting,2019-08-07,84,94,0.0031556062141168523,0.005102167336209889,0.001946561122093037,0.004402395340926209,0.0012467891268093567,0.0006997719952836802,ok
crime_4,twfe,2019-08-21,84,94,0.0026403856191090235,0.00539354262758518,0.002753157008476157,0.0026403856191090235,0.0,0.002753157008476157,ok
crime_4,linear_gap,2019-08-21,84,94,0.0026403856191090235,0.00539354262758518,0.002753157008476157,0.005653029747286552,0.003012644128177528,-0.0002594871197013713,ok
crime_4,synthetic_control,2019-08-21,84,94,0.0026403856191090235,0.00539354262758518,0.002753157008476157,0.0021853411886853125,-0.00045504443042371093,0.0032082014388998678,exact_mean_match
crime_4,random_forest,2019-08-21,84,94,0.0026403856191090235,0.00539354262758518,0.002753157008476157,0.00276753104258403,0.00012714542347500675,0.00262601158500115,ok
crime_4,gradient_boosting,2019-08-21,84,94,0.0026403856191090235,0.00539354262758518,0.002753157008476157,0.003953610419870548,0.0013132248007615244,0.0014399322077146325,ok
crime_4,twfe,2019-09-04,84,94,0.003273617635319763,0.005046372067648662,0.0017727544323288993,0.003273617635319763,0.0,0.0017727544323288993,ok
crime_4,linear_gap,2019-09-04,84,94,0.003273617635319763,0.005046372067648662,0.0017727544323288993,0.006167997966093485,0.0028943803307737224,-0.001121625898444823,ok
crime_4,synthetic_control,2019-09-04,84,94,0.003273617635319763,0.005046372067648662,0.0017727544323288993,0.0028213098703674484,-0.0004523077649523145,0.002225062197281214,exact_mean_match
crime_4,random_forest,2019-09-04,84,94,0.003273617635319763,0.005046372067648662,0.0017727544323288993,0.003948864463660362,0.0006752468283405988,0.0010975076039883005,ok
crime_4,gradient_boosting,2019-09-04,84,94,0.003273617635319763,0.005046372067648662,0.0017727544323288993,0.004300140735474514,0.001026523100154751,0.0007462313321741484,ok
crime_4,twfe,2019-09-18,84,94,0.004033496054772651,0.0021202202053265877,-0.0019132758494460633,0.004033496054772651,0.0,-0.0019132758494460633,ok
crime_4,linear_gap,2019-09-18,84,94,0.004033496054772651,0.0021202202053265877,-0.0019132758494460633,0.00604622257836065,0.0020127265235879988,-0.003926002373034062,ok
crime_4,synthetic_control,2019-09-18,84,94,0.004033496054772651,0.0021202202053265877,-0.0019132758494460633,0.0029823968555308146,-0.0010510991992418364,-0.0008621766502042269,exact_mean_match
crime_4,random_forest,2019-09-18,84,94,0.004033496054772651,0.0021202202053265877,-0.0019132758494460633,0.003694426940347875,-0.0003390691144247761,-0.0015742067350212872,ok
crime_4,gradient_boosting,2019-09-18,84,94,0.004033496054772651,0.0021202202053265877,-0.0019132758494460633,0.003975944129925186,-5.755192484746454e-05,-0.0018557239245985987,ok
crime_4,twfe,2019-10-02,84,94,0.003951943446624298,0.0010663095769478743,-0.002885633869676423,0.003951943446624298,0.0,-0.002885633869676423,ok
crime_4,linear_gap,2019-10-02,84,94,0.003951943446624298,0.0010663095769478743,-0.002885633869676423,0.0031193326833856496,-0.0008326107632386482,-0.002053023106437775,ok
crime_4,synthetic_control,2019-10-02,84,94,0.003951943446624298,0.0010663095769478743,-0.002885633869676423,0.0024798895220667977,-0.0014720539245575,-0.001413579945118923,exact_mean_match
crime_4,random_forest,2019-10-02,84,94,0.003951943446624298,0.0010663095769478743,-0.002885633869676423,0.0013724682922614238,-0.002579475154362874,-0.00030615871531354923,ok
crime_4,gradient_boosting,2019-10-02,84,94,0.003951943446624298,0.0010663095769478743,-0.002885633869676423,0.0014982164197557466,-0.002453727026868551,-0.00043190684280787223,ok
crime_4,twfe,2019-10-16,84,94,0.0038512019894998617,0.004631007290581759,0.000779805301081897,0.0038512019894998617,0.0,0.000779805301081897,ok
crime_4,linear_gap,2019-10-16,84,94,0.0038512019894998617,0.004631007290581759,0.000779805301081897,0.0015430962183677537,-0.0023081057711321082,0.003087911072214005,ok
crime_4,synthetic_control,2019-10-16,84,94,0.0038512019894998617,0.004631007290581759,0.000779805301081897,0.002977293729852435,-0.0008739082596474265,0.0016537135607293234,exact_mean_match
crime_4,random_forest,2019-10-16,84,94,0.0038512019894998617,0.004631007290581759,0.000779805301081897,0.002536542942743281,-0.0013146590467565805,0.0020944643478384775,ok
crime_4,gradient_boosting,2019-10-16,84,94,0.0038512019894998617,0.004631007290581759,0.000779805301081897,0.0018060364451711912,-0.0020451655443286705,0.0028249708454105675,ok
crime_4,twfe,2019-10-30,84,94,0.0038512019894998617,0.002702970788077171,-0.0011482312014226906,0.0038512019894998617,0.0,-0.0011482312014226906,ok
crime_4,linear_gap,2019-10-30,84,94,0.0038512019894998617,0.002702970788077171,-0.0011482312014226906,0.003230176930147169,-0.0006210250593526928,-0.0005272061420699978,ok
crime_4,synthetic_control,2019-10-30,84,94,0.0038512019894998617,0.002702970788077171,-0.0011482312014226906,0.003642105075627889,-0.00020909691387197265,-0.0009391342875507179,exact_mean_match
crime_4,random_forest,2019-10-30,84,94,0.0038512019894998617,0.002702970788077171,-0.0011482312014226906,0.00407367180126564,0.00022246981176577817,-0.0013707010131884688,ok
crime_4,gradient_boosting,2019-10-30,84,94,0.0038512019894998617,0.002702970788077171,-0.0011482312014226906,0.004679955075108838,0.0008287530856089763,-0.001976984287031667,ok
crime_4,twfe,2019-11-13,84,94,0.003606544165054803,0.004048256707831176,0.0004417125427763728,0.003606544165054803,0.0,0.0004417125427763728,ok
crime_4,linear_gap,2019-11-13,84,94,0.003606544165054803,0.004048256707831176,0.0004417125427763728,0.0029403995052708024,-0.0006661446597840005,0.0011078572025603733,ok
crime_4,synthetic_control,2019-11-13,84,94,0.003606544165054803,0.004048256707831176,0.0004417125427763728,0.0012583599706174507,-0.002348184194437352,0.002789896737213725,exact_mean_match
crime_4,random_forest,2019-11-13,84,94,0.003606544165054803,0.004048256707831176,0.0004417125427763728,0.002390189131465939,-0.001216355033588864,0.0016580675763652368,ok
crime_4,gradient_boosting,2019-11-13,84,94,0.003606544165054803,0.004048256707831176,0.0004417125427763728,0.0036400923139089172,3.354814885411436e-05,0.00040816439392225845,ok
crime_4,twfe,2019-11-27,84,94,0.003606544165054803,0.0004277637256360657,-0.003178780439418737,0.003606544165054803,0.0,-0.003178780439418737,ok
crime_4,linear_gap,2019-11-27,84,94,0.003606544165054803,0.0004277637256360657,-0.003178780439418737,0.00408772648766697,0.00048118232261216715,-0.003659962762030904,ok
crime_4,synthetic_control,2019-11-27,84,94,0.003606544165054803,0.0004277637256360657,-0.003178780439418737,0.0023970040931135268,-0.0012095400719412761,-0.001969240367477461,exact_mean_match
crime_4,random_forest,2019-11-27,84,94,0.003606544165054803,0.0004277637256360657,-0.003178780439418737,0.0031872908993559,-0.00041925326569890306,-0.002759527173719834,ok
crime_4,gradient_boosting,2019-11-27,84,94,0.003606544165054803,0.0004277637256360657,-0.003178780439418737,0.004341882401040293,0.0007353382359854901,-0.003914118675404227,ok
crime_4,twfe,2019-12-11,84,94,0.0026298317521721774,0.0017172543768288443,-0.0009125773753433332,0.0026298317521721774,0.0,-0.0009125773753433332,ok
crime_4,linear_gap,2019-12-11,84,94,0.0026298317521721774,0.0017172543768288443,-0.0009125773753433332,0.0024176855563553946,-0.0002121461958167828,-0.0007004311795265504,ok
crime_4,synthetic_control,2019-12-11,84,94,0.0026298317521721774,0.0017172543768288443,-0.0009125773753433332,0.0035723287599193215,0.0009424970077471441,-0.0018550743830904773,exact_mean_match
crime_4,random_forest,2019-12-11,84,94,0.0026298317521721774,0.0017172543768288443,-0.0009125773753433332,-0.0012728203128628897,-0.003902652065035067,0.002990074689691734,ok
crime_4,gradient_boosting,2019-12-11,84,94,0.0026298317521721774,0.0017172543768288443,-0.0009125773753433332,-0.0006909285056357175,-0.0033207602578078947,0.0024081828824645615,ok
crime_4,twfe,2019-12-25,84,94,0.0027843019864296453,0.006323463770272281,0.003539161783842636,0.0027843019864296453,0.0,0.003539161783842636,ok
crime_4,linear_gap,2019-12-25,84,94,0.0027843019864296453,0.006323463770272281,0.003539161783842636,0.0013051637809858296,-0.0014791382054438157,0.005018299989286452,ok
crime_4,synthetic_control,2019-12-25,84,94,0.0027843019864296453,0.006323463770272281,0.003539161783842636,0.002952143617430898,0.00016784163100125272,0.0033713201528413833,exact_mean_match
crime_4,random_forest,2019-12-25,84,94,0.0027843019864296453,0.006323463770272281,0.003539161783842636,0.0013270955865889037,-0.0014572063998407416,0.004996368183683378,ok
crime_4,gradient_boosting,2019-12-25,84,94,0.0027843019864296453,0.006323463770272281,0.003539161783842636,0.0013410886602749385,-0.0014432133261547068,0.004982375109997343,ok
crime_4,twfe,2020-01-08,84,94,0.0034261689846796237,0.012994098100481077,0.009567929115801455,0.0034261689846796237,0.0,0.009567929115801455,ok
crime_4,linear_gap,2020-01-08,84,94,0.0034261689846796237,0.012994098100481077,0.009567929115801455,0.002918643541318734,-0.0005075254433608897,0.010075454559162344,ok
crime_4,synthetic_control,2020-01-08,84,94,0.0034261689846796237,0.012994098100481077,0.009567929115801455,0.004672090281608905,0.0012459212969292812,0.008322007818872174,exact_mean_match
crime_4,random_forest,2020-01-08,84,94,0.0034261689846796237,0.012994098100481077,0.009567929115801455,0.004347963076440906,0.0009217940917612827,0.008646135024040172,ok
crime_4,gradient_boosting,2020-01-08,84,94,0.0034261689846796237,0.012994098100481077,0.009567929115801455,0.006875098749516875,0.0034489297648372516,0.006118999350964203,ok
crime_4,twfe,2020-01-22,84,94,0.004720456848116422,0.008611069781282546,0.003890612933166124,0.004720456848116422,0.0,0.003890612933166124,ok
crime_4,linear_gap,2020-01-22,84,94,0.004720456848116422,0.008611069781282546,0.003890612933166124,0.00947174694570915,0.004751290097592727,-0.0008606771644266032,ok
crime_4,synthetic_control,2020-01-22,84,94,0.004720456848116422,0.008611069781282546,0.003890612933166124,0.0010421969478090556,-0.0036782599003073665,0.007568872833473491,exact_mean_match
crime_4,random_forest,2020-01-22,84,94,0.004720456848116422,0.008611069781282546,0.003890612933166124,0.009390235339928969,0.004669778491812547,-0.0007791655586464226,ok
crime_4,gradient_boosting,2020-01-22,84,94,0.004720456848116422,0.008611069781282546,0.003890612933166124,0.011026178319344394,0.006305721471227972,-0.0024151085380618477,ok
crime_4,twfe,2020-02-05,84,94,0.0055081590985846295,0.0031865297822744627,-0.002321629316310167,0.0055081590985846295,0.0,-0.002321629316310167,ok
crime_4,linear_gap,2020-02-05,84,94,0.0055081590985846295,0.0031865297822744627,-0.002321629316310167,0.010689066261153743,0.005180907162569114,-0.007502536478879281,ok
crime_4,synthetic_control,2020-02-05,84,94,0.0055081590985846295,0.0031865297822744627,-0.002321629316310167,0.006679419834729911,0.0011712607361452814,-0.003492890052455448,exact_mean_match
crime_4,random_forest,2020-02-05,84,94,0.0055081590985846295,0.0031865297822744627,-0.002321629316310167,0.006485600537209198,0.0009774414386245689,-0.0032990707549347357,ok
crime_4,gradient_boosting,2020-02-05,84,94,0.0055081590985846295,0.0031865297822744627,-0.002321629316310167,0.007168514970474628,0.0016603558718899982,-0.003981985188200165,ok
