"scenario","replication","dgp_seed","generation_attempt","method","forecast_method","true_ATT","true_selection_bias","estimated_selection_bias","selection_bias_error","twfe_estimate","tau_estimate","estimation_error","absolute_error","squared_error","beta_linear","beta_quadratic","pre_gap_fit_rmse","status"
"S0_parallel_trends",1,20470001,1,"scenario_matched_gap_adjusted_did","none",2,0.00838116915016561,0,-0.00838116915016561,2.00838116915017,2.00838116915017,0.0083811691501654,0.0083811691501654,7.02439963236842e-05,NA,NA,0,"ok"
"S0_parallel_trends",2,20470002,1,"scenario_matched_gap_adjusted_did","none",2,-0.129364564038482,0,0.129364564038482,1.87063543596152,1.87063543596152,-0.129364564038482,0.129364564038482,0.0167351904288665,NA,NA,0,"ok"
"S0_parallel_trends",3,20470003,1,"scenario_matched_gap_adjusted_did","none",2,0.0059038086576052,0,-0.0059038086576052,2.00590380865761,2.00590380865761,0.00590380865760531,0.00590380865760531,3.48549566656155e-05,NA,NA,0,"ok"
"S0_parallel_trends",4,20470004,1,"scenario_matched_gap_adjusted_did","none",2,0.0249698878085647,0,-0.0249698878085647,2.02496988780856,2.02496988780856,0.0249698878085645,0.0249698878085645,0.000623495297172296,NA,NA,0,"ok"
"S0_parallel_trends",5,20470005,1,"scenario_matched_gap_adjusted_did","none",2,0.0729358205346856,0,-0.0729358205346856,2.07293582053469,2.07293582053469,0.0729358205346857,0.0729358205346857,0.00531963391706788,NA,NA,0,"ok"
"S0_parallel_trends",6,20470006,1,"scenario_matched_gap_adjusted_did","none",2,-0.0706736627776395,0,0.0706736627776395,1.92932633722236,1.92932633722236,-0.0706736627776394,0.0706736627776394,0.0049947666104075,NA,NA,0,"ok"
"S0_parallel_trends",7,20470007,1,"scenario_matched_gap_adjusted_did","none",2,-0.00804164909085386,0,0.00804164909085386,1.99195835090915,1.99195835090915,-0.0080416490908537,0.0080416490908537,6.46681201004281e-05,NA,NA,0,"ok"
"S0_parallel_trends",8,20470008,1,"scenario_matched_gap_adjusted_did","none",2,0.0388739674501572,0,-0.0388739674501572,2.03887396745016,2.03887396745016,0.038873967450157,0.038873967450157,0.00151118534531587,NA,NA,0,"ok"
"S0_parallel_trends",9,20470009,1,"scenario_matched_gap_adjusted_did","none",2,0.0291509539147624,0,-0.0291509539147624,2.02915095391476,2.02915095391476,0.0291509539147627,0.0291509539147627,0.000849778114140621,NA,NA,0,"ok"
"S0_parallel_trends",10,20470010,1,"scenario_matched_gap_adjusted_did","none",2,0.0377743285345514,0,-0.0377743285345514,2.03777432853455,2.03777432853455,0.0377743285345513,0.0377743285345513,0.00142689989623622,NA,NA,0,"ok"
"S0_parallel_trends",11,20470011,1,"scenario_matched_gap_adjusted_did","none",2,0.0612636002126765,0,-0.0612636002126765,2.06126360021268,2.06126360021268,0.0612636002126763,0.0612636002126763,0.00375322871101863,NA,NA,0,"ok"
"S0_parallel_trends",12,20470012,1,"scenario_matched_gap_adjusted_did","none",2,-0.0067408872280354,0,0.0067408872280354,1.99325911277196,1.99325911277196,-0.00674088722803567,0.00674088722803567,4.54395606210945e-05,NA,NA,0,"ok"
"S0_parallel_trends",13,20470013,1,"scenario_matched_gap_adjusted_did","none",2,-0.11954352142236,0,0.11954352142236,1.88045647857764,1.88045647857764,-0.11954352142236,0.11954352142236,0.0142906535140583,NA,NA,0,"ok"
"S0_parallel_trends",14,20470014,1,"scenario_matched_gap_adjusted_did","none",2,0.0525501715810489,0,-0.0525501715810489,2.05255017158105,2.05255017158105,0.052550171581049,0.052550171581049,0.00276152053319769,NA,NA,0,"ok"
"S0_parallel_trends",15,20470015,1,"scenario_matched_gap_adjusted_did","none",2,0.00904595014527054,0,-0.00904595014527054,2.00904595014527,2.00904595014527,0.00904595014527043,0.00904595014527043,8.18292140307181e-05,NA,NA,0,"ok"
"S0_parallel_trends",16,20470016,1,"scenario_matched_gap_adjusted_did","none",2,-0.0154823339832025,0,0.0154823339832025,1.9845176660168,1.9845176660168,-0.0154823339832024,0.0154823339832024,0.000239702665567425,NA,NA,0,"ok"
"S0_parallel_trends",17,20470017,1,"scenario_matched_gap_adjusted_did","none",2,-0.0174749776374429,0,0.0174749776374429,1.98252502236256,1.98252502236256,-0.0174749776374428,0.0174749776374428,0.000305374843429125,NA,NA,0,"ok"
"S0_parallel_trends",18,20470018,1,"scenario_matched_gap_adjusted_did","none",2,-0.0738598269451303,0,0.0738598269451303,1.92614017305487,1.92614017305487,-0.0738598269451303,0.0738598269451303,0.00545527403636459,NA,NA,0,"ok"
"S0_parallel_trends",19,20470019,1,"scenario_matched_gap_adjusted_did","none",2,-0.10058868637011,0,0.10058868637011,1.89941131362989,1.89941131362989,-0.10058868637011,0.10058868637011,0.0101180838256643,NA,NA,0,"ok"
"S0_parallel_trends",20,20470020,1,"scenario_matched_gap_adjusted_did","none",2,0.0990619648368263,0,-0.0990619648368263,2.09906196483683,2.09906196483683,0.0990619648368263,0.0990619648368263,0.00981327287733261,NA,NA,0,"ok"
"S0_parallel_trends",21,20470021,1,"scenario_matched_gap_adjusted_did","none",2,-0.024003008096297,0,0.024003008096297,1.9759969919037,1.9759969919037,-0.024003008096297,0.024003008096297,0.000576144397670898,NA,NA,0,"ok"
"S0_parallel_trends",22,20470022,1,"scenario_matched_gap_adjusted_did","none",2,-0.0547443183375295,0,0.0547443183375295,1.94525568166247,1.94525568166247,-0.0547443183375296,0.0547443183375296,0.00299694039024078,NA,NA,0,"ok"
"S0_parallel_trends",23,20470023,1,"scenario_matched_gap_adjusted_did","none",2,-0.00820598087791903,0,0.00820598087791903,1.99179401912208,1.99179401912208,-0.00820598087791913,0.00820598087791913,6.73381221687744e-05,NA,NA,0,"ok"
"S0_parallel_trends",24,20470024,1,"scenario_matched_gap_adjusted_did","none",2,0.0364748881022133,0,-0.0364748881022133,2.03647488810221,2.03647488810221,0.0364748881022132,0.0364748881022132,0.00133041746206898,NA,NA,0,"ok"
"S0_parallel_trends",25,20470025,1,"scenario_matched_gap_adjusted_did","none",2,-0.000962535960043823,0,0.000962535960043823,1.99903746403996,1.99903746403996,-0.000962535960043809,0.000962535960043809,9.26475474377457e-07,NA,NA,0,"ok"
"S0_parallel_trends",26,20470026,1,"scenario_matched_gap_adjusted_did","none",2,0.0150056142408556,0,-0.0150056142408556,2.01500561424086,2.01500561424086,0.0150056142408554,0.0150056142408554,0.000225168458745364,NA,NA,0,"ok"
"S0_parallel_trends",27,20470027,1,"scenario_matched_gap_adjusted_did","none",2,0.00681590537426563,0,-0.00681590537426563,2.00681590537427,2.00681590537427,0.00681590537426535,0.00681590537426535,4.64565660709393e-05,NA,NA,0,"ok"
"S0_parallel_trends",28,20470028,1,"scenario_matched_gap_adjusted_did","none",2,0.0191551186312275,0,-0.0191551186312275,2.01915511863123,2.01915511863123,0.0191551186312275,0.0191551186312275,0.0003669185697764,NA,NA,0,"ok"
"S0_parallel_trends",29,20470029,1,"scenario_matched_gap_adjusted_did","none",2,0.0605749718693673,0,-0.0605749718693673,2.06057497186937,2.06057497186937,0.0605749718693671,0.0605749718693671,0.00366932721697462,NA,NA,0,"ok"
"S0_parallel_trends",30,20470030,1,"scenario_matched_gap_adjusted_did","none",2,0.0753291629301216,0,-0.0753291629301216,2.07532916293012,2.07532916293012,0.0753291629301214,0.0753291629301214,0.00567448278775277,NA,NA,0,"ok"
"S0_parallel_trends",31,20470031,1,"scenario_matched_gap_adjusted_did","none",2,-0.164184919310829,0,0.164184919310829,1.83581508068917,1.83581508068917,-0.164184919310829,0.164184919310829,0.0269566877291035,NA,NA,0,"ok"
"S0_parallel_trends",32,20470032,1,"scenario_matched_gap_adjusted_did","none",2,-0.0682833686313726,0,0.0682833686313726,1.93171663136863,1.93171663136863,-0.0682833686313726,0.0682833686313726,0.00466261843164792,NA,NA,0,"ok"
"S0_parallel_trends",33,20470033,1,"scenario_matched_gap_adjusted_did","none",2,-0.0950565862807269,0,0.0950565862807269,1.90494341371927,1.90494341371927,-0.0950565862807269,0.0950565862807269,0.00903575459534527,NA,NA,0,"ok"
"S0_parallel_trends",34,20470034,1,"scenario_matched_gap_adjusted_did","none",2,-0.0110614057545316,0,0.0110614057545316,1.98893859424547,1.98893859424547,-0.0110614057545315,0.0110614057545315,0.000122354697266383,NA,NA,0,"ok"
"S0_parallel_trends",35,20470035,1,"scenario_matched_gap_adjusted_did","none",2,-0.0614387446488969,0,0.0614387446488969,1.9385612553511,1.9385612553511,-0.0614387446488969,0.0614387446488969,0.00377471934403235,NA,NA,0,"ok"
"S0_parallel_trends",36,20470036,1,"scenario_matched_gap_adjusted_did","none",2,-0.0503000573189596,0,0.0503000573189596,1.94969994268104,1.94969994268104,-0.0503000573189598,0.0503000573189598,0.00253009576629064,NA,NA,0,"ok"
"S0_parallel_trends",37,20470037,1,"scenario_matched_gap_adjusted_did","none",2,0.0773437861918145,0,-0.0773437861918145,2.07734378619181,2.07734378619181,0.0773437861918147,0.0773437861918147,0.00598206126248515,NA,NA,0,"ok"
"S0_parallel_trends",38,20470038,1,"scenario_matched_gap_adjusted_did","none",2,-0.0511833198332365,0,0.0511833198332365,1.94881668016676,1.94881668016676,-0.0511833198332363,0.0511833198332363,0.00261973222915136,NA,NA,0,"ok"
"S0_parallel_trends",39,20470039,1,"scenario_matched_gap_adjusted_did","none",2,-0.0672837520841479,0,0.0672837520841479,1.93271624791585,1.93271624791585,-0.0672837520841478,0.0672837520841478,0.00452710329452107,NA,NA,0,"ok"
"S0_parallel_trends",40,20470040,1,"scenario_matched_gap_adjusted_did","none",2,0.0551571520709395,0,-0.0551571520709395,2.05515715207094,2.05515715207094,0.0551571520709393,0.0551571520709393,0.00304231142457672,NA,NA,0,"ok"
"S0_parallel_trends",41,20470041,1,"scenario_matched_gap_adjusted_did","none",2,-0.124620540202528,0,0.124620540202528,1.87537945979747,1.87537945979747,-0.124620540202528,0.124620540202528,0.01553027904037,NA,NA,0,"ok"
"S0_parallel_trends",42,20470042,1,"scenario_matched_gap_adjusted_did","none",2,-0.119724592088386,0,0.119724592088386,1.88027540791161,1.88027540791161,-0.119724592088386,0.119724592088386,0.0143339779507305,NA,NA,0,"ok"
"S0_parallel_trends",43,20470043,1,"scenario_matched_gap_adjusted_did","none",2,0.0256203395504397,0,-0.0256203395504397,2.02562033955044,2.02562033955044,0.0256203395504397,0.0256203395504397,0.000656401798679827,NA,NA,0,"ok"
"S0_parallel_trends",44,20470044,1,"scenario_matched_gap_adjusted_did","none",2,-0.0110235576570318,0,0.0110235576570318,1.98897644234297,1.98897644234297,-0.0110235576570321,0.0110235576570321,0.000121518823417911,NA,NA,0,"ok"
"S0_parallel_trends",45,20470045,1,"scenario_matched_gap_adjusted_did","none",2,-0.045890319305257,0,0.045890319305257,1.95410968069474,1.95410968069474,-0.0458903193052569,0.0458903193052569,0.00210592140593843,NA,NA,0,"ok"
"S0_parallel_trends",46,20470046,1,"scenario_matched_gap_adjusted_did","none",2,-0.0426715031704289,0,0.0426715031704289,1.95732849682957,1.95732849682957,-0.042671503170429,0.042671503170429,0.00182085718282393,NA,NA,0,"ok"
"S0_parallel_trends",47,20470047,1,"scenario_matched_gap_adjusted_did","none",2,-0.0394358891155126,0,0.0394358891155126,1.96056411088449,1.96056411088449,-0.0394358891155127,0.0394358891155127,0.00155518935033101,NA,NA,0,"ok"
"S0_parallel_trends",48,20470048,1,"scenario_matched_gap_adjusted_did","none",2,0.104631544782997,0,-0.104631544782997,2.104631544783,2.104631544783,0.104631544782997,0.104631544782997,0.0109477601636764,NA,NA,0,"ok"
"S0_parallel_trends",49,20470049,1,"scenario_matched_gap_adjusted_did","none",2,-0.124472549654554,0,0.124472549654554,1.87552745034545,1.87552745034545,-0.124472549654554,0.124472549654554,0.0154934156175054,NA,NA,0,"ok"
"S0_parallel_trends",50,20470050,1,"scenario_matched_gap_adjusted_did","none",2,-0.1900788146765,0,0.1900788146765,1.8099211853235,1.8099211853235,-0.1900788146765,0.1900788146765,0.0361299557888233,NA,NA,0,"ok"
"S0_parallel_trends",51,20470051,1,"scenario_matched_gap_adjusted_did","none",2,-0.0936579207981423,0,0.0936579207981423,1.90634207920186,1.90634207920186,-0.0936579207981423,0.0936579207981423,0.00877180612823109,NA,NA,0,"ok"
"S0_parallel_trends",52,20470052,1,"scenario_matched_gap_adjusted_did","none",2,0.00489108371375224,0,-0.00489108371375224,2.00489108371375,2.00489108371375,0.00489108371375213,0.00489108371375213,2.39226998949313e-05,NA,NA,0,"ok"
"S0_parallel_trends",53,20470053,1,"scenario_matched_gap_adjusted_did","none",2,0.033157842062064,0,-0.033157842062064,2.03315784206206,2.03315784206206,0.0331578420620637,0.0331578420620637,0.00109944249021276,NA,NA,0,"ok"
"S0_parallel_trends",54,20470054,1,"scenario_matched_gap_adjusted_did","none",2,-0.0408485659605133,0,0.0408485659605133,1.95915143403949,1.95915143403949,-0.0408485659605133,0.0408485659605133,0.00166860534103041,NA,NA,0,"ok"
"S0_parallel_trends",55,20470055,1,"scenario_matched_gap_adjusted_did","none",2,-0.21793995653069,0,0.21793995653069,1.78206004346931,1.78206004346931,-0.21793995653069,0.21793995653069,0.0474978246525989,NA,NA,0,"ok"
"S0_parallel_trends",56,20470056,1,"scenario_matched_gap_adjusted_did","none",2,-0.0748920483234974,0,0.0748920483234974,1.9251079516765,1.9251079516765,-0.0748920483234974,0.0748920483234974,0.00560881890208907,NA,NA,0,"ok"
"S0_parallel_trends",57,20470057,1,"scenario_matched_gap_adjusted_did","none",2,0.0128302028710352,0,-0.0128302028710352,2.01283020287104,2.01283020287104,0.0128302028710352,0.0128302028710352,0.00016461410571192,NA,NA,0,"ok"
"S0_parallel_trends",58,20470058,1,"scenario_matched_gap_adjusted_did","none",2,-0.0912320076518806,0,0.0912320076518806,1.90876799234812,1.90876799234812,-0.0912320076518804,0.0912320076518804,0.00832327922019277,NA,NA,0,"ok"
"S0_parallel_trends",59,20470059,1,"scenario_matched_gap_adjusted_did","none",2,0.0492067527165168,0,-0.0492067527165168,2.04920675271652,2.04920675271652,0.0492067527165165,0.0492067527165165,0.00242130451290441,NA,NA,0,"ok"
"S0_parallel_trends",60,20470060,1,"scenario_matched_gap_adjusted_did","none",2,-0.0852443126820168,0,0.0852443126820168,1.91475568731798,1.91475568731798,-0.0852443126820168,0.0852443126820168,0.00726659284462945,NA,NA,0,"ok"
"S0_parallel_trends",61,20470061,1,"scenario_matched_gap_adjusted_did","none",2,-0.0309357270075296,0,0.0309357270075296,1.96906427299247,1.96906427299247,-0.0309357270075297,0.0309357270075297,0.0009570192054844,NA,NA,0,"ok"
"S0_parallel_trends",62,20470062,1,"scenario_matched_gap_adjusted_did","none",2,0.0155825448057338,0,-0.0155825448057338,2.01558254480573,2.01558254480573,0.0155825448057336,0.0155825448057336,0.000242815702622696,NA,NA,0,"ok"
"S0_parallel_trends",63,20470063,1,"scenario_matched_gap_adjusted_did","none",2,0.0382641316335507,0,-0.0382641316335507,2.03826413163355,2.03826413163355,0.038264131633551,0.038264131633551,0.00146414376966972,NA,NA,0,"ok"
"S0_parallel_trends",64,20470064,1,"scenario_matched_gap_adjusted_did","none",2,-0.00631327301904147,0,0.00631327301904147,1.99368672698096,1.99368672698096,-0.00631327301904139,0.00631327301904139,3.9857416212956e-05,NA,NA,0,"ok"
"S0_parallel_trends",65,20470065,1,"scenario_matched_gap_adjusted_did","none",2,-0.0234678512310483,0,0.0234678512310483,1.97653214876895,1.97653214876895,-0.0234678512310484,0.0234678512310484,0.000550740041402622,NA,NA,0,"ok"
"S0_parallel_trends",66,20470066,1,"scenario_matched_gap_adjusted_did","none",2,0.0095521433306659,0,-0.0095521433306659,2.00955214333067,2.00955214333067,0.00955214333066623,0.00955214333066623,9.12434422095913e-05,NA,NA,0,"ok"
"S0_parallel_trends",67,20470067,1,"scenario_matched_gap_adjusted_did","none",2,0.0299505331686746,0,-0.0299505331686746,2.02995053316867,2.02995053316867,0.0299505331686745,0.0299505331686745,0.000897034437087869,NA,NA,0,"ok"
"S0_parallel_trends",68,20470068,1,"scenario_matched_gap_adjusted_did","none",2,-0.0304821971886655,0,0.0304821971886655,1.96951780281133,1.96951780281133,-0.0304821971886655,0.0304821971886655,0.000929164345448688,NA,NA,0,"ok"
"S0_parallel_trends",69,20470069,1,"scenario_matched_gap_adjusted_did","none",2,-0.0414313706651135,0,0.0414313706651135,1.95856862933489,1.95856862933489,-0.0414313706651135,0.0414313706651135,0.00171655847519003,NA,NA,0,"ok"
"S0_parallel_trends",70,20470070,1,"scenario_matched_gap_adjusted_did","none",2,-0.0128288998246284,0,0.0128288998246284,1.98717110017537,1.98717110017537,-0.0128288998246284,0.0128288998246284,0.000164580670710351,NA,NA,0,"ok"
"S0_parallel_trends",71,20470071,1,"scenario_matched_gap_adjusted_did","none",2,0.0381763680859277,0,-0.0381763680859277,2.03817636808593,2.03817636808593,0.0381763680859279,0.0381763680859279,0.00145743508023226,NA,NA,0,"ok"
"S0_parallel_trends",72,20470072,1,"scenario_matched_gap_adjusted_did","none",2,0.054505144855243,0,-0.054505144855243,2.05450514485524,2.05450514485524,0.0545051448552432,0.0545051448552432,0.00297081081569104,NA,NA,0,"ok"
"S0_parallel_trends",73,20470073,1,"scenario_matched_gap_adjusted_did","none",2,-0.0573713816212753,0,0.0573713816212753,1.94262861837872,1.94262861837872,-0.0573713816212751,0.0573713816212751,0.00329147542913398,NA,NA,0,"ok"
"S0_parallel_trends",74,20470074,1,"scenario_matched_gap_adjusted_did","none",2,-0.126777239522431,0,0.126777239522431,1.87322276047757,1.87322276047757,-0.126777239522431,0.126777239522431,0.0160724684609278,NA,NA,0,"ok"
"S0_parallel_trends",75,20470075,1,"scenario_matched_gap_adjusted_did","none",2,-0.0285661831133732,0,0.0285661831133732,1.97143381688663,1.97143381688663,-0.0285661831133734,0.0285661831133734,0.000816026817666782,NA,NA,0,"ok"
"S0_parallel_trends",76,20470076,1,"scenario_matched_gap_adjusted_did","none",2,0.128397916721419,0,-0.128397916721419,2.12839791672142,2.12839791672142,0.128397916721419,0.128397916721419,0.0164860250184004,NA,NA,0,"ok"
"S0_parallel_trends",77,20470077,1,"scenario_matched_gap_adjusted_did","none",2,0.0830114271910126,0,-0.0830114271910126,2.08301142719101,2.08301142719101,0.0830114271910127,0.0830114271910127,0.00689089704428881,NA,NA,0,"ok"
"S0_parallel_trends",78,20470078,1,"scenario_matched_gap_adjusted_did","none",2,0.0209362795867763,0,-0.0209362795867763,2.02093627958678,2.02093627958678,0.0209362795867762,0.0209362795867762,0.000438327802935664,NA,NA,0,"ok"
"S0_parallel_trends",79,20470079,1,"scenario_matched_gap_adjusted_did","none",2,-0.0274432311949616,0,0.0274432311949616,1.97255676880504,1.97255676880504,-0.0274432311949617,0.0274432311949617,0.00075313093842012,NA,NA,0,"ok"
"S0_parallel_trends",80,20470080,1,"scenario_matched_gap_adjusted_did","none",2,-0.0712376241552062,0,0.0712376241552062,1.92876237584479,1.92876237584479,-0.0712376241552062,0.0712376241552062,0.00507479909527841,NA,NA,0,"ok"
"S0_parallel_trends",81,20470081,1,"scenario_matched_gap_adjusted_did","none",2,0.0124707617462757,0,-0.0124707617462757,2.01247076174628,2.01247076174628,0.0124707617462758,0.0124707617462758,0.000155519898532376,NA,NA,0,"ok"
"S0_parallel_trends",82,20470082,1,"scenario_matched_gap_adjusted_did","none",2,0.00389089305252399,0,-0.00389089305252399,2.00389089305252,2.00389089305252,0.0038908930525241,0.0038908930525241,1.51390487461803e-05,NA,NA,0,"ok"
"S0_parallel_trends",83,20470083,1,"scenario_matched_gap_adjusted_did","none",2,-0.0461796401465228,0,0.0461796401465228,1.95382035985348,1.95382035985348,-0.0461796401465229,0.0461796401465229,0.00213255916406235,NA,NA,0,"ok"
"S0_parallel_trends",84,20470084,1,"scenario_matched_gap_adjusted_did","none",2,0.0914460643509667,0,-0.0914460643509667,2.09144606435097,2.09144606435097,0.0914460643509667,0.0914460643509667,0.00836238268528114,NA,NA,0,"ok"
"S0_parallel_trends",85,20470085,1,"scenario_matched_gap_adjusted_did","none",2,-0.0541148732421242,0,0.0541148732421242,1.94588512675788,1.94588512675788,-0.0541148732421242,0.0541148732421242,0.00292841950601117,NA,NA,0,"ok"
"S0_parallel_trends",86,20470086,1,"scenario_matched_gap_adjusted_did","none",2,-0.0424250159329421,0,0.0424250159329421,1.95757498406706,1.95757498406706,-0.042425015932942,0.042425015932942,0.00179988197691038,NA,NA,0,"ok"
"S0_parallel_trends",87,20470087,1,"scenario_matched_gap_adjusted_did","none",2,0.042238804376093,0,-0.042238804376093,2.04223880437609,2.04223880437609,0.0422388043760931,0.0422388043760931,0.00178411659512186,NA,NA,0,"ok"
"S0_parallel_trends",88,20470088,1,"scenario_matched_gap_adjusted_did","none",2,-0.0500471291396642,0,0.0500471291396642,1.94995287086034,1.94995287086034,-0.0500471291396645,0.0500471291396645,0.00250471513512225,NA,NA,0,"ok"
"S0_parallel_trends",89,20470089,1,"scenario_matched_gap_adjusted_did","none",2,-0.0172799334896997,0,0.0172799334896997,1.9827200665103,1.9827200665103,-0.0172799334896998,0.0172799334896998,0.000298596101408449,NA,NA,0,"ok"
"S0_parallel_trends",90,20470090,1,"scenario_matched_gap_adjusted_did","none",2,0.00258486359805438,0,-0.00258486359805438,2.00258486359805,2.00258486359805,0.00258486359805454,0.00258486359805454,6.68151982054748e-06,NA,NA,0,"ok"
"S0_parallel_trends",91,20470091,1,"scenario_matched_gap_adjusted_did","none",2,0.0428178303127049,0,-0.0428178303127049,2.0428178303127,2.0428178303127,0.0428178303127047,0.0428178303127047,0.00183336659268757,NA,NA,0,"ok"
"S0_parallel_trends",92,20470092,1,"scenario_matched_gap_adjusted_did","none",2,-0.00293370688972928,0,0.00293370688972928,1.99706629311027,1.99706629311027,-0.00293370688972927,0.00293370688972927,8.60663611484499e-06,NA,NA,0,"ok"
"S0_parallel_trends",93,20470093,1,"scenario_matched_gap_adjusted_did","none",2,0.0199057677960722,0,-0.0199057677960722,2.01990576779607,2.01990576779607,0.0199057677960726,0.0199057677960726,0.000396239591551159,NA,NA,0,"ok"
"S0_parallel_trends",94,20470094,1,"scenario_matched_gap_adjusted_did","none",2,0.118718420356465,0,-0.118718420356465,2.11871842035647,2.11871842035647,0.118718420356465,0.118718420356465,0.0140940633319343,NA,NA,0,"ok"
"S0_parallel_trends",95,20470095,1,"scenario_matched_gap_adjusted_did","none",2,0.104726040801946,0,-0.104726040801946,2.10472604080195,2.10472604080195,0.104726040801946,0.104726040801946,0.0109675436220509,NA,NA,0,"ok"
"S0_parallel_trends",96,20470096,1,"scenario_matched_gap_adjusted_did","none",2,0.0905408552045119,0,-0.0905408552045119,2.09054085520451,2.09054085520451,0.0905408552045119,0.0905408552045119,0.0081976464611644,NA,NA,0,"ok"
"S0_parallel_trends",97,20470097,1,"scenario_matched_gap_adjusted_did","none",2,0.0528480559822527,0,-0.0528480559822527,2.05284805598225,2.05284805598225,0.0528480559822526,0.0528480559822526,0.00279291702110331,NA,NA,0,"ok"
"S0_parallel_trends",98,20470098,1,"scenario_matched_gap_adjusted_did","none",2,0.0918227307452334,0,-0.0918227307452334,2.09182273074523,2.09182273074523,0.0918227307452333,0.0918227307452333,0.00843141388151161,NA,NA,0,"ok"
"S0_parallel_trends",99,20470099,1,"scenario_matched_gap_adjusted_did","none",2,0.0509459908346527,0,-0.0509459908346527,2.05094599083465,2.05094599083465,0.050945990834653,0.050945990834653,0.00259549398212455,NA,NA,0,"ok"
"S0_parallel_trends",100,20470100,1,"scenario_matched_gap_adjusted_did","none",2,0.0341560584689195,0,-0.0341560584689195,2.03415605846892,2.03415605846892,0.0341560584689193,0.0341560584689193,0.00116663633013224,NA,NA,0,"ok"
"S0_parallel_trends",101,20470101,1,"scenario_matched_gap_adjusted_did","none",2,0.0516144456555492,0,-0.0516144456555492,2.05161444565555,2.05161444565555,0.0516144456555492,0.0516144456555492,0.00266405100032964,NA,NA,0,"ok"
"S0_parallel_trends",102,20470102,1,"scenario_matched_gap_adjusted_did","none",2,0.138107003977062,0,-0.138107003977062,2.13810700397706,2.13810700397706,0.138107003977062,0.138107003977062,0.0190735445475203,NA,NA,0,"ok"
"S0_parallel_trends",103,20470103,1,"scenario_matched_gap_adjusted_did","none",2,0.0156019276015796,0,-0.0156019276015796,2.01560192760158,2.01560192760158,0.0156019276015797,0.0156019276015797,0.000243420144884936,NA,NA,0,"ok"
"S0_parallel_trends",104,20470104,1,"scenario_matched_gap_adjusted_did","none",2,-0.00622887487520556,0,0.00622887487520556,1.99377112512479,1.99377112512479,-0.00622887487520551,0.00622887487520551,3.87988822109665e-05,NA,NA,0,"ok"
"S0_parallel_trends",105,20470105,1,"scenario_matched_gap_adjusted_did","none",2,0.0060645851876172,0,-0.0060645851876172,2.00606458518762,2.00606458518762,0.00606458518761732,0.00606458518761732,3.67791934978674e-05,NA,NA,0,"ok"
"S0_parallel_trends",106,20470106,1,"scenario_matched_gap_adjusted_did","none",2,0.00375720686437414,0,-0.00375720686437414,2.00375720686437,2.00375720686437,0.00375720686437431,0.00375720686437431,1.41166034217014e-05,NA,NA,0,"ok"
"S0_parallel_trends",107,20470107,1,"scenario_matched_gap_adjusted_did","none",2,0.0137554696157966,0,-0.0137554696157966,2.0137554696158,2.0137554696158,0.0137554696157962,0.0137554696157962,0.000189212944351093,NA,NA,0,"ok"
"S0_parallel_trends",108,20470108,1,"scenario_matched_gap_adjusted_did","none",2,-0.0349162819123045,0,0.0349162819123045,1.9650837180877,1.9650837180877,-0.0349162819123043,0.0349162819123043,0.00121914674257951,NA,NA,0,"ok"
"S0_parallel_trends",109,20470109,1,"scenario_matched_gap_adjusted_did","none",2,0.0527358648534438,0,-0.0527358648534438,2.05273586485344,2.05273586485344,0.0527358648534437,0.0527358648534437,0.00278107144184068,NA,NA,0,"ok"
"S0_parallel_trends",110,20470110,1,"scenario_matched_gap_adjusted_did","none",2,-0.0325143670616461,0,0.0325143670616461,1.96748563293835,1.96748563293835,-0.0325143670616459,0.0325143670616459,0.00105718406541944,NA,NA,0,"ok"
"S0_parallel_trends",111,20470111,1,"scenario_matched_gap_adjusted_did","none",2,-0.0439364182289462,0,0.0439364182289462,1.95606358177105,1.95606358177105,-0.0439364182289461,0.0439364182289461,0.00193040884678887,NA,NA,0,"ok"
"S0_parallel_trends",112,20470112,1,"scenario_matched_gap_adjusted_did","none",2,-0.0426892151773155,0,0.0426892151773155,1.95731078482268,1.95731078482268,-0.0426892151773157,0.0426892151773157,0.00182236909245516,NA,NA,0,"ok"
"S0_parallel_trends",113,20470113,1,"scenario_matched_gap_adjusted_did","none",2,-0.0170707225096898,0,0.0170707225096898,1.98292927749031,1.98292927749031,-0.0170707225096898,0.0170707225096898,0.000291409567002829,NA,NA,0,"ok"
"S0_parallel_trends",114,20470114,1,"scenario_matched_gap_adjusted_did","none",2,-0.0807187575969372,0,0.0807187575969372,1.91928124240306,1.91928124240306,-0.080718757596937,0.080718757596937,0.00651551782799308,NA,NA,0,"ok"
"S0_parallel_trends",115,20470115,1,"scenario_matched_gap_adjusted_did","none",2,-0.0523449326862019,0,0.0523449326862019,1.9476550673138,1.9476550673138,-0.0523449326862018,0.0523449326862018,0.00273999197792299,NA,NA,0,"ok"
"S0_parallel_trends",116,20470116,1,"scenario_matched_gap_adjusted_did","none",2,0.0564284865982874,0,-0.0564284865982874,2.05642848659829,2.05642848659829,0.0564284865982874,0.0564284865982874,0.0031841740997731,NA,NA,0,"ok"
"S0_parallel_trends",117,20470117,1,"scenario_matched_gap_adjusted_did","none",2,0.00850978012469031,0,-0.00850978012469031,2.00850978012469,2.00850978012469,0.00850978012469028,0.00850978012469028,7.24163577705737e-05,NA,NA,0,"ok"
"S0_parallel_trends",118,20470118,1,"scenario_matched_gap_adjusted_did","none",2,-0.151306924651417,0,0.151306924651417,1.84869307534858,1.84869307534858,-0.151306924651417,0.151306924651417,0.0228937854474697,NA,NA,0,"ok"
"S0_parallel_trends",119,20470119,1,"scenario_matched_gap_adjusted_did","none",2,-0.0145248427661413,0,0.0145248427661413,1.98547515723386,1.98547515723386,-0.0145248427661415,0.0145248427661415,0.000210971057381134,NA,NA,0,"ok"
"S0_parallel_trends",120,20470120,1,"scenario_matched_gap_adjusted_did","none",2,-0.0170152442519922,0,0.0170152442519922,1.98298475574801,1.98298475574801,-0.0170152442519922,0.0170152442519922,0.000289518536954953,NA,NA,0,"ok"
"S0_parallel_trends",121,20470121,1,"scenario_matched_gap_adjusted_did","none",2,-0.0489575186546856,0,0.0489575186546856,1.95104248134531,1.95104248134531,-0.0489575186546856,0.0489575186546856,0.00239683863282388,NA,NA,0,"ok"
"S0_parallel_trends",122,20470122,1,"scenario_matched_gap_adjusted_did","none",2,-0.0229821245641958,0,0.0229821245641958,1.9770178754358,1.9770178754358,-0.0229821245641959,0.0229821245641959,0.000528178049484217,NA,NA,0,"ok"
"S0_parallel_trends",123,20470123,1,"scenario_matched_gap_adjusted_did","none",2,-0.0207445086768095,0,0.0207445086768095,1.97925549132319,1.97925549132319,-0.0207445086768094,0.0207445086768094,0.000430334640242222,NA,NA,0,"ok"
"S0_parallel_trends",124,20470124,1,"scenario_matched_gap_adjusted_did","none",2,-0.0599982496787028,0,0.0599982496787028,1.9400017503213,1.9400017503213,-0.0599982496787028,0.0599982496787028,0.00359978996450796,NA,NA,0,"ok"
"S0_parallel_trends",125,20470125,1,"scenario_matched_gap_adjusted_did","none",2,0.000254765126300405,0,-0.000254765126300405,2.0002547651263,2.0002547651263,0.000254765126300516,0.000254765126300516,6.49052695789177e-08,NA,NA,0,"ok"
"S0_parallel_trends",126,20470126,1,"scenario_matched_gap_adjusted_did","none",2,-0.110326537660386,0,0.110326537660386,1.88967346233961,1.88967346233961,-0.110326537660386,0.110326537660386,0.0121719449121286,NA,NA,0,"ok"
"S0_parallel_trends",127,20470127,1,"scenario_matched_gap_adjusted_did","none",2,0.00367262035082022,0,-0.00367262035082022,2.00367262035082,2.00367262035082,0.00367262035082039,0.00367262035082039,1.34881402412601e-05,NA,NA,0,"ok"
"S0_parallel_trends",128,20470128,1,"scenario_matched_gap_adjusted_did","none",2,0.125181187605559,0,-0.125181187605559,2.12518118760556,2.12518118760556,0.125181187605559,0.125181187605559,0.0156703297303382,NA,NA,0,"ok"
"S0_parallel_trends",129,20470129,1,"scenario_matched_gap_adjusted_did","none",2,0.0116064419720958,0,-0.0116064419720958,2.0116064419721,2.0116064419721,0.0116064419720958,0.0116064419720958,0.000134709495251627,NA,NA,0,"ok"
"S0_parallel_trends",130,20470130,1,"scenario_matched_gap_adjusted_did","none",2,0.0223281820870448,0,-0.0223281820870448,2.02232818208704,2.02232818208704,0.0223281820870449,0.0223281820870449,0.000498547715312233,NA,NA,0,"ok"
"S0_parallel_trends",131,20470131,1,"scenario_matched_gap_adjusted_did","none",2,0.0128147079837222,0,-0.0128147079837222,2.01281470798372,2.01281470798372,0.012814707983722,0.012814707983722,0.000164216740708068,NA,NA,0,"ok"
"S0_parallel_trends",132,20470132,1,"scenario_matched_gap_adjusted_did","none",2,0.0230497663398164,0,-0.0230497663398164,2.02304976633982,2.02304976633982,0.0230497663398164,0.0230497663398164,0.000531291728320132,NA,NA,0,"ok"
"S0_parallel_trends",133,20470133,1,"scenario_matched_gap_adjusted_did","none",2,0.0003458744875574,0,-0.0003458744875574,2.00034587448756,2.00034587448756,0.000345874487557296,0.000345874487557296,1.19629161143022e-07,NA,NA,0,"ok"
"S0_parallel_trends",134,20470134,1,"scenario_matched_gap_adjusted_did","none",2,-0.0343089765867081,0,0.0343089765867081,1.96569102341329,1.96569102341329,-0.0343089765867082,0.0343089765867082,0.00117710587442729,NA,NA,0,"ok"
"S0_parallel_trends",135,20470135,1,"scenario_matched_gap_adjusted_did","none",2,0.0573497639316803,0,-0.0573497639316803,2.05734976393168,2.05734976393168,0.0573497639316805,0.0573497639316805,0.00328899542301948,NA,NA,0,"ok"
"S0_parallel_trends",136,20470136,1,"scenario_matched_gap_adjusted_did","none",2,0.0683466523902756,0,-0.0683466523902756,2.06834665239028,2.06834665239028,0.0683466523902756,0.0683466523902756,0.00467126489295717,NA,NA,0,"ok"
"S0_parallel_trends",137,20470137,1,"scenario_matched_gap_adjusted_did","none",2,-0.155387997709964,0,0.155387997709964,1.84461200229004,1.84461200229004,-0.155387997709964,0.155387997709964,0.0241454298323117,NA,NA,0,"ok"
"S0_parallel_trends",138,20470138,1,"scenario_matched_gap_adjusted_did","none",2,-0.0717717302211498,0,0.0717717302211498,1.92822826977885,1.92822826977885,-0.0717717302211498,0.0717717302211498,0.00515118125893751,NA,NA,0,"ok"
"S0_parallel_trends",139,20470139,1,"scenario_matched_gap_adjusted_did","none",2,0.039895910860954,0,-0.039895910860954,2.03989591086095,2.03989591086095,0.0398959108609538,0.0398959108609538,0.00159168370342517,NA,NA,0,"ok"
"S0_parallel_trends",140,20470140,1,"scenario_matched_gap_adjusted_did","none",2,-0.0366067386168874,0,0.0366067386168874,1.96339326138311,1.96339326138311,-0.0366067386168871,0.0366067386168871,0.0013400533121651,NA,NA,0,"ok"
"S0_parallel_trends",141,20470141,1,"scenario_matched_gap_adjusted_did","none",2,0.111553096226154,0,-0.111553096226154,2.11155309622615,2.11155309622615,0.111553096226154,0.111553096226154,0.0124440932776416,NA,NA,0,"ok"
"S0_parallel_trends",142,20470142,1,"scenario_matched_gap_adjusted_did","none",2,0.0833574722719583,0,-0.0833574722719583,2.08335747227196,2.08335747227196,0.0833574722719579,0.0833574722719579,0.00694846818357023,NA,NA,0,"ok"
"S0_parallel_trends",143,20470143,1,"scenario_matched_gap_adjusted_did","none",2,-0.00284713555645433,0,0.00284713555645433,1.99715286444355,1.99715286444355,-0.00284713555645411,0.00284713555645411,8.10618087682523e-06,NA,NA,0,"ok"
"S0_parallel_trends",144,20470144,1,"scenario_matched_gap_adjusted_did","none",2,-0.0630522612128858,0,0.0630522612128858,1.93694773878711,1.93694773878711,-0.0630522612128859,0.0630522612128859,0.00397558764405799,NA,NA,0,"ok"
"S0_parallel_trends",145,20470145,1,"scenario_matched_gap_adjusted_did","none",2,-0.0524955225502982,0,0.0524955225502982,1.9475044774497,1.9475044774497,-0.0524955225502983,0.0524955225502983,0.00275577988782888,NA,NA,0,"ok"
"S0_parallel_trends",146,20470146,1,"scenario_matched_gap_adjusted_did","none",2,-0.0403865910851393,0,0.0403865910851393,1.95961340891486,1.95961340891486,-0.0403865910851393,0.0403865910851393,0.00163107673947825,NA,NA,0,"ok"
"S0_parallel_trends",147,20470147,1,"scenario_matched_gap_adjusted_did","none",2,0.0756400932471709,0,-0.0756400932471709,2.07564009324717,2.07564009324717,0.0756400932471708,0.0756400932471708,0.00572142370644069,NA,NA,0,"ok"
"S0_parallel_trends",148,20470148,1,"scenario_matched_gap_adjusted_did","none",2,-0.0633607210414612,0,0.0633607210414612,1.93663927895854,1.93663927895854,-0.0633607210414613,0.0633607210414613,0.00401458097089388,NA,NA,0,"ok"
"S0_parallel_trends",149,20470149,1,"scenario_matched_gap_adjusted_did","none",2,-7.82494994039373e-05,0,7.82494994039373e-05,1.9999217505006,1.9999217505006,-7.82494994038263e-05,7.82494994038263e-05,6.12298415694941e-09,NA,NA,0,"ok"
"S0_parallel_trends",150,20470150,1,"scenario_matched_gap_adjusted_did","none",2,0.0874880565310588,0,-0.0874880565310588,2.08748805653106,2.08748805653106,0.087488056531059,0.087488056531059,0.00765416003558177,NA,NA,0,"ok"
"S0_parallel_trends",151,20470151,1,"scenario_matched_gap_adjusted_did","none",2,0.0397162348193251,0,-0.0397162348193251,2.03971623481933,2.03971623481933,0.0397162348193252,0.0397162348193252,0.00157737930822378,NA,NA,0,"ok"
"S0_parallel_trends",152,20470152,1,"scenario_matched_gap_adjusted_did","none",2,-0.0186613760535069,0,0.0186613760535069,1.98133862394649,1.98133862394649,-0.0186613760535068,0.0186613760535068,0.000348246956210398,NA,NA,0,"ok"
"S0_parallel_trends",153,20470153,1,"scenario_matched_gap_adjusted_did","none",2,0.0740258030407711,0,-0.0740258030407711,2.07402580304077,2.07402580304077,0.074025803040771,0.074025803040771,0.00547981951583102,NA,NA,0,"ok"
"S0_parallel_trends",154,20470154,1,"scenario_matched_gap_adjusted_did","none",2,-0.0313343475258203,0,0.0313343475258203,1.96866565247418,1.96866565247418,-0.0313343475258201,0.0313343475258201,0.000981841334868868,NA,NA,0,"ok"
"S0_parallel_trends",155,20470155,1,"scenario_matched_gap_adjusted_did","none",2,-0.018755921905234,0,0.018755921905234,1.98124407809477,1.98124407809477,-0.018755921905234,0.018755921905234,0.000351784606515237,NA,NA,0,"ok"
"S0_parallel_trends",156,20470156,1,"scenario_matched_gap_adjusted_did","none",2,-0.112238619364916,0,0.112238619364916,1.88776138063508,1.88776138063508,-0.112238619364916,0.112238619364916,0.0125975076769426,NA,NA,0,"ok"
"S0_parallel_trends",157,20470157,1,"scenario_matched_gap_adjusted_did","none",2,0.0518880112489262,0,-0.0518880112489262,2.05188801124893,2.05188801124893,0.0518880112489262,0.0518880112489262,0.00269236571136869,NA,NA,0,"ok"
"S0_parallel_trends",158,20470158,1,"scenario_matched_gap_adjusted_did","none",2,-0.136124565984779,0,0.136124565984779,1.86387543401522,1.86387543401522,-0.136124565984779,0.136124565984779,0.0185298974645444,NA,NA,0,"ok"
"S0_parallel_trends",159,20470159,1,"scenario_matched_gap_adjusted_did","none",2,0.0213189289466518,0,-0.0213189289466518,2.02131892894665,2.02131892894665,0.021318928946652,0.021318928946652,0.000454496731432396,NA,NA,0,"ok"
"S0_parallel_trends",160,20470160,1,"scenario_matched_gap_adjusted_did","none",2,-0.0329743141544586,0,0.0329743141544586,1.96702568584554,1.96702568584554,-0.0329743141544583,0.0329743141544583,0.00108730539395691,NA,NA,0,"ok"
"S0_parallel_trends",161,20470161,1,"scenario_matched_gap_adjusted_did","none",2,-0.0811068118303685,0,0.0811068118303685,1.91889318816963,1.91889318816963,-0.0811068118303684,0.0811068118303684,0.00657831492528679,NA,NA,0,"ok"
"S0_parallel_trends",162,20470162,1,"scenario_matched_gap_adjusted_did","none",2,-0.0290718633132926,0,0.0290718633132926,1.97092813668671,1.97092813668671,-0.0290718633132927,0.0290718633132927,0.000845173236506774,NA,NA,0,"ok"
"S0_parallel_trends",163,20470163,1,"scenario_matched_gap_adjusted_did","none",2,-0.0365909828697613,0,0.0365909828697613,1.96340901713024,1.96340901713024,-0.0365909828697615,0.0365909828697615,0.00133890002737518,NA,NA,0,"ok"
"S0_parallel_trends",164,20470164,1,"scenario_matched_gap_adjusted_did","none",2,0.0278828905154798,0,-0.0278828905154798,2.02788289051548,2.02788289051548,0.02788289051548,0.02788289051548,0.000777455583498244,NA,NA,0,"ok"
"S0_parallel_trends",165,20470165,1,"scenario_matched_gap_adjusted_did","none",2,0.0796823786950477,0,-0.0796823786950477,2.07968237869505,2.07968237869505,0.0796823786950478,0.0796823786950478,0.00634928147450101,NA,NA,0,"ok"
"S0_parallel_trends",166,20470166,1,"scenario_matched_gap_adjusted_did","none",2,-0.1355828837327,0,0.1355828837327,1.8644171162673,1.8644171162673,-0.1355828837327,0.1355828837327,0.0183827183612749,NA,NA,0,"ok"
"S0_parallel_trends",167,20470167,1,"scenario_matched_gap_adjusted_did","none",2,0.0907273823211399,0,-0.0907273823211399,2.09072738232114,2.09072738232114,0.0907273823211403,0.0907273823211403,0.00823145790284636,NA,NA,0,"ok"
"S0_parallel_trends",168,20470168,1,"scenario_matched_gap_adjusted_did","none",2,-0.0824183189214287,0,0.0824183189214287,1.91758168107857,1.91758168107857,-0.0824183189214289,0.0824183189214289,0.00679277929383437,NA,NA,0,"ok"
"S0_parallel_trends",169,20470169,1,"scenario_matched_gap_adjusted_did","none",2,0.0505538495125206,0,-0.0505538495125206,2.05055384951252,2.05055384951252,0.0505538495125206,0.0505538495125206,0.00255569170053458,NA,NA,0,"ok"
"S0_parallel_trends",170,20470170,1,"scenario_matched_gap_adjusted_did","none",2,0.027865163927985,0,-0.027865163927985,2.02786516392799,2.02786516392799,0.0278651639279852,0.0278651639279852,0.000776467360733488,NA,NA,0,"ok"
"S0_parallel_trends",171,20470171,1,"scenario_matched_gap_adjusted_did","none",2,-0.0978687827806213,0,0.0978687827806213,1.90213121721938,1.90213121721938,-0.0978687827806213,0.0978687827806213,0.00957829864296043,NA,NA,0,"ok"
"S0_parallel_trends",172,20470172,1,"scenario_matched_gap_adjusted_did","none",2,0.0329080918049142,0,-0.0329080918049142,2.03290809180491,2.03290809180491,0.0329080918049143,0.0329080918049143,0.00108294250624067,NA,NA,0,"ok"
"S0_parallel_trends",173,20470173,1,"scenario_matched_gap_adjusted_did","none",2,0.137096268727339,0,-0.137096268727339,2.13709626872734,2.13709626872734,0.137096268727339,0.137096268727339,0.0187953868989588,NA,NA,0,"ok"
"S0_parallel_trends",174,20470174,1,"scenario_matched_gap_adjusted_did","none",2,0.0458793190985148,0,-0.0458793190985148,2.04587931909851,2.04587931909851,0.0458793190985149,0.0458793190985149,0.00210491192094336,NA,NA,0,"ok"
"S0_parallel_trends",175,20470175,1,"scenario_matched_gap_adjusted_did","none",2,-0.0300730621165743,0,0.0300730621165743,1.96992693788343,1.96992693788343,-0.0300730621165743,0.0300730621165743,0.000904389065067339,NA,NA,0,"ok"
"S0_parallel_trends",176,20470176,1,"scenario_matched_gap_adjusted_did","none",2,0.0142359890246913,0,-0.0142359890246913,2.01423598902469,2.01423598902469,0.0142359890246913,0.0142359890246913,0.00020266338351113,NA,NA,0,"ok"
"S0_parallel_trends",177,20470177,1,"scenario_matched_gap_adjusted_did","none",2,0.0819848583674599,0,-0.0819848583674599,2.08198485836746,2.08198485836746,0.0819848583674601,0.0819848583674601,0.00672151700153248,NA,NA,0,"ok"
"S0_parallel_trends",178,20470178,1,"scenario_matched_gap_adjusted_did","none",2,-0.00699493165050957,0,0.00699493165050957,1.99300506834949,1.99300506834949,-0.00699493165050979,0.00699493165050979,4.89290687953037e-05,NA,NA,0,"ok"
"S0_parallel_trends",179,20470179,1,"scenario_matched_gap_adjusted_did","none",2,-0.0311867872562477,0,0.0311867872562477,1.96881321274375,1.96881321274375,-0.0311867872562477,0.0311867872562477,0.000972615699366453,NA,NA,0,"ok"
"S0_parallel_trends",180,20470180,1,"scenario_matched_gap_adjusted_did","none",2,0.0203073386755409,0,-0.0203073386755409,2.02030733867554,2.02030733867554,0.0203073386755408,0.0203073386755408,0.000412388004083115,NA,NA,0,"ok"
"S0_parallel_trends",181,20470181,1,"scenario_matched_gap_adjusted_did","none",2,0.0389229248260233,0,-0.0389229248260233,2.03892292482602,2.03892292482602,0.0389229248260232,0.0389229248260232,0.00151499407701225,NA,NA,0,"ok"
"S0_parallel_trends",182,20470182,1,"scenario_matched_gap_adjusted_did","none",2,0.0318940788613843,0,-0.0318940788613843,2.03189407886138,2.03189407886138,0.0318940788613844,0.0318940788613844,0.00101723226641621,NA,NA,0,"ok"
"S0_parallel_trends",183,20470183,1,"scenario_matched_gap_adjusted_did","none",2,-0.098918324137072,0,0.098918324137072,1.90108167586293,1.90108167586293,-0.0989183241370719,0.0989183241370719,0.00978483485008682,NA,NA,0,"ok"
"S0_parallel_trends",184,20470184,1,"scenario_matched_gap_adjusted_did","none",2,0.0619692081790083,0,-0.0619692081790083,2.06196920817901,2.06196920817901,0.0619692081790082,0.0619692081790082,0.00384018276233326,NA,NA,0,"ok"
"S0_parallel_trends",185,20470185,1,"scenario_matched_gap_adjusted_did","none",2,0.0291792730992625,0,-0.0291792730992625,2.02917927309926,2.02917927309926,0.0291792730992624,0.0291792730992624,0.000851429978601337,NA,NA,0,"ok"
"S0_parallel_trends",186,20470186,1,"scenario_matched_gap_adjusted_did","none",2,-0.0481342323830763,0,0.0481342323830763,1.95186576761692,1.95186576761692,-0.0481342323830762,0.0481342323830762,0.00231690432710799,NA,NA,0,"ok"
"S0_parallel_trends",187,20470187,1,"scenario_matched_gap_adjusted_did","none",2,-0.0361379125873948,0,0.0361379125873948,1.96386208741261,1.96386208741261,-0.0361379125873948,0.0361379125873948,0.00130594872617419,NA,NA,0,"ok"
"S0_parallel_trends",188,20470188,1,"scenario_matched_gap_adjusted_did","none",2,0.0749795795289041,0,-0.0749795795289041,2.0749795795289,2.0749795795289,0.0749795795289039,0.0749795795289039,0.00562193734633122,NA,NA,0,"ok"
"S0_parallel_trends",189,20470189,1,"scenario_matched_gap_adjusted_did","none",2,-0.056462536415508,0,0.056462536415508,1.94353746358449,1.94353746358449,-0.056462536415508,0.056462536415508,0.00318801801847257,NA,NA,0,"ok"
"S0_parallel_trends",190,20470190,1,"scenario_matched_gap_adjusted_did","none",2,0.0468183578284685,0,-0.0468183578284685,2.04681835782847,2.04681835782847,0.0468183578284682,0.0468183578284682,0.00219195862975449,NA,NA,0,"ok"
"S0_parallel_trends",191,20470191,1,"scenario_matched_gap_adjusted_did","none",2,-0.101154672232265,0,0.101154672232265,1.89884532776774,1.89884532776774,-0.101154672232265,0.101154672232265,0.0102322677144169,NA,NA,0,"ok"
"S0_parallel_trends",192,20470192,1,"scenario_matched_gap_adjusted_did","none",2,-0.00743289885653753,0,0.00743289885653753,1.99256710114346,1.99256710114346,-0.00743289885653731,0.00743289885653731,5.52479854115136e-05,NA,NA,0,"ok"
"S0_parallel_trends",193,20470193,1,"scenario_matched_gap_adjusted_did","none",2,0.061761744625762,0,-0.061761744625762,2.06176174462576,2.06176174462576,0.0617617446257621,0.0617617446257621,0.00381451309921786,NA,NA,0,"ok"
"S0_parallel_trends",194,20470194,1,"scenario_matched_gap_adjusted_did","none",2,-0.102617702967057,0,0.102617702967057,1.89738229703294,1.89738229703294,-0.102617702967058,0.102617702967058,0.0105303929622353,NA,NA,0,"ok"
"S0_parallel_trends",195,20470195,1,"scenario_matched_gap_adjusted_did","none",2,0.0891481014925198,0,-0.0891481014925198,2.08914810149252,2.08914810149252,0.0891481014925199,0.0891481014925199,0.00794738399972064,NA,NA,0,"ok"
"S0_parallel_trends",196,20470196,1,"scenario_matched_gap_adjusted_did","none",2,0.102213823680317,0,-0.102213823680317,2.10221382368032,2.10221382368032,0.102213823680317,0.102213823680317,0.010447665751351,NA,NA,0,"ok"
"S0_parallel_trends",197,20470197,1,"scenario_matched_gap_adjusted_did","none",2,0.103043193872381,0,-0.103043193872381,2.10304319387238,2.10304319387238,0.103043193872381,0.103043193872381,0.0106178998034211,NA,NA,0,"ok"
"S0_parallel_trends",198,20470198,1,"scenario_matched_gap_adjusted_did","none",2,-0.0555906081586897,0,0.0555906081586897,1.94440939184131,1.94440939184131,-0.0555906081586899,0.0555906081586899,0.003090315715453,NA,NA,0,"ok"
"S0_parallel_trends",199,20470199,1,"scenario_matched_gap_adjusted_did","none",2,0.00937053640607707,0,-0.00937053640607707,2.00937053640608,2.00937053640608,0.00937053640607699,0.00937053640607699,8.78069525376143e-05,NA,NA,0,"ok"
"S0_parallel_trends",200,20470200,1,"scenario_matched_gap_adjusted_did","none",2,-0.0352969704510342,0,0.0352969704510342,1.96470302954897,1.96470302954897,-0.0352969704510342,0.0352969704510342,0.00124587612302118,NA,NA,0,"ok"
"S0_parallel_trends",201,20470201,1,"scenario_matched_gap_adjusted_did","none",2,0.03552470793232,0,-0.03552470793232,2.03552470793232,2.03552470793232,0.03552470793232,0.03552470793232,0.00126200487367664,NA,NA,0,"ok"
"S0_parallel_trends",202,20470202,1,"scenario_matched_gap_adjusted_did","none",2,-0.0437199214362224,0,0.0437199214362224,1.95628007856378,1.95628007856378,-0.0437199214362225,0.0437199214362225,0.00191143153038947,NA,NA,0,"ok"
"S0_parallel_trends",203,20470203,1,"scenario_matched_gap_adjusted_did","none",2,0.0831293894781749,0,-0.0831293894781749,2.08312938947817,2.08312938947817,0.0831293894781746,0.0831293894781746,0.00691049539501405,NA,NA,0,"ok"
"S0_parallel_trends",204,20470204,1,"scenario_matched_gap_adjusted_did","none",2,0.0531214955886161,0,-0.0531214955886161,2.05312149558862,2.05312149558862,0.0531214955886163,0.0531214955886163,0.00282189329357139,NA,NA,0,"ok"
"S0_parallel_trends",205,20470205,1,"scenario_matched_gap_adjusted_did","none",2,0.0050844586498736,0,-0.0050844586498736,2.00508445864987,2.00508445864987,0.00508445864987372,0.00508445864987372,2.58517197622757e-05,NA,NA,0,"ok"
"S0_parallel_trends",206,20470206,1,"scenario_matched_gap_adjusted_did","none",2,-0.0308609810733113,0,0.0308609810733113,1.96913901892669,1.96913901892669,-0.0308609810733114,0.0308609810733114,0.000952400152807282,NA,NA,0,"ok"
"S0_parallel_trends",207,20470207,1,"scenario_matched_gap_adjusted_did","none",2,0.0418244007535523,0,-0.0418244007535523,2.04182440075355,2.04182440075355,0.0418244007535526,0.0418244007535526,0.00174928049839378,NA,NA,0,"ok"
"S0_parallel_trends",208,20470208,1,"scenario_matched_gap_adjusted_did","none",2,0.0841591867183443,0,-0.0841591867183443,2.08415918671834,2.08415918671834,0.0841591867183444,0.0841591867183444,0.00708276870909316,NA,NA,0,"ok"
"S0_parallel_trends",209,20470209,1,"scenario_matched_gap_adjusted_did","none",2,0.0765149363710185,0,-0.0765149363710185,2.07651493637102,2.07651493637102,0.0765149363710185,0.0765149363710185,0.00585453548786101,NA,NA,0,"ok"
"S0_parallel_trends",210,20470210,1,"scenario_matched_gap_adjusted_did","none",2,-0.0334218564707836,0,0.0334218564707836,1.96657814352922,1.96657814352922,-0.0334218564707836,0.0334218564707836,0.00111702048995366,NA,NA,0,"ok"
"S0_parallel_trends",211,20470211,1,"scenario_matched_gap_adjusted_did","none",2,-0.0264693744792926,0,0.0264693744792926,1.97353062552071,1.97353062552071,-0.0264693744792925,0.0264693744792925,0.000700627785325023,NA,NA,0,"ok"
"S0_parallel_trends",212,20470212,1,"scenario_matched_gap_adjusted_did","none",2,0.0336330490247902,0,-0.0336330490247902,2.03363304902479,2.03363304902479,0.03363304902479,0.03363304902479,0.00113118198670393,NA,NA,0,"ok"
"S0_parallel_trends",213,20470213,1,"scenario_matched_gap_adjusted_did","none",2,-0.00626531680351936,0,0.00626531680351936,1.99373468319648,1.99373468319648,-0.00626531680351938,0.00626531680351938,3.92541946484623e-05,NA,NA,0,"ok"
"S0_parallel_trends",214,20470214,1,"scenario_matched_gap_adjusted_did","none",2,0.0595501633066672,0,-0.0595501633066672,2.05955016330667,2.05955016330667,0.0595501633066671,0.0595501633066671,0.00354622194985072,NA,NA,0,"ok"
"S0_parallel_trends",215,20470215,1,"scenario_matched_gap_adjusted_did","none",2,0.0292526987200752,0,-0.0292526987200752,2.02925269872008,2.02925269872008,0.0292526987200752,0.0292526987200752,0.000855720382407489,NA,NA,0,"ok"
"S0_parallel_trends",216,20470216,1,"scenario_matched_gap_adjusted_did","none",2,0.0134167193278905,0,-0.0134167193278905,2.01341671932789,2.01341671932789,0.0134167193278905,0.0134167193278905,0.000180008357523389,NA,NA,0,"ok"
"S0_parallel_trends",217,20470217,1,"scenario_matched_gap_adjusted_did","none",2,-0.0126601941462477,0,0.0126601941462477,1.98733980585375,1.98733980585375,-0.0126601941462476,0.0126601941462476,0.000160280515820683,NA,NA,0,"ok"
"S0_parallel_trends",218,20470218,1,"scenario_matched_gap_adjusted_did","none",2,-0.0347520984576849,0,0.0347520984576849,1.96524790154232,1.96524790154232,-0.0347520984576848,0.0347520984576848,0.00120770834721262,NA,NA,0,"ok"
"S0_parallel_trends",219,20470219,1,"scenario_matched_gap_adjusted_did","none",2,-0.0599361200450705,0,0.0599361200450705,1.94006387995493,1.94006387995493,-0.0599361200450705,0.0599361200450705,0.00359233848605711,NA,NA,0,"ok"
"S0_parallel_trends",220,20470220,1,"scenario_matched_gap_adjusted_did","none",2,0.0763083651801593,0,-0.0763083651801593,2.07630836518016,2.07630836518016,0.076308365180159,0.076308365180159,0.00582296659646851,NA,NA,0,"ok"
"S0_parallel_trends",221,20470221,1,"scenario_matched_gap_adjusted_did","none",2,-0.0460752759397764,0,0.0460752759397764,1.95392472406022,1.95392472406022,-0.0460752759397762,0.0460752759397762,0.00212293105292652,NA,NA,0,"ok"
"S0_parallel_trends",222,20470222,1,"scenario_matched_gap_adjusted_did","none",2,0.0228736857831776,0,-0.0228736857831776,2.02287368578318,2.02287368578318,0.0228736857831775,0.0228736857831775,0.000523205501307537,NA,NA,0,"ok"
"S0_parallel_trends",223,20470223,1,"scenario_matched_gap_adjusted_did","none",2,-0.080013015391361,0,0.080013015391361,1.91998698460864,1.91998698460864,-0.080013015391361,0.080013015391361,0.00640208263201817,NA,NA,0,"ok"
"S0_parallel_trends",224,20470224,1,"scenario_matched_gap_adjusted_did","none",2,0.0404488308515593,0,-0.0404488308515593,2.04044883085156,2.04044883085156,0.0404488308515596,0.0404488308515596,0.00163610791725808,NA,NA,0,"ok"
"S0_parallel_trends",225,20470225,1,"scenario_matched_gap_adjusted_did","none",2,-0.0568940889201867,0,0.0568940889201867,1.94310591107981,1.94310591107981,-0.0568940889201868,0.0568940889201868,0.00323693735405812,NA,NA,0,"ok"
"S0_parallel_trends",226,20470226,1,"scenario_matched_gap_adjusted_did","none",2,-0.00390001125220854,0,0.00390001125220854,1.99609998874779,1.99609998874779,-0.00390001125220873,0.00390001125220873,1.52100877673547e-05,NA,NA,0,"ok"
"S0_parallel_trends",227,20470227,1,"scenario_matched_gap_adjusted_did","none",2,-0.0958310309637969,0,0.0958310309637969,1.9041689690362,1.9041689690362,-0.0958310309637969,0.0958310309637969,0.00918358649558419,NA,NA,0,"ok"
"S0_parallel_trends",228,20470228,1,"scenario_matched_gap_adjusted_did","none",2,-0.06301239394487,0,0.06301239394487,1.93698760605513,1.93698760605513,-0.0630123939448703,0.0630123939448703,0.00397056179066353,NA,NA,0,"ok"
"S0_parallel_trends",229,20470229,1,"scenario_matched_gap_adjusted_did","none",2,0.115838505133727,0,-0.115838505133727,2.11583850513373,2.11583850513373,0.115838505133727,0.115838505133727,0.0134185592716164,NA,NA,0,"ok"
"S0_parallel_trends",230,20470230,1,"scenario_matched_gap_adjusted_did","none",2,0.101305127963504,0,-0.101305127963504,2.1013051279635,2.1013051279635,0.101305127963504,0.101305127963504,0.010262728951702,NA,NA,0,"ok"
"S0_parallel_trends",231,20470231,1,"scenario_matched_gap_adjusted_did","none",2,-0.130387066219152,0,0.130387066219152,1.86961293378085,1.86961293378085,-0.130387066219152,0.130387066219152,0.0170007870372376,NA,NA,0,"ok"
"S0_parallel_trends",232,20470232,1,"scenario_matched_gap_adjusted_did","none",2,0.0602146675763605,0,-0.0602146675763605,2.06021466757636,2.06021466757636,0.0602146675763606,0.0602146675763606,0.00362580619133162,NA,NA,0,"ok"
"S0_parallel_trends",233,20470233,1,"scenario_matched_gap_adjusted_did","none",2,-0.0563342331817932,0,0.0563342331817932,1.94366576681821,1.94366576681821,-0.0563342331817933,0.0563342331817933,0.00317354582818066,NA,NA,0,"ok"
"S0_parallel_trends",234,20470234,1,"scenario_matched_gap_adjusted_did","none",2,-0.028450569990252,0,0.028450569990252,1.97154943000975,1.97154943000975,-0.0284505699902522,0.0284505699902522,0.000809434932770239,NA,NA,0,"ok"
"S0_parallel_trends",235,20470235,1,"scenario_matched_gap_adjusted_did","none",2,0.00256263925560052,0,-0.00256263925560052,2.0025626392556,2.0025626392556,0.00256263925560063,0.00256263925560063,6.56711995434535e-06,NA,NA,0,"ok"
"S0_parallel_trends",236,20470236,1,"scenario_matched_gap_adjusted_did","none",2,0.000659817230117585,0,-0.000659817230117585,2.00065981723012,2.00065981723012,0.000659817230117987,0.000659817230117987,4.35358777160573e-07,NA,NA,0,"ok"
"S0_parallel_trends",237,20470237,1,"scenario_matched_gap_adjusted_did","none",2,0.12801838529607,0,-0.12801838529607,2.12801838529607,2.12801838529607,0.12801838529607,0.12801838529607,0.0163887069738129,NA,NA,0,"ok"
"S0_parallel_trends",238,20470238,1,"scenario_matched_gap_adjusted_did","none",2,0.077598836843047,0,-0.077598836843047,2.07759883684305,2.07759883684305,0.0775988368430469,0.0775988368430469,0.00602157947939382,NA,NA,0,"ok"
"S0_parallel_trends",239,20470239,1,"scenario_matched_gap_adjusted_did","none",2,-0.0320234009047639,0,0.0320234009047639,1.96797659909524,1.96797659909524,-0.032023400904764,0.032023400904764,0.00102549820550724,NA,NA,0,"ok"
"S0_parallel_trends",240,20470240,1,"scenario_matched_gap_adjusted_did","none",2,-0.0974124459404778,0,0.0974124459404778,1.90258755405952,1.90258755405952,-0.0974124459404782,0.0974124459404782,0.00948918462410658,NA,NA,0,"ok"
"S0_parallel_trends",241,20470241,1,"scenario_matched_gap_adjusted_did","none",2,0.00583293391752564,0,-0.00583293391752564,2.00583293391753,2.00583293391753,0.00583293391752537,0.00583293391752537,3.40231180862179e-05,NA,NA,0,"ok"
"S0_parallel_trends",242,20470242,1,"scenario_matched_gap_adjusted_did","none",2,0.0575468270625325,0,-0.0575468270625325,2.05754682706253,2.05754682706253,0.0575468270625326,0.0575468270625326,0.00331163730496503,NA,NA,0,"ok"
"S0_parallel_trends",243,20470243,1,"scenario_matched_gap_adjusted_did","none",2,-0.00118411097743573,0,0.00118411097743573,1.99881588902256,1.99881588902256,-0.00118411097743576,0.00118411097743576,1.40211880688387e-06,NA,NA,0,"ok"
"S0_parallel_trends",244,20470244,1,"scenario_matched_gap_adjusted_did","none",2,-0.0935918226685552,0,0.0935918226685552,1.90640817733144,1.90640817733144,-0.0935918226685553,0.0935918226685553,0.00875942927042229,NA,NA,0,"ok"
"S0_parallel_trends",245,20470245,1,"scenario_matched_gap_adjusted_did","none",2,-0.00624590367273892,0,0.00624590367273892,1.99375409632726,1.99375409632726,-0.00624590367273914,0.00624590367273914,3.90113126891363e-05,NA,NA,0,"ok"
"S0_parallel_trends",246,20470246,1,"scenario_matched_gap_adjusted_did","none",2,-0.0642544675096574,0,0.0642544675096574,1.93574553249034,1.93574553249034,-0.0642544675096575,0.0642544675096575,0.00412863659494963,NA,NA,0,"ok"
"S0_parallel_trends",247,20470247,1,"scenario_matched_gap_adjusted_did","none",2,0.0657302271886725,0,-0.0657302271886725,2.06573022718867,2.06573022718867,0.0657302271886726,0.0657302271886726,0.00432046276627452,NA,NA,0,"ok"
"S0_parallel_trends",248,20470248,1,"scenario_matched_gap_adjusted_did","none",2,-0.0845908373169427,0,0.0845908373169427,1.91540916268306,1.91540916268306,-0.0845908373169426,0.0845908373169426,0.00715560975798145,NA,NA,0,"ok"
"S0_parallel_trends",249,20470249,1,"scenario_matched_gap_adjusted_did","none",2,-0.0232350901869428,0,0.0232350901869428,1.97676490981306,1.97676490981306,-0.0232350901869429,0.0232350901869429,0.000539869415995371,NA,NA,0,"ok"
"S0_parallel_trends",250,20470250,1,"scenario_matched_gap_adjusted_did","none",2,-0.0291129171691379,0,0.0291129171691379,1.97088708283086,1.97088708283086,-0.029112917169138,0.029112917169138,0.00084756194609709,NA,NA,0,"ok"
"S0_parallel_trends",251,20470251,1,"scenario_matched_gap_adjusted_did","none",2,-0.0697788311796416,0,0.0697788311796416,1.93022116882036,1.93022116882036,-0.0697788311796417,0.0697788311796417,0.00486908528079693,NA,NA,0,"ok"
"S0_parallel_trends",252,20470252,1,"scenario_matched_gap_adjusted_did","none",2,-0.0592890619792397,0,0.0592890619792397,1.94071093802076,1.94071093802076,-0.0592890619792397,0.0592890619792397,0.00351519287037812,NA,NA,0,"ok"
"S0_parallel_trends",253,20470253,1,"scenario_matched_gap_adjusted_did","none",2,0.00282571342994355,0,-0.00282571342994355,2.00282571342994,2.00282571342994,0.00282571342994364,0.00282571342994364,7.98465638816387e-06,NA,NA,0,"ok"
"S0_parallel_trends",254,20470254,1,"scenario_matched_gap_adjusted_did","none",2,-0.0131675429078246,0,0.0131675429078246,1.98683245709218,1.98683245709218,-0.0131675429078248,0.0131675429078248,0.000173384186229408,NA,NA,0,"ok"
"S0_parallel_trends",255,20470255,1,"scenario_matched_gap_adjusted_did","none",2,0.0620283814287997,0,-0.0620283814287997,2.0620283814288,2.0620283814288,0.0620283814287999,0.0620283814287999,0.00384752010267668,NA,NA,0,"ok"
"S0_parallel_trends",256,20470256,1,"scenario_matched_gap_adjusted_did","none",2,-0.0886082340898913,0,0.0886082340898913,1.91139176591011,1.91139176591011,-0.0886082340898913,0.0886082340898913,0.00785141914852897,NA,NA,0,"ok"
"S0_parallel_trends",257,20470257,1,"scenario_matched_gap_adjusted_did","none",2,-0.00720167041840129,0,0.00720167041840129,1.9927983295816,1.9927983295816,-0.00720167041840125,0.00720167041840125,5.18640568152757e-05,NA,NA,0,"ok"
"S0_parallel_trends",258,20470258,1,"scenario_matched_gap_adjusted_did","none",2,-0.131908284088803,0,0.131908284088803,1.8680917159112,1.8680917159112,-0.131908284088803,0.131908284088803,0.0173997954112524,NA,NA,0,"ok"
"S0_parallel_trends",259,20470259,1,"scenario_matched_gap_adjusted_did","none",2,0.0071814398033504,0,-0.0071814398033504,2.00718143980335,2.00718143980335,0.00718143980335029,0.00718143980335029,5.15730776491438e-05,NA,NA,0,"ok"
"S0_parallel_trends",260,20470260,1,"scenario_matched_gap_adjusted_did","none",2,0.00518114851644891,0,-0.00518114851644891,2.00518114851645,2.00518114851645,0.00518114851644924,0.00518114851644924,2.68442999495042e-05,NA,NA,0,"ok"
"S0_parallel_trends",261,20470261,1,"scenario_matched_gap_adjusted_did","none",2,-0.0268416768802476,0,0.0268416768802476,1.97315832311975,1.97315832311975,-0.0268416768802477,0.0268416768802477,0.000720475617743626,NA,NA,0,"ok"
"S0_parallel_trends",262,20470262,1,"scenario_matched_gap_adjusted_did","none",2,-0.030952799149227,0,0.030952799149227,1.96904720085077,1.96904720085077,-0.0309527991492269,0.0309527991492269,0.00095807577517238,NA,NA,0,"ok"
"S0_parallel_trends",263,20470263,1,"scenario_matched_gap_adjusted_did","none",2,-0.00800905178420473,0,0.00800905178420473,1.9919909482158,1.9919909482158,-0.00800905178420463,0.00800905178420463,6.41449104820715e-05,NA,NA,0,"ok"
"S0_parallel_trends",264,20470264,1,"scenario_matched_gap_adjusted_did","none",2,0.0902835188668917,0,-0.0902835188668917,2.09028351886689,2.09028351886689,0.090283518866892,0.090283518866892,0.00815111377898844,NA,NA,0,"ok"
"S0_parallel_trends",265,20470265,1,"scenario_matched_gap_adjusted_did","none",2,0.03616843267422,0,-0.03616843267422,2.03616843267422,2.03616843267422,0.03616843267422,0.03616843267422,0.00130815552210958,NA,NA,0,"ok"
"S0_parallel_trends",266,20470266,1,"scenario_matched_gap_adjusted_did","none",2,0.0523888550871612,0,-0.0523888550871612,2.05238885508716,2.05238885508716,0.0523888550871612,0.0523888550871612,0.00274459213734357,NA,NA,0,"ok"
"S0_parallel_trends",267,20470267,1,"scenario_matched_gap_adjusted_did","none",2,0.0505095308946635,0,-0.0505095308946635,2.05050953089466,2.05050953089466,0.0505095308946637,0.0505095308946637,0.00255121271119899,NA,NA,0,"ok"
"S0_parallel_trends",268,20470268,1,"scenario_matched_gap_adjusted_did","none",2,-0.0260364595771921,0,0.0260364595771921,1.97396354042281,1.97396354042281,-0.0260364595771923,0.0260364595771923,0.000677897227314766,NA,NA,0,"ok"
"S0_parallel_trends",269,20470269,1,"scenario_matched_gap_adjusted_did","none",2,-0.131501499580722,0,0.131501499580722,1.86849850041928,1.86849850041928,-0.131501499580722,0.131501499580722,0.0172926443919787,NA,NA,0,"ok"
"S0_parallel_trends",270,20470270,1,"scenario_matched_gap_adjusted_did","none",2,0.0703131530458776,0,-0.0703131530458776,2.07031315304588,2.07031315304588,0.0703131530458774,0.0703131530458774,0.00494393949125297,NA,NA,0,"ok"
"S0_parallel_trends",271,20470271,1,"scenario_matched_gap_adjusted_did","none",2,-0.0269317857666465,0,0.0269317857666465,1.97306821423335,1.97306821423335,-0.0269317857666465,0.0269317857666465,0.000725321084580541,NA,NA,0,"ok"
"S0_parallel_trends",272,20470272,1,"scenario_matched_gap_adjusted_did","none",2,-0.0231800377832925,0,0.0231800377832925,1.97681996221671,1.97681996221671,-0.0231800377832925,0.0231800377832925,0.000537314151634867,NA,NA,0,"ok"
"S0_parallel_trends",273,20470273,1,"scenario_matched_gap_adjusted_did","none",2,0.00425854170047649,0,-0.00425854170047649,2.00425854170048,2.00425854170048,0.00425854170047657,0.00425854170047657,1.81351774146979e-05,NA,NA,0,"ok"
"S0_parallel_trends",274,20470274,1,"scenario_matched_gap_adjusted_did","none",2,0.184416737163869,0,-0.184416737163869,2.18441673716387,2.18441673716387,0.184416737163869,0.184416737163869,0.0340095329461675,NA,NA,0,"ok"
"S0_parallel_trends",275,20470275,1,"scenario_matched_gap_adjusted_did","none",2,0.156921907478357,0,-0.156921907478357,2.15692190747836,2.15692190747836,0.156921907478357,0.156921907478357,0.0246244850466462,NA,NA,0,"ok"
"S0_parallel_trends",276,20470276,1,"scenario_matched_gap_adjusted_did","none",2,0.00595130125287308,0,-0.00595130125287308,2.00595130125287,2.00595130125287,0.00595130125287291,0.00595130125287291,3.54179866024467e-05,NA,NA,0,"ok"
"S0_parallel_trends",277,20470277,1,"scenario_matched_gap_adjusted_did","none",2,0.0420581749976811,0,-0.0420581749976811,2.04205817499768,2.04205817499768,0.0420581749976812,0.0420581749976812,0.00176889008413557,NA,NA,0,"ok"
"S0_parallel_trends",278,20470278,1,"scenario_matched_gap_adjusted_did","none",2,-0.0145465988353988,0,0.0145465988353988,1.9854534011646,1.9854534011646,-0.0145465988353985,0.0145465988353985,0.000211603537678018,NA,NA,0,"ok"
"S0_parallel_trends",279,20470279,1,"scenario_matched_gap_adjusted_did","none",2,-0.0549439660766997,0,0.0549439660766997,1.9450560339233,1.9450560339233,-0.0549439660766995,0.0549439660766995,0.0030188394082375,NA,NA,0,"ok"
"S0_parallel_trends",280,20470280,1,"scenario_matched_gap_adjusted_did","none",2,0.0339282056394982,0,-0.0339282056394982,2.0339282056395,2.0339282056395,0.0339282056394983,0.0339282056394983,0.00115112313791608,NA,NA,0,"ok"
"S0_parallel_trends",281,20470281,1,"scenario_matched_gap_adjusted_did","none",2,-0.0158047061856096,0,0.0158047061856096,1.98419529381439,1.98419529381439,-0.0158047061856095,0.0158047061856095,0.000249788737613442,NA,NA,0,"ok"
"S0_parallel_trends",282,20470282,1,"scenario_matched_gap_adjusted_did","none",2,-0.0702512040856186,0,0.0702512040856186,1.92974879591438,1.92974879591438,-0.0702512040856187,0.0702512040856187,0.00493523167547925,NA,NA,0,"ok"
"S0_parallel_trends",283,20470283,1,"scenario_matched_gap_adjusted_did","none",2,0.0487737362659276,0,-0.0487737362659276,2.04877373626593,2.04877373626593,0.0487737362659275,0.0487737362659275,0.00237887734933825,NA,NA,0,"ok"
"S0_parallel_trends",284,20470284,1,"scenario_matched_gap_adjusted_did","none",2,0.112495999205816,0,-0.112495999205816,2.11249599920582,2.11249599920582,0.112495999205816,0.112495999205816,0.012655349837315,NA,NA,0,"ok"
"S0_parallel_trends",285,20470285,1,"scenario_matched_gap_adjusted_did","none",2,0.0148918794248245,0,-0.0148918794248245,2.01489187942482,2.01489187942482,0.0148918794248245,0.0148918794248245,0.000221768072803511,NA,NA,0,"ok"
"S0_parallel_trends",286,20470286,1,"scenario_matched_gap_adjusted_did","none",2,-0.00699086896610676,0,0.00699086896610676,1.99300913103389,1.99300913103389,-0.0069908689661069,0.0069908689661069,4.88722489012766e-05,NA,NA,0,"ok"
"S0_parallel_trends",287,20470287,1,"scenario_matched_gap_adjusted_did","none",2,-0.102179019637709,0,0.102179019637709,1.89782098036229,1.89782098036229,-0.102179019637709,0.102179019637709,0.0104405520541233,NA,NA,0,"ok"
"S0_parallel_trends",288,20470288,1,"scenario_matched_gap_adjusted_did","none",2,-0.0109528718456909,0,0.0109528718456909,1.98904712815431,1.98904712815431,-0.0109528718456908,0.0109528718456908,0.000119965401668127,NA,NA,0,"ok"
"S0_parallel_trends",289,20470289,1,"scenario_matched_gap_adjusted_did","none",2,0.0237898168303782,0,-0.0237898168303782,2.02378981683038,2.02378981683038,0.0237898168303783,0.0237898168303783,0.00056595538482295,NA,NA,0,"ok"
"S0_parallel_trends",290,20470290,1,"scenario_matched_gap_adjusted_did","none",2,-0.011348305569575,0,0.011348305569575,1.98865169443043,1.98865169443043,-0.0113483055695749,0.0113483055695749,0.000128784039300444,NA,NA,0,"ok"
"S0_parallel_trends",291,20470291,1,"scenario_matched_gap_adjusted_did","none",2,0.0231712427474145,0,-0.0231712427474145,2.02317124274741,2.02317124274741,0.0231712427474147,0.0231712427474147,0.000536906490459617,NA,NA,0,"ok"
"S0_parallel_trends",292,20470292,1,"scenario_matched_gap_adjusted_did","none",2,0.0652534351921922,0,-0.0652534351921922,2.06525343519219,2.06525343519219,0.0652534351921923,0.0652534351921923,0.00425801080438164,NA,NA,0,"ok"
"S0_parallel_trends",293,20470293,1,"scenario_matched_gap_adjusted_did","none",2,-0.00387332624996162,0,0.00387332624996162,1.99612667375004,1.99612667375004,-0.00387332624996173,0.00387332624996173,1.50026562386426e-05,NA,NA,0,"ok"
"S0_parallel_trends",294,20470294,1,"scenario_matched_gap_adjusted_did","none",2,-0.0766263796029762,0,0.0766263796029762,1.92337362039702,1.92337362039702,-0.0766263796029762,0.0766263796029762,0.00587160205105941,NA,NA,0,"ok"
"S0_parallel_trends",295,20470295,1,"scenario_matched_gap_adjusted_did","none",2,-0.00887804974424847,0,0.00887804974424847,1.99112195025575,1.99112195025575,-0.00887804974424844,0.00887804974424844,7.88197672613498e-05,NA,NA,0,"ok"
"S0_parallel_trends",296,20470296,1,"scenario_matched_gap_adjusted_did","none",2,-0.0363958616860856,0,0.0363958616860856,1.96360413831391,1.96360413831391,-0.0363958616860853,0.0363958616860853,0.00132465874787265,NA,NA,0,"ok"
"S0_parallel_trends",297,20470297,1,"scenario_matched_gap_adjusted_did","none",2,0.0350849980217152,0,-0.0350849980217152,2.03508499802171,2.03508499802171,0.0350849980217149,0.0350849980217149,0.00123095708618374,NA,NA,0,"ok"
"S0_parallel_trends",298,20470298,1,"scenario_matched_gap_adjusted_did","none",2,-0.0823164823220726,0,0.0823164823220726,1.91768351767793,1.91768351767793,-0.0823164823220728,0.0823164823220728,0.00677600326188012,NA,NA,0,"ok"
"S0_parallel_trends",299,20470299,1,"scenario_matched_gap_adjusted_did","none",2,-0.00109709449938969,0,0.00109709449938969,1.99890290550061,1.99890290550061,-0.00109709449938977,0.00109709449938977,1.2036163405913e-06,NA,NA,0,"ok"
"S0_parallel_trends",300,20470300,1,"scenario_matched_gap_adjusted_did","none",2,-0.0671667958467705,0,0.0671667958467705,1.93283320415323,1.93283320415323,-0.0671667958467705,0.0671667958467705,0.00451137846432175,NA,NA,0,"ok"
"S0_parallel_trends",301,20470301,1,"scenario_matched_gap_adjusted_did","none",2,-0.0918943751832678,0,0.0918943751832678,1.90810562481673,1.90810562481673,-0.0918943751832677,0.0918943751832677,0.00844457619032317,NA,NA,0,"ok"
"S0_parallel_trends",302,20470302,1,"scenario_matched_gap_adjusted_did","none",2,0.029681327863316,0,-0.029681327863316,2.02968132786332,2.02968132786332,0.0296813278633161,0.0296813278633161,0.000880981223729666,NA,NA,0,"ok"
"S0_parallel_trends",303,20470303,1,"scenario_matched_gap_adjusted_did","none",2,-0.0756615624460663,0,0.0756615624460663,1.92433843755393,1.92433843755393,-0.0756615624460664,0.0756615624460664,0.00572467203178,NA,NA,0,"ok"
"S0_parallel_trends",304,20470304,1,"scenario_matched_gap_adjusted_did","none",2,0.0104021417154578,0,-0.0104021417154578,2.01040214171546,2.01040214171546,0.0104021417154576,0.0104021417154576,0.000108204552268463,NA,NA,0,"ok"
"S0_parallel_trends",305,20470305,1,"scenario_matched_gap_adjusted_did","none",2,-0.0414013687053498,0,0.0414013687053498,1.95859863129465,1.95859863129465,-0.0414013687053498,0.0414013687053498,0.00171407333067632,NA,NA,0,"ok"
"S0_parallel_trends",306,20470306,1,"scenario_matched_gap_adjusted_did","none",2,0.0677060174013626,0,-0.0677060174013626,2.06770601740136,2.06770601740136,0.0677060174013628,0.0677060174013628,0.00458410479235365,NA,NA,0,"ok"
"S0_parallel_trends",307,20470307,1,"scenario_matched_gap_adjusted_did","none",2,-0.015760854080991,0,0.015760854080991,1.98423914591901,1.98423914591901,-0.015760854080991,0.015760854080991,0.000248404521362292,NA,NA,0,"ok"
"S0_parallel_trends",308,20470308,1,"scenario_matched_gap_adjusted_did","none",2,-0.0797566323710847,0,0.0797566323710847,1.92024336762892,1.92024336762892,-0.0797566323710845,0.0797566323710845,0.00636112040717633,NA,NA,0,"ok"
"S0_parallel_trends",309,20470309,1,"scenario_matched_gap_adjusted_did","none",2,0.00539379036702986,0,-0.00539379036702986,2.00539379036703,2.00539379036703,0.0053937903670298,0.0053937903670298,2.90929745234635e-05,NA,NA,0,"ok"
"S0_parallel_trends",310,20470310,1,"scenario_matched_gap_adjusted_did","none",2,0.0945250229023012,0,-0.0945250229023012,2.0945250229023,2.0945250229023,0.0945250229023009,0.0945250229023009,0.00893497995468051,NA,NA,0,"ok"
"S0_parallel_trends",311,20470311,1,"scenario_matched_gap_adjusted_did","none",2,-0.0395060573598696,0,0.0395060573598696,1.96049394264013,1.96049394264013,-0.0395060573598696,0.0395060573598696,0.0015607285681213,NA,NA,0,"ok"
"S0_parallel_trends",312,20470312,1,"scenario_matched_gap_adjusted_did","none",2,-0.0783167204303248,0,0.0783167204303248,1.92168327956968,1.92168327956968,-0.0783167204303248,0.0783167204303248,0.00613350869896165,NA,NA,0,"ok"
"S0_parallel_trends",313,20470313,1,"scenario_matched_gap_adjusted_did","none",2,-0.0825574556331191,0,0.0825574556331191,1.91744254436688,1.91744254436688,-0.082557455633119,0.082557455633119,0.00681573348061441,NA,NA,0,"ok"
"S0_parallel_trends",314,20470314,1,"scenario_matched_gap_adjusted_did","none",2,0.075738515667181,0,-0.075738515667181,2.07573851566718,2.07573851566718,0.0757385156671808,0.0757385156671808,0.00573632275546779,NA,NA,0,"ok"
"S0_parallel_trends",315,20470315,1,"scenario_matched_gap_adjusted_did","none",2,-0.119613976334095,0,0.119613976334095,1.88038602366591,1.88038602366591,-0.119613976334095,0.119613976334095,0.0143075033344534,NA,NA,0,"ok"
"S0_parallel_trends",316,20470316,1,"scenario_matched_gap_adjusted_did","none",2,0.0220482502587522,0,-0.0220482502587522,2.02204825025875,2.02204825025875,0.0220482502587522,0.0220482502587522,0.000486125339472568,NA,NA,0,"ok"
"S0_parallel_trends",317,20470317,1,"scenario_matched_gap_adjusted_did","none",2,-0.140768191738542,0,0.140768191738542,1.85923180826146,1.85923180826146,-0.140768191738541,0.140768191738541,0.0198156838053387,NA,NA,0,"ok"
"S0_parallel_trends",318,20470318,1,"scenario_matched_gap_adjusted_did","none",2,0.121101730308359,0,-0.121101730308359,2.12110173030836,2.12110173030836,0.121101730308359,0.121101730308359,0.0146656290836785,NA,NA,0,"ok"
"S0_parallel_trends",319,20470319,1,"scenario_matched_gap_adjusted_did","none",2,0.03481705201229,0,-0.03481705201229,2.03481705201229,2.03481705201229,0.0348170520122899,0.0348170520122899,0.0012122271108265,NA,NA,0,"ok"
"S0_parallel_trends",320,20470320,1,"scenario_matched_gap_adjusted_did","none",2,-0.098510792471489,0,0.098510792471489,1.90148920752851,1.90148920752851,-0.098510792471489,0.098510792471489,0.00970437623336077,NA,NA,0,"ok"
"S0_parallel_trends",321,20470321,1,"scenario_matched_gap_adjusted_did","none",2,-0.0197589898858071,0,0.0197589898858071,1.98024101011419,1.98024101011419,-0.019758989885807,0.019758989885807,0.000390417681307425,NA,NA,0,"ok"
"S0_parallel_trends",322,20470322,1,"scenario_matched_gap_adjusted_did","none",2,0.00357802907688286,0,-0.00357802907688286,2.00357802907688,2.00357802907688,0.00357802907688276,0.00357802907688276,1.28022920750185e-05,NA,NA,0,"ok"
"S0_parallel_trends",323,20470323,1,"scenario_matched_gap_adjusted_did","none",2,0.0312378265636889,0,-0.0312378265636889,2.03123782656369,2.03123782656369,0.031237826563689,0.031237826563689,0.000975801808423115,NA,NA,0,"ok"
"S0_parallel_trends",324,20470324,1,"scenario_matched_gap_adjusted_did","none",2,-0.0606330280572302,0,0.0606330280572302,1.93936697194277,1.93936697194277,-0.0606330280572303,0.0606330280572303,0.00367636409138887,NA,NA,0,"ok"
"S0_parallel_trends",325,20470325,1,"scenario_matched_gap_adjusted_did","none",2,-0.0908239979352461,0,0.0908239979352461,1.90917600206475,1.90917600206475,-0.0908239979352461,0.0908239979352461,0.00824899860094159,NA,NA,0,"ok"
"S0_parallel_trends",326,20470326,1,"scenario_matched_gap_adjusted_did","none",2,-0.0218167863690301,0,0.0218167863690301,1.97818321363097,1.97818321363097,-0.0218167863690302,0.0218167863690302,0.000475972167471901,NA,NA,0,"ok"
"S0_parallel_trends",327,20470327,1,"scenario_matched_gap_adjusted_did","none",2,-0.088592777026874,0,0.088592777026874,1.91140722297313,1.91140722297313,-0.0885927770268742,0.0885927770268742,0.00784868014133345,NA,NA,0,"ok"
"S0_parallel_trends",328,20470328,1,"scenario_matched_gap_adjusted_did","none",2,-0.0830087035602864,0,0.0830087035602864,1.91699129643971,1.91699129643971,-0.0830087035602862,0.0830087035602862,0.00689044486675947,NA,NA,0,"ok"
"S0_parallel_trends",329,20470329,1,"scenario_matched_gap_adjusted_did","none",2,-0.0574270137132615,0,0.0574270137132615,1.94257298628674,1.94257298628674,-0.0574270137132618,0.0574270137132618,0.00329786190402315,NA,NA,0,"ok"
"S0_parallel_trends",330,20470330,1,"scenario_matched_gap_adjusted_did","none",2,0.117797982478236,0,-0.117797982478236,2.11779798247824,2.11779798247824,0.117797982478236,0.117797982478236,0.0138763646759427,NA,NA,0,"ok"
"S0_parallel_trends",331,20470331,1,"scenario_matched_gap_adjusted_did","none",2,-0.024650981730354,0,0.024650981730354,1.97534901826965,1.97534901826965,-0.0246509817303537,0.0246509817303537,0.000607670900270234,NA,NA,0,"ok"
"S0_parallel_trends",332,20470332,1,"scenario_matched_gap_adjusted_did","none",2,-0.0551111697882215,0,0.0551111697882215,1.94488883021178,1.94488883021178,-0.0551111697882214,0.0551111697882214,0.00303724103542617,NA,NA,0,"ok"
"S0_parallel_trends",333,20470333,1,"scenario_matched_gap_adjusted_did","none",2,0.0582392824564956,0,-0.0582392824564956,2.0582392824565,2.0582392824565,0.0582392824564955,0.0582392824564955,0.00339181402104746,NA,NA,0,"ok"
"S0_parallel_trends",334,20470334,1,"scenario_matched_gap_adjusted_did","none",2,-0.0465420713145049,0,0.0465420713145049,1.9534579286855,1.9534579286855,-0.0465420713145048,0.0465420713145048,0.00216616440224445,NA,NA,0,"ok"
"S0_parallel_trends",335,20470335,1,"scenario_matched_gap_adjusted_did","none",2,-0.0514359125254463,0,0.0514359125254463,1.94856408747455,1.94856408747455,-0.051435912525446,0.051435912525446,0.00264565309732533,NA,NA,0,"ok"
"S0_parallel_trends",336,20470336,1,"scenario_matched_gap_adjusted_did","none",2,0.119151803127166,0,-0.119151803127166,2.11915180312717,2.11915180312717,0.119151803127166,0.119151803127166,0.014197152188455,NA,NA,0,"ok"
"S0_parallel_trends",337,20470337,1,"scenario_matched_gap_adjusted_did","none",2,-0.0219875500547184,0,0.0219875500547184,1.97801244994528,1.97801244994528,-0.0219875500547182,0.0219875500547182,0.000483452357408738,NA,NA,0,"ok"
"S0_parallel_trends",338,20470338,1,"scenario_matched_gap_adjusted_did","none",2,0.0163335111943478,0,-0.0163335111943478,2.01633351119435,2.01633351119435,0.0163335111943477,0.0163335111943477,0.000266783587935881,NA,NA,0,"ok"
"S0_parallel_trends",339,20470339,1,"scenario_matched_gap_adjusted_did","none",2,0.0817533977899524,0,-0.0817533977899524,2.08175339778995,2.08175339778995,0.0817533977899525,0.0817533977899525,0.00668361805020221,NA,NA,0,"ok"
"S0_parallel_trends",340,20470340,1,"scenario_matched_gap_adjusted_did","none",2,0.0495246715752611,0,-0.0495246715752611,2.04952467157526,2.04952467157526,0.0495246715752611,0.0495246715752611,0.00245269309463747,NA,NA,0,"ok"
"S0_parallel_trends",341,20470341,1,"scenario_matched_gap_adjusted_did","none",2,0.0200157920969679,0,-0.0200157920969679,2.02001579209697,2.02001579209697,0.0200157920969679,0.0200157920969679,0.000400631933269043,NA,NA,0,"ok"
"S0_parallel_trends",342,20470342,1,"scenario_matched_gap_adjusted_did","none",2,0.125630340857149,0,-0.125630340857149,2.12563034085715,2.12563034085715,0.125630340857149,0.125630340857149,0.0157829825438834,NA,NA,0,"ok"
"S0_parallel_trends",343,20470343,1,"scenario_matched_gap_adjusted_did","none",2,0.104518045404017,0,-0.104518045404017,2.10451804540402,2.10451804540402,0.104518045404018,0.104518045404018,0.0109240218150763,NA,NA,0,"ok"
"S0_parallel_trends",344,20470344,1,"scenario_matched_gap_adjusted_did","none",2,0.00749706777074129,0,-0.00749706777074129,2.00749706777074,2.00749706777074,0.00749706777074133,0.00749706777074133,5.62060251590883e-05,NA,NA,0,"ok"
"S0_parallel_trends",345,20470345,1,"scenario_matched_gap_adjusted_did","none",2,0.0875788066052945,0,-0.0875788066052945,2.08757880660529,2.08757880660529,0.0875788066052947,0.0875788066052947,0.00767004736640761,NA,NA,0,"ok"
"S0_parallel_trends",346,20470346,1,"scenario_matched_gap_adjusted_did","none",2,-0.0111729437842426,0,0.0111729437842426,1.98882705621576,1.98882705621576,-0.0111729437842429,0.0111729437842429,0.000124834672805853,NA,NA,0,"ok"
"S0_parallel_trends",347,20470347,1,"scenario_matched_gap_adjusted_did","none",2,0.0399346053360551,0,-0.0399346053360551,2.03993460533606,2.03993460533606,0.0399346053360552,0.0399346053360552,0.00159477270334649,NA,NA,0,"ok"
"S0_parallel_trends",348,20470348,1,"scenario_matched_gap_adjusted_did","none",2,0.0513670107650793,0,-0.0513670107650793,2.05136701076508,2.05136701076508,0.0513670107650794,0.0513670107650794,0.00263856979493979,NA,NA,0,"ok"
"S0_parallel_trends",349,20470349,1,"scenario_matched_gap_adjusted_did","none",2,0.0908639869539305,0,-0.0908639869539305,2.09086398695393,2.09086398695393,0.0908639869539307,0.0908639869539307,0.00825626412516409,NA,NA,0,"ok"
"S0_parallel_trends",350,20470350,1,"scenario_matched_gap_adjusted_did","none",2,0.0950040434791643,0,-0.0950040434791643,2.09500404347916,2.09500404347916,0.0950040434791641,0.0950040434791641,0.00902576827739091,NA,NA,0,"ok"
"S0_parallel_trends",351,20470351,1,"scenario_matched_gap_adjusted_did","none",2,4.41420230481906e-05,0,-4.41420230481906e-05,2.00004414202305,2.00004414202305,4.41420230483658e-05,4.41420230483658e-05,1.94851819880246e-09,NA,NA,0,"ok"
"S0_parallel_trends",352,20470352,1,"scenario_matched_gap_adjusted_did","none",2,-0.0312915459054837,0,0.0312915459054837,1.96870845409452,1.96870845409452,-0.0312915459054839,0.0312915459054839,0.000979160845155005,NA,NA,0,"ok"
"S0_parallel_trends",353,20470353,1,"scenario_matched_gap_adjusted_did","none",2,0.103554341841297,0,-0.103554341841297,2.1035543418413,2.1035543418413,0.103554341841297,0.103554341841297,0.0107235017141841,NA,NA,0,"ok"
"S0_parallel_trends",354,20470354,1,"scenario_matched_gap_adjusted_did","none",2,0.0685466096912098,0,-0.0685466096912098,2.06854660969121,2.06854660969121,0.06854660969121,0.06854660969121,0.00469863770015908,NA,NA,0,"ok"
"S0_parallel_trends",355,20470355,1,"scenario_matched_gap_adjusted_did","none",2,0.051654789855991,0,-0.051654789855991,2.05165478985599,2.05165478985599,0.0516547898559914,0.0516547898559914,0.00266821731506663,NA,NA,0,"ok"
"S0_parallel_trends",356,20470356,1,"scenario_matched_gap_adjusted_did","none",2,-0.0184418791898186,0,0.0184418791898186,1.98155812081018,1.98155812081018,-0.0184418791898187,0.0184418791898187,0.000340102908051866,NA,NA,0,"ok"
"S0_parallel_trends",357,20470357,1,"scenario_matched_gap_adjusted_did","none",2,-0.0312274439031471,0,0.0312274439031471,1.96877255609685,1.96877255609685,-0.031227443903147,0.031227443903147,0.000975153252724194,NA,NA,0,"ok"
"S0_parallel_trends",358,20470358,1,"scenario_matched_gap_adjusted_did","none",2,-0.00320735957704238,0,0.00320735957704238,1.99679264042296,1.99679264042296,-0.0032073595770421,0.0032073595770421,1.02871554564437e-05,NA,NA,0,"ok"
"S0_parallel_trends",359,20470359,1,"scenario_matched_gap_adjusted_did","none",2,-0.0136273691918267,0,0.0136273691918267,1.98637263080817,1.98637263080817,-0.0136273691918267,0.0136273691918267,0.000185705191090348,NA,NA,0,"ok"
"S0_parallel_trends",360,20470360,1,"scenario_matched_gap_adjusted_did","none",2,-0.142756731070729,0,0.142756731070729,1.85724326892927,1.85724326892927,-0.142756731070729,0.142756731070729,0.0203794842660006,NA,NA,0,"ok"
"S0_parallel_trends",361,20470361,1,"scenario_matched_gap_adjusted_did","none",2,0.0291851777828096,0,-0.0291851777828096,2.02918517778281,2.02918517778281,0.0291851777828098,0.0291851777828098,0.000851774602214216,NA,NA,0,"ok"
"S0_parallel_trends",362,20470362,1,"scenario_matched_gap_adjusted_did","none",2,0.0557913608497713,0,-0.0557913608497713,2.05579136084977,2.05579136084977,0.0557913608497715,0.0557913608497715,0.00311267594546942,NA,NA,0,"ok"
"S0_parallel_trends",363,20470363,1,"scenario_matched_gap_adjusted_did","none",2,-0.034411472104818,0,0.034411472104818,1.96558852789518,1.96558852789518,-0.0344114721048177,0.0344114721048177,0.00118414941242064,NA,NA,0,"ok"
"S0_parallel_trends",364,20470364,1,"scenario_matched_gap_adjusted_did","none",2,0.0320116944931672,0,-0.0320116944931672,2.03201169449317,2.03201169449317,0.0320116944931672,0.0320116944931672,0.00102474858432387,NA,NA,0,"ok"
"S0_parallel_trends",365,20470365,1,"scenario_matched_gap_adjusted_did","none",2,-0.0126479266319835,0,0.0126479266319835,1.98735207336802,1.98735207336802,-0.0126479266319834,0.0126479266319834,0.000159970048088036,NA,NA,0,"ok"
"S0_parallel_trends",366,20470366,1,"scenario_matched_gap_adjusted_did","none",2,-0.140354423113173,0,0.140354423113173,1.85964557688683,1.85964557688683,-0.140354423113173,0.140354423113173,0.0196993640874317,NA,NA,0,"ok"
"S0_parallel_trends",367,20470367,1,"scenario_matched_gap_adjusted_did","none",2,0.000962444370707138,0,-0.000962444370707138,2.00096244437071,2.00096244437071,0.000962444370707249,0.000962444370707249,9.26299166706073e-07,NA,NA,0,"ok"
"S0_parallel_trends",368,20470368,1,"scenario_matched_gap_adjusted_did","none",2,0.00253627698961953,0,-0.00253627698961953,2.00253627698962,2.00253627698962,0.00253627698961978,0.00253627698961978,6.43270096807477e-06,NA,NA,0,"ok"
"S0_parallel_trends",369,20470369,1,"scenario_matched_gap_adjusted_did","none",2,-0.0428558564385771,0,0.0428558564385771,1.95714414356142,1.95714414356142,-0.0428558564385773,0.0428558564385773,0.00183662443108394,NA,NA,0,"ok"
"S0_parallel_trends",370,20470370,1,"scenario_matched_gap_adjusted_did","none",2,0.0451007972272819,0,-0.0451007972272819,2.04510079722728,2.04510079722728,0.0451007972272821,0.0451007972272821,0.00203408191053642,NA,NA,0,"ok"
"S0_parallel_trends",371,20470371,1,"scenario_matched_gap_adjusted_did","none",2,0.0609760104869838,0,-0.0609760104869838,2.06097601048698,2.06097601048698,0.0609760104869839,0.0609760104869839,0.00371807385490877,NA,NA,0,"ok"
"S0_parallel_trends",372,20470372,1,"scenario_matched_gap_adjusted_did","none",2,0.0284069948928182,0,-0.0284069948928182,2.02840699489282,2.02840699489282,0.0284069948928183,0.0284069948928183,0.000806957358840604,NA,NA,0,"ok"
"S0_parallel_trends",373,20470373,1,"scenario_matched_gap_adjusted_did","none",2,-0.0660039968009658,0,0.0660039968009658,1.93399600319903,1.93399600319903,-0.0660039968009658,0.0660039968009658,0.0043565275937019,NA,NA,0,"ok"
"S0_parallel_trends",374,20470374,1,"scenario_matched_gap_adjusted_did","none",2,-0.0168442986962342,0,0.0168442986962342,1.98315570130377,1.98315570130377,-0.0168442986962343,0.0168442986962343,0.00028373039856796,NA,NA,0,"ok"
"S0_parallel_trends",375,20470375,1,"scenario_matched_gap_adjusted_did","none",2,-0.0659198960640135,0,0.0659198960640135,1.93408010393599,1.93408010393599,-0.0659198960640135,0.0659198960640135,0.00434543269709034,NA,NA,0,"ok"
"S0_parallel_trends",376,20470376,1,"scenario_matched_gap_adjusted_did","none",2,0.0605396512365341,0,-0.0605396512365341,2.06053965123653,2.06053965123653,0.0605396512365344,0.0605396512365344,0.00366504937184122,NA,NA,0,"ok"
"S0_parallel_trends",377,20470377,1,"scenario_matched_gap_adjusted_did","none",2,0.0341855085404939,0,-0.0341855085404939,2.03418550854049,2.03418550854049,0.0341855085404941,0.0341855085404941,0.00116864899417219,NA,NA,0,"ok"
"S0_parallel_trends",378,20470378,1,"scenario_matched_gap_adjusted_did","none",2,0.0362863113829506,0,-0.0362863113829506,2.03628631138295,2.03628631138295,0.0362863113829506,0.0362863113829506,0.00131669639378045,NA,NA,0,"ok"
"S0_parallel_trends",379,20470379,1,"scenario_matched_gap_adjusted_did","none",2,-0.0206333796363023,0,0.0206333796363023,1.9793666203637,1.9793666203637,-0.0206333796363023,0.0206333796363023,0.000425736355215774,NA,NA,0,"ok"
"S0_parallel_trends",380,20470380,1,"scenario_matched_gap_adjusted_did","none",2,-0.10396814466518,0,0.10396814466518,1.89603185533482,1.89603185533482,-0.10396814466518,0.10396814466518,0.0108093751051198,NA,NA,0,"ok"
"S0_parallel_trends",381,20470381,1,"scenario_matched_gap_adjusted_did","none",2,-0.155134674062519,0,0.155134674062519,1.84486532593748,1.84486532593748,-0.155134674062519,0.155134674062519,0.024066767096484,NA,NA,0,"ok"
"S0_parallel_trends",382,20470382,1,"scenario_matched_gap_adjusted_did","none",2,-0.0695490425669172,0,0.0695490425669172,1.93045095743308,1.93045095743308,-0.0695490425669174,0.0695490425669174,0.00483706932197489,NA,NA,0,"ok"
"S0_parallel_trends",383,20470383,1,"scenario_matched_gap_adjusted_did","none",2,0.0333769902501569,0,-0.0333769902501569,2.03337699025016,2.03337699025016,0.0333769902501571,0.0333769902501571,0.00111402347815908,NA,NA,0,"ok"
"S0_parallel_trends",384,20470384,1,"scenario_matched_gap_adjusted_did","none",2,0.0670772970450277,0,-0.0670772970450277,2.06707729704503,2.06707729704503,0.0670772970450275,0.0670772970450275,0.00449936377886686,NA,NA,0,"ok"
"S0_parallel_trends",385,20470385,1,"scenario_matched_gap_adjusted_did","none",2,0.00298618782366877,0,-0.00298618782366877,2.00298618782367,2.00298618782367,0.002986187823669,0.002986187823669,8.91731771822897e-06,NA,NA,0,"ok"
"S0_parallel_trends",386,20470386,1,"scenario_matched_gap_adjusted_did","none",2,0.0259853272433923,0,-0.0259853272433923,2.02598532724339,2.02598532724339,0.0259853272433923,0.0259853272433923,0.000675237231946187,NA,NA,0,"ok"
"S0_parallel_trends",387,20470387,1,"scenario_matched_gap_adjusted_did","none",2,-0.0275142243575921,0,0.0275142243575921,1.97248577564241,1.97248577564241,-0.0275142243575921,0.0275142243575921,0.000757032541999914,NA,NA,0,"ok"
"S0_parallel_trends",388,20470388,1,"scenario_matched_gap_adjusted_did","none",2,0.021771688758942,0,-0.021771688758942,2.02177168875894,2.02177168875894,0.0217716887589416,0.0217716887589416,0.000474006431416226,NA,NA,0,"ok"
"S0_parallel_trends",389,20470389,1,"scenario_matched_gap_adjusted_did","none",2,-0.16214905749472,0,0.16214905749472,1.83785094250528,1.83785094250528,-0.16214905749472,0.16214905749472,0.026292316846426,NA,NA,0,"ok"
"S0_parallel_trends",390,20470390,1,"scenario_matched_gap_adjusted_did","none",2,-0.0263901469351544,0,0.0263901469351544,1.97360985306485,1.97360985306485,-0.0263901469351544,0.0263901469351544,0.000696439855259039,NA,NA,0,"ok"
"S0_parallel_trends",391,20470391,1,"scenario_matched_gap_adjusted_did","none",2,0.0103742180925914,0,-0.0103742180925914,2.01037421809259,2.01037421809259,0.0103742180925912,0.0103742180925912,0.000107624401032647,NA,NA,0,"ok"
"S0_parallel_trends",392,20470392,1,"scenario_matched_gap_adjusted_did","none",2,-0.0360477326321541,0,0.0360477326321541,1.96395226736785,1.96395226736785,-0.0360477326321542,0.0360477326321542,0.00129943902791928,NA,NA,0,"ok"
"S0_parallel_trends",393,20470393,1,"scenario_matched_gap_adjusted_did","none",2,0.0131334245684786,0,-0.0131334245684786,2.01313342456848,2.01313342456848,0.0131334245684784,0.0131334245684784,0.000172486840895913,NA,NA,0,"ok"
"S0_parallel_trends",394,20470394,1,"scenario_matched_gap_adjusted_did","none",2,-0.0177341827871282,0,0.0177341827871282,1.98226581721287,1.98226581721287,-0.0177341827871282,0.0177341827871282,0.000314501239127276,NA,NA,0,"ok"
"S0_parallel_trends",395,20470395,1,"scenario_matched_gap_adjusted_did","none",2,-0.000655536454612207,0,0.000655536454612207,1.99934446354539,1.99934446354539,-0.000655536454612138,0.000655536454612138,4.29728043325451e-07,NA,NA,0,"ok"
"S0_parallel_trends",396,20470396,1,"scenario_matched_gap_adjusted_did","none",2,0.0673509200034481,0,-0.0673509200034481,2.06735092000345,2.06735092000345,0.0673509200034483,0.0673509200034483,0.0045361464253109,NA,NA,0,"ok"
"S0_parallel_trends",397,20470397,1,"scenario_matched_gap_adjusted_did","none",2,-0.0690426865236481,0,0.0690426865236481,1.93095731347635,1.93095731347635,-0.0690426865236484,0.0690426865236484,0.00476689256240278,NA,NA,0,"ok"
"S0_parallel_trends",398,20470398,1,"scenario_matched_gap_adjusted_did","none",2,0.0892983625513189,0,-0.0892983625513189,2.08929836255132,2.08929836255132,0.0892983625513191,0.0892983625513191,0.00797419755434682,NA,NA,0,"ok"
"S0_parallel_trends",399,20470399,1,"scenario_matched_gap_adjusted_did","none",2,0.056063127517847,0,-0.056063127517847,2.05606312751785,2.05606312751785,0.0560631275178469,0.0560631275178469,0.00314307426708236,NA,NA,0,"ok"
"S0_parallel_trends",400,20470400,1,"scenario_matched_gap_adjusted_did","none",2,0.0587989369395533,0,-0.0587989369395533,2.05879893693955,2.05879893693955,0.058798936939553,0.058798936939553,0.00345731498522153,NA,NA,0,"ok"
"S0_parallel_trends",401,20470401,1,"scenario_matched_gap_adjusted_did","none",2,0.00799334782526236,0,-0.00799334782526236,2.00799334782526,2.00799334782526,0.00799334782526273,0.00799334782526273,6.38936094556324e-05,NA,NA,0,"ok"
"S0_parallel_trends",402,20470402,1,"scenario_matched_gap_adjusted_did","none",2,-0.132134370398939,0,0.132134370398939,1.86786562960106,1.86786562960106,-0.132134370398939,0.132134370398939,0.017459491840724,NA,NA,0,"ok"
"S0_parallel_trends",403,20470403,1,"scenario_matched_gap_adjusted_did","none",2,0.00305136527537192,0,-0.00305136527537192,2.00305136527537,2.00305136527537,0.00305136527537186,0.00305136527537186,9.31083004374521e-06,NA,NA,0,"ok"
"S0_parallel_trends",404,20470404,1,"scenario_matched_gap_adjusted_did","none",2,-0.0285127426743082,0,0.0285127426743082,1.97148725732569,1.97148725732569,-0.0285127426743081,0.0285127426743081,0.000812976494811313,NA,NA,0,"ok"
"S0_parallel_trends",405,20470405,1,"scenario_matched_gap_adjusted_did","none",2,-0.119944548071495,0,0.119944548071495,1.88005545192851,1.88005545192851,-0.119944548071495,0.119944548071495,0.0143866946120752,NA,NA,0,"ok"
"S0_parallel_trends",406,20470406,1,"scenario_matched_gap_adjusted_did","none",2,-0.0690386862710467,0,0.0690386862710467,1.93096131372895,1.93096131372895,-0.0690386862710468,0.0690386862710468,0.00476634020203203,NA,NA,0,"ok"
"S0_parallel_trends",407,20470407,1,"scenario_matched_gap_adjusted_did","none",2,-0.0792959723154821,0,0.0792959723154821,1.92070402768452,1.92070402768452,-0.079295972315482,0.079295972315482,0.00628785122545769,NA,NA,0,"ok"
"S0_parallel_trends",408,20470408,1,"scenario_matched_gap_adjusted_did","none",2,-0.0137162712278257,0,0.0137162712278257,1.98628372877217,1.98628372877217,-0.0137162712278258,0.0137162712278258,0.000188136096395282,NA,NA,0,"ok"
"S0_parallel_trends",409,20470409,1,"scenario_matched_gap_adjusted_did","none",2,-0.0422978292327254,0,0.0422978292327254,1.95770217076727,1.95770217076727,-0.0422978292327254,0.0422978292327254,0.0017891063578008,NA,NA,0,"ok"
"S0_parallel_trends",410,20470410,1,"scenario_matched_gap_adjusted_did","none",2,-0.0459716150852764,0,0.0459716150852764,1.95402838491472,1.95402838491472,-0.0459716150852765,0.0459716150852765,0.00211338939354882,NA,NA,0,"ok"
"S0_parallel_trends",411,20470411,1,"scenario_matched_gap_adjusted_did","none",2,0.00219221315497775,0,-0.00219221315497775,2.00219221315498,2.00219221315498,0.00219221315497764,0.00219221315497764,4.80579851685702e-06,NA,NA,0,"ok"
"S0_parallel_trends",412,20470412,1,"scenario_matched_gap_adjusted_did","none",2,0.03977533406995,0,-0.03977533406995,2.03977533406995,2.03977533406995,0.03977533406995,0.03977533406995,0.00158207720037613,NA,NA,0,"ok"
"S0_parallel_trends",413,20470413,1,"scenario_matched_gap_adjusted_did","none",2,0.0283113571647209,0,-0.0283113571647209,2.02831135716472,2.02831135716472,0.0283113571647204,0.0283113571647204,0.000801532944508367,NA,NA,0,"ok"
"S0_parallel_trends",414,20470414,1,"scenario_matched_gap_adjusted_did","none",2,0.142782347355473,0,-0.142782347355473,2.14278234735547,2.14278234735547,0.142782347355473,0.142782347355473,0.020386798716339,NA,NA,0,"ok"
"S0_parallel_trends",415,20470415,1,"scenario_matched_gap_adjusted_did","none",2,0.0219936439017784,0,-0.0219936439017784,2.02199364390178,2.02199364390178,0.0219936439017783,0.0219936439017783,0.000483720372078229,NA,NA,0,"ok"
"S0_parallel_trends",416,20470416,1,"scenario_matched_gap_adjusted_did","none",2,-0.0775672429943189,0,0.0775672429943189,1.92243275700568,1.92243275700568,-0.0775672429943188,0.0775672429943188,0.0060166771857397,NA,NA,0,"ok"
"S0_parallel_trends",417,20470417,1,"scenario_matched_gap_adjusted_did","none",2,-0.0660587489220906,0,0.0660587489220906,1.93394125107791,1.93394125107791,-0.0660587489220905,0.0660587489220905,0.0043637583091518,NA,NA,0,"ok"
"S0_parallel_trends",418,20470418,1,"scenario_matched_gap_adjusted_did","none",2,-0.0291322944632297,0,0.0291322944632297,1.97086770553677,1.97086770553677,-0.0291322944632295,0.0291322944632295,0.000848690580692313,NA,NA,0,"ok"
"S0_parallel_trends",419,20470419,1,"scenario_matched_gap_adjusted_did","none",2,0.0449354390656206,0,-0.0449354390656206,2.04493543906562,2.04493543906562,0.0449354390656205,0.0449354390656205,0.00201919368402009,NA,NA,0,"ok"
"S0_parallel_trends",420,20470420,1,"scenario_matched_gap_adjusted_did","none",2,-0.0284307884328817,0,0.0284307884328817,1.97156921156712,1.97156921156712,-0.0284307884328814,0.0284307884328814,0.000808309730915262,NA,NA,0,"ok"
"S0_parallel_trends",421,20470421,1,"scenario_matched_gap_adjusted_did","none",2,-0.0432970175517747,0,0.0432970175517747,1.95670298244823,1.95670298244823,-0.0432970175517744,0.0432970175517744,0.00187463172887866,NA,NA,0,"ok"
"S0_parallel_trends",422,20470422,1,"scenario_matched_gap_adjusted_did","none",2,-0.0818932867762383,0,0.0818932867762383,1.91810671322376,1.91810671322376,-0.0818932867762383,0.0818932867762383,0.00670651041901521,NA,NA,0,"ok"
"S0_parallel_trends",423,20470423,1,"scenario_matched_gap_adjusted_did","none",2,-0.0757616890917686,0,0.0757616890917686,1.92423831090823,1.92423831090823,-0.0757616890917683,0.0757616890917683,0.00573983353403776,NA,NA,0,"ok"
"S0_parallel_trends",424,20470424,1,"scenario_matched_gap_adjusted_did","none",2,-0.0629787202251895,0,0.0629787202251895,1.93702127977481,1.93702127977481,-0.0629787202251895,0.0629787202251895,0.00396631920120269,NA,NA,0,"ok"
"S0_parallel_trends",425,20470425,1,"scenario_matched_gap_adjusted_did","none",2,-0.112709002173332,0,0.112709002173332,1.88729099782667,1.88729099782667,-0.112709002173332,0.112709002173332,0.0127033191709081,NA,NA,0,"ok"
"S0_parallel_trends",426,20470426,1,"scenario_matched_gap_adjusted_did","none",2,-0.148302494633242,0,0.148302494633242,1.85169750536676,1.85169750536676,-0.148302494633242,0.148302494633242,0.0219936299144429,NA,NA,0,"ok"
"S0_parallel_trends",427,20470427,1,"scenario_matched_gap_adjusted_did","none",2,-0.096188516465559,0,0.096188516465559,1.90381148353444,1.90381148353444,-0.0961885164655589,0.0961885164655589,0.0092522306998451,NA,NA,0,"ok"
"S0_parallel_trends",428,20470428,1,"scenario_matched_gap_adjusted_did","none",2,-0.0277434283750149,0,0.0277434283750149,1.97225657162499,1.97225657162499,-0.0277434283750149,0.0277434283750149,0.00076969781799958,NA,NA,0,"ok"
"S0_parallel_trends",429,20470429,1,"scenario_matched_gap_adjusted_did","none",2,-0.0540597077738854,0,0.0540597077738854,1.94594029222611,1.94594029222611,-0.0540597077738854,0.0540597077738854,0.00292245200459788,NA,NA,0,"ok"
"S0_parallel_trends",430,20470430,1,"scenario_matched_gap_adjusted_did","none",2,0.0186384506822861,0,-0.0186384506822861,2.01863845068229,2.01863845068229,0.0186384506822859,0.0186384506822859,0.000347391843836003,NA,NA,0,"ok"
"S0_parallel_trends",431,20470431,1,"scenario_matched_gap_adjusted_did","none",2,-0.0159743736231809,0,0.0159743736231809,1.98402562637682,1.98402562637682,-0.015974373623181,0.015974373623181,0.000255180612652981,NA,NA,0,"ok"
"S0_parallel_trends",432,20470432,1,"scenario_matched_gap_adjusted_did","none",2,0.00425259442292669,0,-0.00425259442292669,2.00425259442293,2.00425259442293,0.00425259442292658,0.00425259442292658,1.80845593259063e-05,NA,NA,0,"ok"
"S0_parallel_trends",433,20470433,1,"scenario_matched_gap_adjusted_did","none",2,-0.0825727806825609,0,0.0825727806825609,1.91742721931744,1.91742721931744,-0.0825727806825609,0.0825727806825609,0.0068182641096503,NA,NA,0,"ok"
"S0_parallel_trends",434,20470434,1,"scenario_matched_gap_adjusted_did","none",2,0.0421323835837975,0,-0.0421323835837975,2.0421323835838,2.0421323835838,0.0421323835837977,0.0421323835837977,0.00177513774645226,NA,NA,0,"ok"
"S0_parallel_trends",435,20470435,1,"scenario_matched_gap_adjusted_did","none",2,-0.0552803200510352,0,0.0552803200510352,1.94471967994896,1.94471967994896,-0.0552803200510352,0.0552803200510352,0.00305591378494489,NA,NA,0,"ok"
"S0_parallel_trends",436,20470436,1,"scenario_matched_gap_adjusted_did","none",2,-0.0188367880065626,0,0.0188367880065626,1.98116321199344,1.98116321199344,-0.0188367880065627,0.0188367880065627,0.000354824582404186,NA,NA,0,"ok"
"S0_parallel_trends",437,20470437,1,"scenario_matched_gap_adjusted_did","none",2,-0.0514254997399332,0,0.0514254997399332,1.94857450026007,1.94857450026007,-0.0514254997399333,0.0514254997399333,0.00264458202350188,NA,NA,0,"ok"
"S0_parallel_trends",438,20470438,1,"scenario_matched_gap_adjusted_did","none",2,-0.0785534554351611,0,0.0785534554351611,1.92144654456484,1.92144654456484,-0.078553455435161,0.078553455435161,0.00617064536080383,NA,NA,0,"ok"
"S0_parallel_trends",439,20470439,1,"scenario_matched_gap_adjusted_did","none",2,-0.103288257165822,0,0.103288257165822,1.89671174283418,1.89671174283418,-0.103288257165822,0.103288257165822,0.0106684640683529,NA,NA,0,"ok"
"S0_parallel_trends",440,20470440,1,"scenario_matched_gap_adjusted_did","none",2,0.0639190187005149,0,-0.0639190187005149,2.06391901870051,2.06391901870051,0.0639190187005148,0.0639190187005148,0.00408564095163675,NA,NA,0,"ok"
"S0_parallel_trends",441,20470441,1,"scenario_matched_gap_adjusted_did","none",2,0.0344464613885326,0,-0.0344464613885326,2.03444646138853,2.03444646138853,0.0344464613885327,0.0344464613885327,0.00118655870219167,NA,NA,0,"ok"
"S0_parallel_trends",442,20470442,1,"scenario_matched_gap_adjusted_did","none",2,0.00152774586442718,0,-0.00152774586442718,2.00152774586443,2.00152774586443,0.00152774586442739,0.00152774586442739,2.33400742627499e-06,NA,NA,0,"ok"
"S0_parallel_trends",443,20470443,1,"scenario_matched_gap_adjusted_did","none",2,0.0386140058074,0,-0.0386140058074,2.0386140058074,2.0386140058074,0.0386140058073998,0.0386140058073998,0.00149104144449391,NA,NA,0,"ok"
"S0_parallel_trends",444,20470444,1,"scenario_matched_gap_adjusted_did","none",2,-0.00891938661102488,0,0.00891938661102488,1.99108061338898,1.99108061338898,-0.00891938661102465,0.00891938661102465,7.95554575169258e-05,NA,NA,0,"ok"
"S0_parallel_trends",445,20470445,1,"scenario_matched_gap_adjusted_did","none",2,0.0810382939154441,0,-0.0810382939154441,2.08103829391544,2.08103829391544,0.0810382939154439,0.0810382939154439,0.00656720508072588,NA,NA,0,"ok"
"S0_parallel_trends",446,20470446,1,"scenario_matched_gap_adjusted_did","none",2,0.0851169643707445,0,-0.0851169643707445,2.08511696437074,2.08511696437074,0.0851169643707443,0.0851169643707443,0.00724489762369056,NA,NA,0,"ok"
"S0_parallel_trends",447,20470447,1,"scenario_matched_gap_adjusted_did","none",2,-0.105121957470605,0,0.105121957470605,1.89487804252939,1.89487804252939,-0.105121957470605,0.105121957470605,0.0110506259424517,NA,NA,0,"ok"
"S0_parallel_trends",448,20470448,1,"scenario_matched_gap_adjusted_did","none",2,-0.0199705786783238,0,0.0199705786783238,1.98002942132168,1.98002942132168,-0.0199705786783237,0.0199705786783237,0.000398824012747119,NA,NA,0,"ok"
"S0_parallel_trends",449,20470449,1,"scenario_matched_gap_adjusted_did","none",2,-0.0482547255217336,0,0.0482547255217336,1.95174527447827,1.95174527447827,-0.0482547255217338,0.0482547255217338,0.00232851853517787,NA,NA,0,"ok"
"S0_parallel_trends",450,20470450,1,"scenario_matched_gap_adjusted_did","none",2,0.0268487200436446,0,-0.0268487200436446,2.02684872004364,2.02684872004364,0.0268487200436445,0.0268487200436445,0.000720853767981996,NA,NA,0,"ok"
"S0_parallel_trends",451,20470451,1,"scenario_matched_gap_adjusted_did","none",2,0.0626672338092642,0,-0.0626672338092642,2.06266723380926,2.06266723380926,0.0626672338092642,0.0626672338092642,0.00392718219330499,NA,NA,0,"ok"
"S0_parallel_trends",452,20470452,1,"scenario_matched_gap_adjusted_did","none",2,0.00833161815914885,0,-0.00833161815914885,2.00833161815915,2.00833161815915,0.00833161815914885,0.00833161815914885,6.94158611498588e-05,NA,NA,0,"ok"
"S0_parallel_trends",453,20470453,1,"scenario_matched_gap_adjusted_did","none",2,-0.0547837199646699,0,0.0547837199646699,1.94521628003533,1.94521628003533,-0.0547837199646697,0.0547837199646697,0.00300125597316735,NA,NA,0,"ok"
"S0_parallel_trends",454,20470454,1,"scenario_matched_gap_adjusted_did","none",2,-0.0334857964560585,0,0.0334857964560585,1.96651420354394,1.96651420354394,-0.0334857964560582,0.0334857964560582,0.00112129856429656,NA,NA,0,"ok"
"S0_parallel_trends",455,20470455,1,"scenario_matched_gap_adjusted_did","none",2,-0.0143499374249067,0,0.0143499374249067,1.98565006257509,1.98565006257509,-0.0143499374249068,0.0143499374249068,0.00020592070409874,NA,NA,0,"ok"
"S0_parallel_trends",456,20470456,1,"scenario_matched_gap_adjusted_did","none",2,-0.0553187588043152,0,0.0553187588043152,1.94468124119568,1.94468124119568,-0.0553187588043151,0.0553187588043151,0.00306016507564999,NA,NA,0,"ok"
"S0_parallel_trends",457,20470457,1,"scenario_matched_gap_adjusted_did","none",2,-0.028715941563847,0,0.028715941563847,1.97128405843615,1.97128405843615,-0.0287159415638469,0.0287159415638469,0.000824605299898272,NA,NA,0,"ok"
"S0_parallel_trends",458,20470458,1,"scenario_matched_gap_adjusted_did","none",2,-0.051508233131436,0,0.051508233131436,1.94849176686856,1.94849176686856,-0.0515082331314363,0.0515082331314363,0.00265309808032239,NA,NA,0,"ok"
"S0_parallel_trends",459,20470459,1,"scenario_matched_gap_adjusted_did","none",2,-0.0438425096313821,0,0.0438425096313821,1.95615749036862,1.95615749036862,-0.0438425096313824,0.0438425096313824,0.00192216565077786,NA,NA,0,"ok"
"S0_parallel_trends",460,20470460,1,"scenario_matched_gap_adjusted_did","none",2,-0.0655218993277401,0,0.0655218993277401,1.93447810067226,1.93447810067226,-0.0655218993277402,0.0655218993277402,0.00429311929151452,NA,NA,0,"ok"
"S0_parallel_trends",461,20470461,1,"scenario_matched_gap_adjusted_did","none",2,-0.0374500411377946,0,0.0374500411377946,1.96254995886221,1.96254995886221,-0.0374500411377945,0.0374500411377945,0.0014025055812225,NA,NA,0,"ok"
"S0_parallel_trends",462,20470462,1,"scenario_matched_gap_adjusted_did","none",2,0.0223876445227995,0,-0.0223876445227995,2.0223876445228,2.0223876445228,0.0223876445227997,0.0223876445227997,0.000501206627279245,NA,NA,0,"ok"
"S0_parallel_trends",463,20470463,1,"scenario_matched_gap_adjusted_did","none",2,-0.0472788270772653,0,0.0472788270772653,1.95272117292273,1.95272117292273,-0.0472788270772653,0.0472788270772653,0.00223528748980195,NA,NA,0,"ok"
"S0_parallel_trends",464,20470464,1,"scenario_matched_gap_adjusted_did","none",2,-0.142219258436786,0,0.142219258436786,1.85778074156321,1.85778074156321,-0.142219258436786,0.142219258436786,0.0202263174703092,NA,NA,0,"ok"
"S0_parallel_trends",465,20470465,1,"scenario_matched_gap_adjusted_did","none",2,0.0370160982701932,0,-0.0370160982701932,2.03701609827019,2.03701609827019,0.0370160982701928,0.0370160982701928,0.00137019153114857,NA,NA,0,"ok"
"S0_parallel_trends",466,20470466,1,"scenario_matched_gap_adjusted_did","none",2,-0.0138899605730805,0,0.0138899605730805,1.98611003942692,1.98611003942692,-0.0138899605730805,0.0138899605730805,0.000192931004721729,NA,NA,0,"ok"
"S0_parallel_trends",467,20470467,1,"scenario_matched_gap_adjusted_did","none",2,0.0192081420518771,0,-0.0192081420518771,2.01920814205188,2.01920814205188,0.0192081420518773,0.0192081420518773,0.000368952721085096,NA,NA,0,"ok"
"S0_parallel_trends",468,20470468,1,"scenario_matched_gap_adjusted_did","none",2,-0.0208279936157574,0,0.0208279936157574,1.97917200638424,1.97917200638424,-0.0208279936157576,0.0208279936157576,0.000433805318058039,NA,NA,0,"ok"
"S0_parallel_trends",469,20470469,1,"scenario_matched_gap_adjusted_did","none",2,0.0918545427600446,0,-0.0918545427600446,2.09185454276004,2.09185454276004,0.0918545427600446,0.0918545427600446,0.00843725702565686,NA,NA,0,"ok"
"S0_parallel_trends",470,20470470,1,"scenario_matched_gap_adjusted_did","none",2,-0.124223179365095,0,0.124223179365095,1.87577682063491,1.87577682063491,-0.124223179365095,0.124223179365095,0.0154313982915724,NA,NA,0,"ok"
"S0_parallel_trends",471,20470471,1,"scenario_matched_gap_adjusted_did","none",2,-0.0717024176000787,0,0.0717024176000787,1.92829758239992,1.92829758239992,-0.0717024176000787,0.0717024176000787,0.00514123668969607,NA,NA,0,"ok"
"S0_parallel_trends",472,20470472,1,"scenario_matched_gap_adjusted_did","none",2,0.0492216630262379,0,-0.0492216630262379,2.04922166302624,2.04922166302624,0.0492216630262381,0.0492216630262381,0.00242277211106853,NA,NA,0,"ok"
"S0_parallel_trends",473,20470473,1,"scenario_matched_gap_adjusted_did","none",2,0.0495441135517499,0,-0.0495441135517499,2.04954411355175,2.04954411355175,0.0495441135517498,0.0495441135517498,0.00245461918762868,NA,NA,0,"ok"
"S0_parallel_trends",474,20470474,1,"scenario_matched_gap_adjusted_did","none",2,0.0415672443213332,0,-0.0415672443213332,2.04156724432133,2.04156724432133,0.0415672443213335,0.0415672443213335,0.00172783580046943,NA,NA,0,"ok"
"S0_parallel_trends",475,20470475,1,"scenario_matched_gap_adjusted_did","none",2,-0.0769481386464346,0,0.0769481386464346,1.92305186135357,1.92305186135357,-0.0769481386464346,0.0769481386464346,0.00592101604115092,NA,NA,0,"ok"
"S0_parallel_trends",476,20470476,1,"scenario_matched_gap_adjusted_did","none",2,-0.0128580591944409,0,0.0128580591944409,1.98714194080556,1.98714194080556,-0.0128580591944407,0.0128580591944407,0.000165329686247741,NA,NA,0,"ok"
"S0_parallel_trends",477,20470477,1,"scenario_matched_gap_adjusted_did","none",2,-0.00488404334653382,0,0.00488404334653382,1.99511595665347,1.99511595665347,-0.00488404334653381,0.00488404334653381,2.38538794108211e-05,NA,NA,0,"ok"
"S0_parallel_trends",478,20470478,1,"scenario_matched_gap_adjusted_did","none",2,0.0792607237277749,0,-0.0792607237277749,2.07926072372777,2.07926072372777,0.0792607237277747,0.0792607237277747,0.00628226232585063,NA,NA,0,"ok"
"S0_parallel_trends",479,20470479,1,"scenario_matched_gap_adjusted_did","none",2,0.00248420800425463,0,-0.00248420800425463,2.00248420800425,2.00248420800425,0.00248420800425464,0.00248420800425464,6.17128940840282e-06,NA,NA,0,"ok"
"S0_parallel_trends",480,20470480,1,"scenario_matched_gap_adjusted_did","none",2,-0.128641302520119,0,0.128641302520119,1.87135869747988,1.87135869747988,-0.128641302520119,0.128641302520119,0.0165485847140727,NA,NA,0,"ok"
"S0_parallel_trends",481,20470481,1,"scenario_matched_gap_adjusted_did","none",2,0.0176677187649938,0,-0.0176677187649938,2.01766771876499,2.01766771876499,0.0176677187649936,0.0176677187649936,0.000312148286358908,NA,NA,0,"ok"
"S0_parallel_trends",482,20470482,1,"scenario_matched_gap_adjusted_did","none",2,0.00585313317505692,0,-0.00585313317505692,2.00585313317506,2.00585313317506,0.00585313317505687,0.00585313317505687,3.42591679649513e-05,NA,NA,0,"ok"
"S0_parallel_trends",483,20470483,1,"scenario_matched_gap_adjusted_did","none",2,0.0828778358612155,0,-0.0828778358612155,2.08287783586122,2.08287783586122,0.0828778358612157,0.0828778358612157,0.00686873567703861,NA,NA,0,"ok"
"S0_parallel_trends",484,20470484,1,"scenario_matched_gap_adjusted_did","none",2,-0.110004465530859,0,0.110004465530859,1.88999553446914,1.88999553446914,-0.110004465530859,0.110004465530859,0.0121009824367299,NA,NA,0,"ok"
"S0_parallel_trends",485,20470485,1,"scenario_matched_gap_adjusted_did","none",2,0.0421842165119819,0,-0.0421842165119819,2.04218421651198,2.04218421651198,0.0421842165119819,0.0421842165119819,0.00177950812272977,NA,NA,0,"ok"
"S0_parallel_trends",486,20470486,1,"scenario_matched_gap_adjusted_did","none",2,0.00473342086758402,0,-0.00473342086758402,2.00473342086758,2.00473342086758,0.00473342086758421,0.00473342086758421,2.24052731096817e-05,NA,NA,0,"ok"
"S0_parallel_trends",487,20470487,1,"scenario_matched_gap_adjusted_did","none",2,0.0141343382384352,0,-0.0141343382384352,2.01413433823844,2.01413433823844,0.0141343382384354,0.0141343382384354,0.000199779517438496,NA,NA,0,"ok"
"S0_parallel_trends",488,20470488,1,"scenario_matched_gap_adjusted_did","none",2,5.39414792155024e-05,0,-5.39414792155024e-05,2.00005394147922,2.00005394147922,5.39414792153359e-05,5.39414792153359e-05,2.90968317993851e-09,NA,NA,0,"ok"
"S0_parallel_trends",489,20470489,1,"scenario_matched_gap_adjusted_did","none",2,0.0273210180056725,0,-0.0273210180056725,2.02732101800567,2.02732101800567,0.0273210180056727,0.0273210180056727,0.00074643802486629,NA,NA,0,"ok"
"S0_parallel_trends",490,20470490,1,"scenario_matched_gap_adjusted_did","none",2,0.00339534803506297,0,-0.00339534803506297,2.00339534803506,2.00339534803506,0.00339534803506281,0.00339534803506281,1.15283882792049e-05,NA,NA,0,"ok"
"S0_parallel_trends",491,20470491,1,"scenario_matched_gap_adjusted_did","none",2,-0.0398609311165299,0,0.0398609311165299,1.96013906888347,1.96013906888347,-0.0398609311165301,0.0398609311165301,0.00158889382947676,NA,NA,0,"ok"
"S0_parallel_trends",492,20470492,1,"scenario_matched_gap_adjusted_did","none",2,0.0463049993967528,0,-0.0463049993967528,2.04630499939675,2.04630499939675,0.046304999396753,0.046304999396753,0.0021441529691333,NA,NA,0,"ok"
"S0_parallel_trends",493,20470493,1,"scenario_matched_gap_adjusted_did","none",2,-0.0358690868603049,0,0.0358690868603049,1.9641309131397,1.9641309131397,-0.0358690868603049,0.0358690868603049,0.0012865913921921,NA,NA,0,"ok"
"S0_parallel_trends",494,20470494,1,"scenario_matched_gap_adjusted_did","none",2,0.0271618917110838,0,-0.0271618917110838,2.02716189171108,2.02716189171108,0.0271618917110836,0.0271618917110836,0.000737768361324634,NA,NA,0,"ok"
"S0_parallel_trends",495,20470495,1,"scenario_matched_gap_adjusted_did","none",2,-0.0626222758883272,0,0.0626222758883272,1.93737772411167,1.93737772411167,-0.062622275888327,0.062622275888327,0.00392154943743374,NA,NA,0,"ok"
"S0_parallel_trends",496,20470496,1,"scenario_matched_gap_adjusted_did","none",2,0.0989538968275326,0,-0.0989538968275326,2.09895389682753,2.09895389682753,0.0989538968275325,0.0989538968275325,0.00979187369735395,NA,NA,0,"ok"
"S0_parallel_trends",497,20470497,1,"scenario_matched_gap_adjusted_did","none",2,0.071728511366538,0,-0.071728511366538,2.07172851136654,2.07172851136654,0.0717285113665378,0.0717285113665378,0.00514497934285954,NA,NA,0,"ok"
"S0_parallel_trends",498,20470498,1,"scenario_matched_gap_adjusted_did","none",2,0.0432462917113168,0,-0.0432462917113168,2.04324629171132,2.04324629171132,0.0432462917113168,0.0432462917113168,0.00187024174678031,NA,NA,0,"ok"
"S0_parallel_trends",499,20470499,1,"scenario_matched_gap_adjusted_did","none",2,-0.000902749756389376,0,0.000902749756389376,1.99909725024361,1.99909725024361,-0.000902749756389376,0.000902749756389376,8.14957122661078e-07,NA,NA,0,"ok"
"S0_parallel_trends",500,20470500,1,"scenario_matched_gap_adjusted_did","none",2,0.155274253158028,0,-0.155274253158028,2.15527425315803,2.15527425315803,0.155274253158028,0.155274253158028,0.0241100936937834,NA,NA,0,"ok"
"S1_linear_weak",1,20570001,1,"scenario_matched_gap_adjusted_did","linear_gap",2,0.116652689092339,0.0180590377357657,-0.0985936513565736,2.11665268909234,2.09859365135657,0.0985936513565737,0.0985936513565737,0.00972070808782161,0.00180590377357657,NA,0.176248218823115,"ok"
"S1_linear_weak",2,20570002,1,"scenario_matched_gap_adjusted_did","linear_gap",2,-0.0113810204244686,-0.105009222437374,-0.0936282020129059,1.98861897957553,2.09362820201291,0.0936282020129058,0.0936282020129058,0.00876624021216949,-0.0105009222437375,NA,0.126197688589182,"ok"
"S1_linear_weak",3,20570003,1,"scenario_matched_gap_adjusted_did","linear_gap",2,-0.00290223103489132,0.357144871259627,0.360047102294518,1.99709776896511,1.63995289770548,-0.360047102294518,0.360047102294518,0.129633915870679,0.0357144871259627,NA,0.0967364993116112,"ok"
"S1_linear_weak",4,20570004,1,"scenario_matched_gap_adjusted_did","linear_gap",2,0.147576479411398,0.134221369571252,-0.0133551098401463,2.1475764794114,2.01335510984015,0.0133551098401465,0.0133551098401465,0.000178358958842379,0.0134221369571252,NA,0.111360187400193,"ok"
"S1_linear_weak",5,20570005,1,"scenario_matched_gap_adjusted_did","linear_gap",2,0.00807352072728149,-0.0501689552385982,-0.0582424759658797,2.00807352072728,2.05824247596588,0.0582424759658795,0.0582424759658795,0.00339218600663605,-0.00501689552385982,NA,0.126875642707373,"ok"
"S1_linear_weak",6,20570006,1,"scenario_matched_gap_adjusted_did","linear_gap",2,0.00456932144539934,0.196537769539062,0.191968448093663,2.0045693214454,1.80803155190634,-0.191968448093663,0.191968448093663,0.0368518850634893,0.0196537769539062,NA,0.132713065329977,"ok"
"S1_linear_weak",7,20570007,1,"scenario_matched_gap_adjusted_did","linear_gap",2,0.0086979467879521,-0.106454479667739,-0.115152426455691,2.00869794678795,2.11515242645569,0.115152426455691,0.115152426455691,0.0132600813186334,-0.0106454479667739,NA,0.118619311177305,"ok"
"S1_linear_weak",8,20570008,1,"scenario_matched_gap_adjusted_did","linear_gap",2,0.0412393663009743,0.0413195866229528,8.02203219785191e-05,2.04123936630097,1.99991977967802,-8.02203219782971e-05,8.02203219782971e-05,6.43530005830166e-09,0.00413195866229528,NA,0.148338246282165,"ok"
"S1_linear_weak",9,20570009,1,"scenario_matched_gap_adjusted_did","linear_gap",2,0.107970730402752,0.0564134819735958,-0.0515572484291566,2.10797073040275,2.05155724842916,0.0515572484291567,0.0515572484291567,0.00265814986558578,0.00564134819735958,NA,0.121049148036145,"ok"
"S1_linear_weak",10,20570010,1,"scenario_matched_gap_adjusted_did","linear_gap",2,-0.07046716536166,0.142481204812652,0.212948370174312,1.92953283463834,1.78705162982569,-0.212948370174311,0.212948370174311,0.0453470083598955,0.0142481204812652,NA,0.106145450561741,"ok"
"S1_linear_weak",11,20570011,1,"scenario_matched_gap_adjusted_did","linear_gap",2,-0.0405218553878515,-0.0565915600582082,-0.0160697046703567,1.95947814461215,2.01606970467036,0.0160697046703566,0.0160697046703566,0.000258235408192481,-0.00565915600582082,NA,0.158714507230968,"ok"
"S1_linear_weak",12,20570012,1,"scenario_matched_gap_adjusted_did","linear_gap",2,0.187337149450873,0.0876800369890997,-0.0996571124617736,2.18733714945087,2.09965711246177,0.0996571124617738,0.0996571124617738,0.00993154006421863,0.00876800369890997,NA,0.145876081665292,"ok"
"S1_linear_weak",13,20570013,1,"scenario_matched_gap_adjusted_did","linear_gap",2,0.0395960373247095,0.0176807387603685,-0.021915298564341,2.03959603732471,2.02191529856434,0.0219152985643412,0.0219152985643412,0.000480280311164214,0.00176807387603685,NA,0.112458291504253,"ok"
"S1_linear_weak",14,20570014,1,"scenario_matched_gap_adjusted_did","linear_gap",2,0.0137339828829203,0.120483398407523,0.106749415524603,2.01373398288292,1.8932505844754,-0.106749415524603,0.106749415524603,0.0113954377148444,0.0120483398407523,NA,0.0936298288193663,"ok"
"S1_linear_weak",15,20570015,1,"scenario_matched_gap_adjusted_did","linear_gap",2,0.140289147080274,0.130209480569494,-0.01007966651078,2.14028914708027,2.01007966651078,0.0100796665107801,0.0100796665107801,0.000101599676968541,0.0130209480569494,NA,0.114744853366902,"ok"
"S1_linear_weak",16,20570016,1,"scenario_matched_gap_adjusted_did","linear_gap",2,-0.0674246764717108,-0.159459198599207,-0.0920345221274958,1.93257532352829,2.0920345221275,0.0920345221274959,0.0920345221274959,0.00847035326323652,-0.0159459198599207,NA,0.0769273812203381,"ok"
"S1_linear_weak",17,20570017,1,"scenario_matched_gap_adjusted_did","linear_gap",2,-0.0763229640994488,0.0614525956266165,0.137775559726065,1.92367703590055,1.86222444027393,-0.137775559726065,0.137775559726065,0.0189821048578306,0.00614525956266165,NA,0.0820878187853499,"ok"
"S1_linear_weak",18,20570018,1,"scenario_matched_gap_adjusted_did","linear_gap",2,0.01013101425636,0.0715394027934967,0.0614083885371367,2.01013101425636,1.93859161146286,-0.0614083885371368,0.0614083885371368,0.00377099018272796,0.00715394027934967,NA,0.108218247631437,"ok"
"S1_linear_weak",19,20570019,1,"scenario_matched_gap_adjusted_did","linear_gap",2,0.0879652483747932,0.25881405180414,0.170848803429347,2.08796524837479,1.82915119657065,-0.170848803429347,0.170848803429347,0.0291893136332396,0.025881405180414,NA,0.147326590337363,"ok"
"S1_linear_weak",20,20570020,1,"scenario_matched_gap_adjusted_did","linear_gap",2,-0.117470240916976,-0.0129887620433709,0.104481478873605,1.88252975908302,1.89551852112639,-0.104481478873605,0.104481478873605,0.0109163794276156,-0.0012988762043371,NA,0.0887476803920358,"ok"
"S1_linear_weak",21,20570021,1,"scenario_matched_gap_adjusted_did","linear_gap",2,-0.00258098033110343,0.087958628314872,0.0905396086459754,1.9974190196689,1.90946039135402,-0.0905396086459755,0.0905396086459755,0.00819742073376641,0.0087958628314872,NA,0.0709622361715782,"ok"
"S1_linear_weak",22,20570022,1,"scenario_matched_gap_adjusted_did","linear_gap",2,0.119497566688806,-0.0978096198763702,-0.217307186565176,2.11949756668881,2.21730718656518,0.217307186565176,0.217307186565176,0.0472224133328721,-0.00978096198763702,NA,0.16825027504959,"ok"
"S1_linear_weak",23,20570023,1,"scenario_matched_gap_adjusted_did","linear_gap",2,0.049666534610135,0.125109947190851,0.0754434125807157,2.04966653461014,1.92455658741928,-0.0754434125807157,0.0754434125807157,0.0056917085018241,0.0125109947190851,NA,0.132188966468617,"ok"
"S1_linear_weak",24,20570024,1,"scenario_matched_gap_adjusted_did","linear_gap",2,-0.102892295009475,0.0155493853405762,0.118441680350052,1.89710770499052,1.88155831964995,-0.118441680350052,0.118441680350052,0.0140284316441438,0.00155493853405763,NA,0.142455039726423,"ok"
"S1_linear_weak",25,20570025,1,"scenario_matched_gap_adjusted_did","linear_gap",2,0.0921191507164086,-0.104908053328757,-0.197027204045166,2.09211915071641,2.19702720404517,0.197027204045165,0.197027204045165,0.0388197191338553,-0.0104908053328757,NA,0.116048713466902,"ok"
"S1_linear_weak",26,20570026,1,"scenario_matched_gap_adjusted_did","linear_gap",2,-0.051558219484497,-0.0543984018890929,-0.00284018240459588,1.9484417805155,2.0028401824046,0.00284018240459583,0.00284018240459583,8.06663609137573e-06,-0.00543984018890928,NA,0.127769527283524,"ok"
"S1_linear_weak",27,20570027,1,"scenario_matched_gap_adjusted_did","linear_gap",2,-0.0425931854296504,0.0445208850242749,0.0871140704539253,1.95740681457035,1.91288592954607,-0.0871140704539251,0.0871140704539251,0.00758886127105142,0.00445208850242749,NA,0.140960829296313,"ok"
"S1_linear_weak",28,20570028,1,"scenario_matched_gap_adjusted_did","linear_gap",2,-0.0615479299634878,-0.0689831741548943,-0.00743524419140646,1.93845207003651,2.00743524419141,0.00743524419140629,0.00743524419140629,5.52828561858409e-05,-0.00689831741548943,NA,0.154466945681607,"ok"
"S1_linear_weak",29,20570029,1,"scenario_matched_gap_adjusted_did","linear_gap",2,0.0467072507517752,-0.0527531294547714,-0.0994603802065466,2.04670725075178,2.09946038020655,0.0994603802065468,0.0994603802065468,0.00989236723083084,-0.00527531294547714,NA,0.113635608204686,"ok"
"S1_linear_weak",30,20570030,1,"scenario_matched_gap_adjusted_did","linear_gap",2,0.0479262891342318,0.281901295865522,0.23397500673129,2.04792628913423,1.76602499326871,-0.23397500673129,0.23397500673129,0.0547443037749074,0.0281901295865522,NA,0.105368859343897,"ok"
"S1_linear_weak",31,20570031,1,"scenario_matched_gap_adjusted_did","linear_gap",2,-0.0404062628617997,0.0662232885976667,0.106629551459466,1.9595937371382,1.89337044854053,-0.106629551459466,0.106629551459466,0.011369861244447,0.00662232885976666,NA,0.114464560782881,"ok"
"S1_linear_weak",32,20570032,1,"scenario_matched_gap_adjusted_did","linear_gap",2,0.0652976401572366,0.196865347829553,0.131567707672317,2.06529764015724,1.86843229232768,-0.131567707672317,0.131567707672317,0.0173100617021482,0.0196865347829553,NA,0.176383260289263,"ok"
"S1_linear_weak",33,20570033,1,"scenario_matched_gap_adjusted_did","linear_gap",2,0.0884550461238822,0.286685500983721,0.198230454859839,2.08845504612388,1.80176954514016,-0.198230454859838,0.198230454859838,0.0392953132339384,0.0286685500983721,NA,0.085977482918635,"ok"
"S1_linear_weak",34,20570034,1,"scenario_matched_gap_adjusted_did","linear_gap",2,-0.00238101144438976,0.0168942215826575,0.0192752330270473,1.99761898855561,1.98072476697295,-0.0192752330270471,0.0192752330270471,0.000371534608246969,0.00168942215826575,NA,0.148248797625214,"ok"
"S1_linear_weak",35,20570035,1,"scenario_matched_gap_adjusted_did","linear_gap",2,0.0452406836122898,-0.0219700944730218,-0.0672107780853117,2.04524068361229,2.06721077808531,0.0672107780853115,0.0672107780853115,0.00451728869083299,-0.00219700944730219,NA,0.145695818078898,"ok"
"S1_linear_weak",36,20570036,1,"scenario_matched_gap_adjusted_did","linear_gap",2,0.128680706962253,0.149631394642747,0.0209506876804942,2.12868070696225,1.97904931231951,-0.0209506876804946,0.0209506876804946,0.000438931314285627,0.0149631394642747,NA,0.114856803955028,"ok"
"S1_linear_weak",37,20570037,1,"scenario_matched_gap_adjusted_did","linear_gap",2,0.059333272342822,0.0526737368515159,-0.00665953549130613,2.05933327234282,2.00665953549131,0.00665953549130593,0.00665953549130593,4.43494129599634e-05,0.00526737368515159,NA,0.10298286370655,"ok"
"S1_linear_weak",38,20570038,1,"scenario_matched_gap_adjusted_did","linear_gap",2,0.115116948734751,0.0463304071605486,-0.0687865415742019,2.11511694873475,2.0687865415742,0.0687865415742017,0.0687865415742017,0.00473158830173938,0.00463304071605486,NA,0.117110526846756,"ok"
"S1_linear_weak",39,20570039,1,"scenario_matched_gap_adjusted_did","linear_gap",2,0.0859207839889917,0.207750434512996,0.121829650524004,2.08592078398899,1.878170349476,-0.121829650524004,0.121829650524004,0.014842463746801,0.0207750434512996,NA,0.130599126724154,"ok"
"S1_linear_weak",40,20570040,1,"scenario_matched_gap_adjusted_did","linear_gap",2,0.111708361774044,-0.132374901672283,-0.244083263446327,2.11170836177404,2.24408326344633,0.244083263446327,0.244083263446327,0.0595766394946092,-0.0132374901672283,NA,0.106013138159301,"ok"
"S1_linear_weak",41,20570041,1,"scenario_matched_gap_adjusted_did","linear_gap",2,-0.109113492063979,-0.0473062976230137,0.0618071944409652,1.89088650793602,1.93819280555903,-0.0618071944409651,0.0618071944409651,0.00382012928466326,-0.00473062976230137,NA,0.0979472464965473,"ok"
"S1_linear_weak",42,20570042,1,"scenario_matched_gap_adjusted_did","linear_gap",2,0.0291769434118552,0.0358303614711407,0.00665341805928553,2.02917694341185,1.99334658194071,-0.00665341805928588,0.00665341805928588,4.42679718716314e-05,0.00358303614711407,NA,0.118276683342686,"ok"
"S1_linear_weak",43,20570043,1,"scenario_matched_gap_adjusted_did","linear_gap",2,0.151053360068077,-0.109263386302998,-0.260316746371076,2.15105336006808,2.26031674637108,0.260316746371076,0.260316746371076,0.0677648084412229,-0.0109263386302998,NA,0.135715320082252,"ok"
"S1_linear_weak",44,20570044,1,"scenario_matched_gap_adjusted_did","linear_gap",2,0.0452795032921767,0.0902962438934147,0.0450167406012379,2.04527950329218,1.95498325939876,-0.0450167406012376,0.0450167406012376,0.00202650693435912,0.00902962438934147,NA,0.133749606405539,"ok"
"S1_linear_weak",45,20570045,1,"scenario_matched_gap_adjusted_did","linear_gap",2,0.0439704778333396,0.0720147129575547,0.028044235124215,2.04397047783334,1.97195576487578,-0.0280442351242152,0.0280442351242152,0.000786479123702264,0.00720147129575546,NA,0.131093637991683,"ok"
"S1_linear_weak",46,20570046,1,"scenario_matched_gap_adjusted_did","linear_gap",2,0.149285216653641,0.0732409626584994,-0.0760442539951418,2.14928521665364,2.07604425399514,0.0760442539951423,0.0760442539951423,0.00578272856567771,0.00732409626584994,NA,0.122859957020693,"ok"
"S1_linear_weak",47,20570047,1,"scenario_matched_gap_adjusted_did","linear_gap",2,-0.0475552001028824,0.0891584367926524,0.136713636895535,1.95244479989712,1.86328636310447,-0.136713636895535,0.136713636895535,0.0186906185132041,0.00891584367926524,NA,0.133810101165807,"ok"
"S1_linear_weak",48,20570048,1,"scenario_matched_gap_adjusted_did","linear_gap",2,0.0796898210598335,0.119638403232974,0.0399485821731408,2.07968982105983,1.96005141782686,-0.0399485821731407,0.0399485821731407,0.00159588921764417,0.0119638403232974,NA,0.130901922588494,"ok"
"S1_linear_weak",49,20570049,1,"scenario_matched_gap_adjusted_did","linear_gap",2,0.0664462405810302,0.276305350823701,0.209859110242671,2.06644624058103,1.79014088975733,-0.209859110242671,0.209859110242671,0.0440408461518456,0.0276305350823701,NA,0.136272385888407,"ok"
"S1_linear_weak",50,20570050,1,"scenario_matched_gap_adjusted_did","linear_gap",2,0.0697723266661289,0.167274284512681,0.0975019578465526,2.06977232666613,1.90249804215345,-0.0975019578465528,0.0975019578465528,0.00950663178391096,0.0167274284512681,NA,0.14327437381889,"ok"
"S1_linear_weak",51,20570051,1,"scenario_matched_gap_adjusted_did","linear_gap",2,0.0793833187509136,0.17124807855003,0.0918647597991167,2.07938331875091,1.90813524020088,-0.0918647597991162,0.0918647597991162,0.00843913409294932,0.017124807855003,NA,0.162029775528657,"ok"
"S1_linear_weak",52,20570052,1,"scenario_matched_gap_adjusted_did","linear_gap",2,0.203020102187825,0.0287808262991842,-0.17423927588864,2.20302010218782,2.17423927588864,0.174239275888641,0.174239275888641,0.0303593252621979,0.00287808262991841,NA,0.180984971502992,"ok"
"S1_linear_weak",53,20570053,1,"scenario_matched_gap_adjusted_did","linear_gap",2,0.0816316462217642,0.0422573277896511,-0.0393743184321131,2.08163164622176,2.03937431843211,0.0393743184321131,0.0393743184321131,0.00155033695199344,0.0042257327789651,NA,0.0990859409586693,"ok"
"S1_linear_weak",54,20570054,1,"scenario_matched_gap_adjusted_did","linear_gap",2,0.0604674019768707,0.0128258446019653,-0.0476415573749054,2.06046740197687,2.04764155737491,0.0476415573749054,0.0476415573749054,0.0022697179891064,0.00128258446019653,NA,0.156209754989399,"ok"
"S1_linear_weak",55,20570055,1,"scenario_matched_gap_adjusted_did","linear_gap",2,-0.105253084843608,0.150839347682898,0.256092432526506,1.89474691515639,1.74390756747349,-0.256092432526506,0.256092432526506,0.065583333997343,0.0150839347682898,NA,0.100708654295113,"ok"
"S1_linear_weak",56,20570056,1,"scenario_matched_gap_adjusted_did","linear_gap",2,0.0402775186075044,0.132295812056831,0.0920182934493263,2.0402775186075,1.90798170655067,-0.0920182934493265,0.0920182934493265,0.00846736632932637,0.0132295812056831,NA,0.145618325006938,"ok"
"S1_linear_weak",57,20570057,1,"scenario_matched_gap_adjusted_did","linear_gap",2,0.0480179476221117,0.238117712732732,0.190099765110621,2.04801794762211,1.80990023488938,-0.190099765110621,0.190099765110621,0.0361379206951131,0.0238117712732732,NA,0.11937834501251,"ok"
"S1_linear_weak",58,20570058,1,"scenario_matched_gap_adjusted_did","linear_gap",2,0.103859521898497,0.0397222350837245,-0.0641372868147728,2.1038595218985,2.06413728681477,0.0641372868147729,0.0641372868147729,0.00411359155996045,0.00397222350837244,NA,0.112417919505858,"ok"
"S1_linear_weak",59,20570059,1,"scenario_matched_gap_adjusted_did","linear_gap",2,-0.0183553338044323,0.0231055814524586,0.0414609152568909,1.98164466619557,1.95853908474311,-0.0414609152568908,0.0414609152568908,0.00171900749393908,0.00231055814524585,NA,0.0750899616833463,"ok"
"S1_linear_weak",60,20570060,1,"scenario_matched_gap_adjusted_did","linear_gap",2,0.121777534689782,-0.0258071212896203,-0.147584655979402,2.12177753468978,2.1475846559794,0.147584655979403,0.147584655979403,0.0217812306805586,-0.00258071212896203,NA,0.135175568852553,"ok"
"S1_linear_weak",61,20570061,1,"scenario_matched_gap_adjusted_did","linear_gap",2,0.102878340600429,0.159942652489538,0.0570643118891094,2.10287834060043,1.94293568811089,-0.0570643118891097,0.0570643118891097,0.00325633569137758,0.0159942652489538,NA,0.138700711783616,"ok"
"S1_linear_weak",62,20570062,1,"scenario_matched_gap_adjusted_did","linear_gap",2,0.00415910645173104,-0.149753411833339,-0.15391251828507,2.00415910645173,2.15391251828507,0.15391251828507,0.15391251828507,0.0236890632848519,-0.0149753411833338,NA,0.157609708990217,"ok"
"S1_linear_weak",63,20570063,1,"scenario_matched_gap_adjusted_did","linear_gap",2,0.104650469740334,-0.0326743175631107,-0.137324787303445,2.10465046974033,2.13732478730344,0.137324787303445,0.137324787303445,0.0188580972079363,-0.00326743175631107,NA,0.144545860311923,"ok"
"S1_linear_weak",64,20570064,1,"scenario_matched_gap_adjusted_did","linear_gap",2,0.0603056584399316,-0.117518647752906,-0.177824306192837,2.06030565843993,2.17782430619284,0.177824306192838,0.177824306192838,0.031621483872964,-0.0117518647752906,NA,0.123043409746818,"ok"
"S1_linear_weak",65,20570065,1,"scenario_matched_gap_adjusted_did","linear_gap",2,-0.0579567751561352,0.105490631395159,0.163447406551294,1.94204322484386,1.83655259344871,-0.163447406551295,0.163447406551295,0.0267150547083442,0.0105490631395159,NA,0.100209288682841,"ok"
"S1_linear_weak",66,20570066,1,"scenario_matched_gap_adjusted_did","linear_gap",2,0.11314347903188,-0.0220000364982646,-0.135143515530145,2.11314347903188,2.13514351553015,0.135143515530145,0.135143515530145,0.0182637697898466,-0.00220000364982646,NA,0.126152795803986,"ok"
"S1_linear_weak",67,20570067,1,"scenario_matched_gap_adjusted_did","linear_gap",2,-0.0674822343098672,0.39689913246372,0.464381366773587,1.93251776569013,1.53561863322641,-0.464381366773587,0.464381366773587,0.215650053806505,0.039689913246372,NA,0.091966715291954,"ok"
"S1_linear_weak",68,20570068,1,"scenario_matched_gap_adjusted_did","linear_gap",2,-0.0858587222120559,0.0718582640847358,0.157716986296792,1.91414127778794,1.84228301370321,-0.157716986296792,0.157716986296792,0.0248746477665424,0.00718582640847358,NA,0.0856988256560344,"ok"
"S1_linear_weak",69,20570069,1,"scenario_matched_gap_adjusted_did","linear_gap",2,0.109754989196023,0.235085500370492,0.125330511174469,2.10975498919602,1.87466948882553,-0.12533051117447,0.12533051117447,0.0157077370312538,0.0235085500370492,NA,0.171793114866307,"ok"
"S1_linear_weak",70,20570070,1,"scenario_matched_gap_adjusted_did","linear_gap",2,0.0501401332711065,0.0739536418514473,0.0238135085803407,2.05014013327111,1.97618649141966,-0.0238135085803408,0.0238135085803408,0.000567083190905966,0.00739536418514473,NA,0.140261785291335,"ok"
"S1_linear_weak",71,20570071,1,"scenario_matched_gap_adjusted_did","linear_gap",2,0.0444908368892714,0.0606972158411254,0.016206378951854,2.04449083688927,1.98379362104815,-0.0162063789518541,0.0162063789518541,0.000262646718731098,0.00606972158411254,NA,0.14049969304942,"ok"
"S1_linear_weak",72,20570072,1,"scenario_matched_gap_adjusted_did","linear_gap",2,-0.110841502767564,-0.0870845641962928,0.0237569385712709,1.88915849723244,1.97624306142873,-0.023756938571271,0.023756938571271,0.000564392130279145,-0.00870845641962928,NA,0.103116488399171,"ok"
"S1_linear_weak",73,20570073,1,"scenario_matched_gap_adjusted_did","linear_gap",2,0.0283289035508266,-0.0794468123885296,-0.107775715939356,2.02832890355083,2.10777571593936,0.107775715939356,0.107775715939356,0.0116156049462408,-0.00794468123885295,NA,0.0898171308784908,"ok"
"S1_linear_weak",74,20570074,1,"scenario_matched_gap_adjusted_did","linear_gap",2,-0.0324605462802421,-0.143197957686587,-0.110737411406345,1.96753945371976,2.11073741140635,0.110737411406345,0.110737411406345,0.0122627742849782,-0.0143197957686587,NA,0.152810517874787,"ok"
"S1_linear_weak",75,20570075,1,"scenario_matched_gap_adjusted_did","linear_gap",2,-0.0714466225489917,0.0298013318901549,0.101247954439147,1.92855337745101,1.89875204556085,-0.101247954439147,0.101247954439147,0.0102511482781115,0.00298013318901548,NA,0.0745206083767812,"ok"
"S1_linear_weak",76,20570076,1,"scenario_matched_gap_adjusted_did","linear_gap",2,0.172175316178371,0.0424854859401713,-0.129689830238199,2.17217531617837,2.1296898302382,0.129689830238199,0.129689830238199,0.016819452067213,0.00424854859401713,NA,0.107617252873855,"ok"
"S1_linear_weak",77,20570077,1,"scenario_matched_gap_adjusted_did","linear_gap",2,-0.0537293487052463,-0.0119747432517065,0.0417546054535398,1.94627065129475,1.95824539454646,-0.0417546054535396,0.0417546054535396,0.00174344707658076,-0.00119747432517064,NA,0.131537755028744,"ok"
"S1_linear_weak",78,20570078,1,"scenario_matched_gap_adjusted_did","linear_gap",2,0.0019888772506043,0.0958116786909934,0.0938228014403891,2.0019888772506,1.90617719855961,-0.093822801440389,0.093822801440389,0.00880271807012266,0.00958116786909935,NA,0.0967605499225287,"ok"
"S1_linear_weak",79,20570079,1,"scenario_matched_gap_adjusted_did","linear_gap",2,0.00778657852658725,-0.33470427597429,-0.342490854500878,2.00778657852659,2.34249085450088,0.342490854500878,0.342490854500878,0.117299985416741,-0.033470427597429,NA,0.153272398561112,"ok"
"S1_linear_weak",80,20570080,1,"scenario_matched_gap_adjusted_did","linear_gap",2,0.091423294823049,0.158495101235618,0.0670718064125689,2.09142329482305,1.93292819358743,-0.067071806412569,0.067071806412569,0.00449862721544514,0.0158495101235618,NA,0.0872242124164343,"ok"
"S1_linear_weak",81,20570081,1,"scenario_matched_gap_adjusted_did","linear_gap",2,0.0841255138207554,0.0447980989226702,-0.0393274148980852,2.08412551382076,2.03932741489808,0.0393274148980849,0.0393274148980849,0.00154664556256611,0.00447980989226702,NA,0.0884805082104828,"ok"
"S1_linear_weak",82,20570082,1,"scenario_matched_gap_adjusted_did","linear_gap",2,0.0170282897108965,8.84764328007437e-06,-0.0170194420676164,2.0170282897109,2.01701944206762,0.0170194420676162,0.0170194420676162,0.000289661408292944,8.84764328002038e-07,NA,0.0847900718272746,"ok"
"S1_linear_weak",83,20570083,1,"scenario_matched_gap_adjusted_did","linear_gap",2,0.0369359701964146,0.0481856754567248,0.0112497052603102,2.03693597019641,1.98875029473969,-0.0112497052603102,0.0112497052603102,0.000126555868443851,0.00481856754567248,NA,0.142782700333021,"ok"
"S1_linear_weak",84,20570084,1,"scenario_matched_gap_adjusted_did","linear_gap",2,0.0807917425257126,0.0357264676468728,-0.0450652748788398,2.08079174252571,2.04506527487884,0.0450652748788398,0.0450652748788398,0.00203087899990539,0.00357264676468728,NA,0.127337765632133,"ok"
"S1_linear_weak",85,20570085,1,"scenario_matched_gap_adjusted_did","linear_gap",2,0.0403150389860989,-0.0514685178778389,-0.0917835568639378,2.0403150389861,2.09178355686394,0.0917835568639376,0.0917835568639376,0.00842422131059566,-0.00514685178778389,NA,0.108012097218934,"ok"
"S1_linear_weak",86,20570086,1,"scenario_matched_gap_adjusted_did","linear_gap",2,-0.0251801262350564,-0.0896844589756526,-0.0645043327405962,1.97481987376494,2.0645043327406,0.0645043327405963,0.0645043327405963,0.00416080894230956,-0.00896844589756525,NA,0.110357771756562,"ok"
"S1_linear_weak",87,20570087,1,"scenario_matched_gap_adjusted_did","linear_gap",2,0.0939437094176359,-0.193081703519351,-0.287025412936987,2.09394370941764,2.28702541293699,0.287025412936987,0.287025412936987,0.0823835876716477,-0.0193081703519351,NA,0.0913640492314626,"ok"
"S1_linear_weak",88,20570088,1,"scenario_matched_gap_adjusted_did","linear_gap",2,0.0140197717617216,0.181504682809548,0.167484911047827,2.01401977176172,1.83251508895217,-0.167484911047827,0.167484911047827,0.0280511954286984,0.0181504682809548,NA,0.208710751988748,"ok"
"S1_linear_weak",89,20570089,1,"scenario_matched_gap_adjusted_did","linear_gap",2,-0.0230983824934433,-0.0815232216794261,-0.0584248391859827,1.97690161750656,2.05842483918598,0.0584248391859825,0.0584248391859825,0.00341346183390792,-0.00815232216794261,NA,0.0977985524371312,"ok"
"S1_linear_weak",90,20570090,1,"scenario_matched_gap_adjusted_did","linear_gap",2,0.123248748347018,-0.015068152188697,-0.138316900535715,2.12324874834702,2.13831690053571,0.138316900535715,0.138316900535715,0.0191315649738068,-0.0015068152188697,NA,0.185578338656295,"ok"
"S1_linear_weak",91,20570091,1,"scenario_matched_gap_adjusted_did","linear_gap",2,0.184600573097559,0.156134636230294,-0.0284659368672646,2.18460057309756,2.02846593686726,0.0284659368672644,0.0284659368672644,0.000810309561731082,0.0156134636230294,NA,0.132731727243181,"ok"
"S1_linear_weak",92,20570092,1,"scenario_matched_gap_adjusted_did","linear_gap",2,0.0362331959258301,0.0545226807643481,0.018289484838518,2.03623319592583,1.98171051516148,-0.0182894848385182,0.0182894848385182,0.000334505255658388,0.00545226807643481,NA,0.0877094433198662,"ok"
"S1_linear_weak",93,20570093,1,"scenario_matched_gap_adjusted_did","linear_gap",2,0.0751572380111839,0.203572792691443,0.128415554680259,2.07515723801118,1.87158444531974,-0.128415554680259,0.128415554680259,0.0164905546838386,0.0203572792691443,NA,0.190787365523587,"ok"
"S1_linear_weak",94,20570094,1,"scenario_matched_gap_adjusted_did","linear_gap",2,-0.058566776868501,0.00474665952542494,0.0633134363939259,1.9414332231315,1.93668656360607,-0.0633134363939258,0.0633134363939258,0.00400859122800769,0.000474665952542494,NA,0.118236648820409,"ok"
"S1_linear_weak",95,20570095,1,"scenario_matched_gap_adjusted_did","linear_gap",2,-0.0940165553351403,0.138194492789851,0.232211048124991,1.90598344466486,1.76778895187501,-0.232211048124991,0.232211048124991,0.0539219708713068,0.0138194492789851,NA,0.181578511963521,"ok"
"S1_linear_weak",96,20570096,1,"scenario_matched_gap_adjusted_did","linear_gap",2,-0.0423752599075254,0.00870885612223334,0.0510841160297588,1.95762474009247,1.94891588397024,-0.0510841160297588,0.0510841160297588,0.00260958691054186,0.000870885612223333,NA,0.0776775055284503,"ok"
"S1_linear_weak",97,20570097,1,"scenario_matched_gap_adjusted_did","linear_gap",2,0.0451043216414246,0.136752984024369,0.0916486623829447,2.04510432164142,1.90835133761706,-0.0916486623829449,0.0916486623829449,0.00839947731658302,0.0136752984024369,NA,0.119901755851751,"ok"
"S1_linear_weak",98,20570098,1,"scenario_matched_gap_adjusted_did","linear_gap",2,0.133644161029063,0.13109469640505,-0.00254946462401293,2.13364416102906,2.00254946462401,0.00254946462401318,0.00254946462401318,6.49976986909464e-06,0.013109469640505,NA,0.139349972808776,"ok"
"S1_linear_weak",99,20570099,1,"scenario_matched_gap_adjusted_did","linear_gap",2,0.0672883334397718,-0.131281929657818,-0.19857026309759,2.06728833343977,2.19857026309759,0.19857026309759,0.19857026309759,0.039430149386646,-0.0131281929657818,NA,0.141056905124338,"ok"
"S1_linear_weak",100,20570100,1,"scenario_matched_gap_adjusted_did","linear_gap",2,0.0449072692535993,-0.213832682781974,-0.258739952035573,2.0449072692536,2.25873995203557,0.258739952035573,0.258739952035573,0.0669463627793708,-0.0213832682781974,NA,0.167065041037516,"ok"
"S1_linear_weak",101,20570101,1,"scenario_matched_gap_adjusted_did","linear_gap",2,0.0592300631870318,0.163239331951739,0.104009268764707,2.05923006318703,1.89599073123529,-0.104009268764707,0.104009268764707,0.010817927988969,0.0163239331951739,NA,0.132773616690118,"ok"
"S1_linear_weak",102,20570102,1,"scenario_matched_gap_adjusted_did","linear_gap",2,0.0652707197565961,-0.296769427030161,-0.362040146786757,2.0652707197566,2.36204014678676,0.362040146786757,0.362040146786757,0.131073067885377,-0.0296769427030161,NA,0.152861846569534,"ok"
"S1_linear_weak",103,20570103,1,"scenario_matched_gap_adjusted_did","linear_gap",2,0.0541564427388982,-0.164359965820142,-0.218516408559041,2.0541564427389,2.21851640855904,0.218516408559041,0.218516408559041,0.0477494208095417,-0.0164359965820142,NA,0.0955710257440768,"ok"
"S1_linear_weak",104,20570104,1,"scenario_matched_gap_adjusted_did","linear_gap",2,0.0247268616516279,0.0935466162864404,0.0688197546348125,2.02472686165163,1.93118024536519,-0.0688197546348128,0.0688197546348128,0.00473615862799584,0.00935466162864404,NA,0.185171269329865,"ok"
"S1_linear_weak",105,20570105,1,"scenario_matched_gap_adjusted_did","linear_gap",2,0.0480247326560979,-0.063206759288404,-0.111231491944502,2.0480247326561,2.1112314919445,0.111231491944502,0.111231491944502,0.0123724448001997,-0.0063206759288404,NA,0.14432657723801,"ok"
"S1_linear_weak",106,20570106,1,"scenario_matched_gap_adjusted_did","linear_gap",2,0.138137801578325,0.0947847950163694,-0.0433530065619554,2.13813780157833,2.04335300656196,0.0433530065619556,0.0433530065619556,0.00187948317796097,0.00947847950163694,NA,0.130307264641427,"ok"
"S1_linear_weak",107,20570107,1,"scenario_matched_gap_adjusted_did","linear_gap",2,0.127410367254379,0.100104682166222,-0.0273056850881569,2.12741036725438,2.02730568508816,0.027305685088157,0.027305685088157,0.0007456004381336,0.0100104682166222,NA,0.13552587660778,"ok"
"S1_linear_weak",108,20570108,1,"scenario_matched_gap_adjusted_did","linear_gap",2,0.0419602496638479,-0.16144375299413,-0.203404002657978,2.04196024966385,2.20340400265798,0.203404002657978,0.203404002657978,0.0413731882972866,-0.016144375299413,NA,0.1287062420401,"ok"
"S1_linear_weak",109,20570109,1,"scenario_matched_gap_adjusted_did","linear_gap",2,0.0322893435906283,0.314709587746714,0.282420244156085,2.03228934359063,1.71757975584391,-0.282420244156086,0.282420244156086,0.079761194309183,0.0314709587746714,NA,0.146506998983907,"ok"
"S1_linear_weak",110,20570110,1,"scenario_matched_gap_adjusted_did","linear_gap",2,-0.150661247728359,-0.0421708284139953,0.108490419314364,1.84933875227164,1.89150958068564,-0.108490419314364,0.108490419314364,0.0117701710830065,-0.00421708284139953,NA,0.110733915805562,"ok"
"S1_linear_weak",111,20570111,1,"scenario_matched_gap_adjusted_did","linear_gap",2,0.093185361321745,0.10150720711192,0.00832184579017502,2.09318536132175,1.99167815420982,-0.00832184579017503,0.00832184579017503,6.92531173554539e-05,0.010150720711192,NA,0.0971252694725481,"ok"
"S1_linear_weak",112,20570112,1,"scenario_matched_gap_adjusted_did","linear_gap",2,0.0414228759240139,0.0209073408248568,-0.0205155350991571,2.04142287592401,2.02051553509916,0.0205155350991575,0.0205155350991575,0.000420887180404763,0.00209073408248567,NA,0.134421995455686,"ok"
"S1_linear_weak",113,20570113,1,"scenario_matched_gap_adjusted_did","linear_gap",2,-0.0282680276304489,0.0359472686051615,0.0642152962356105,1.97173197236955,1.93578470376439,-0.0642152962356106,0.0642152962356106,0.00412360427062723,0.00359472686051615,NA,0.124686361203014,"ok"
"S1_linear_weak",114,20570114,1,"scenario_matched_gap_adjusted_did","linear_gap",2,0.16953045184338,0.0289653019523144,-0.140565149891065,2.16953045184338,2.14056514989107,0.140565149891065,0.140565149891065,0.0197585613638977,0.00289653019523145,NA,0.130368701845956,"ok"
"S1_linear_weak",115,20570115,1,"scenario_matched_gap_adjusted_did","linear_gap",2,0.0142177951806061,-0.0203627126061728,-0.0345805077867789,2.01421779518061,2.03458050778678,0.0345805077867789,0.0345805077867789,0.00119581151879148,-0.00203627126061728,NA,0.168370125544758,"ok"
"S1_linear_weak",116,20570116,1,"scenario_matched_gap_adjusted_did","linear_gap",2,-0.00214492282301351,-0.064038383891381,-0.0618934610683675,1.99785507717699,2.06189346106837,0.0618934610683675,0.0618934610683675,0.00383080052302152,-0.0064038383891381,NA,0.155278363254713,"ok"
"S1_linear_weak",117,20570117,1,"scenario_matched_gap_adjusted_did","linear_gap",2,0.0313625137378177,0.156812941165474,0.125450427427656,2.03136251373782,1.87454957257234,-0.125450427427656,0.125450427427656,0.0157378097417816,0.0156812941165474,NA,0.0840472452775418,"ok"
"S1_linear_weak",118,20570118,1,"scenario_matched_gap_adjusted_did","linear_gap",2,-0.0515662086851208,-0.0665214649440204,-0.0149552562588996,1.94843379131488,2.0149552562589,0.0149552562588995,0.0149552562588995,0.000223659689769352,-0.00665214649440203,NA,0.123751532782775,"ok"
"S1_linear_weak",119,20570119,1,"scenario_matched_gap_adjusted_did","linear_gap",2,0.203095005047327,-0.0136371416976732,-0.216732146745001,2.20309500504733,2.216732146745,0.216732146745001,0.216732146745001,0.0469728234326964,-0.00136371416976732,NA,0.14209718960637,"ok"
"S1_linear_weak",120,20570120,1,"scenario_matched_gap_adjusted_did","linear_gap",2,0.151200426023472,0.220917131731722,0.0697167057082498,2.15120042602347,1.93028329429175,-0.0697167057082499,0.0697167057082499,0.00486041905481073,0.0220917131731722,NA,0.148452784234101,"ok"
"S1_linear_weak",121,20570121,1,"scenario_matched_gap_adjusted_did","linear_gap",2,-0.0431864793469137,0.147216851941304,0.190403331288218,1.95681352065309,1.80959666871178,-0.190403331288218,0.190403331288218,0.0362534285656508,0.0147216851941304,NA,0.178570525972365,"ok"
"S1_linear_weak",122,20570122,1,"scenario_matched_gap_adjusted_did","linear_gap",2,0.0465108762243483,0.0799243183024374,0.0334134420780891,2.04651087622435,1.96658655792191,-0.0334134420780892,0.0334134420780892,0.00111645811150582,0.00799243183024375,NA,0.181648996036163,"ok"
"S1_linear_weak",123,20570123,1,"scenario_matched_gap_adjusted_did","linear_gap",2,0.150517161691684,-0.212628268208296,-0.36314542989998,2.15051716169168,2.36314542989998,0.36314542989998,0.36314542989998,0.131874603257241,-0.0212628268208296,NA,0.213568036660573,"ok"
"S1_linear_weak",124,20570124,1,"scenario_matched_gap_adjusted_did","linear_gap",2,-0.0584522462596291,-0.144037443823834,-0.0855851975642049,1.94154775374037,2.08558519756421,0.085585197564205,0.085585197564205,0.007324826042104,-0.0144037443823834,NA,0.172571699645829,"ok"
"S1_linear_weak",125,20570125,1,"scenario_matched_gap_adjusted_did","linear_gap",2,0.0783097399328557,0.187083898207548,0.108774158274692,2.07830973993286,1.89122584172531,-0.108774158274692,0.108774158274692,0.0118318175083678,0.0187083898207548,NA,0.15000422199394,"ok"
"S1_linear_weak",126,20570126,1,"scenario_matched_gap_adjusted_did","linear_gap",2,-0.0490724790162013,0.21718269828084,0.266255177297041,1.9509275209838,1.73374482270296,-0.266255177297041,0.266255177297041,0.0708918194374788,0.021718269828084,NA,0.165436150694856,"ok"
"S1_linear_weak",127,20570127,1,"scenario_matched_gap_adjusted_did","linear_gap",2,0.0114791879913436,0.0179664694271339,0.00648728143579023,2.01147918799134,1.99351271856421,-0.00648728143579014,0.00648728143579014,4.20848204271473e-05,0.00179664694271339,NA,0.120378936867708,"ok"
"S1_linear_weak",128,20570128,1,"scenario_matched_gap_adjusted_did","linear_gap",2,0.0624745974812445,0.116366387225194,0.0538917897439491,2.06247459748124,1.94610821025605,-0.053891789743949,0.053891789743949,0.00290432500180601,0.0116366387225194,NA,0.192692320742991,"ok"
"S1_linear_weak",129,20570129,1,"scenario_matched_gap_adjusted_did","linear_gap",2,0.13125803501501,0.23428046685221,0.1030224318372,2.13125803501501,1.8969775681628,-0.1030224318372,0.1030224318372,0.0106136214616505,0.023428046685221,NA,0.102748812827997,"ok"
"S1_linear_weak",130,20570130,1,"scenario_matched_gap_adjusted_did","linear_gap",2,0.0262269658948596,0.194021016841478,0.167794050946618,2.02622696589486,1.83220594905338,-0.167794050946618,0.167794050946618,0.0281548435330762,0.0194021016841478,NA,0.102931659449221,"ok"
"S1_linear_weak",131,20570131,1,"scenario_matched_gap_adjusted_did","linear_gap",2,0.0460497451944009,0.140689904686908,0.0946401594925069,2.0460497451944,1.90535984050749,-0.0946401594925068,0.0946401594925068,0.00895675978876713,0.0140689904686908,NA,0.197294308472405,"ok"
"S1_linear_weak",132,20570132,1,"scenario_matched_gap_adjusted_did","linear_gap",2,0.114302682089393,-0.209809868643742,-0.324112550733134,2.11430268208939,2.32411255073313,0.324112550733134,0.324112550733134,0.105048945542738,-0.0209809868643742,NA,0.114593893977434,"ok"
"S1_linear_weak",133,20570133,1,"scenario_matched_gap_adjusted_did","linear_gap",2,0.0364596929252941,0.0436730750143364,0.00721338208904235,2.03645969292529,1.99278661791096,-0.00721338208904254,0.00721338208904254,5.20328811625197e-05,0.00436730750143364,NA,0.0928790057047099,"ok"
"S1_linear_weak",134,20570134,1,"scenario_matched_gap_adjusted_did","linear_gap",2,0.100879060188018,-0.0550328621378932,-0.155911922325911,2.10087906018802,2.15591192232591,0.155911922325911,0.155911922325911,0.024308527523361,-0.00550328621378932,NA,0.125655293654999,"ok"
"S1_linear_weak",135,20570135,1,"scenario_matched_gap_adjusted_did","linear_gap",2,0.17645662468157,0.231664590675553,0.0552079659939834,2.17645662468157,1.94479203400602,-0.0552079659939835,0.0552079659939835,0.00304791950919284,0.0231664590675553,NA,0.11385937928222,"ok"
"S1_linear_weak",136,20570136,1,"scenario_matched_gap_adjusted_did","linear_gap",2,0.27832172893214,0.108541978597675,-0.169779750334465,2.27832172893214,2.16977975033446,0.169779750334465,0.169779750334465,0.0288251636236332,0.0108541978597675,NA,0.134155341001332,"ok"
"S1_linear_weak",137,20570137,1,"scenario_matched_gap_adjusted_did","linear_gap",2,0.0456783297764687,-0.0398410321879819,-0.0855193619644506,2.04567832977647,2.08551936196445,0.085519361964451,0.085519361964451,0.00731356127080678,-0.00398410321879819,NA,0.168397145471833,"ok"
"S1_linear_weak",138,20570138,1,"scenario_matched_gap_adjusted_did","linear_gap",2,0.0975466341910075,0.13666528567887,0.039118651487862,2.09754663419101,1.96088134851214,-0.0391186514878619,0.0391186514878619,0.0015302688942288,0.013666528567887,NA,0.0874528060858692,"ok"
"S1_linear_weak",139,20570139,1,"scenario_matched_gap_adjusted_did","linear_gap",2,0.00501743680132274,0.0711090096010202,0.0660915727996975,2.00501743680132,1.9339084272003,-0.0660915727996976,0.0660915727996976,0.00436809599513772,0.00711090096010202,NA,0.148649730033457,"ok"
"S1_linear_weak",140,20570140,1,"scenario_matched_gap_adjusted_did","linear_gap",2,0.097544615360083,0.347132852186993,0.24958823682691,2.09754461536008,1.75041176317309,-0.24958823682691,0.24958823682691,0.0622942879623656,0.0347132852186993,NA,0.128862360516598,"ok"
"S1_linear_weak",141,20570141,1,"scenario_matched_gap_adjusted_did","linear_gap",2,0.0206229403002638,0.0387032301827424,0.0180802898824786,2.02062294030026,1.98191971011752,-0.0180802898824786,0.0180802898824786,0.000326896882234457,0.00387032301827423,NA,0.137680263649623,"ok"
"S1_linear_weak",142,20570142,1,"scenario_matched_gap_adjusted_did","linear_gap",2,0.0455620938095766,0.0990709704085182,0.0535088765989416,2.04556209380958,1.94649112340106,-0.0535088765989418,0.0535088765989418,0.00286319987488078,0.00990709704085181,NA,0.120270242752824,"ok"
"S1_linear_weak",143,20570143,1,"scenario_matched_gap_adjusted_did","linear_gap",2,0.108366640949585,0.0893132712463371,-0.0190533697032475,2.10836664094958,2.01905336970325,0.0190533697032471,0.0190533697032471,0.000363030897048615,0.00893132712463371,NA,0.153941574444363,"ok"
"S1_linear_weak",144,20570144,1,"scenario_matched_gap_adjusted_did","linear_gap",2,0.114486619842751,0.0896119462620384,-0.0248746735807125,2.11448661984275,2.02487467358071,0.0248746735807126,0.0248746735807126,0.000618749385747002,0.00896119462620384,NA,0.155976368874886,"ok"
"S1_linear_weak",145,20570145,1,"scenario_matched_gap_adjusted_did","linear_gap",2,0.0387834521339946,0.0736875626325577,0.0349041104985631,2.03878345213399,1.96509588950144,-0.034904110498563,0.034904110498563,0.0012182969296959,0.00736875626325577,NA,0.108377442068206,"ok"
"S1_linear_weak",146,20570146,1,"scenario_matched_gap_adjusted_did","linear_gap",2,0.128171983581294,-0.162611879332447,-0.290783862913741,2.12817198358129,2.29078386291374,0.290783862913742,0.290783862913742,0.0845552549310377,-0.0162611879332447,NA,0.102864492874984,"ok"
"S1_linear_weak",147,20570147,1,"scenario_matched_gap_adjusted_did","linear_gap",2,0.0698361887509969,0.0760474886689319,0.00621129991793504,2.069836188751,1.99378870008206,-0.00621129991793534,0.00621129991793534,3.85802466705436e-05,0.00760474886689319,NA,0.139837349096265,"ok"
"S1_linear_weak",148,20570148,1,"scenario_matched_gap_adjusted_did","linear_gap",2,0.0493302688401093,0.175196346692858,0.125866077852749,2.04933026884011,1.87413392214725,-0.125866077852749,0.125866077852749,0.0158422695540343,0.0175196346692858,NA,0.108044004862209,"ok"
"S1_linear_weak",149,20570149,1,"scenario_matched_gap_adjusted_did","linear_gap",2,0.108313382999823,0.142974129528637,0.0346607465288142,2.10831338299982,1.96533925347119,-0.0346607465288142,0.0346607465288142,0.00120136734993471,0.0142974129528637,NA,0.142453626789066,"ok"
"S1_linear_weak",150,20570150,1,"scenario_matched_gap_adjusted_did","linear_gap",2,-0.0373229766750075,0.00451685859292382,0.0418398352679313,1.96267702332499,1.95816016473207,-0.0418398352679312,0.0418398352679312,0.00175057181524762,0.000451685859292382,NA,0.121561666440618,"ok"
"S1_linear_weak",151,20570151,1,"scenario_matched_gap_adjusted_did","linear_gap",2,0.114663446379642,0.208472610653559,0.0938091642739171,2.11466344637964,1.90619083572608,-0.0938091642739169,0.0938091642739169,0.00880015930177074,0.0208472610653559,NA,0.111654678004023,"ok"
"S1_linear_weak",152,20570152,1,"scenario_matched_gap_adjusted_did","linear_gap",2,0.0283388886022273,0.222130978362038,0.193792089759811,2.02833888860223,1.80620791024019,-0.19379208975981,0.19379208975981,0.0375553740534744,0.0222130978362038,NA,0.0915852091544642,"ok"
"S1_linear_weak",153,20570153,1,"scenario_matched_gap_adjusted_did","linear_gap",2,-0.0368544334813217,-0.0794845964609626,-0.0426301629796409,1.96314556651868,2.04263016297964,0.0426301629796408,0.0426301629796408,0.00181733079567074,-0.00794845964609625,NA,0.140021976806102,"ok"
"S1_linear_weak",154,20570154,1,"scenario_matched_gap_adjusted_did","linear_gap",2,0.0191699317881847,0.0549607974509896,0.0357908656628049,2.01916993178818,1.9642091343372,-0.035790865662805,0.035790865662805,0.00128098606489295,0.00549607974509896,NA,0.148736148550268,"ok"
"S1_linear_weak",155,20570155,1,"scenario_matched_gap_adjusted_did","linear_gap",2,0.0663138171610955,-0.0881788581345081,-0.154492675295604,2.0663138171611,2.1544926752956,0.154492675295604,0.154492675295604,0.0238679867199928,-0.00881788581345081,NA,0.133043332247416,"ok"
"S1_linear_weak",156,20570156,1,"scenario_matched_gap_adjusted_did","linear_gap",2,0.0668621210650332,0.154669950556786,0.0878078294917529,2.06686212106503,1.91219217050825,-0.087807829491753,0.087807829491753,0.00771021492005277,0.0154669950556786,NA,0.120789650968488,"ok"
"S1_linear_weak",157,20570157,1,"scenario_matched_gap_adjusted_did","linear_gap",2,0.0354530005253723,0.105572270658009,0.070119270132637,2.03545300052537,1.92988072986736,-0.0701192701326372,0.0701192701326372,0.00491671204393375,0.0105572270658009,NA,0.122992787778595,"ok"
"S1_linear_weak",158,20570158,1,"scenario_matched_gap_adjusted_did","linear_gap",2,0.0501604860468821,0.129021860543032,0.0788613744961501,2.05016048604688,1.92113862550385,-0.0788613744961504,0.0788613744961504,0.00621911638742208,0.0129021860543032,NA,0.0900628879693226,"ok"
"S1_linear_weak",159,20570159,1,"scenario_matched_gap_adjusted_did","linear_gap",2,0.0645405388393155,-0.00269910928632805,-0.0672396481256435,2.06454053883932,2.06723964812564,0.0672396481256436,0.0672396481256436,0.00452117028006037,-0.000269910928632808,NA,0.153283650655691,"ok"
"S1_linear_weak",160,20570160,1,"scenario_matched_gap_adjusted_did","linear_gap",2,-0.0170939375539117,0.00312941737463283,0.0202233549285445,1.98290606244609,1.97977664507146,-0.0202233549285444,0.0202233549285444,0.000408984084565882,0.000312941737463285,NA,0.130253930981704,"ok"
"S1_linear_weak",161,20570161,1,"scenario_matched_gap_adjusted_did","linear_gap",2,0.00743264483537623,-0.0185867892660749,-0.0260194341014511,2.00743264483538,2.02601943410145,0.026019434101451,0.026019434101451,0.000677010950959752,-0.00185867892660749,NA,0.145952178544039,"ok"
"S1_linear_weak",162,20570162,1,"scenario_matched_gap_adjusted_did","linear_gap",2,0.0681318971168949,0.232579371224789,0.164447474107894,2.0681318971169,1.83555252589211,-0.164447474107893,0.164447474107893,0.0270429717404663,0.0232579371224789,NA,0.0858855054829585,"ok"
"S1_linear_weak",163,20570163,1,"scenario_matched_gap_adjusted_did","linear_gap",2,-0.0423907085351919,-0.0793466175885837,-0.0369559090533918,1.95760929146481,2.03695590905339,0.036955909053392,0.036955909053392,0.00136573921396258,-0.00793466175885837,NA,0.162508466569306,"ok"
"S1_linear_weak",164,20570164,1,"scenario_matched_gap_adjusted_did","linear_gap",2,-0.0785367950241856,0.0726536747796936,0.151190469803879,1.92146320497581,1.84880953019612,-0.15119046980388,0.15119046980388,0.0228585581595178,0.00726536747796936,NA,0.186607982006939,"ok"
"S1_linear_weak",165,20570165,1,"scenario_matched_gap_adjusted_did","linear_gap",2,0.0323469894299994,-0.0639955312536874,-0.0963425206836868,2.03234698943,2.09634252068369,0.0963425206836868,0.0963425206836868,0.00928188129168661,-0.00639955312536874,NA,0.139088458846471,"ok"
"S1_linear_weak",166,20570166,1,"scenario_matched_gap_adjusted_did","linear_gap",2,0.00531689416171913,0.0597656430836673,0.0544487489219482,2.00531689416172,1.94555125107805,-0.0544487489219483,0.0544487489219483,0.00296466625916536,0.00597656430836674,NA,0.130857165741978,"ok"
"S1_linear_weak",167,20570167,1,"scenario_matched_gap_adjusted_did","linear_gap",2,0.0772532115305086,-0.240578478399641,-0.31783168993015,2.07725321153051,2.31783168993015,0.317831689930149,0.317831689930149,0.101016983123855,-0.0240578478399641,NA,0.18423921267261,"ok"
"S1_linear_weak",168,20570168,1,"scenario_matched_gap_adjusted_did","linear_gap",2,0.0346370054092493,-0.193686480534234,-0.228323485943483,2.03463700540925,2.22832348594348,0.228323485943483,0.228323485943483,0.0521316142333838,-0.0193686480534234,NA,0.135773995371608,"ok"
"S1_linear_weak",169,20570169,1,"scenario_matched_gap_adjusted_did","linear_gap",2,0.156020208567702,0.126008206638117,-0.0300120019295858,2.1560202085677,2.03001200192959,0.030012001929586,0.030012001929586,0.000900720259821472,0.0126008206638117,NA,0.0901593396438336,"ok"
"S1_linear_weak",170,20570170,1,"scenario_matched_gap_adjusted_did","linear_gap",2,0.0780452853898638,0.024661161918298,-0.0533841234715657,2.07804528538986,2.05338412347157,0.0533841234715657,0.0533841234715657,0.00284986463882738,0.0024661161918298,NA,0.116538104946184,"ok"
"S1_linear_weak",171,20570171,1,"scenario_matched_gap_adjusted_did","linear_gap",2,0.0947173271870652,-0.104139850933247,-0.198857178120312,2.09471732718707,2.19885717812031,0.198857178120312,0.198857178120312,0.0395441772899734,-0.0104139850933246,NA,0.1381752675688,"ok"
"S1_linear_weak",172,20570172,1,"scenario_matched_gap_adjusted_did","linear_gap",2,0.0340032904144192,0.18147829671981,0.14747500630539,2.03400329041442,1.85252499369461,-0.14747500630539,0.14747500630539,0.0217488774847749,0.018147829671981,NA,0.107538726409402,"ok"
"S1_linear_weak",173,20570173,1,"scenario_matched_gap_adjusted_did","linear_gap",2,0.0649205853835551,0.130301064741268,0.0653804793577125,2.06492058538356,1.93461952064229,-0.0653804793577124,0.0653804793577124,0.00427460708104426,0.0130301064741268,NA,0.125463921660782,"ok"
"S1_linear_weak",174,20570174,1,"scenario_matched_gap_adjusted_did","linear_gap",2,0.044031972923137,0.0655262787719627,0.0214943058488256,2.04403197292314,1.97850569415117,-0.0214943058488255,0.0214943058488255,0.000462005183922854,0.00655262787719627,NA,0.149108172220187,"ok"
"S1_linear_weak",175,20570175,1,"scenario_matched_gap_adjusted_did","linear_gap",2,0.0731508910362105,-0.0346217315903065,-0.107772622626517,2.07315089103621,2.10777262262652,0.107772622626517,0.107772622626517,0.0116149381877976,-0.00346217315903064,NA,0.0934366604529002,"ok"
"S1_linear_weak",176,20570176,1,"scenario_matched_gap_adjusted_did","linear_gap",2,-0.0318626468851419,0.0662641813979229,0.0981268282830648,1.96813735311486,1.90187317171694,-0.098126828283065,0.098126828283065,0.00962887442889412,0.00662641813979228,NA,0.12341904607116,"ok"
"S1_linear_weak",177,20570177,1,"scenario_matched_gap_adjusted_did","linear_gap",2,0.113396385334713,-0.0616481217382613,-0.175044507072975,2.11339638533471,2.17504450707297,0.175044507072974,0.175044507072974,0.0306405794564206,-0.00616481217382614,NA,0.0744435543310779,"ok"
"S1_linear_weak",178,20570178,1,"scenario_matched_gap_adjusted_did","linear_gap",2,0.00546183166238261,0.0182434273505135,0.0127815956881309,2.00546183166238,1.98721840431187,-0.012781595688131,0.012781595688131,0.000163369188334848,0.00182434273505135,NA,0.142924332109039,"ok"
"S1_linear_weak",179,20570179,1,"scenario_matched_gap_adjusted_did","linear_gap",2,0.0352276151587353,0.171012659601673,0.135785044442938,2.03522761515874,1.86421495555706,-0.135785044442938,0.135785044442938,0.0184375782943706,0.0171012659601673,NA,0.165813203200448,"ok"
"S1_linear_weak",180,20570180,1,"scenario_matched_gap_adjusted_did","linear_gap",2,-0.0185871594070096,0.178566628110408,0.197153787517417,1.98141284059299,1.80284621248258,-0.197153787517417,0.197153787517417,0.0388696159324628,0.0178566628110408,NA,0.127538299818955,"ok"
"S1_linear_weak",181,20570181,1,"scenario_matched_gap_adjusted_did","linear_gap",2,0.0712658392670197,0.104909160405248,0.0336433211382286,2.07126583926702,1.96635667886177,-0.0336433211382285,0.0336433211382285,0.00113187305720998,0.0104909160405248,NA,0.119928969740311,"ok"
"S1_linear_weak",182,20570182,1,"scenario_matched_gap_adjusted_did","linear_gap",2,-0.00523404479995193,0.0470761023763697,0.0523101471763217,1.99476595520005,1.94768985282368,-0.0523101471763219,0.0523101471763219,0.00273635149760846,0.00470761023763697,NA,0.171734601820903,"ok"
"S1_linear_weak",183,20570183,1,"scenario_matched_gap_adjusted_did","linear_gap",2,0.0818572810563091,0.406780637115923,0.324923356059614,2.08185728105631,1.67507664394039,-0.324923356059614,0.324923356059614,0.105575187313043,0.0406780637115923,NA,0.195608101095528,"ok"
"S1_linear_weak",184,20570184,1,"scenario_matched_gap_adjusted_did","linear_gap",2,0.0178344896611938,0.187453903002364,0.16961941334117,2.01783448966119,1.83038058665883,-0.16961941334117,0.16961941334117,0.0287707453822027,0.0187453903002364,NA,0.118709581010423,"ok"
"S1_linear_weak",185,20570185,1,"scenario_matched_gap_adjusted_did","linear_gap",2,0.0116576385276965,0.32649924284821,0.314841604320514,2.0116576385277,1.68515839567949,-0.314841604320514,0.314841604320514,0.099125235811115,0.032649924284821,NA,0.120910085806017,"ok"
"S1_linear_weak",186,20570186,1,"scenario_matched_gap_adjusted_did","linear_gap",2,0.101111408276514,-0.230516416965426,-0.331627825241941,2.10111140827651,2.33162782524194,0.331627825241941,0.331627825241941,0.109977014474699,-0.0230516416965427,NA,0.137465747344385,"ok"
"S1_linear_weak",187,20570187,1,"scenario_matched_gap_adjusted_did","linear_gap",2,-0.00891768416920821,-0.118118624605136,-0.109200940435927,1.99108231583079,2.10920094043593,0.109200940435928,0.109200940435928,0.011924845392091,-0.0118118624605136,NA,0.156586415331198,"ok"
"S1_linear_weak",188,20570188,1,"scenario_matched_gap_adjusted_did","linear_gap",2,0.0189688317971855,0.139726896305282,0.120758064508097,2.01896883179719,1.8792419354919,-0.120758064508096,0.120758064508096,0.0145825101437416,0.0139726896305282,NA,0.0982153464468282,"ok"
"S1_linear_weak",189,20570189,1,"scenario_matched_gap_adjusted_did","linear_gap",2,0.164296069417035,0.188427037530572,0.0241309681135367,2.16429606941704,1.97586903188646,-0.0241309681135369,0.0241309681135369,0.000582303622096534,0.0188427037530572,NA,0.118703130280448,"ok"
"S1_linear_weak",190,20570190,1,"scenario_matched_gap_adjusted_did","linear_gap",2,0.126687314761463,0.325875492633877,0.199188177872414,2.12668731476146,1.80081182212759,-0.199188177872414,0.199188177872414,0.0396759302041325,0.0325875492633877,NA,0.107854021986066,"ok"
"S1_linear_weak",191,20570191,1,"scenario_matched_gap_adjusted_did","linear_gap",2,0.0114193225757193,-0.163434937536693,-0.174854260112412,2.01141932257572,2.17485426011241,0.174854260112412,0.174854260112412,0.0305740122794592,-0.0163434937536693,NA,0.136829882891847,"ok"
"S1_linear_weak",192,20570192,1,"scenario_matched_gap_adjusted_did","linear_gap",2,0.00685504346892779,0.0367930489784112,0.0299380055094834,2.00685504346893,1.97006199449052,-0.0299380055094833,0.0299380055094833,0.000896284173885855,0.00367930489784113,NA,0.16823095489695,"ok"
"S1_linear_weak",193,20570193,1,"scenario_matched_gap_adjusted_did","linear_gap",2,0.0785840644165814,-0.300085582257049,-0.37866964667363,2.07858406441658,2.37866964667363,0.37866964667363,0.37866964667363,0.143390701311932,-0.0300085582257049,NA,0.142791282067636,"ok"
"S1_linear_weak",194,20570194,1,"scenario_matched_gap_adjusted_did","linear_gap",2,0.0917213021727454,0.0634299852622053,-0.02829131691054,2.09172130217275,2.02829131691054,0.0282913169105403,0.0282913169105403,0.000800398612532625,0.00634299852622053,NA,0.122645907832529,"ok"
"S1_linear_weak",195,20570195,1,"scenario_matched_gap_adjusted_did","linear_gap",2,-0.000293449538111668,0.0695984314762882,0.0698918810143999,1.99970655046189,1.9301081189856,-0.0698918810144,0.0698918810144,0.00488487503173105,0.00695984314762883,NA,0.105006532040373,"ok"
"S1_linear_weak",196,20570196,1,"scenario_matched_gap_adjusted_did","linear_gap",2,0.0610085883052558,0.128726727652832,0.0677181393475759,2.06100858830526,1.93228186065242,-0.0677181393475759,0.0677181393475759,0.0045857463966977,0.0128726727652831,NA,0.140877276833262,"ok"
"S1_linear_weak",197,20570197,1,"scenario_matched_gap_adjusted_did","linear_gap",2,0.0293424905029457,-0.0295132855349382,-0.0588557760378839,2.02934249050295,2.05885577603788,0.0588557760378836,0.0588557760378836,0.00346400237302151,-0.00295132855349382,NA,0.0927038281012614,"ok"
"S1_linear_weak",198,20570198,1,"scenario_matched_gap_adjusted_did","linear_gap",2,0.107459538617381,0.168753950655406,0.0612944120380245,2.10745953861738,1.93870558796198,-0.0612944120380245,0.0612944120380245,0.00375700494708713,0.0168753950655406,NA,0.115701386515569,"ok"
"S1_linear_weak",199,20570199,1,"scenario_matched_gap_adjusted_did","linear_gap",2,0.10085328091836,0.0532938724395833,-0.0475594084787764,2.10085328091836,2.04755940847878,0.0475594084787763,0.0475594084787763,0.0022618973348511,0.00532938724395833,NA,0.184286650580737,"ok"
"S1_linear_weak",200,20570200,1,"scenario_matched_gap_adjusted_did","linear_gap",2,0.129230461851328,0.0832026732335393,-0.0460277886177887,2.12923046185133,2.04602778861779,0.0460277886177889,0.0460277886177889,0.00211855732504386,0.00832026732335393,NA,0.173819361957004,"ok"
"S1_linear_weak",201,20570201,1,"scenario_matched_gap_adjusted_did","linear_gap",2,0.0459255823573206,0.11003674366308,0.0641111613057598,2.04592558235732,1.93588883869424,-0.0641111613057594,0.0641111613057594,0.00411024100397311,0.011003674366308,NA,0.131047472130535,"ok"
"S1_linear_weak",202,20570202,1,"scenario_matched_gap_adjusted_did","linear_gap",2,0.0362384633486051,0.253247761020574,0.217009297671969,2.03623846334861,1.78299070232803,-0.217009297671968,0.217009297671968,0.047093035276081,0.0253247761020574,NA,0.170174203896853,"ok"
"S1_linear_weak",203,20570203,1,"scenario_matched_gap_adjusted_did","linear_gap",2,0.10444957716164,-0.0665591581886386,-0.171008735350279,2.10444957716164,2.17100873535028,0.171008735350278,0.171008735350278,0.0292439875661016,-0.00665591581886386,NA,0.139328608128935,"ok"
"S1_linear_weak",204,20570204,1,"scenario_matched_gap_adjusted_did","linear_gap",2,0.0502103621111161,-0.0572981793834936,-0.10750854149461,2.05021036211112,2.10750854149461,0.10750854149461,0.10750854149461,0.0115580864942983,-0.00572981793834936,NA,0.107146633957888,"ok"
"S1_linear_weak",205,20570205,1,"scenario_matched_gap_adjusted_did","linear_gap",2,-0.062913838712995,-0.0622177834391562,0.000696055273838828,1.937086161287,1.99930394472616,-0.000696055273838869,0.000696055273838869,4.84492944238903e-07,-0.00622177834391562,NA,0.0941153023957056,"ok"
"S1_linear_weak",206,20570206,1,"scenario_matched_gap_adjusted_did","linear_gap",2,-0.04603674665389,-0.0117952099651922,0.0342415366886978,1.95396325334611,1.9657584633113,-0.0342415366886981,0.0342415366886981,0.00117248283480346,-0.00117952099651922,NA,0.142882808289067,"ok"
"S1_linear_weak",207,20570207,1,"scenario_matched_gap_adjusted_did","linear_gap",2,0.0488834362939825,0.106092919486408,0.0572094831924253,2.04888343629398,1.94279051680757,-0.057209483192425,0.057209483192425,0.00327292496714436,0.0106092919486408,NA,0.165379811413009,"ok"
"S1_linear_weak",208,20570208,1,"scenario_matched_gap_adjusted_did","linear_gap",2,0.0437344432067058,-0.083500982199866,-0.127235425406572,2.04373444320671,2.12723542540657,0.127235425406572,0.127235425406572,0.0161888534783913,-0.0083500982199866,NA,0.142824489943591,"ok"
"S1_linear_weak",209,20570209,1,"scenario_matched_gap_adjusted_did","linear_gap",2,0.0289647303431265,-0.145345337299371,-0.174310067642497,2.02896473034313,2.1743100676425,0.174310067642498,0.174310067642498,0.0303839996815321,-0.0145345337299371,NA,0.139738275797954,"ok"
"S1_linear_weak",210,20570210,1,"scenario_matched_gap_adjusted_did","linear_gap",2,0.123030723451698,0.171915086717076,0.0488843632653783,2.1230307234517,1.95111563673462,-0.0488843632653784,0.0488843632653784,0.00238968097186147,0.0171915086717076,NA,0.131323047347738,"ok"
"S1_linear_weak",211,20570211,1,"scenario_matched_gap_adjusted_did","linear_gap",2,0.0127513061872723,-0.00689600894156203,-0.0196473151288343,2.01275130618727,2.01964731512883,0.0196473151288346,0.0196473151288346,0.000386016991771731,-0.000689600894156206,NA,0.129987792907863,"ok"
"S1_linear_weak",212,20570212,1,"scenario_matched_gap_adjusted_did","linear_gap",2,-0.00735150258663103,0.123828568155548,0.131180070742179,1.99264849741337,1.86881992925782,-0.131180070742179,0.131180070742179,0.0172082109599231,0.0123828568155548,NA,0.124528416528209,"ok"
"S1_linear_weak",213,20570213,1,"scenario_matched_gap_adjusted_did","linear_gap",2,0.0248447220657388,0.122510717610012,0.0976659955442734,2.02484472206574,1.90233400445573,-0.0976659955442736,0.0976659955442736,0.00953864668565407,0.0122510717610012,NA,0.124423669599338,"ok"
"S1_linear_weak",214,20570214,1,"scenario_matched_gap_adjusted_did","linear_gap",2,-0.0289561273775785,0.0215238733019721,0.0504800006795507,1.97104387262242,1.94951999932045,-0.0504800006795505,0.0504800006795505,0.00254823046860742,0.00215238733019721,NA,0.12997326061013,"ok"
"S1_linear_weak",215,20570215,1,"scenario_matched_gap_adjusted_did","linear_gap",2,0.140681743927031,0.102808228971364,-0.037873514955667,2.14068174392703,2.03787351495567,0.0378735149556668,0.0378735149556668,0.00143440313509712,0.0102808228971364,NA,0.124702025220611,"ok"
"S1_linear_weak",216,20570216,1,"scenario_matched_gap_adjusted_did","linear_gap",2,-0.0110155829229445,0.0866170698613739,0.0976326527843184,1.98898441707706,1.90236734721568,-0.0976326527843185,0.0976326527843185,0.0095321348897033,0.00866170698613739,NA,0.0884169694187129,"ok"
"S1_linear_weak",217,20570217,1,"scenario_matched_gap_adjusted_did","linear_gap",2,0.141545483661807,0.15995470949427,0.0184092258324629,2.14154548366181,1.98159077416754,-0.0184092258324631,0.0184092258324631,0.000338899595750626,0.015995470949427,NA,0.158033407179485,"ok"
"S1_linear_weak",218,20570218,1,"scenario_matched_gap_adjusted_did","linear_gap",2,-0.103148140741732,-0.291786678461128,-0.188638537719396,1.89685185925827,2.1886385377194,0.188638537719396,0.188638537719396,0.0355844979129119,-0.0291786678461128,NA,0.093801188726697,"ok"
"S1_linear_weak",219,20570219,1,"scenario_matched_gap_adjusted_did","linear_gap",2,0.0965958296488433,-0.126877030267,-0.223472859915844,2.09659582964884,2.22347285991584,0.223472859915844,0.223472859915844,0.0499401191189664,-0.0126877030267,NA,0.107653187448726,"ok"
"S1_linear_weak",220,20570220,1,"scenario_matched_gap_adjusted_did","linear_gap",2,-0.00795146445131509,0.0305790150227004,0.0385304794740154,1.99204853554868,1.96146952052598,-0.0385304794740153,0.0385304794740153,0.00148459784849752,0.00305790150227004,NA,0.153052060760471,"ok"
"S1_linear_weak",221,20570221,1,"scenario_matched_gap_adjusted_did","linear_gap",2,-0.0335179216814628,-0.0184113504623597,0.0151065712191031,1.96648207831854,1.9848934287809,-0.015106571219103,0.015106571219103,0.00022820849399783,-0.00184113504623597,NA,0.164845490011506,"ok"
"S1_linear_weak",222,20570222,1,"scenario_matched_gap_adjusted_did","linear_gap",2,-0.0291770286345418,-0.0504982203961376,-0.0213211917615958,1.97082297136546,2.0213211917616,0.0213211917615959,0.0213211917615959,0.000454593218134743,-0.00504982203961376,NA,0.144578889581486,"ok"
"S1_linear_weak",223,20570223,1,"scenario_matched_gap_adjusted_did","linear_gap",2,0.00598737290550634,0.0217123310185212,0.0157249581130148,2.00598737290551,1.98427504188699,-0.015724958113015,0.015724958113015,0.000247274307656076,0.00217123310185212,NA,0.169323189847687,"ok"
"S1_linear_weak",224,20570224,1,"scenario_matched_gap_adjusted_did","linear_gap",2,0.0126539635534486,0.0137467922420998,0.00109282868865127,2.01265396355345,1.99890717131135,-0.00109282868865135,0.00109282868865135,1.19427454273943e-06,0.00137467922420998,NA,0.149671932305599,"ok"
"S1_linear_weak",225,20570225,1,"scenario_matched_gap_adjusted_did","linear_gap",2,0.00208325505578256,0.102291007756912,0.100207752701129,2.00208325505578,1.89979224729887,-0.100207752701129,0.100207752701129,0.0100415937014107,0.0102291007756912,NA,0.131354520710999,"ok"
"S1_linear_weak",226,20570226,1,"scenario_matched_gap_adjusted_did","linear_gap",2,0.0935353982250417,0.221408454318561,0.127873056093519,2.09353539822504,1.87212694390648,-0.127873056093519,0.127873056093519,0.0163515184746963,0.0221408454318561,NA,0.102626257972305,"ok"
"S1_linear_weak",227,20570227,1,"scenario_matched_gap_adjusted_did","linear_gap",2,0.0547836814809928,-0.0165037203373834,-0.0712874018183762,2.05478368148099,2.07128740181838,0.0712874018183758,0.0712874018183758,0.00508189365801457,-0.00165037203373833,NA,0.109662662852588,"ok"
"S1_linear_weak",228,20570228,1,"scenario_matched_gap_adjusted_did","linear_gap",2,0.0294595105415813,-0.081220583292156,-0.110680093833737,2.02945951054158,2.11068009383374,0.110680093833738,0.110680093833738,0.012250083171045,-0.0081220583292156,NA,0.101141375880951,"ok"
"S1_linear_weak",229,20570229,1,"scenario_matched_gap_adjusted_did","linear_gap",2,-0.0305191972534059,0.0454843683295274,0.0760035655829333,1.96948080274659,1.92399643441707,-0.0760035655829336,0.0760035655829336,0.0057765419813193,0.00454843683295273,NA,0.091551917312598,"ok"
"S1_linear_weak",230,20570230,1,"scenario_matched_gap_adjusted_did","linear_gap",2,0.0524832784537167,-0.0845682452895196,-0.137051523743236,2.05248327845372,2.13705152374324,0.137051523743236,0.137051523743236,0.0187831201603429,-0.00845682452895196,NA,0.131329909301283,"ok"
"S1_linear_weak",231,20570231,1,"scenario_matched_gap_adjusted_did","linear_gap",2,0.00832441398848152,0.0543134143119723,0.0459890003234908,2.00832441398848,1.95401099967651,-0.0459890003234906,0.0459890003234906,0.00211498815075402,0.00543134143119723,NA,0.122615035645984,"ok"
"S1_linear_weak",232,20570232,1,"scenario_matched_gap_adjusted_did","linear_gap",2,0.0697137821583106,-0.0389890555951126,-0.108702837753423,2.06971378215831,2.10870283775342,0.108702837753423,0.108702837753423,0.0118163069356469,-0.00389890555951125,NA,0.13301615602178,"ok"
"S1_linear_weak",233,20570233,1,"scenario_matched_gap_adjusted_did","linear_gap",2,0.0290938110683958,0.0775435136811178,0.048449702612722,2.0290938110684,1.95155029738728,-0.0484497026127217,0.0484497026127217,0.00234737368326118,0.00775435136811177,NA,0.116758690169759,"ok"
"S1_linear_weak",234,20570234,1,"scenario_matched_gap_adjusted_did","linear_gap",2,-0.00161871617271017,0.258614066161459,0.260232782334169,1.99838128382729,1.73976721766583,-0.260232782334169,0.260232782334169,0.0677211010013829,0.0258614066161459,NA,0.169287843790115,"ok"
"S1_linear_weak",235,20570235,1,"scenario_matched_gap_adjusted_did","linear_gap",2,0.0351027942288942,0.0309920915477324,-0.00411070268116187,2.03510279422889,2.00411070268116,0.00411070268116198,0.00411070268116198,1.68978765329123e-05,0.00309920915477324,NA,0.0966125184462601,"ok"
"S1_linear_weak",236,20570236,1,"scenario_matched_gap_adjusted_did","linear_gap",2,-0.015047027362258,-0.257535432192741,-0.242488404830483,1.98495297263774,2.24248840483048,0.242488404830482,0.242488404830482,0.0588006264772319,-0.0257535432192741,NA,0.127526839545513,"ok"
"S1_linear_weak",237,20570237,1,"scenario_matched_gap_adjusted_did","linear_gap",2,0.0454569162645971,0.145027637419231,0.0995707211546336,2.0454569162646,1.90042927884537,-0.0995707211546339,0.0995707211546339,0.00991432851125387,0.0145027637419231,NA,0.133219849513598,"ok"
"S1_linear_weak",238,20570238,1,"scenario_matched_gap_adjusted_did","linear_gap",2,-0.0709083034263182,0.10240345672771,0.173311760154028,1.92909169657368,1.82668823984597,-0.173311760154028,0.173311760154028,0.0300369662076873,0.010240345672771,NA,0.104122731328146,"ok"
"S1_linear_weak",239,20570239,1,"scenario_matched_gap_adjusted_did","linear_gap",2,0.129464016764915,0.0294620822524935,-0.100001934512421,2.12946401676491,2.10000193451242,0.100001934512421,0.100001934512421,0.0100003869062266,0.00294620822524935,NA,0.106511664633041,"ok"
"S1_linear_weak",240,20570240,1,"scenario_matched_gap_adjusted_did","linear_gap",2,-0.0155553493001944,0.106650043304047,0.122205392604242,1.98444465069981,1.87779460739576,-0.122205392604242,0.122205392604242,0.0149341579815569,0.0106650043304047,NA,0.130089196965215,"ok"
"S1_linear_weak",241,20570241,1,"scenario_matched_gap_adjusted_did","linear_gap",2,0.00142123597517063,-0.00418551710161693,-0.00560675307678756,2.00142123597517,2.00560675307679,0.00560675307678737,0.00560675307678737,3.14356800640647e-05,-0.000418551710161693,NA,0.0862006439948365,"ok"
"S1_linear_weak",242,20570242,1,"scenario_matched_gap_adjusted_did","linear_gap",2,-0.0762163937693151,0.127761210320418,0.203977604089733,1.92378360623068,1.79602239591027,-0.203977604089733,0.203977604089733,0.0416068629701879,0.0127761210320418,NA,0.175192416026217,"ok"
"S1_linear_weak",243,20570243,1,"scenario_matched_gap_adjusted_did","linear_gap",2,0.0846183401820228,0.0835865573980081,-0.00103178278401467,2.08461834018202,2.00103178278401,0.00103178278401472,0.00103178278401472,1.06457571338917e-06,0.00835865573980081,NA,0.184683573720279,"ok"
"S1_linear_weak",244,20570244,1,"scenario_matched_gap_adjusted_did","linear_gap",2,-0.0467546733210975,0.163629695118902,0.21038436844,1.9532453266789,1.78961563156,-0.21038436844,0.21038436844,0.0442615824838977,0.0163629695118902,NA,0.0623590587246061,"ok"
"S1_linear_weak",245,20570245,1,"scenario_matched_gap_adjusted_did","linear_gap",2,0.00253842370224146,-0.0185419569535966,-0.0210803806558381,2.00253842370224,2.02108038065584,0.0210803806558384,0.0210803806558384,0.000444382448595046,-0.00185419569535967,NA,0.0721962703121109,"ok"
"S1_linear_weak",246,20570246,1,"scenario_matched_gap_adjusted_did","linear_gap",2,-0.00477232770103203,0.0850795176781772,0.0898518453792092,1.99522767229897,1.91014815462079,-0.0898518453792094,0.0898518453792094,0.00807335411804936,0.00850795176781771,NA,0.103325695086418,"ok"
"S1_linear_weak",247,20570247,1,"scenario_matched_gap_adjusted_did","linear_gap",2,0.0691866669931119,-0.144846629036183,-0.214033296029295,2.06918666699311,2.2140332960293,0.214033296029295,0.214033296029295,0.045810251809164,-0.0144846629036183,NA,0.152846417057207,"ok"
"S1_linear_weak",248,20570248,1,"scenario_matched_gap_adjusted_did","linear_gap",2,0.0613155069666094,0.0164105003447417,-0.0449050066218677,2.06131550696661,2.04490500662187,0.0449050066218679,0.0449050066218679,0.00201645961971,0.00164105003447417,NA,0.186525263042597,"ok"
"S1_linear_weak",249,20570249,1,"scenario_matched_gap_adjusted_did","linear_gap",2,0.142769919861091,-0.165253674280105,-0.308023594141196,2.14276991986109,2.3080235941412,0.308023594141196,0.308023594141196,0.0948785345476603,-0.0165253674280105,NA,0.126992399689188,"ok"
"S1_linear_weak",250,20570250,1,"scenario_matched_gap_adjusted_did","linear_gap",2,0.126937615959001,0.063143140705114,-0.0637944752538869,2.126937615959,2.06379447525389,0.0637944752538866,0.0637944752538866,0.00406973507291875,0.0063143140705114,NA,0.171505724549948,"ok"
"S1_linear_weak",251,20570251,1,"scenario_matched_gap_adjusted_did","linear_gap",2,0.153377377647642,-0.133231234481927,-0.286608612129568,2.15337737764764,2.28660861212957,0.286608612129568,0.286608612129568,0.0821444965468372,-0.0133231234481927,NA,0.0907394108173968,"ok"
"S1_linear_weak",252,20570252,1,"scenario_matched_gap_adjusted_did","linear_gap",2,-0.0284459455139605,-0.0175035910954087,0.0109423544185518,1.97155405448604,1.98905764558145,-0.0109423544185521,0.0109423544185521,0.000119735120221206,-0.00175035910954087,NA,0.122483288447398,"ok"
"S1_linear_weak",253,20570253,1,"scenario_matched_gap_adjusted_did","linear_gap",2,-0.00632930842253605,-0.0602041792959802,-0.0538748708734441,1.99367069157746,2.05387487087344,0.053874870873444,0.053874870873444,0.00290250171163027,-0.00602041792959802,NA,0.103938650727455,"ok"
"S1_linear_weak",254,20570254,1,"scenario_matched_gap_adjusted_did","linear_gap",2,-0.0528980945389924,0.175122385514481,0.228020480053473,1.94710190546101,1.77197951994653,-0.228020480053474,0.228020480053474,0.0519933393238165,0.0175122385514481,NA,0.0757732837485431,"ok"
"S1_linear_weak",255,20570255,1,"scenario_matched_gap_adjusted_did","linear_gap",2,0.0985440249120261,0.0396446651406117,-0.0588993597714144,2.09854402491203,2.05889935977141,0.0588993597714143,0.0588993597714143,0.00346913458148249,0.00396446651406116,NA,0.0974368247479733,"ok"
"S1_linear_weak",256,20570256,1,"scenario_matched_gap_adjusted_did","linear_gap",2,0.0373365764861513,0.138011379376247,0.100674802890096,2.03733657648615,1.8993251971099,-0.100674802890096,0.100674802890096,0.0101354159369596,0.0138011379376247,NA,0.138265002895313,"ok"
"S1_linear_weak",257,20570257,1,"scenario_matched_gap_adjusted_did","linear_gap",2,0.110030030941425,0.0243259556618902,-0.0857040752795346,2.11003003094142,2.08570407527953,0.0857040752795344,0.0857040752795344,0.0073451885195201,0.00243259556618901,NA,0.117013199812055,"ok"
"S1_linear_weak",258,20570258,1,"scenario_matched_gap_adjusted_did","linear_gap",2,-0.049251868288887,-0.0395376907934207,0.00971417749546633,1.95074813171111,1.99028582250453,-0.0097141774954661,0.0097141774954661,9.43652444134201e-05,-0.00395376907934209,NA,0.127424943854386,"ok"
"S1_linear_weak",259,20570259,1,"scenario_matched_gap_adjusted_did","linear_gap",2,0.120970867176443,0.127400301480107,0.0064294343036638,2.12097086717644,1.99357056569634,-0.00642943430366372,0.00642943430366372,4.13376254651277e-05,0.0127400301480107,NA,0.0922763227750987,"ok"
"S1_linear_weak",260,20570260,1,"scenario_matched_gap_adjusted_did","linear_gap",2,0.0480566374248041,-0.0353536900429317,-0.0834103274677358,2.0480566374248,2.08341032746774,0.0834103274677362,0.0834103274677362,0.006957282728275,-0.00353536900429317,NA,0.111533829280371,"ok"
"S1_linear_weak",261,20570261,1,"scenario_matched_gap_adjusted_did","linear_gap",2,-0.190281781682563,-0.0741195370525697,0.116162244629994,1.80971821831744,1.88383775537001,-0.116162244629994,0.116162244629994,0.0134936670774785,-0.00741195370525697,NA,0.128477283559833,"ok"
"S1_linear_weak",262,20570262,1,"scenario_matched_gap_adjusted_did","linear_gap",2,-0.0201545423396313,0.0167241993342023,0.0368787416738336,1.97984545766037,1.96312125832617,-0.0368787416738332,0.0368787416738332,0.00136004158744532,0.00167241993342023,NA,0.14161420652898,"ok"
"S1_linear_weak",263,20570263,1,"scenario_matched_gap_adjusted_did","linear_gap",2,0.183218651835402,0.0353922762351892,-0.147826375600213,2.1832186518354,2.14782637560021,0.147826375600213,0.147826375600213,0.0218526373230952,0.00353922762351893,NA,0.135154751425872,"ok"
"S1_linear_weak",264,20570264,1,"scenario_matched_gap_adjusted_did","linear_gap",2,0.0612147540019982,-0.0130853000814849,-0.0743000540834832,2.061214754002,2.07430005408348,0.0743000540834831,0.0743000540834831,0.00552049803680851,-0.00130853000814849,NA,0.168352010077683,"ok"
"S1_linear_weak",265,20570265,1,"scenario_matched_gap_adjusted_did","linear_gap",2,0.0262055958476879,-0.0920368454970854,-0.118242441344773,2.02620559584769,2.11824244134477,0.118242441344774,0.118242441344774,0.0139812749351722,-0.00920368454970854,NA,0.128807830092512,"ok"
"S1_linear_weak",266,20570266,1,"scenario_matched_gap_adjusted_did","linear_gap",2,0.11998239849544,0.179541322199028,0.0595589237035886,2.11998239849544,1.94044107629641,-0.0595589237035887,0.0595589237035887,0.0035472653927299,0.0179541322199029,NA,0.106930059142792,"ok"
"S1_linear_weak",267,20570267,1,"scenario_matched_gap_adjusted_did","linear_gap",2,-0.123398336602096,0.171091977480147,0.294490314082243,1.8766016633979,1.70550968591776,-0.294490314082243,0.294490314082243,0.0867245450882584,0.0171091977480147,NA,0.162553167423048,"ok"
"S1_linear_weak",268,20570268,1,"scenario_matched_gap_adjusted_did","linear_gap",2,0.0800778821500971,0.330444687036757,0.25036680488666,2.0800778821501,1.74963319511334,-0.25036680488666,0.25036680488666,0.0626835369891549,0.0330444687036757,NA,0.113794889620773,"ok"
"S1_linear_weak",269,20570269,1,"scenario_matched_gap_adjusted_did","linear_gap",2,0.0432980808441017,0.0012130071702845,-0.0420850736738172,2.0432980808441,2.04208507367382,0.0420850736738165,0.0420850736738165,0.00177115342613057,0.00012130071702845,NA,0.123521034400897,"ok"
"S1_linear_weak",270,20570270,1,"scenario_matched_gap_adjusted_did","linear_gap",2,-0.0770027708114326,0.0966054841021763,0.173608254913609,1.92299722918857,1.82639174508639,-0.173608254913609,0.173608254913609,0.0301398261741487,0.00966054841021763,NA,0.10213170955313,"ok"
"S1_linear_weak",271,20570271,1,"scenario_matched_gap_adjusted_did","linear_gap",2,-0.0383203420963803,0.126480747038408,0.164801089134789,1.96167965790362,1.83519891086521,-0.164801089134789,0.164801089134789,0.0271593989800126,0.0126480747038408,NA,0.0881208097617483,"ok"
"S1_linear_weak",272,20570272,1,"scenario_matched_gap_adjusted_did","linear_gap",2,0.0266254593569256,0.0489282467680453,0.0223027874111197,2.02662545935693,1.97769721258888,-0.0223027874111197,0.0223027874111197,0.000497414326305599,0.00489282467680454,NA,0.147369825998099,"ok"
"S1_linear_weak",273,20570273,1,"scenario_matched_gap_adjusted_did","linear_gap",2,0.0749154691902464,0.0366931270704307,-0.0382223421198156,2.07491546919025,2.03822234211982,0.0382223421198153,0.0382223421198153,0.00146094743712421,0.00366931270704308,NA,0.143618799333605,"ok"
"S1_linear_weak",274,20570274,1,"scenario_matched_gap_adjusted_did","linear_gap",2,0.15933877051065,0.0483864579996741,-0.110952312510976,2.15933877051065,2.11095231251098,0.110952312510976,0.110952312510976,0.0123104156515334,0.00483864579996741,NA,0.111194883706665,"ok"
"S1_linear_weak",275,20570275,1,"scenario_matched_gap_adjusted_did","linear_gap",2,0.103357018642092,0.147049989375019,0.0436929707329269,2.10335701864209,1.95630702926707,-0.043692970732927,0.043692970732927,0.00190907569146841,0.0147049989375019,NA,0.144151631977228,"ok"
"S1_linear_weak",276,20570276,1,"scenario_matched_gap_adjusted_did","linear_gap",2,-0.106482844259595,0.0561846460591386,0.162667490318734,1.89351715574041,1.83733250968127,-0.162667490318734,0.162667490318734,0.0264607124065953,0.00561846460591385,NA,0.168317845667585,"ok"
"S1_linear_weak",277,20570277,1,"scenario_matched_gap_adjusted_did","linear_gap",2,-0.0520957523726425,-0.133022507704704,-0.0809267553320617,1.94790424762736,2.08092675533206,0.0809267553320621,0.0809267553320621,0.00654913972857544,-0.0133022507704704,NA,0.111654971345473,"ok"
"S1_linear_weak",278,20570278,1,"scenario_matched_gap_adjusted_did","linear_gap",2,0.0333131432181809,0.160327613193494,0.127014469975313,2.03331314321818,1.87298553002469,-0.127014469975314,0.127014469975314,0.0161326755831098,0.0160327613193494,NA,0.154512195430366,"ok"
"S1_linear_weak",279,20570279,1,"scenario_matched_gap_adjusted_did","linear_gap",2,0.0845962124380014,0.0181511791955404,-0.066445033242461,2.084596212438,2.06644503324246,0.0664450332424611,0.0664450332424611,0.00441494244259176,0.00181511791955404,NA,0.0844953538027103,"ok"
"S1_linear_weak",280,20570280,1,"scenario_matched_gap_adjusted_did","linear_gap",2,0.0229347151106688,-0.137311951495727,-0.160246666606396,2.02293471511067,2.1602466666064,0.160246666606396,0.160246666606396,0.0256789941584615,-0.0137311951495727,NA,0.145982114255537,"ok"
"S1_linear_weak",281,20570281,1,"scenario_matched_gap_adjusted_did","linear_gap",2,0.0191164414716852,0.296880726428556,0.277764284956871,2.01911644147169,1.72223571504313,-0.27776428495687,0.27776428495687,0.0771529979976015,0.0296880726428556,NA,0.0605918807250345,"ok"
"S1_linear_weak",282,20570282,1,"scenario_matched_gap_adjusted_did","linear_gap",2,0.0498221937365338,-0.0518973621056509,-0.101719555842185,2.04982219373653,2.10171955584218,0.101719555842184,0.101719555842184,0.0103468680407313,-0.00518973621056509,NA,0.122067752479448,"ok"
"S1_linear_weak",283,20570283,1,"scenario_matched_gap_adjusted_did","linear_gap",2,0.174732418944074,-0.102561717612188,-0.277294136556262,2.17473241894407,2.27729413655626,0.277294136556262,0.277294136556262,0.076892038168483,-0.0102561717612188,NA,0.118693600911043,"ok"
"S1_linear_weak",284,20570284,1,"scenario_matched_gap_adjusted_did","linear_gap",2,0.153505356446491,0.0155314048128149,-0.137973951633676,2.15350535644649,2.13797395163368,0.137973951633676,0.137973951633676,0.0190368113294118,0.00155314048128149,NA,0.097131458300238,"ok"
"S1_linear_weak",285,20570285,1,"scenario_matched_gap_adjusted_did","linear_gap",2,0.0370652168519318,-0.215481392683272,-0.252546609535204,2.03706521685193,2.2525466095352,0.252546609535203,0.252546609535203,0.0637797899877265,-0.0215481392683272,NA,0.11159938738597,"ok"
"S1_linear_weak",286,20570286,1,"scenario_matched_gap_adjusted_did","linear_gap",2,0.134866354583795,0.147135634340184,0.0122692797563889,2.13486635458379,1.98773072024361,-0.012269279756389,0.012269279756389,0.000150535225740538,0.0147135634340184,NA,0.114528532895173,"ok"
"S1_linear_weak",287,20570287,1,"scenario_matched_gap_adjusted_did","linear_gap",2,0.123044688463297,-0.0567061771535911,-0.179750865616889,2.1230446884633,2.17975086561689,0.179750865616888,0.179750865616888,0.0323103736900206,-0.0056706177153591,NA,0.118990077630888,"ok"
"S1_linear_weak",288,20570288,1,"scenario_matched_gap_adjusted_did","linear_gap",2,-0.00615845760622636,-0.0729784393376204,-0.066819981731394,1.99384154239377,2.06681998173139,0.0668199817313937,0.0668199817313937,0.00446490995858379,-0.00729784393376204,NA,0.111216089945623,"ok"
"S1_linear_weak",289,20570289,1,"scenario_matched_gap_adjusted_did","linear_gap",2,0.0829968126256989,0.0131748111809202,-0.0698220014447787,2.0829968126257,2.06982200144478,0.0698220014447788,0.0698220014447788,0.00487511188575469,0.00131748111809203,NA,0.130585747410753,"ok"
"S1_linear_weak",290,20570290,1,"scenario_matched_gap_adjusted_did","linear_gap",2,0.0572033992419769,0.189129849388335,0.131926450146358,2.05720339924198,1.86807354985364,-0.131926450146359,0.131926450146359,0.0174045882482196,0.0189129849388335,NA,0.129163856972566,"ok"
"S1_linear_weak",291,20570291,1,"scenario_matched_gap_adjusted_did","linear_gap",2,0.0382473217181437,0.103314096377989,0.0650667746598452,2.03824732171814,1.93493322534015,-0.0650667746598454,0.0650667746598454,0.00423368516463511,0.0103314096377989,NA,0.111126027487131,"ok"
"S1_linear_weak",292,20570292,1,"scenario_matched_gap_adjusted_did","linear_gap",2,0.14240289042773,-0.179870386326444,-0.322273276754174,2.14240289042773,2.32227327675417,0.322273276754175,0.322273276754175,0.103860064909873,-0.0179870386326444,NA,0.0961013926236159,"ok"
"S1_linear_weak",293,20570293,1,"scenario_matched_gap_adjusted_did","linear_gap",2,0.0840227274964146,0.130096011522921,0.0460732840265066,2.08402272749641,1.95392671597349,-0.0460732840265066,0.0460732840265066,0.00212274750098715,0.0130096011522921,NA,0.110646687241402,"ok"
"S1_linear_weak",294,20570294,1,"scenario_matched_gap_adjusted_did","linear_gap",2,-0.0463129573445498,0.0334198610477108,0.0797328183922607,1.95368704265545,1.92026718160774,-0.0797328183922605,0.0797328183922605,0.0063573223287732,0.00334198610477108,NA,0.109308778449921,"ok"
"S1_linear_weak",295,20570295,1,"scenario_matched_gap_adjusted_did","linear_gap",2,-0.086353287983593,-0.0226525293314628,0.0637007586521302,1.91364671201641,1.93629924134787,-0.0637007586521301,0.0637007586521301,0.00405778665285693,-0.00226525293314628,NA,0.0980265332997263,"ok"
"S1_linear_weak",296,20570296,1,"scenario_matched_gap_adjusted_did","linear_gap",2,0.0484637653515638,-0.0906733071494515,-0.139137072501015,2.04846376535156,2.13913707250102,0.139137072501015,0.139137072501015,0.0193591249441528,-0.00906733071494515,NA,0.136048136637396,"ok"
"S1_linear_weak",297,20570297,1,"scenario_matched_gap_adjusted_did","linear_gap",2,0.00758129156934588,-0.216408047318305,-0.223989338887651,2.00758129156935,2.22398933888765,0.223989338887651,0.223989338887651,0.0501712239353271,-0.0216408047318305,NA,0.0984886758680508,"ok"
"S1_linear_weak",298,20570298,1,"scenario_matched_gap_adjusted_did","linear_gap",2,0.0193908293829776,-0.0817299698624681,-0.101120799245446,2.01939082938298,2.10112079924545,0.101120799245446,0.101120799245446,0.0102254160400378,-0.00817299698624681,NA,0.140203484065446,"ok"
"S1_linear_weak",299,20570299,1,"scenario_matched_gap_adjusted_did","linear_gap",2,-0.0505691225049029,-0.0209034681870324,0.0296656543178705,1.9494308774951,1.97033434568213,-0.0296656543178704,0.0296656543178704,0.000880051046107382,-0.00209034681870324,NA,0.134694490986739,"ok"
"S1_linear_weak",300,20570300,1,"scenario_matched_gap_adjusted_did","linear_gap",2,-0.0333073933597002,-0.0398486577462886,-0.00654126438658836,1.9666926066403,2.00654126438659,0.00654126438658853,0.00654126438658853,4.27881397752514e-05,-0.00398486577462885,NA,0.0937768334163137,"ok"
"S1_linear_weak",301,20570301,1,"scenario_matched_gap_adjusted_did","linear_gap",2,0.17204172265816,0.0588571812273231,-0.113184541430837,2.17204172265816,2.11318454143084,0.113184541430837,0.113184541430837,0.0128107404189089,0.0058857181227323,NA,0.100483313915853,"ok"
"S1_linear_weak",302,20570302,1,"scenario_matched_gap_adjusted_did","linear_gap",2,-0.0297437347950043,0.101483549908563,0.131227284703567,1.970256265205,1.86877271529643,-0.131227284703567,0.131227284703567,0.017220600250671,0.0101483549908563,NA,0.0673343315861389,"ok"
"S1_linear_weak",303,20570303,1,"scenario_matched_gap_adjusted_did","linear_gap",2,-0.0327331631522897,0.0717889548336859,0.104522117985976,1.96726683684771,1.89547788201402,-0.104522117985976,0.104522117985976,0.0109248731482742,0.00717889548336859,NA,0.169231473250485,"ok"
"S1_linear_weak",304,20570304,1,"scenario_matched_gap_adjusted_did","linear_gap",2,0.0940293288496421,0.0156385517956799,-0.0783907770539622,2.09402932884964,2.07839077705396,0.0783907770539622,0.0783907770539622,0.00614511392712401,0.001563855179568,NA,0.138082151071133,"ok"
"S1_linear_weak",305,20570305,1,"scenario_matched_gap_adjusted_did","linear_gap",2,0.0169636646012068,0.0166768027955744,-0.000286861805632421,2.01696366460121,2.00028686180563,0.000286861805632199,0.000286861805632199,8.22896955305656e-08,0.00166768027955743,NA,0.143032498330869,"ok"
"S1_linear_weak",306,20570306,1,"scenario_matched_gap_adjusted_did","linear_gap",2,0.0681268940738217,-0.119220265520785,-0.187347159594606,2.06812689407382,2.18734715959461,0.187347159594606,0.187347159594606,0.0350989582081669,-0.0119220265520785,NA,0.106831307117945,"ok"
"S1_linear_weak",307,20570307,1,"scenario_matched_gap_adjusted_did","linear_gap",2,0.0833336529793833,0.268476945343139,0.185143292363756,2.08333365297938,1.81485670763624,-0.185143292363756,0.185143292363756,0.0342780387072912,0.0268476945343139,NA,0.121483491826836,"ok"
"S1_linear_weak",308,20570308,1,"scenario_matched_gap_adjusted_did","linear_gap",2,-0.0209408673255239,0.138150595090229,0.159091462415753,1.97905913267448,1.84090853758425,-0.159091462415753,0.159091462415753,0.025310093413583,0.0138150595090229,NA,0.153433699377072,"ok"
"S1_linear_weak",309,20570309,1,"scenario_matched_gap_adjusted_did","linear_gap",2,-0.0736705645435497,0.0614516414049754,0.135122205948525,1.92632943545645,1.86487779405148,-0.135122205948525,0.135122205948525,0.0182580105403956,0.00614516414049753,NA,0.112912760313761,"ok"
"S1_linear_weak",310,20570310,1,"scenario_matched_gap_adjusted_did","linear_gap",2,0.0584704183032506,0.0484925007828865,-0.00997791752036414,2.05847041830325,2.00997791752036,0.00997791752036381,0.00997791752036381,9.95588380431831e-05,0.00484925007828865,NA,0.0985194712290559,"ok"
"S1_linear_weak",311,20570311,1,"scenario_matched_gap_adjusted_did","linear_gap",2,0.0634327156449072,0.0922574662695291,0.0288247506246219,2.06343271564491,1.97117524937538,-0.0288247506246215,0.0288247506246215,0.000830866248571619,0.00922574662695291,NA,0.0775846158290594,"ok"
"S1_linear_weak",312,20570312,1,"scenario_matched_gap_adjusted_did","linear_gap",2,0.118330151047983,-0.0750548305230885,-0.193384981571071,2.11833015104798,2.19338498157107,0.193384981571071,0.193384981571071,0.0373977510972435,-0.00750548305230885,NA,0.108671044106725,"ok"
"S1_linear_weak",313,20570313,1,"scenario_matched_gap_adjusted_did","linear_gap",2,0.0184023998975377,0.245364460720129,0.226962060822591,2.01840239989754,1.77303793917741,-0.226962060822591,0.226962060822591,0.0515117770528375,0.0245364460720129,NA,0.149117717432103,"ok"
"S1_linear_weak",314,20570314,1,"scenario_matched_gap_adjusted_did","linear_gap",2,0.0846805255205153,0.170672752776514,0.085992227255999,2.08468052552052,1.914007772744,-0.0859922272559992,0.0859922272559992,0.00739466314844741,0.0170672752776514,NA,0.128472950035684,"ok"
"S1_linear_weak",315,20570315,1,"scenario_matched_gap_adjusted_did","linear_gap",2,0.0813559397009848,-0.152896779015429,-0.234252718716414,2.08135593970098,2.23425271871641,0.234252718716414,0.234252718716414,0.0548743362260314,-0.0152896779015429,NA,0.126469750190891,"ok"
"S1_linear_weak",316,20570316,1,"scenario_matched_gap_adjusted_did","linear_gap",2,0.133120481288888,0.198019389393762,0.064898908104874,2.13312048128889,1.93510109189513,-0.0648989081048739,0.0648989081048739,0.00421186827320486,0.0198019389393762,NA,0.130755388379083,"ok"
"S1_linear_weak",317,20570317,1,"scenario_matched_gap_adjusted_did","linear_gap",2,0.0109280407763892,0.120817658565685,0.109889617789296,2.01092804077639,1.8901103822107,-0.109889617789296,0.109889617789296,0.0120757280978776,0.0120817658565685,NA,0.13695287681208,"ok"
"S1_linear_weak",318,20570318,1,"scenario_matched_gap_adjusted_did","linear_gap",2,0.00807532986369563,-0.0776555272490213,-0.0857308571127169,2.0080753298637,2.08573085711272,0.0857308571127171,0.0857308571127171,0.00734977986128112,-0.00776555272490212,NA,0.131092964970032,"ok"
"S1_linear_weak",319,20570319,1,"scenario_matched_gap_adjusted_did","linear_gap",2,0.0338034158325847,0.0501352311409186,0.0163318153083338,2.03380341583259,1.98366818469167,-0.0163318153083334,0.0163318153083334,0.000266728191265513,0.00501352311409184,NA,0.112498462683228,"ok"
"S1_linear_weak",320,20570320,1,"scenario_matched_gap_adjusted_did","linear_gap",2,0.0564864930756595,0.0536106768033394,-0.00287581627232014,2.05648649307566,2.00287581627232,0.00287581627231992,0.00287581627231992,8.27031923214004e-06,0.00536106768033394,NA,0.157040584765606,"ok"
"S1_linear_weak",321,20570321,1,"scenario_matched_gap_adjusted_did","linear_gap",2,0.0597697700908291,0.0198594860381941,-0.039910284052635,2.05976977009083,2.03991028405264,0.0399102840526351,0.0399102840526351,0.00159283077316202,0.00198594860381941,NA,0.142339520014773,"ok"
"S1_linear_weak",322,20570322,1,"scenario_matched_gap_adjusted_did","linear_gap",2,0.0836362516985944,-0.00936539475457165,-0.0930016464531661,2.08363625169859,2.09300164645317,0.0930016464531658,0.0930016464531658,0.00864930624299964,-0.000936539475457167,NA,0.116341747847702,"ok"
"S1_linear_weak",323,20570323,1,"scenario_matched_gap_adjusted_did","linear_gap",2,-0.0286399285127207,-0.282487573093135,-0.253847644580414,1.97136007148728,2.25384764458041,0.253847644580414,0.253847644580414,0.0644386266590243,-0.0282487573093135,NA,0.0698633659278894,"ok"
"S1_linear_weak",324,20570324,1,"scenario_matched_gap_adjusted_did","linear_gap",2,0.173449179370286,0.122138380203302,-0.0513107991669847,2.17344917937029,2.05131079916698,0.0513107991669846,0.0513107991669846,0.00263279811115462,0.0122138380203302,NA,0.104203388077267,"ok"
"S1_linear_weak",325,20570325,1,"scenario_matched_gap_adjusted_did","linear_gap",2,0.0666428876370313,0.194478851961664,0.127835964324633,2.06664288763703,1.87216403567537,-0.127835964324632,0.127835964324632,0.0163420337748087,0.0194478851961664,NA,0.154324122312944,"ok"
"S1_linear_weak",326,20570326,1,"scenario_matched_gap_adjusted_did","linear_gap",2,-0.0457946853819417,0.102098995982075,0.147893681364016,1.95420531461806,1.85210631863598,-0.147893681364017,0.147893681364017,0.0218725409874013,0.0102098995982075,NA,0.104710756401209,"ok"
"S1_linear_weak",327,20570327,1,"scenario_matched_gap_adjusted_did","linear_gap",2,0.0469696475813983,0.124276482656036,0.0773068350746378,2.0469696475814,1.92269316492536,-0.077306835074638,0.077306835074638,0.00597634674925728,0.0124276482656036,NA,0.183380902227689,"ok"
"S1_linear_weak",328,20570328,1,"scenario_matched_gap_adjusted_did","linear_gap",2,0.0072921850995714,-0.0612143634812797,-0.0685065485808511,2.00729218509957,2.06850654858085,0.0685065485808516,0.0685065485808516,0.00469314719846058,-0.00612143634812797,NA,0.166823567237672,"ok"
"S1_linear_weak",329,20570329,1,"scenario_matched_gap_adjusted_did","linear_gap",2,-0.0251139273238631,-0.0509881017969527,-0.0258741744730896,1.97488607267614,2.02587417447309,0.0258741744730897,0.0258741744730897,0.000669472904663887,-0.00509881017969527,NA,0.0824073992004721,"ok"
"S1_linear_weak",330,20570330,1,"scenario_matched_gap_adjusted_did","linear_gap",2,0.14408762228142,0.070958970846666,-0.0731286514347537,2.14408762228142,2.07312865143475,0.0731286514347538,0.0731286514347538,0.00534779966066572,0.0070958970846666,NA,0.155492922144266,"ok"
"S1_linear_weak",331,20570331,1,"scenario_matched_gap_adjusted_did","linear_gap",2,0.021105841611564,-0.0838824432620729,-0.104988284873637,2.02110584161156,2.10498828487364,0.104988284873637,0.104988284873637,0.0110225399607079,-0.00838824432620728,NA,0.0981194020228099,"ok"
"S1_linear_weak",332,20570332,1,"scenario_matched_gap_adjusted_did","linear_gap",2,0.0348524422429533,-0.211504882998755,-0.246357325241708,2.03485244224295,2.24635732524171,0.246357325241708,0.246357325241708,0.0606919317002489,-0.0211504882998755,NA,0.107919738447074,"ok"
"S1_linear_weak",333,20570333,1,"scenario_matched_gap_adjusted_did","linear_gap",2,0.138108704212134,0.0569213791078526,-0.0811873251042815,2.13810870421213,2.08118732510428,0.0811873251042816,0.0811873251042816,0.00659138175758832,0.00569213791078526,NA,0.14832858561272,"ok"
"S1_linear_weak",334,20570334,1,"scenario_matched_gap_adjusted_did","linear_gap",2,0.126446194561622,0.139478549111683,0.0130323545500604,2.12644619456162,1.98696764544994,-0.0130323545500604,0.0130323545500604,0.000169842265118479,0.0139478549111683,NA,0.133596519135905,"ok"
"S1_linear_weak",335,20570335,1,"scenario_matched_gap_adjusted_did","linear_gap",2,-0.0848983263059471,0.0948220380600082,0.179720364365955,1.91510167369405,1.82027963563404,-0.179720364365956,0.179720364365956,0.0322994093678318,0.00948220380600082,NA,0.112313841218369,"ok"
"S1_linear_weak",336,20570336,1,"scenario_matched_gap_adjusted_did","linear_gap",2,-0.00210717032586119,-0.34185525450767,-0.339748084181808,1.99789282967414,2.33974808418181,0.339748084181808,0.339748084181808,0.115428760705209,-0.034185525450767,NA,0.121465017334299,"ok"
"S1_linear_weak",337,20570337,1,"scenario_matched_gap_adjusted_did","linear_gap",2,0.0361266825071138,-0.0529960216223487,-0.0891227041294625,2.03612668250711,2.08912270412946,0.0891227041294624,0.0891227041294624,0.0079428563913477,-0.00529960216223487,NA,0.0840851837507621,"ok"
"S1_linear_weak",338,20570338,1,"scenario_matched_gap_adjusted_did","linear_gap",2,-0.0358840857988199,-0.0144655645421335,0.0214185212566863,1.96411591420118,1.97858147874331,-0.0214185212566864,0.0214185212566864,0.000458753052823128,-0.00144655645421337,NA,0.152661357216844,"ok"
"S1_linear_weak",339,20570339,1,"scenario_matched_gap_adjusted_did","linear_gap",2,0.00114747503445628,0.132379367754899,0.131231892720443,2.00114747503446,1.86876810727956,-0.131231892720443,0.131231892720443,0.0172218096669899,0.0132379367754899,NA,0.142679095838909,"ok"
"S1_linear_weak",340,20570340,1,"scenario_matched_gap_adjusted_did","linear_gap",2,0.0698981244417897,0.0759164146992973,0.00601829025750758,2.06989812444179,1.99398170974249,-0.00601829025750789,0.00601829025750789,3.62198176236143e-05,0.00759164146992974,NA,0.124688565942586,"ok"
"S1_linear_weak",341,20570341,1,"scenario_matched_gap_adjusted_did","linear_gap",2,0.14914124898965,0.00242140167858668,-0.146719847311063,2.14914124898965,2.14671984731106,0.146719847311063,0.146719847311063,0.0215267135949817,0.000242140167858665,NA,0.0927930726053308,"ok"
"S1_linear_weak",342,20570342,1,"scenario_matched_gap_adjusted_did","linear_gap",2,0.134180854886755,0.0127063443384795,-0.121474510548276,2.13418085488676,2.12147451054828,0.121474510548276,0.121474510548276,0.0147560567129432,0.00127063443384795,NA,0.155393431083123,"ok"
"S1_linear_weak",343,20570343,1,"scenario_matched_gap_adjusted_did","linear_gap",2,-0.0862520436094308,0.118623311335257,0.204875354944688,1.91374795639057,1.79512464505531,-0.204875354944688,0.204875354944688,0.0419739110637117,0.0118623311335257,NA,0.15415987721297,"ok"
"S1_linear_weak",344,20570344,1,"scenario_matched_gap_adjusted_did","linear_gap",2,0.127663266042625,-0.0845661204816009,-0.212229386524226,2.12766326604262,2.21222938652423,0.212229386524226,0.212229386524226,0.0450413125044492,-0.00845661204816008,NA,0.117373411172444,"ok"
"S1_linear_weak",345,20570345,1,"scenario_matched_gap_adjusted_did","linear_gap",2,0.0817799863037761,-0.0508683602560779,-0.132648346559854,2.08177998630378,2.13264834655985,0.132648346559854,0.132648346559854,0.0175955838450631,-0.00508683602560779,NA,0.123853443004472,"ok"
"S1_linear_weak",346,20570346,1,"scenario_matched_gap_adjusted_did","linear_gap",2,-0.0362826604553065,0.0253552494142006,0.0616379098695071,1.96371733954469,1.93836209013049,-0.0616379098695072,0.0616379098695072,0.0037992319330815,0.00253552494142006,NA,0.150996540474774,"ok"
"S1_linear_weak",347,20570347,1,"scenario_matched_gap_adjusted_did","linear_gap",2,-0.0639665156170673,0.0298544475090952,0.0938209631261625,1.93603348438293,1.90617903687384,-0.0938209631261624,0.0938209631261624,0.00880237312192072,0.00298544475090952,NA,0.095535110967741,"ok"
"S1_linear_weak",348,20570348,1,"scenario_matched_gap_adjusted_did","linear_gap",2,-0.0950064088192473,0.0965185224805157,0.191524931299763,1.90499359118075,1.80847506870024,-0.191524931299763,0.191524931299763,0.0366817993093788,0.00965185224805156,NA,0.152289461906173,"ok"
"S1_linear_weak",349,20570349,1,"scenario_matched_gap_adjusted_did","linear_gap",2,0.0179453484314907,0.172983381616171,0.15503803318468,2.01794534843149,1.84496196681532,-0.155038033184681,0.155038033184681,0.0240367917337741,0.0172983381616171,NA,0.147470733991424,"ok"
"S1_linear_weak",350,20570350,1,"scenario_matched_gap_adjusted_did","linear_gap",2,0.0757190783701321,0.0141674333038879,-0.0615516450662442,2.07571907837013,2.06155164506624,0.0615516450662446,0.0615516450662446,0.00378860501036095,0.00141674333038879,NA,0.136461684201758,"ok"
"S1_linear_weak",351,20570351,1,"scenario_matched_gap_adjusted_did","linear_gap",2,-0.0309681479514614,0.0774401766687793,0.108408324620241,1.96903185204854,1.89159167537976,-0.108408324620241,0.108408324620241,0.0117523648469675,0.00774401766687794,NA,0.11250179060355,"ok"
"S1_linear_weak",352,20570352,1,"scenario_matched_gap_adjusted_did","linear_gap",2,0.13385463008809,0.0465825055914161,-0.0872721244966734,2.13385463008809,2.08727212449667,0.0872721244966734,0.0872721244966734,0.00761642371416287,0.00465825055914161,NA,0.127909887433412,"ok"
"S1_linear_weak",353,20570353,1,"scenario_matched_gap_adjusted_did","linear_gap",2,-0.0197582911183592,-0.0834103352539625,-0.0636520441356032,1.98024170888164,2.0636520441356,0.063652044135603,0.063652044135603,0.00405158272264075,-0.00834103352539625,NA,0.0732352021411197,"ok"
"S1_linear_weak",354,20570354,1,"scenario_matched_gap_adjusted_did","linear_gap",2,-0.0088435623209531,0.0283120368530117,0.0371555991739648,1.99115643767905,1.96284440082603,-0.0371555991739652,0.0371555991739652,0.00138053854997636,0.00283120368530117,NA,0.141745659933556,"ok"
"S1_linear_weak",355,20570355,1,"scenario_matched_gap_adjusted_did","linear_gap",2,0.102724613023362,0.19325887662619,0.0905342636028281,2.10272461302336,1.90946573639717,-0.0905342636028281,0.0905342636028281,0.00819645288610637,0.019325887662619,NA,0.212324022715332,"ok"
"S1_linear_weak",356,20570356,1,"scenario_matched_gap_adjusted_did","linear_gap",2,0.0563155960687396,-0.272521312015228,-0.328836908083968,2.05631559606874,2.32883690808397,0.328836908083967,0.328836908083967,0.108133712118224,-0.0272521312015228,NA,0.156344379174425,"ok"
"S1_linear_weak",357,20570357,1,"scenario_matched_gap_adjusted_did","linear_gap",2,-0.0599381275823225,-0.00603651891385042,0.0539016086684721,1.94006187241768,1.94609839133153,-0.053901608668472,0.053901608668472,0.0029053834170491,-0.000603651891385041,NA,0.0737115667660181,"ok"
"S1_linear_weak",358,20570358,1,"scenario_matched_gap_adjusted_did","linear_gap",2,0.0264466232945852,0.0290574913593357,0.00261086806475052,2.02644662329459,1.99738913193525,-0.00261086806475053,0.00261086806475053,6.81663205153416e-06,0.00290574913593357,NA,0.149781423335068,"ok"
"S1_linear_weak",359,20570359,1,"scenario_matched_gap_adjusted_did","linear_gap",2,0.0132157069916463,0.0371813662010568,0.0239656592094105,2.01321570699165,1.97603434079059,-0.0239656592094104,0.0239656592094104,0.000574352821341598,0.00371813662010568,NA,0.111961622707529,"ok"
"S1_linear_weak",360,20570360,1,"scenario_matched_gap_adjusted_did","linear_gap",2,-0.0451116675530176,0.138758576502637,0.183870244055654,1.95488833244698,1.81612975594435,-0.183870244055655,0.183870244055655,0.033808266649086,0.0138758576502637,NA,0.107118282669963,"ok"
"S1_linear_weak",361,20570361,1,"scenario_matched_gap_adjusted_did","linear_gap",2,0.0760120969012265,0.073384440514088,-0.00262765638713847,2.07601209690123,2.00262765638714,0.0026276563871388,0.0026276563871388,6.90457808887133e-06,0.00733844405140879,NA,0.13342360917835,"ok"
"S1_linear_weak",362,20570362,1,"scenario_matched_gap_adjusted_did","linear_gap",2,-0.0676203453814626,0.115874847340518,0.18349519272198,1.93237965461854,1.81650480727802,-0.183495192721981,0.183495192721981,0.0336704857520768,0.0115874847340518,NA,0.158007482174917,"ok"
"S1_linear_weak",363,20570363,1,"scenario_matched_gap_adjusted_did","linear_gap",2,0.0212821188861952,0.132367812534346,0.111085693648151,2.0212821188862,1.88891430635185,-0.111085693648151,0.111085693648151,0.0123400313332909,0.0132367812534346,NA,0.125698805458806,"ok"
"S1_linear_weak",364,20570364,1,"scenario_matched_gap_adjusted_did","linear_gap",2,0.0338355407981961,-0.0731741065156813,-0.107009647313877,2.0338355407982,2.10700964731388,0.107009647313878,0.107009647313878,0.0114510646182405,-0.00731741065156812,NA,0.130199922312669,"ok"
"S1_linear_weak",365,20570365,1,"scenario_matched_gap_adjusted_did","linear_gap",2,0.0357150182744816,0.0679995751336841,0.0322845568592025,2.03571501827448,1.9677154431408,-0.0322845568592025,0.0322845568592025,0.00104229261159508,0.00679995751336841,NA,0.178623194462709,"ok"
"S1_linear_weak",366,20570366,1,"scenario_matched_gap_adjusted_did","linear_gap",2,0.0253222168674973,0.0268165619528816,0.00149434508538435,2.0253222168675,1.99850565491462,-0.00149434508538437,0.00149434508538437,2.23306723421243e-06,0.00268165619528817,NA,0.100866971443874,"ok"
"S1_linear_weak",367,20570367,1,"scenario_matched_gap_adjusted_did","linear_gap",2,0.0569383627535147,0.0560012226918254,-0.000937140061689337,2.05693836275351,2.00093714006169,0.000937140061689767,0.000937140061689767,8.78231495223901e-07,0.00560012226918254,NA,0.134700243057459,"ok"
"S1_linear_weak",368,20570368,1,"scenario_matched_gap_adjusted_did","linear_gap",2,0.00321966697518049,-0.00044036178059615,-0.00366002875577665,2.00321966697518,2.00366002875578,0.00366002875577687,0.00366002875577687,1.33958104931136e-05,-4.40361780596163e-05,NA,0.105420286279294,"ok"
"S1_linear_weak",369,20570369,1,"scenario_matched_gap_adjusted_did","linear_gap",2,0.108667211656932,0.0516964580595776,-0.0569707535973542,2.10866721165693,2.05697075359735,0.0569707535973545,0.0569707535973545,0.00324566676545048,0.00516964580595776,NA,0.116935395050657,"ok"
"S1_linear_weak",370,20570370,1,"scenario_matched_gap_adjusted_did","linear_gap",2,0.0940980540139352,0.233335825730418,0.139237771716483,2.09409805401394,1.86076222828352,-0.139237771716483,0.139237771716483,0.0193871570725714,0.0233335825730418,NA,0.109709386847035,"ok"
"S1_linear_weak",371,20570371,1,"scenario_matched_gap_adjusted_did","linear_gap",2,-0.0605893181317465,0.191802207252961,0.252391525384707,1.93941068186825,1.74760847461529,-0.252391525384707,0.252391525384707,0.0637014820860191,0.0191802207252961,NA,0.108196511485182,"ok"
"S1_linear_weak",372,20570372,1,"scenario_matched_gap_adjusted_did","linear_gap",2,0.0232653705166132,-0.0622112512766055,-0.0854766217932187,2.02326537051661,2.08547662179322,0.0854766217932186,0.0854766217932186,0.00730625287318093,-0.00622112512766055,NA,0.114200276303156,"ok"
"S1_linear_weak",373,20570373,1,"scenario_matched_gap_adjusted_did","linear_gap",2,0.148369678843781,0.0425849967752817,-0.1057846820685,2.14836967884378,2.1057846820685,0.105784682068499,0.105784682068499,0.0111903989603335,0.00425849967752816,NA,0.13903489541258,"ok"
"S1_linear_weak",374,20570374,1,"scenario_matched_gap_adjusted_did","linear_gap",2,0.0332892355599949,-0.185351627576088,-0.218640863136083,2.03328923555999,2.21864086313608,0.218640863136083,0.218640863136083,0.0478038270328913,-0.0185351627576088,NA,0.155188874949372,"ok"
"S1_linear_weak",375,20570375,1,"scenario_matched_gap_adjusted_did","linear_gap",2,0.100820319677566,0.106639704566088,0.005819384888522,2.10082031967757,1.99418061511148,-0.00581938488852218,0.00581938488852218,3.38652404807603e-05,0.0106639704566088,NA,0.103810972974612,"ok"
"S1_linear_weak",376,20570376,1,"scenario_matched_gap_adjusted_did","linear_gap",2,0.0481886119842025,0.176279614699761,0.128091002715559,2.0481886119842,1.87190899728444,-0.128091002715558,0.128091002715558,0.0164073049766772,0.0176279614699761,NA,0.117942942127364,"ok"
"S1_linear_weak",377,20570377,1,"scenario_matched_gap_adjusted_did","linear_gap",2,0.0675563104219084,0.100757477395265,0.0332011669733567,2.06755631042191,1.96679883302664,-0.0332011669733567,0.0332011669733567,0.00110231748839271,0.0100757477395265,NA,0.112123167481914,"ok"
"S1_linear_weak",378,20570378,1,"scenario_matched_gap_adjusted_did","linear_gap",2,0.113351246888999,-0.0637138807288446,-0.177065127617844,2.113351246889,2.17706512761784,0.177065127617844,0.177065127617844,0.0313520594183233,-0.00637138807288445,NA,0.151872228432218,"ok"
"S1_linear_weak",379,20570379,1,"scenario_matched_gap_adjusted_did","linear_gap",2,0.0185597559848989,0.0383265390098982,0.0197667830249993,2.0185597559849,1.980233216975,-0.0197667830249988,0.0197667830249988,0.00039072571115738,0.00383265390098982,NA,0.167630910283977,"ok"
"S1_linear_weak",380,20570380,1,"scenario_matched_gap_adjusted_did","linear_gap",2,0.128026593003892,0.167119135743344,0.0390925427394518,2.12802659300389,1.96090745726055,-0.0390925427394517,0.0390925427394517,0.00152822689783586,0.0167119135743344,NA,0.12786421507212,"ok"
"S1_linear_weak",381,20570381,1,"scenario_matched_gap_adjusted_did","linear_gap",2,0.0937817201405299,-0.0315261939163647,-0.125307914056895,2.09378172014053,2.12530791405689,0.125307914056894,0.125307914056894,0.01570207332529,-0.00315261939163646,NA,0.127038448980229,"ok"
"S1_linear_weak",382,20570382,1,"scenario_matched_gap_adjusted_did","linear_gap",2,0.117447861015223,0.0531151855469942,-0.0643326754682283,2.11744786101522,2.06433267546823,0.0643326754682283,0.0643326754682283,0.00413869313290038,0.00531151855469942,NA,0.108495708038235,"ok"
"S1_linear_weak",383,20570383,1,"scenario_matched_gap_adjusted_did","linear_gap",2,0.0570820229495756,-0.0769588254476359,-0.134040848397211,2.05708202294958,2.13404084839721,0.134040848397211,0.134040848397211,0.0179669490390442,-0.00769588254476359,NA,0.105204405783987,"ok"
"S1_linear_weak",384,20570384,1,"scenario_matched_gap_adjusted_did","linear_gap",2,0.0294787275913185,-0.228700977867532,-0.25817970545885,2.02947872759132,2.25817970545885,0.25817970545885,0.25817970545885,0.0666567603108186,-0.0228700977867532,NA,0.101591485424977,"ok"
"S1_linear_weak",385,20570385,1,"scenario_matched_gap_adjusted_did","linear_gap",2,-0.0975366883104686,-0.0245389544732318,0.0729977338372367,1.90246331168953,1.92700226616276,-0.0729977338372367,0.0729977338372367,0.00532866914537206,-0.00245389544732319,NA,0.115796765440283,"ok"
"S1_linear_weak",386,20570386,1,"scenario_matched_gap_adjusted_did","linear_gap",2,0.0791181672158804,0.0605862729422181,-0.0185318942736623,2.07911816721588,2.01853189427366,0.0185318942736625,0.0185318942736625,0.000343431105370206,0.00605862729422182,NA,0.111940855247625,"ok"
"S1_linear_weak",387,20570387,1,"scenario_matched_gap_adjusted_did","linear_gap",2,0.0607304889532385,0.172311999812393,0.111581510859155,2.06073048895324,1.88841848914084,-0.111581510859155,0.111581510859155,0.0124504335656118,0.0172311999812394,NA,0.117648697434401,"ok"
"S1_linear_weak",388,20570388,1,"scenario_matched_gap_adjusted_did","linear_gap",2,0.032483494111188,-0.00169067958897302,-0.0341741737001611,2.03248349411119,2.03417417370016,0.0341741737001611,0.0341741737001611,0.00116787414808878,-0.000169067958897304,NA,0.120608541541885,"ok"
"S1_linear_weak",389,20570389,1,"scenario_matched_gap_adjusted_did","linear_gap",2,0.0645464246433902,0.218009661638688,0.153463236995298,2.06454642464339,1.8465367630047,-0.153463236995298,0.153463236995298,0.0235509651090749,0.0218009661638688,NA,0.12279722362606,"ok"
"S1_linear_weak",390,20570390,1,"scenario_matched_gap_adjusted_did","linear_gap",2,-0.0637500989531271,0.0825058534727079,0.146255952425835,1.93624990104687,1.85374404757416,-0.146255952425835,0.146255952425835,0.0213908036199881,0.00825058534727079,NA,0.0836108436928835,"ok"
"S1_linear_weak",391,20570391,1,"scenario_matched_gap_adjusted_did","linear_gap",2,0.1761940957656,0.458843379600504,0.282649283834905,2.1761940957656,1.7173507161651,-0.282649283834904,0.282649283834904,0.0798906176523841,0.0458843379600504,NA,0.136108290162638,"ok"
"S1_linear_weak",392,20570392,1,"scenario_matched_gap_adjusted_did","linear_gap",2,-0.0195728036751029,0.243968006859291,0.263540810534394,1.9804271963249,1.73645918946561,-0.263540810534394,0.263540810534394,0.0694537588171254,0.0243968006859291,NA,0.154435167561355,"ok"
"S1_linear_weak",393,20570393,1,"scenario_matched_gap_adjusted_did","linear_gap",2,-0.0255641795471517,0.0294509018363359,0.0550150813834876,1.97443582045285,1.94498491861651,-0.0550150813834878,0.0550150813834878,0.00302665917963178,0.00294509018363358,NA,0.136432941636093,"ok"
"S1_linear_weak",394,20570394,1,"scenario_matched_gap_adjusted_did","linear_gap",2,-0.0349444180671955,0.0950029650416011,0.129947383108797,1.9650555819328,1.8700526168912,-0.129947383108797,0.129947383108797,0.0168863223768244,0.00950029650416011,NA,0.143803435203646,"ok"
"S1_linear_weak",395,20570395,1,"scenario_matched_gap_adjusted_did","linear_gap",2,0.111338304586113,0.102544929771306,-0.0087933748148073,2.11133830458611,2.00879337481481,0.00879337481480746,0.00879337481480746,7.73234406336902e-05,0.0102544929771306,NA,0.156980107515553,"ok"
"S1_linear_weak",396,20570396,1,"scenario_matched_gap_adjusted_did","linear_gap",2,0.0335684849071641,0.273784401106059,0.240215916198894,2.03356848490716,1.75978408380111,-0.240215916198894,0.240215916198894,0.0577036863952741,0.0273784401106058,NA,0.134046270883049,"ok"
"S1_linear_weak",397,20570397,1,"scenario_matched_gap_adjusted_did","linear_gap",2,-0.000521196191733839,0.214741649610238,0.215262845801972,1.99947880380827,1.78473715419803,-0.215262845801972,0.215262845801972,0.0463380927827637,0.0214741649610238,NA,0.11239893623384,"ok"
"S1_linear_weak",398,20570398,1,"scenario_matched_gap_adjusted_did","linear_gap",2,0.00378936754947069,0.0399495531660646,0.0361601856165939,2.00378936754947,1.96383981438341,-0.0361601856165938,0.0361601856165938,0.00130755902382652,0.00399495531660646,NA,0.124206189622056,"ok"
"S1_linear_weak",399,20570399,1,"scenario_matched_gap_adjusted_did","linear_gap",2,0.0245004719831234,-0.0412615129277705,-0.065761984910894,2.02450047198312,2.06576198491089,0.0657619849108939,0.0657619849108939,0.00432463865942064,-0.00412615129277706,NA,0.124760000298606,"ok"
"S1_linear_weak",400,20570400,1,"scenario_matched_gap_adjusted_did","linear_gap",2,0.0192656947361379,0.287712874450567,0.268447179714429,2.01926569473614,1.73155282028557,-0.268447179714429,0.268447179714429,0.0720638882966308,0.0287712874450567,NA,0.191814730585634,"ok"
"S1_linear_weak",401,20570401,1,"scenario_matched_gap_adjusted_did","linear_gap",2,0.0643684683050423,0.124473317808853,0.0601048495038103,2.06436846830504,1.93989515049619,-0.0601048495038103,0.0601048495038103,0.00361259293387569,0.0124473317808853,NA,0.155265232985447,"ok"
"S1_linear_weak",402,20570402,1,"scenario_matched_gap_adjusted_did","linear_gap",2,0.0517518379437709,-0.137965305290683,-0.189717143234453,2.05175183794377,2.18971714323445,0.189717143234453,0.189717143234453,0.035992594437042,-0.0137965305290683,NA,0.112590008156218,"ok"
"S1_linear_weak",403,20570403,1,"scenario_matched_gap_adjusted_did","linear_gap",2,0.0391222323192054,0.103232215715617,0.0641099833964121,2.03912223231921,1.93589001660359,-0.0641099833964123,0.0641099833964123,0.00411008997108826,0.0103232215715617,NA,0.131197858948099,"ok"
"S1_linear_weak",404,20570404,1,"scenario_matched_gap_adjusted_did","linear_gap",2,-0.00262975812735888,0.151407949968896,0.154037708096255,1.99737024187264,1.84596229190375,-0.154037708096255,0.154037708096255,0.023727615515547,0.0151407949968896,NA,0.0935471246854933,"ok"
"S1_linear_weak",405,20570405,1,"scenario_matched_gap_adjusted_did","linear_gap",2,0.135323564972431,0.085303004393356,-0.0500205605790751,2.13532356497243,2.05002056057908,0.0500205605790751,0.0500205605790751,0.00250205648064492,0.0085303004393356,NA,0.112353630737497,"ok"
"S1_linear_weak",406,20570406,1,"scenario_matched_gap_adjusted_did","linear_gap",2,-0.0796663182416307,0.292514476121049,0.372180794362679,1.92033368175837,1.62781920563732,-0.372180794362679,0.372180794362679,0.138518543692435,0.0292514476121049,NA,0.133083589335369,"ok"
"S1_linear_weak",407,20570407,1,"scenario_matched_gap_adjusted_did","linear_gap",2,0.151437280260712,-0.0165199693497098,-0.167957249610422,2.15143728026071,2.16795724961042,0.167957249610422,0.167957249610422,0.0282096376966976,-0.00165199693497097,NA,0.140502814397099,"ok"
"S1_linear_weak",408,20570408,1,"scenario_matched_gap_adjusted_did","linear_gap",2,0.0602836558617161,0.0126805611003748,-0.0476030947613413,2.06028365586172,2.04760309476134,0.0476030947613415,0.0476030947613415,0.00226605463085726,0.00126805611003748,NA,0.0762676543648479,"ok"
"S1_linear_weak",409,20570409,1,"scenario_matched_gap_adjusted_did","linear_gap",2,-0.0178164962590432,0.20159602235675,0.219412518615793,1.98218350374096,1.78058748138421,-0.219412518615793,0.219412518615793,0.0481418533253257,0.020159602235675,NA,0.190787344243326,"ok"
"S1_linear_weak",410,20570410,1,"scenario_matched_gap_adjusted_did","linear_gap",2,0.0475702971221727,0.0250178841015345,-0.0225524130206381,2.04757029712217,2.02255241302064,0.0225524130206378,0.0225524130206378,0.000508611333053434,0.00250178841015345,NA,0.157029613024756,"ok"
"S1_linear_weak",411,20570411,1,"scenario_matched_gap_adjusted_did","linear_gap",2,0.00227493623214822,-0.0378311591027886,-0.0401060953349368,2.00227493623215,2.04010609533494,0.0401060953349366,0.0401060953349366,0.00160849888301502,-0.00378311591027886,NA,0.164282405650967,"ok"
"S1_linear_weak",412,20570412,1,"scenario_matched_gap_adjusted_did","linear_gap",2,0.0627625100491168,0.140133869068768,0.0773713590196515,2.06276251004912,1.92262864098035,-0.0773713590196514,0.0773713590196514,0.0059863271965478,0.0140133869068768,NA,0.115344557827419,"ok"
"S1_linear_weak",413,20570413,1,"scenario_matched_gap_adjusted_did","linear_gap",2,0.00736773320022899,0.355430047878431,0.348062314678202,2.00736773320023,1.6519376853218,-0.348062314678202,0.348062314678202,0.121147374899148,0.0355430047878431,NA,0.103485051460458,"ok"
"S1_linear_weak",414,20570414,1,"scenario_matched_gap_adjusted_did","linear_gap",2,0.0258467804706836,-0.0307996464375631,-0.0566464269082467,2.02584678047068,2.05664642690825,0.0566464269082463,0.0566464269082463,0.00320881768147129,-0.00307996464375631,NA,0.123320537292211,"ok"
"S1_linear_weak",415,20570415,1,"scenario_matched_gap_adjusted_did","linear_gap",2,0.0808273045776797,-0.0500721022403725,-0.130899406818052,2.08082730457768,2.13089940681805,0.130899406818052,0.130899406818052,0.017134654705318,-0.00500721022403725,NA,0.0903024334816202,"ok"
"S1_linear_weak",416,20570416,1,"scenario_matched_gap_adjusted_did","linear_gap",2,0.0603183964808819,-0.126810162332801,-0.187128558813683,2.06031839648088,2.18712855881368,0.187128558813683,0.187128558813683,0.035017097523686,-0.0126810162332801,NA,0.13182180199079,"ok"
"S1_linear_weak",417,20570417,1,"scenario_matched_gap_adjusted_did","linear_gap",2,-0.0356004557247387,0.113413706929483,0.149014162654222,1.96439954427526,1.85098583734578,-0.149014162654221,0.149014162654221,0.0222052206715388,0.0113413706929483,NA,0.113583477315398,"ok"
"S1_linear_weak",418,20570418,1,"scenario_matched_gap_adjusted_did","linear_gap",2,0.0629154087366759,0.169705827304572,0.106790418567896,2.06291540873668,1.8932095814321,-0.106790418567897,0.106790418567897,0.0114041934979066,0.0169705827304572,NA,0.136344678792995,"ok"
"S1_linear_weak",419,20570419,1,"scenario_matched_gap_adjusted_did","linear_gap",2,0.001308182423644,-0.0922469886255989,-0.0935551710492429,2.00130818242364,2.09355517104924,0.093555171049243,0.093555171049243,0.00875257003005312,-0.00922469886255989,NA,0.0779393772297404,"ok"
"S1_linear_weak",420,20570420,1,"scenario_matched_gap_adjusted_did","linear_gap",2,0.0088728407736626,0.12916453873963,0.120291697965967,2.00887284077366,1.87970830203403,-0.120291697965968,0.120291697965968,0.0144700925995356,0.012916453873963,NA,0.124326180430405,"ok"
"S1_linear_weak",421,20570421,1,"scenario_matched_gap_adjusted_did","linear_gap",2,-0.0122864268224843,0.022056743042527,0.0343431698650112,1.98771357317752,1.96565683013499,-0.0343431698650112,0.0343431698650112,0.00117945331637701,0.0022056743042527,NA,0.148039689163278,"ok"
"S1_linear_weak",422,20570422,1,"scenario_matched_gap_adjusted_did","linear_gap",2,-0.0692628112330399,0.111875974895666,0.181138786128706,1.93073718876696,1.81886121387129,-0.181138786128706,0.181138786128706,0.0328112598401812,0.0111875974895666,NA,0.132685482627301,"ok"
"S1_linear_weak",423,20570423,1,"scenario_matched_gap_adjusted_did","linear_gap",2,0.0919116812905416,0.0722051938638469,-0.0197064874266947,2.09191168129054,2.01970648742669,0.0197064874266943,0.0197064874266943,0.000388345646698462,0.00722051938638469,NA,0.116505551161009,"ok"
"S1_linear_weak",424,20570424,1,"scenario_matched_gap_adjusted_did","linear_gap",2,-0.083196012834694,0.0331705897488988,0.116366602583593,1.91680398716531,1.88363339741641,-0.116366602583593,0.116366602583593,0.0135411861968478,0.00331705897488988,NA,0.15879614865867,"ok"
"S1_linear_weak",425,20570425,1,"scenario_matched_gap_adjusted_did","linear_gap",2,0.174654922190807,-0.00928371052593525,-0.183938632716742,2.17465492219081,2.18393863271674,0.183938632716742,0.183938632716742,0.0338334206057045,-0.000928371052593527,NA,0.110802962308401,"ok"
"S1_linear_weak",426,20570426,1,"scenario_matched_gap_adjusted_did","linear_gap",2,-0.10799391436903,0.0479814735513258,0.155975387920356,1.89200608563097,1.84402461207964,-0.155975387920356,0.155975387920356,0.0243283216369055,0.00479814735513258,NA,0.122810079160189,"ok"
"S1_linear_weak",427,20570427,1,"scenario_matched_gap_adjusted_did","linear_gap",2,0.0893476174646932,-0.0494134166516159,-0.138761034116309,2.08934761746469,2.13876103411631,0.138761034116309,0.138761034116309,0.0192546245890275,-0.00494134166516159,NA,0.123093330158776,"ok"
"S1_linear_weak",428,20570428,1,"scenario_matched_gap_adjusted_did","linear_gap",2,0.0803472565986525,0.120892453167994,0.0405451965693419,2.08034725659865,1.95945480343066,-0.0405451965693417,0.0405451965693417,0.00164391296484656,0.0120892453167994,NA,0.16738767658082,"ok"
"S1_linear_weak",429,20570429,1,"scenario_matched_gap_adjusted_did","linear_gap",2,-0.0517918754394747,0.069687313022347,0.121479188461822,1.94820812456053,1.87852081153818,-0.121479188461822,0.121479188461822,0.0147571932293428,0.0069687313022347,NA,0.189140948198631,"ok"
"S1_linear_weak",430,20570430,1,"scenario_matched_gap_adjusted_did","linear_gap",2,-0.0464505888161884,-0.0843228188464608,-0.0378722300302725,1.95354941118381,2.03787223003027,0.0378722300302723,0.0378722300302723,0.00143430580746586,-0.00843228188464609,NA,0.113322049236878,"ok"
"S1_linear_weak",431,20570431,1,"scenario_matched_gap_adjusted_did","linear_gap",2,0.000336982705246222,0.115220342013293,0.114883359308047,2.00033698270525,1.88511664069195,-0.114883359308047,0.114883359308047,0.0131981862459018,0.0115220342013293,NA,0.163872244479073,"ok"
"S1_linear_weak",432,20570432,1,"scenario_matched_gap_adjusted_did","linear_gap",2,0.0781998687515649,0.125266492137347,0.0470666233857817,2.07819986875156,1.95293337661422,-0.0470666233857819,0.0470666233857819,0.00221526703693904,0.0125266492137346,NA,0.169760866373555,"ok"
"S1_linear_weak",433,20570433,1,"scenario_matched_gap_adjusted_did","linear_gap",2,0.0204816158896594,0.0322818267606329,0.0118002108709735,2.02048161588966,1.98819978912903,-0.0118002108709734,0.0118002108709734,0.000139244976599438,0.00322818267606329,NA,0.159361189373097,"ok"
"S1_linear_weak",434,20570434,1,"scenario_matched_gap_adjusted_did","linear_gap",2,-0.0207955093862544,-0.0636307975560676,-0.0428352881698132,1.97920449061375,2.04283528816981,0.0428352881698135,0.0428352881698135,0.00183486191259097,-0.00636307975560676,NA,0.113781692005897,"ok"
"S1_linear_weak",435,20570435,1,"scenario_matched_gap_adjusted_did","linear_gap",2,-0.012002271529548,0.156341427279502,0.16834369880905,1.98799772847045,1.83165630119095,-0.168343698809051,0.168343698809051,0.0283396009287123,0.0156341427279502,NA,0.121629990638119,"ok"
"S1_linear_weak",436,20570436,1,"scenario_matched_gap_adjusted_did","linear_gap",2,0.129901815184506,-0.0318784234791996,-0.161780238663706,2.12990181518451,2.16178023866371,0.161780238663706,0.161780238663706,0.0261728456220855,-0.00318784234791996,NA,0.165892667396487,"ok"
"S1_linear_weak",437,20570437,1,"scenario_matched_gap_adjusted_did","linear_gap",2,0.0747437138848187,0.231732491837149,0.15698877795233,2.07474371388482,1.84301122204767,-0.15698877795233,0.15698877795233,0.024645476402966,0.0231732491837149,NA,0.131500674228917,"ok"
"S1_linear_weak",438,20570438,1,"scenario_matched_gap_adjusted_did","linear_gap",2,0.0572397709541821,-0.00863907217042937,-0.0658788431246114,2.05723977095418,2.06587884312461,0.0658788431246111,0.0658788431246111,0.00434002197143712,-0.000863907217042938,NA,0.107185078311403,"ok"
"S1_linear_weak",439,20570439,1,"scenario_matched_gap_adjusted_did","linear_gap",2,0.121416432576131,0.0494449772150296,-0.0719714553611013,2.12141643257613,2.0719714553611,0.0719714553611013,0.0719714553611013,0.00517989038679499,0.00494449772150296,NA,0.143772996821512,"ok"
"S1_linear_weak",440,20570440,1,"scenario_matched_gap_adjusted_did","linear_gap",2,0.0946437828808341,0.13535549679983,0.0407117139189957,2.09464378288083,1.959288286081,-0.0407117139189959,0.0407117139189959,0.00165744365022216,0.013535549679983,NA,0.0957174481729293,"ok"
"S1_linear_weak",441,20570441,1,"scenario_matched_gap_adjusted_did","linear_gap",2,0.162321365332557,0.0633672905934741,-0.0989540747390828,2.16232136533256,2.09895407473908,0.0989540747390825,0.0989540747390825,0.00979190890746792,0.00633672905934741,NA,0.109030600089604,"ok"
"S1_linear_weak",442,20570442,1,"scenario_matched_gap_adjusted_did","linear_gap",2,0.0482914040804343,0.0381449156428965,-0.0101464884375378,2.04829140408043,2.01014648843754,0.0101464884375377,0.0101464884375377,0.000102951227613087,0.00381449156428965,NA,0.084086405003016,"ok"
"S1_linear_weak",443,20570443,1,"scenario_matched_gap_adjusted_did","linear_gap",2,0.102690801840911,0.0692827078322036,-0.033408094008707,2.10269080184091,2.03340809400871,0.0334080940087071,0.0334080940087071,0.00111610074529461,0.00692827078322036,NA,0.122960054602476,"ok"
"S1_linear_weak",444,20570444,1,"scenario_matched_gap_adjusted_did","linear_gap",2,-0.0272388150769927,0.160858521799072,0.188097336876064,1.97276118492301,1.81190266312394,-0.188097336876064,0.188097336876064,0.0353806081398676,0.0160858521799072,NA,0.195805256351163,"ok"
"S1_linear_weak",445,20570445,1,"scenario_matched_gap_adjusted_did","linear_gap",2,0.0222792168191151,-0.180667908912293,-0.202947125731408,2.02227921681911,2.20294712573141,0.202947125731408,0.202947125731408,0.0411875358426399,-0.0180667908912293,NA,0.159425516252418,"ok"
"S1_linear_weak",446,20570446,1,"scenario_matched_gap_adjusted_did","linear_gap",2,-0.00128343664076511,-0.0567865161204295,-0.0555030794796644,1.99871656335923,2.05550307947966,0.0555030794796645,0.0555030794796645,0.00308059183172595,-0.00567865161204295,NA,0.104029765727478,"ok"
"S1_linear_weak",447,20570447,1,"scenario_matched_gap_adjusted_did","linear_gap",2,0.162293397545534,-0.0591106616695917,-0.221404059215126,2.16229339754553,2.22140405921513,0.221404059215126,0.221404059215126,0.049019757436935,-0.00591106616695916,NA,0.134305858167105,"ok"
"S1_linear_weak",448,20570448,1,"scenario_matched_gap_adjusted_did","linear_gap",2,0.0363085035883067,-0.0238036582882979,-0.0601121618766046,2.03630850358831,2.0601121618766,0.0601121618766047,0.0601121618766047,0.00361347200547913,-0.00238036582882979,NA,0.125300760480054,"ok"
"S1_linear_weak",449,20570449,1,"scenario_matched_gap_adjusted_did","linear_gap",2,0.221265975499,0.0649058525382813,-0.156360122960718,2.221265975499,2.15636012296072,0.156360122960718,0.156360122960718,0.024448488052291,0.00649058525382813,NA,0.113620498046099,"ok"
"S1_linear_weak",450,20570450,1,"scenario_matched_gap_adjusted_did","linear_gap",2,-0.0245943157647455,-0.181695095470595,-0.15710077970585,1.97540568423525,2.15710077970585,0.15710077970585,0.15710077970585,0.024680654984186,-0.0181695095470595,NA,0.18316197665035,"ok"
"S1_linear_weak",451,20570451,1,"scenario_matched_gap_adjusted_did","linear_gap",2,-0.0174931481370301,0.178128059476237,0.195621207613267,1.98250685186297,1.80437879238673,-0.195621207613267,0.195621207613267,0.0382676568680729,0.0178128059476237,NA,0.0762330601949167,"ok"
"S1_linear_weak",452,20570452,1,"scenario_matched_gap_adjusted_did","linear_gap",2,-0.0371776568476972,-0.0220197753107137,0.0151578815369835,1.9628223431523,1.98484211846302,-0.0151578815369835,0.0151578815369835,0.000229761372689225,-0.00220197753107137,NA,0.153856532017818,"ok"
"S1_linear_weak",453,20570453,1,"scenario_matched_gap_adjusted_did","linear_gap",2,0.0747642847871506,-0.0444114278976353,-0.119175712684786,2.07476428478715,2.11917571268479,0.119175712684786,0.119175712684786,0.0142028504939267,-0.00444114278976353,NA,0.148243758683656,"ok"
"S1_linear_weak",454,20570454,1,"scenario_matched_gap_adjusted_did","linear_gap",2,0.144761478640577,0.110144073339293,-0.034617405301284,2.14476147864058,2.03461740530128,0.034617405301284,0.034617405301284,0.00119836474979336,0.0110144073339293,NA,0.156086514543215,"ok"
"S1_linear_weak",455,20570455,1,"scenario_matched_gap_adjusted_did","linear_gap",2,-0.117073869261478,-0.0125605434982167,0.104513325763262,1.88292613073852,1.89548667423674,-0.104513325763262,0.104513325763262,0.0109230352620976,-0.00125605434982167,NA,0.112190100647067,"ok"
"S1_linear_weak",456,20570456,1,"scenario_matched_gap_adjusted_did","linear_gap",2,0.189714784056744,-0.0164005803093579,-0.206115364366102,2.18971478405674,2.2061153643661,0.206115364366102,0.206115364366102,0.0424835434277711,-0.00164005803093578,NA,0.095627721312916,"ok"
"S1_linear_weak",457,20570457,1,"scenario_matched_gap_adjusted_did","linear_gap",2,0.0891084974232884,0.0496966918895188,-0.0394118055337696,2.08910849742329,2.03941180553377,0.0394118055337693,0.0394118055337693,0.00155329041543165,0.00496966918895188,NA,0.124610423763631,"ok"
"S1_linear_weak",458,20570458,1,"scenario_matched_gap_adjusted_did","linear_gap",2,0.0615021710189648,-0.0290729480952514,-0.0905751191142162,2.06150217101896,2.09057511911422,0.0905751191142161,0.0905751191142161,0.00820385220255444,-0.00290729480952514,NA,0.169253106784401,"ok"
"S1_linear_weak",459,20570459,1,"scenario_matched_gap_adjusted_did","linear_gap",2,-0.0232726066462567,0.0769063610294851,0.100178967675742,1.97672739335374,1.89982103232426,-0.100178967675742,0.100178967675742,0.0100358255645773,0.0076906361029485,NA,0.132026249577514,"ok"
"S1_linear_weak",460,20570460,1,"scenario_matched_gap_adjusted_did","linear_gap",2,0.0925603513429333,-0.00242329653468043,-0.0949836478776137,2.09256035134293,2.09498364787761,0.0949836478776138,0.0949836478776138,0.00902189336413853,-0.000242329653468061,NA,0.111148659346206,"ok"
"S1_linear_weak",461,20570461,1,"scenario_matched_gap_adjusted_did","linear_gap",2,0.0179746985771252,-0.0634886968165325,-0.0814633953936577,2.01797469857713,2.08146339539366,0.0814633953936577,0.0814633953936577,0.0066362847890634,-0.00634886968165325,NA,0.0647319750632127,"ok"
"S1_linear_weak",462,20570462,1,"scenario_matched_gap_adjusted_did","linear_gap",2,0.0722129422762015,0.157286889088175,0.0850739468119731,2.0722129422762,1.91492605318803,-0.085073946811973,0.085073946811973,0.00723757642616641,0.0157286889088174,NA,0.113971559791622,"ok"
"S1_linear_weak",463,20570463,1,"scenario_matched_gap_adjusted_did","linear_gap",2,0.0587697511586149,0.131929055172727,0.0731593040141123,2.05876975115862,1.92684069598589,-0.0731593040141121,0.0731593040141121,0.00535228376382928,0.0131929055172727,NA,0.0923512513833424,"ok"
"S1_linear_weak",464,20570464,1,"scenario_matched_gap_adjusted_did","linear_gap",2,0.146280180495692,0.165280217713353,0.019000037217661,2.14628018049569,1.98099996278234,-0.0190000372176606,0.0190000372176606,0.000361001414272489,0.0165280217713353,NA,0.146555074455422,"ok"
"S1_linear_weak",465,20570465,1,"scenario_matched_gap_adjusted_did","linear_gap",2,0.0790777505416558,0.126882191899351,0.0478044413576951,2.07907775054166,1.9521955586423,-0.0478044413576952,0.0478044413576952,0.00228526461352132,0.0126882191899351,NA,0.130087681451833,"ok"
"S1_linear_weak",466,20570466,1,"scenario_matched_gap_adjusted_did","linear_gap",2,-0.0776787247374187,-0.173803211857922,-0.0961244871205038,1.92232127526258,2.0961244871205,0.0961244871205036,0.0961244871205036,0.00923991702417986,-0.0173803211857922,NA,0.156779677952609,"ok"
"S1_linear_weak",467,20570467,1,"scenario_matched_gap_adjusted_did","linear_gap",2,0.126354159858706,0.0123162978947877,-0.114037861963918,2.12635415985871,2.11403786196392,0.114037861963919,0.114037861963919,0.0130046339613018,0.00123162978947877,NA,0.130839863226861,"ok"
"S1_linear_weak",468,20570468,1,"scenario_matched_gap_adjusted_did","linear_gap",2,-0.0179409908353581,0.0691983688460658,0.087139359681424,1.98205900916464,1.91286064031858,-0.0871393596814238,0.0871393596814238,0.00759326800568855,0.00691983688460658,NA,0.147506720460842,"ok"
"S1_linear_weak",469,20570469,1,"scenario_matched_gap_adjusted_did","linear_gap",2,-0.0219024709318187,0.145436334782241,0.167338805714059,1.97809752906818,1.83266119428594,-0.167338805714059,0.167338805714059,0.0280022758978076,0.0145436334782241,NA,0.070086262299275,"ok"
"S1_linear_weak",470,20570470,1,"scenario_matched_gap_adjusted_did","linear_gap",2,0.0919076055930623,-0.00990617376553622,-0.101813779358599,2.09190760559306,2.1018137793586,0.101813779358598,0.101813779358598,0.0103660456672814,-0.000990617376553622,NA,0.138183560992601,"ok"
"S1_linear_weak",471,20570471,1,"scenario_matched_gap_adjusted_did","linear_gap",2,0.0503948591929028,0.18084076125912,0.130445902066217,2.0503948591929,1.86955409793378,-0.130445902066217,0.130445902066217,0.017016133365869,0.018084076125912,NA,0.114072225766226,"ok"
"S1_linear_weak",472,20570472,1,"scenario_matched_gap_adjusted_did","linear_gap",2,0.148706169654781,0.170366429691926,0.0216602600371447,2.14870616965478,1.97833973996286,-0.0216602600371449,0.0216602600371449,0.000469166864876738,0.0170366429691926,NA,0.141630502295452,"ok"
"S1_linear_weak",473,20570473,1,"scenario_matched_gap_adjusted_did","linear_gap",2,-0.0204440645584431,-0.0121113050754266,0.00833275948301655,1.97955593544156,1.99166724051698,-0.00833275948301626,0.00833275948301626,6.94348806017974e-05,-0.00121113050754266,NA,0.142432431599245,"ok"
"S1_linear_weak",474,20570474,1,"scenario_matched_gap_adjusted_did","linear_gap",2,0.246391346174866,0.344067353258336,0.0976760070834693,2.24639134617487,1.90232399291653,-0.097676007083469,0.097676007083469,0.00954060235976989,0.0344067353258336,NA,0.134694180433171,"ok"
"S1_linear_weak",475,20570475,1,"scenario_matched_gap_adjusted_did","linear_gap",2,0.0358301081473325,-0.0782547320932972,-0.11408484024063,2.03583010814733,2.11408484024063,0.11408484024063,0.11408484024063,0.01301535077273,-0.00782547320932972,NA,0.116544028937004,"ok"
"S1_linear_weak",476,20570476,1,"scenario_matched_gap_adjusted_did","linear_gap",2,-0.00870753454892548,0.229665942707209,0.238373477256134,1.99129246545107,1.76162652274387,-0.238373477256135,0.238373477256135,0.0568219146591809,0.0229665942707209,NA,0.143126860849802,"ok"
"S1_linear_weak",477,20570477,1,"scenario_matched_gap_adjusted_did","linear_gap",2,0.000156420486312647,-0.112390281189067,-0.112546701675379,2.00015642048631,2.11254670167538,0.112546701675379,0.112546701675379,0.0126667600580068,-0.0112390281189067,NA,0.136742473152811,"ok"
"S1_linear_weak",478,20570478,1,"scenario_matched_gap_adjusted_did","linear_gap",2,0.116361146658225,0.079188081735342,-0.0371730649228825,2.11636114665822,2.03717306492288,0.0371730649228823,0.0371730649228823,0.00138183675576082,0.0079188081735342,NA,0.134674961912854,"ok"
"S1_linear_weak",479,20570479,1,"scenario_matched_gap_adjusted_did","linear_gap",2,0.0501240757555882,-0.0151383696526687,-0.0652624454082569,2.05012407575559,2.06526244540826,0.0652624454082571,0.0652624454082571,0.00425918678066574,-0.00151383696526686,NA,0.148215225568476,"ok"
"S1_linear_weak",480,20570480,1,"scenario_matched_gap_adjusted_did","linear_gap",2,0.0651860568772051,-0.0244277013943307,-0.0896137582715358,2.06518605687721,2.08961375827154,0.0896137582715362,0.0896137582715362,0.00803062567154932,-0.00244277013943308,NA,0.150956723598583,"ok"
"S1_linear_weak",481,20570481,1,"scenario_matched_gap_adjusted_did","linear_gap",2,-0.0753133385161116,0.0713392293272541,0.146652567843366,1.92468666148389,1.85334743215663,-0.146652567843366,0.146652567843366,0.021506975655053,0.00713392293272541,NA,0.146202354211627,"ok"
"S1_linear_weak",482,20570482,1,"scenario_matched_gap_adjusted_did","linear_gap",2,0.191704435637897,0.232671822934923,0.0409673872970255,2.1917044356379,1.95903261270297,-0.0409673872970258,0.0409673872970258,0.00167832682194451,0.0232671822934922,NA,0.121420328695638,"ok"
"S1_linear_weak",483,20570483,1,"scenario_matched_gap_adjusted_did","linear_gap",2,0.11344937973941,0.0302316242363466,-0.0832177555030635,2.11344937973941,2.08321775550306,0.0832177555030631,0.0832177555030631,0.00692519483096759,0.00302316242363466,NA,0.115936986109348,"ok"
"S1_linear_weak",484,20570484,1,"scenario_matched_gap_adjusted_did","linear_gap",2,-0.103639333054784,-0.0534014847540525,0.0502378483007311,1.89636066694522,1.94976215169927,-0.0502378483007311,0.0502378483007311,0.00252384140188727,-0.00534014847540524,NA,0.183338620252386,"ok"
"S1_linear_weak",485,20570485,1,"scenario_matched_gap_adjusted_did","linear_gap",2,0.00126452513644487,0.0841551101471522,0.0828905850107073,2.00126452513644,1.91710941498929,-0.0828905850107073,0.0828905850107073,0.0068708490834173,0.00841551101471522,NA,0.0993790807659802,"ok"
"S1_linear_weak",486,20570486,1,"scenario_matched_gap_adjusted_did","linear_gap",2,0.0825436722987083,0.18424778580476,0.101704113506051,2.08254367229871,1.89829588649395,-0.101704113506051,0.101704113506051,0.0103437267040518,0.018424778580476,NA,0.129435220656949,"ok"
"S1_linear_weak",487,20570487,1,"scenario_matched_gap_adjusted_did","linear_gap",2,0.00883951506442114,0.00441685134714865,-0.00442266371727249,2.00883951506442,2.00442266371727,0.00442266371727262,0.00442266371727262,1.95599543560797e-05,0.000441685134714866,NA,0.135679049938686,"ok"
"S1_linear_weak",488,20570488,1,"scenario_matched_gap_adjusted_did","linear_gap",2,-0.0462006318041768,0.0189581256485206,0.0651587574526974,1.95379936819582,1.9348412425473,-0.0651587574526971,0.0651587574526971,0.0042456636727794,0.00189581256485206,NA,0.145780136712527,"ok"
"S1_linear_weak",489,20570489,1,"scenario_matched_gap_adjusted_did","linear_gap",2,0.051710646056276,0.111327386888371,0.0596167408320952,2.05171064605628,1.9403832591679,-0.0596167408320951,0.0596167408320951,0.0035541557874412,0.0111327386888371,NA,0.120177076296657,"ok"
"S1_linear_weak",490,20570490,1,"scenario_matched_gap_adjusted_did","linear_gap",2,-0.0654740563101211,0.174368705918572,0.239842762228693,1.93452594368988,1.76015723777131,-0.239842762228692,0.239842762228692,0.0575245505934891,0.0174368705918572,NA,0.1559962865871,"ok"
"S1_linear_weak",491,20570491,1,"scenario_matched_gap_adjusted_did","linear_gap",2,0.0475087033392791,-0.0166809472322985,-0.0641896505715776,2.04750870333928,2.06418965057158,0.0641896505715773,0.0641896505715773,0.0041203112405012,-0.00166809472322984,NA,0.191371934483052,"ok"
"S1_linear_weak",492,20570492,1,"scenario_matched_gap_adjusted_did","linear_gap",2,0.112096388477174,-0.100466410582419,-0.212562799059593,2.11209638847717,2.21256279905959,0.212562799059593,0.212562799059593,0.0451829435440489,-0.0100466410582418,NA,0.144461426523494,"ok"
"S1_linear_weak",493,20570493,1,"scenario_matched_gap_adjusted_did","linear_gap",2,-0.00538904684434055,0.0760884628275517,0.0814775096718923,1.99461095315566,1.91852249032811,-0.0814775096718923,0.0814775096718923,0.0066385845823333,0.00760884628275518,NA,0.162431189720316,"ok"
"S1_linear_weak",494,20570494,1,"scenario_matched_gap_adjusted_did","linear_gap",2,0.0597584763828426,0.038569600421834,-0.0211888759610086,2.05975847638284,2.02118887596101,0.021188875961009,0.021188875961009,0.000448968464491027,0.0038569600421834,NA,0.150690698503583,"ok"
"S1_linear_weak",495,20570495,1,"scenario_matched_gap_adjusted_did","linear_gap",2,0.0334644080324596,0.0951841131299095,0.0617197050974499,2.03346440803246,1.93828029490255,-0.0617197050974498,0.0617197050974498,0.00380932199731618,0.00951841131299097,NA,0.146107068897602,"ok"
"S1_linear_weak",496,20570496,1,"scenario_matched_gap_adjusted_did","linear_gap",2,0.118632559331516,0.0335622391944654,-0.0850703201370509,2.11863255933152,2.08507032013705,0.0850703201370511,0.0850703201370511,0.00723695936822036,0.00335622391944654,NA,0.0624527775306059,"ok"
"S1_linear_weak",497,20570497,1,"scenario_matched_gap_adjusted_did","linear_gap",2,0.0644915985931188,-0.159740960777418,-0.224232559370537,2.06449159859312,2.22423255937054,0.224232559370537,0.224232559370537,0.0502802406818613,-0.0159740960777418,NA,0.0810820855805589,"ok"
"S1_linear_weak",498,20570498,1,"scenario_matched_gap_adjusted_did","linear_gap",2,0.0640429608667766,0.0566936881444568,-0.00734927272231978,2.06404296086678,2.00734927272232,0.00734927272232033,0.00734927272232033,5.40118095470417e-05,0.00566936881444568,NA,0.173365242841096,"ok"
"S1_linear_weak",499,20570499,1,"scenario_matched_gap_adjusted_did","linear_gap",2,-0.0852016959718188,-0.149378067808666,-0.0641763718368472,1.91479830402818,2.06417637183685,0.0641763718368473,0.0641763718368473,0.00411860670214129,-0.0149378067808666,NA,0.121321814360296,"ok"
"S1_linear_weak",500,20570500,1,"scenario_matched_gap_adjusted_did","linear_gap",2,0.0293224933655289,-0.0136566986376278,-0.0429791920031567,2.02932249336553,2.04297919200316,0.0429791920031568,0.0429791920031568,0.00184721094524422,-0.00136566986376278,NA,0.125574979424969,"ok"
"S2_linear_moderate",1,20670001,1,"scenario_matched_gap_adjusted_did","linear_gap",2,0.315290035186407,0.371059804744864,0.0557697695584569,2.31529003518641,1.94423023044154,-0.0557697695584571,0.0557697695584571,0.00311026719660341,0.0371059804744864,NA,0.103266157948301,"ok"
"S2_linear_moderate",2,20670002,1,"scenario_matched_gap_adjusted_did","linear_gap",2,0.495122509628292,0.296990590776158,-0.198131918852134,2.49512250962829,2.19813191885213,0.198131918852134,0.198131918852134,0.0392562572680288,0.0296990590776158,NA,0.170922639805656,"ok"
"S2_linear_moderate",3,20670003,1,"scenario_matched_gap_adjusted_did","linear_gap",2,0.228819190372868,0.154071713424334,-0.0747474769485345,2.22881919037287,2.07474747694853,0.0747474769485343,0.0747474769485343,0.00558718531017167,0.0154071713424334,NA,0.120021990434836,"ok"
"S2_linear_moderate",4,20670004,1,"scenario_matched_gap_adjusted_did","linear_gap",2,0.26865481075121,0.452024036435073,0.183369225683864,2.26865481075121,1.81663077431614,-0.183369225683864,0.183369225683864,0.0336242729278998,0.0452024036435073,NA,0.0696306321484617,"ok"
"S2_linear_moderate",5,20670005,1,"scenario_matched_gap_adjusted_did","linear_gap",2,0.346178921712639,0.366011565629291,0.0198326439166521,2.34617892171264,1.98016735608335,-0.0198326439166521,0.0198326439166521,0.000393333764724716,0.0366011565629291,NA,0.124361618695481,"ok"
"S2_linear_moderate",6,20670006,1,"scenario_matched_gap_adjusted_did","linear_gap",2,0.315248653736848,0.488277968173501,0.173029314436653,2.31524865373685,1.82697068556335,-0.173029314436653,0.173029314436653,0.0299391436544181,0.0488277968173501,NA,0.125583761838554,"ok"
"S2_linear_moderate",7,20670007,1,"scenario_matched_gap_adjusted_did","linear_gap",2,0.172111018200215,0.357911081168838,0.185800062968623,2.17211101820021,1.81419993703138,-0.185800062968623,0.185800062968623,0.0345216633991443,0.0357911081168838,NA,0.121183173634992,"ok"
"S2_linear_moderate",8,20670008,1,"scenario_matched_gap_adjusted_did","linear_gap",2,0.368722434518836,0.350995068878526,-0.0177273656403097,2.36872243451884,2.01772736564031,0.0177273656403099,0.0177273656403099,0.000314259492545238,0.0350995068878526,NA,0.166697164212264,"ok"
"S2_linear_moderate",9,20670009,1,"scenario_matched_gap_adjusted_did","linear_gap",2,0.27360226473966,0.162725093186623,-0.110877171553037,2.27360226473966,2.11087717155304,0.110877171553037,0.110877171553037,0.0122937471716016,0.0162725093186623,NA,0.105999581568049,"ok"
"S2_linear_moderate",10,20670010,1,"scenario_matched_gap_adjusted_did","linear_gap",2,0.281828552566749,0.150330712661563,-0.131497839905185,2.28182855256675,2.13149783990518,0.131497839905185,0.131497839905185,0.0172916818997296,0.0150330712661563,NA,0.16864449859397,"ok"
"S2_linear_moderate",11,20670011,1,"scenario_matched_gap_adjusted_did","linear_gap",2,0.323273810152884,0.262716092175456,-0.0605577179774274,2.32327381015288,2.06055771797743,0.0605577179774275,0.0605577179774275,0.00366723720663364,0.0262716092175456,NA,0.118293172750969,"ok"
"S2_linear_moderate",12,20670012,1,"scenario_matched_gap_adjusted_did","linear_gap",2,0.23830334160677,0.241061474287455,0.0027581326806852,2.23830334160677,1.99724186731931,-0.00275813268068537,0.00275813268068537,7.60729588426464e-06,0.0241061474287455,NA,0.174574131590162,"ok"
"S2_linear_moderate",13,20670013,1,"scenario_matched_gap_adjusted_did","linear_gap",2,0.131782306780592,0.297560000315455,0.165777693534863,2.13178230678059,1.83422230646514,-0.165777693534863,0.165777693534863,0.0274822436737391,0.0297560000315455,NA,0.141800831991198,"ok"
"S2_linear_moderate",14,20670014,1,"scenario_matched_gap_adjusted_did","linear_gap",2,0.293048374542961,0.377708817722648,0.0846604431796864,2.29304837454296,1.91533955682031,-0.0846604431796862,0.0846604431796862,0.00716739063938088,0.0377708817722648,NA,0.08523252663136,"ok"
"S2_linear_moderate",15,20670015,1,"scenario_matched_gap_adjusted_did","linear_gap",2,0.286133715495286,0.0336672032788563,-0.25246651221643,2.28613371549529,2.25246651221643,0.25246651221643,0.25246651221643,0.0637393397907287,0.00336672032788561,NA,0.121480874990095,"ok"
"S2_linear_moderate",16,20670016,1,"scenario_matched_gap_adjusted_did","linear_gap",2,0.242943396633704,0.0916551267260009,-0.151288269907703,2.2429433966337,2.1512882699077,0.151288269907703,0.151288269907703,0.022888140611666,0.00916551267260008,NA,0.123971010066152,"ok"
"S2_linear_moderate",17,20670017,1,"scenario_matched_gap_adjusted_did","linear_gap",2,0.355715340963422,0.382560557340042,0.0268452163766195,2.35571534096342,1.97315478362338,-0.02684521637662,0.02684521637662,0.000720665642307545,0.0382560557340042,NA,0.127460601941634,"ok"
"S2_linear_moderate",18,20670018,1,"scenario_matched_gap_adjusted_did","linear_gap",2,0.252352767567995,0.113303406470382,-0.139049361097613,2.252352767568,2.13904936109761,0.139049361097613,0.139049361097613,0.0193347248216543,0.0113303406470382,NA,0.140412266325664,"ok"
"S2_linear_moderate",19,20670019,1,"scenario_matched_gap_adjusted_did","linear_gap",2,0.255005050776284,0.497985969476296,0.242980918700013,2.25500505077628,1.75701908129999,-0.242980918700013,0.242980918700013,0.0590397268523024,0.0497985969476296,NA,0.11801798743481,"ok"
"S2_linear_moderate",20,20670020,1,"scenario_matched_gap_adjusted_did","linear_gap",2,0.137937905138101,0.284536543727894,0.146598638589794,2.1379379051381,1.85340136141021,-0.146598638589794,0.146598638589794,0.021491160836381,0.0284536543727894,NA,0.123215146855822,"ok"
"S2_linear_moderate",21,20670021,1,"scenario_matched_gap_adjusted_did","linear_gap",2,0.0630216517554562,0.0742250770468174,0.0112034252913612,2.06302165175546,1.98879657470864,-0.0112034252913611,0.0112034252913611,0.000125516738259109,0.00742250770468174,NA,0.1250529269772,"ok"
"S2_linear_moderate",22,20670022,1,"scenario_matched_gap_adjusted_did","linear_gap",2,0.200520425461419,0.244338234248486,0.0438178087870676,2.20052042546142,1.95618219121293,-0.0438178087870678,0.0438178087870678,0.00192000036690003,0.0244338234248486,NA,0.136487396670816,"ok"
"S2_linear_moderate",23,20670023,1,"scenario_matched_gap_adjusted_did","linear_gap",2,0.276338758681685,0.134027319570898,-0.142311439110788,2.27633875868169,2.14231143911079,0.142311439110788,0.142311439110788,0.0202525457017834,0.0134027319570898,NA,0.107866902165858,"ok"
"S2_linear_moderate",24,20670024,1,"scenario_matched_gap_adjusted_did","linear_gap",2,0.314790356161036,0.445279015665174,0.130488659504137,2.31479035616104,1.86951134049586,-0.130488659504137,0.130488659504137,0.0170272902591867,0.0445279015665174,NA,0.124667060134382,"ok"
"S2_linear_moderate",25,20670025,1,"scenario_matched_gap_adjusted_did","linear_gap",2,0.293976984770935,0.292109695295942,-0.00186728947499348,2.29397698477094,2.00186728947499,0.00186728947499359,0.00186728947499359,3.48676998342185e-06,0.0292109695295942,NA,0.12308769655952,"ok"
"S2_linear_moderate",26,20670026,1,"scenario_matched_gap_adjusted_did","linear_gap",2,0.345137001729449,0.474347930859173,0.129210929129725,2.34513700172945,1.87078907087027,-0.129210929129725,0.129210929129725,0.0166954642065669,0.0474347930859173,NA,0.135192404064311,"ok"
"S2_linear_moderate",27,20670027,1,"scenario_matched_gap_adjusted_did","linear_gap",2,0.253807702089791,0.337396143359789,0.0835884412699978,2.25380770208979,1.91641155873,-0.0835884412699972,0.0835884412699972,0.00698702751394777,0.0337396143359789,NA,0.119291421981665,"ok"
"S2_linear_moderate",28,20670028,1,"scenario_matched_gap_adjusted_did","linear_gap",2,0.335918869931513,0.310905545150899,-0.0250133247806142,2.33591886993151,2.02501332478061,0.0250133247806139,0.0250133247806139,0.000625666416580474,0.0310905545150899,NA,0.145742905232054,"ok"
"S2_linear_moderate",29,20670029,1,"scenario_matched_gap_adjusted_did","linear_gap",2,0.267683083875817,0.31124052389943,0.0435574400236123,2.26768308387582,1.95644255997639,-0.0435574400236125,0.0435574400236125,0.0018972505814106,0.031124052389943,NA,0.105058022972072,"ok"
"S2_linear_moderate",30,20670030,1,"scenario_matched_gap_adjusted_did","linear_gap",2,0.330783679963415,0.186683223929013,-0.144100456034403,2.33078367996342,2.1441004560344,0.144100456034403,0.144100456034403,0.0207649414293229,0.0186683223929013,NA,0.105597377678299,"ok"
"S2_linear_moderate",31,20670031,1,"scenario_matched_gap_adjusted_did","linear_gap",2,0.304749183927434,0.0660661192181131,-0.238683064709321,2.30474918392743,2.23868306470932,0.23868306470932,0.23868306470932,0.0569696053790335,0.0066066119218113,NA,0.13183724423063,"ok"
"S2_linear_moderate",32,20670032,1,"scenario_matched_gap_adjusted_did","linear_gap",2,0.274209777494656,0.390580195596332,0.116370418101676,2.27420977749466,1.88362958189832,-0.116370418101676,0.116370418101676,0.0135420742091589,0.0390580195596332,NA,0.140339381808452,"ok"
"S2_linear_moderate",33,20670033,1,"scenario_matched_gap_adjusted_did","linear_gap",2,0.210332151122547,0.156524268100784,-0.0538078830217634,2.21033215112255,2.05380788302176,0.0538078830217632,0.0538078830217632,0.00289528827528375,0.0156524268100784,NA,0.0995648214852214,"ok"
"S2_linear_moderate",34,20670034,1,"scenario_matched_gap_adjusted_did","linear_gap",2,0.217553002336151,0.271183201394984,0.0536301990588334,2.21755300233615,1.94636980094117,-0.0536301990588335,0.0536301990588335,0.0028761982510901,0.0271183201394984,NA,0.136177759904811,"ok"
"S2_linear_moderate",35,20670035,1,"scenario_matched_gap_adjusted_did","linear_gap",2,0.159761941310264,0.126868088340283,-0.0328938529699809,2.15976194131026,2.03289385296998,0.0328938529699809,0.0328938529699809,0.00108200556321072,0.0126868088340283,NA,0.157037594442489,"ok"
"S2_linear_moderate",36,20670036,1,"scenario_matched_gap_adjusted_did","linear_gap",2,0.252718635919294,0.0584035126075743,-0.19431512331172,2.25271863591929,2.19431512331172,0.19431512331172,0.19431512331172,0.0377583671476489,0.00584035126075743,NA,0.0976621395372079,"ok"
"S2_linear_moderate",37,20670037,1,"scenario_matched_gap_adjusted_did","linear_gap",2,0.295074250304699,0.351813027233121,0.0567387769284219,2.2950742503047,1.94326122307158,-0.0567387769284218,0.0567387769284218,0.00321928880733321,0.0351813027233121,NA,0.129527961955225,"ok"
"S2_linear_moderate",38,20670038,1,"scenario_matched_gap_adjusted_did","linear_gap",2,0.365569391489592,0.28864730040672,-0.0769220910828716,2.36556939148959,2.07692209108287,0.0769220910828716,0.0769220910828716,0.0059170080965616,0.028864730040672,NA,0.201538636648525,"ok"
"S2_linear_moderate",39,20670039,1,"scenario_matched_gap_adjusted_did","linear_gap",2,0.11203262216249,0.120021845792023,0.00798922362953264,2.11203262216249,1.99201077637047,-0.00798922362953247,0.00798922362953247,6.382769420268e-05,0.0120021845792023,NA,0.098429551760602,"ok"
"S2_linear_moderate",40,20670040,1,"scenario_matched_gap_adjusted_did","linear_gap",2,0.242336765797269,0.177323309252283,-0.0650134565449862,2.24233676579727,2.06501345654499,0.0650134565449862,0.0650134565449862,0.00422674953192682,0.0177323309252283,NA,0.166799579276161,"ok"
"S2_linear_moderate",41,20670041,1,"scenario_matched_gap_adjusted_did","linear_gap",2,0.0765253852591463,0.0930053846634308,0.0164799994042845,2.07652538525915,1.98352000059572,-0.0164799994042844,0.0164799994042844,0.000271590380365213,0.00930053846634308,NA,0.155018430625278,"ok"
"S2_linear_moderate",42,20670042,1,"scenario_matched_gap_adjusted_did","linear_gap",2,0.279423394839513,0.256846236619471,-0.0225771582200415,2.27942339483951,2.02257715822004,0.0225771582200416,0.0225771582200416,0.000509728073292791,0.0256846236619471,NA,0.139656319482317,"ok"
"S2_linear_moderate",43,20670043,1,"scenario_matched_gap_adjusted_did","linear_gap",2,0.305038712139769,0.0694465685701646,-0.235592143569605,2.30503871213977,2.2355921435696,0.235592143569605,0.235592143569605,0.0555036581117212,0.00694465685701646,NA,0.115733468975709,"ok"
"S2_linear_moderate",44,20670044,1,"scenario_matched_gap_adjusted_did","linear_gap",2,0.231489882682358,0.167039815311048,-0.0644500673713105,2.23148988268236,2.06445006737131,0.0644500673713106,0.0644500673713106,0.00415381118416648,0.0167039815311048,NA,0.124342306734755,"ok"
"S2_linear_moderate",45,20670045,1,"scenario_matched_gap_adjusted_did","linear_gap",2,0.304882252687908,0.357590047914208,0.0527077952262998,2.30488225268791,1.9472922047737,-0.0527077952262995,0.0527077952262995,0.00277811167761752,0.0357590047914208,NA,0.0819783884211992,"ok"
"S2_linear_moderate",46,20670046,1,"scenario_matched_gap_adjusted_did","linear_gap",2,0.327543976781824,0.371315721620128,0.0437717448383044,2.32754397678182,1.9562282551617,-0.0437717448383044,0.0437717448383044,0.00191596564618963,0.0371315721620128,NA,0.138901422417009,"ok"
"S2_linear_moderate",47,20670047,1,"scenario_matched_gap_adjusted_did","linear_gap",2,0.214384718280436,0.148476000733757,-0.0659087175466788,2.21438471828044,2.06590871754668,0.0659087175466788,0.0659087175466788,0.00434395904864789,0.0148476000733757,NA,0.141577324096762,"ok"
"S2_linear_moderate",48,20670048,1,"scenario_matched_gap_adjusted_did","linear_gap",2,0.384546385225437,0.143657350679836,-0.240889034545601,2.38454638522544,2.2408890345456,0.240889034545601,0.240889034545601,0.0580275269643116,0.0143657350679836,NA,0.207435889563494,"ok"
"S2_linear_moderate",49,20670049,1,"scenario_matched_gap_adjusted_did","linear_gap",2,0.0968277596717257,0.0948388438928077,-0.00198891577891808,2.09682775967173,2.00198891577892,0.00198891577891791,0.00198891577891791,3.95578597562864e-06,0.00948388438928077,NA,0.120413279057721,"ok"
"S2_linear_moderate",50,20670050,1,"scenario_matched_gap_adjusted_did","linear_gap",2,0.177759393707627,0.252295326441657,0.0745359327340302,2.17775939370763,1.92546406726597,-0.07453593273403,0.07453593273403,0.00555560526853185,0.0252295326441657,NA,0.158565987424082,"ok"
"S2_linear_moderate",51,20670051,1,"scenario_matched_gap_adjusted_did","linear_gap",2,0.102408231550069,0.107206935180608,0.00479870363053822,2.10240823155007,1.99520129636946,-0.00479870363053836,0.00479870363053836,2.3027556533742e-05,0.0107206935180608,NA,0.110715205219152,"ok"
"S2_linear_moderate",52,20670052,1,"scenario_matched_gap_adjusted_did","linear_gap",2,0.101554721077544,0.0279410423626344,-0.0736136787149093,2.10155472107754,2.07361367871491,0.0736136787149091,0.0736136787149091,0.00541897369394186,0.00279410423626344,NA,0.115723915710427,"ok"
"S2_linear_moderate",53,20670053,1,"scenario_matched_gap_adjusted_did","linear_gap",2,0.221110261416865,0.193349187630015,-0.0277610737868503,2.22111026141686,2.02776107378685,0.0277610737868503,0.0277610737868503,0.000770677217798949,0.0193349187630015,NA,0.136010974052053,"ok"
"S2_linear_moderate",54,20670054,1,"scenario_matched_gap_adjusted_did","linear_gap",2,0.188897709057628,0.205410478936714,0.0165127698790863,2.18889770905763,1.98348723012091,-0.0165127698790859,0.0165127698790859,0.000272671569079647,0.0205410478936714,NA,0.186968103219457,"ok"
"S2_linear_moderate",55,20670055,1,"scenario_matched_gap_adjusted_did","linear_gap",2,0.177670922656739,0.156907370835226,-0.0207635518215127,2.17767092265674,2.02076355182151,0.020763551821513,0.020763551821513,0.000431125084244656,0.0156907370835226,NA,0.141863572272067,"ok"
"S2_linear_moderate",56,20670056,1,"scenario_matched_gap_adjusted_did","linear_gap",2,0.145544232646046,0.115985106458884,-0.0295591261871615,2.14554423264605,2.02955912618716,0.0295591261871611,0.0295591261871611,0.00087374194094851,0.0115985106458884,NA,0.15170641335715,"ok"
"S2_linear_moderate",57,20670057,1,"scenario_matched_gap_adjusted_did","linear_gap",2,0.344288503017202,0.285648824347194,-0.0586396786700079,2.3442885030172,2.05863967867001,0.0586396786700081,0.0586396786700081,0.0034386119145218,0.0285648824347194,NA,0.132030688185104,"ok"
"S2_linear_moderate",58,20670058,1,"scenario_matched_gap_adjusted_did","linear_gap",2,0.443564455035738,0.287792831745038,-0.1557716232907,2.44356445503574,2.1557716232907,0.1557716232907,0.1557716232907,0.0242647986226196,0.0287792831745038,NA,0.145480004974031,"ok"
"S2_linear_moderate",59,20670059,1,"scenario_matched_gap_adjusted_did","linear_gap",2,0.175475963067228,0.144876007546988,-0.0305999555202405,2.17547596306723,2.03059995552024,0.0305999555202403,0.0305999555202403,0.000936357277840685,0.0144876007546988,NA,0.157731902169554,"ok"
"S2_linear_moderate",60,20670060,1,"scenario_matched_gap_adjusted_did","linear_gap",2,0.0786965703597296,0.340269215223631,0.261572644863901,2.07869657035973,1.7384273551361,-0.261572644863901,0.261572644863901,0.0684202485410965,0.0340269215223631,NA,0.153297424901189,"ok"
"S2_linear_moderate",61,20670061,1,"scenario_matched_gap_adjusted_did","linear_gap",2,0.176281525612009,0.193651057693966,0.0173695320819575,2.17628152561201,1.98263046791804,-0.0173695320819574,0.0173695320819574,0.000301700644746146,0.0193651057693966,NA,0.133041626076234,"ok"
"S2_linear_moderate",62,20670062,1,"scenario_matched_gap_adjusted_did","linear_gap",2,0.122577492629287,-0.0613097085483923,-0.183887201177679,2.12257749262929,2.18388720117768,0.183887201177679,0.183887201177679,0.0338145027569603,-0.00613097085483923,NA,0.189124601015134,"ok"
"S2_linear_moderate",63,20670063,1,"scenario_matched_gap_adjusted_did","linear_gap",2,0.142261264612509,0.320413528508832,0.178152263896323,2.14226126461251,1.82184773610368,-0.178152263896323,0.178152263896323,0.0317382291313852,0.0320413528508832,NA,0.164599577293068,"ok"
"S2_linear_moderate",64,20670064,1,"scenario_matched_gap_adjusted_did","linear_gap",2,0.294825153432809,0.331334427140042,0.0365092737072325,2.29482515343281,1.96349072629277,-0.0365092737072326,0.0365092737072326,0.00133292706662962,0.0331334427140042,NA,0.197246354655584,"ok"
"S2_linear_moderate",65,20670065,1,"scenario_matched_gap_adjusted_did","linear_gap",2,0.195259422573247,0.260294763350033,0.0650353407767865,2.19525942257325,1.93496465922321,-0.0650353407767867,0.0650353407767867,0.00422959554995278,0.0260294763350033,NA,0.137841283759253,"ok"
"S2_linear_moderate",66,20670066,1,"scenario_matched_gap_adjusted_did","linear_gap",2,0.121848069534681,0.104806697307347,-0.0170413722273336,2.12184806953468,2.01704137222733,0.0170413722273333,0.0170413722273333,0.000290408367390525,0.0104806697307347,NA,0.120805481404902,"ok"
"S2_linear_moderate",67,20670067,1,"scenario_matched_gap_adjusted_did","linear_gap",2,0.236419223823247,0.327968445945048,0.0915492221218005,2.23641922382325,1.9084507778782,-0.0915492221218006,0.0915492221218006,0.00838126007110679,0.0327968445945048,NA,0.128168663987788,"ok"
"S2_linear_moderate",68,20670068,1,"scenario_matched_gap_adjusted_did","linear_gap",2,0.272153682487178,0.125405446410507,-0.146748236076671,2.27215368248718,2.14674823607667,0.146748236076671,0.146748236076671,0.0215350447916144,0.0125405446410506,NA,0.101078506445256,"ok"
"S2_linear_moderate",69,20670069,1,"scenario_matched_gap_adjusted_did","linear_gap",2,0.248936159121972,0.168173111612014,-0.0807630475099586,2.24893615912197,2.08076304750996,0.0807630475099588,0.0807630475099588,0.00652266984309586,0.0168173111612014,NA,0.169719183841926,"ok"
"S2_linear_moderate",70,20670070,1,"scenario_matched_gap_adjusted_did","linear_gap",2,-0.116470618090243,0.224578097303416,0.341048715393659,1.88352938190976,1.65895128460634,-0.341048715393659,0.341048715393659,0.116314226271665,0.0224578097303416,NA,0.118119760466973,"ok"
"S2_linear_moderate",71,20670071,1,"scenario_matched_gap_adjusted_did","linear_gap",2,0.169448874626549,0.472096384170503,0.302647509543954,2.16944887462655,1.69735249045605,-0.302647509543954,0.302647509543954,0.0915955150331577,0.0472096384170503,NA,0.0923033882546715,"ok"
"S2_linear_moderate",72,20670072,1,"scenario_matched_gap_adjusted_did","linear_gap",2,0.120618075515071,0.326462998752697,0.205844923237626,2.12061807551507,1.79415507676237,-0.205844923237626,0.205844923237626,0.0423721324227042,0.0326462998752697,NA,0.118405807246745,"ok"
"S2_linear_moderate",73,20670073,1,"scenario_matched_gap_adjusted_did","linear_gap",2,0.263700749934715,0.170277243173318,-0.0934235067613974,2.26370074993472,2.0934235067614,0.0934235067613973,0.0934235067613973,0.00872795161559685,0.0170277243173318,NA,0.0721360051677975,"ok"
"S2_linear_moderate",74,20670074,1,"scenario_matched_gap_adjusted_did","linear_gap",2,0.0946127681482228,0.19326988752887,0.0986571193806468,2.09461276814822,1.90134288061935,-0.0986571193806467,0.0986571193806467,0.00973322720448717,0.019326988752887,NA,0.101274977057232,"ok"
"S2_linear_moderate",75,20670075,1,"scenario_matched_gap_adjusted_did","linear_gap",2,0.282502693170428,-0.0551988792552812,-0.337701572425709,2.28250269317043,2.33770157242571,0.33770157242571,0.33770157242571,0.114042352018797,-0.00551988792552811,NA,0.0881272259310913,"ok"
"S2_linear_moderate",76,20670076,1,"scenario_matched_gap_adjusted_did","linear_gap",2,0.231007812350459,0.0955321557375707,-0.135475656612888,2.23100781235046,2.13547565661289,0.135475656612888,0.135475656612888,0.0183536535346932,0.00955321557375706,NA,0.137816314546401,"ok"
"S2_linear_moderate",77,20670077,1,"scenario_matched_gap_adjusted_did","linear_gap",2,0.234387127475531,0.462811416910383,0.228424289434852,2.23438712747553,1.77157571056515,-0.228424289434852,0.228424289434852,0.052177656003817,0.0462811416910383,NA,0.113493088291281,"ok"
"S2_linear_moderate",78,20670078,1,"scenario_matched_gap_adjusted_did","linear_gap",2,0.282890854437531,0.648258131251115,0.365367276813584,2.28289085443753,1.63463272318642,-0.365367276813584,0.365367276813584,0.133493246966174,0.0648258131251115,NA,0.156360979633306,"ok"
"S2_linear_moderate",79,20670079,1,"scenario_matched_gap_adjusted_did","linear_gap",2,0.220944690556994,0.0386239155328813,-0.182320775024112,2.22094469055699,2.18232077502411,0.182320775024113,0.182320775024113,0.0332408650053931,0.00386239155328812,NA,0.0988821429187814,"ok"
"S2_linear_moderate",80,20670080,1,"scenario_matched_gap_adjusted_did","linear_gap",2,0.19326095968906,0.375968181698659,0.182707222009599,2.19326095968906,1.8172927779904,-0.182707222009599,0.182707222009599,0.033381928974465,0.0375968181698659,NA,0.0950786959411991,"ok"
"S2_linear_moderate",81,20670081,1,"scenario_matched_gap_adjusted_did","linear_gap",2,0.132116931914904,-0.0249806112729087,-0.157097543187813,2.1321169319149,2.15709754318781,0.157097543187813,0.157097543187813,0.0246796380756467,-0.00249806112729087,NA,0.0900933435722397,"ok"
"S2_linear_moderate",82,20670082,1,"scenario_matched_gap_adjusted_did","linear_gap",2,0.219476590119877,0.348874659222404,0.129398069102527,2.21947659011988,1.87060193089747,-0.129398069102527,0.129398069102527,0.0167438602874625,0.0348874659222404,NA,0.143206433312838,"ok"
"S2_linear_moderate",83,20670083,1,"scenario_matched_gap_adjusted_did","linear_gap",2,0.357057850121439,0.197490070784891,-0.159567779336548,2.35705785012144,2.15956777933655,0.159567779336549,0.159567779336549,0.0254618762023975,0.0197490070784891,NA,0.111081802994125,"ok"
"S2_linear_moderate",84,20670084,1,"scenario_matched_gap_adjusted_did","linear_gap",2,-0.0414470578961783,0.0366827752435076,0.0781298331396859,1.95855294210382,1.92187016686031,-0.0781298331396858,0.0781298331396858,0.00610427082643515,0.00366827752435076,NA,0.115440518467558,"ok"
"S2_linear_moderate",85,20670085,1,"scenario_matched_gap_adjusted_did","linear_gap",2,0.436892327737879,0.466831839026305,0.0299395112884266,2.43689232773788,1.97006048871157,-0.0299395112884269,0.0299395112884269,0.00089637433618984,0.0466831839026305,NA,0.155450010504661,"ok"
"S2_linear_moderate",86,20670086,1,"scenario_matched_gap_adjusted_did","linear_gap",2,0.159411067064287,0.173653811364749,0.0142427443004624,2.15941106706429,1.98575725569954,-0.014242744300462,0.014242744300462,0.000202855765208343,0.0173653811364749,NA,0.180727031783899,"ok"
"S2_linear_moderate",87,20670087,1,"scenario_matched_gap_adjusted_did","linear_gap",2,0.14394418221181,0.406517444737992,0.262573262526181,2.14394418221181,1.73742673747382,-0.262573262526181,0.262573262526181,0.068944718193643,0.0406517444737992,NA,0.145459094362396,"ok"
"S2_linear_moderate",88,20670088,1,"scenario_matched_gap_adjusted_did","linear_gap",2,0.255735160818185,0.314635346256998,0.0589001854388124,2.25573516081819,1.94109981456119,-0.058900185438812,0.058900185438812,0.00346923184472645,0.0314635346256998,NA,0.14786794132161,"ok"
"S2_linear_moderate",89,20670089,1,"scenario_matched_gap_adjusted_did","linear_gap",2,0.304346697629942,0.413426946955439,0.109080249325497,2.30434669762994,1.8909197506745,-0.109080249325497,0.109080249325497,0.0118985007929126,0.0413426946955439,NA,0.109533825881891,"ok"
"S2_linear_moderate",90,20670090,1,"scenario_matched_gap_adjusted_did","linear_gap",2,0.2265472325083,0.279546323800757,0.052999091292457,2.2265472325083,1.94700090870754,-0.0529990912924569,0.0529990912924569,0.00280890367782619,0.0279546323800757,NA,0.103435691565355,"ok"
"S2_linear_moderate",91,20670091,1,"scenario_matched_gap_adjusted_did","linear_gap",2,0.357449294521609,0.293252118606816,-0.064197175914793,2.35744929452161,2.06419717591479,0.064197175914793,0.064197175914793,0.00412127739543488,0.0293252118606816,NA,0.0853793668233682,"ok"
"S2_linear_moderate",92,20670092,1,"scenario_matched_gap_adjusted_did","linear_gap",2,0.277728375650405,0.370542700985547,0.0928143253351418,2.2777283756504,1.90718567466486,-0.0928143253351419,0.0928143253351419,0.00861449898741756,0.0370542700985547,NA,0.108692263423455,"ok"
"S2_linear_moderate",93,20670093,1,"scenario_matched_gap_adjusted_did","linear_gap",2,0.227369074947631,0.27781006862139,0.0504409936737588,2.22736907494763,1.94955900632624,-0.0504409936737589,0.0504409936737589,0.00254429384279618,0.0277810068621389,NA,0.182292481667897,"ok"
"S2_linear_moderate",94,20670094,1,"scenario_matched_gap_adjusted_did","linear_gap",2,0.304615185583915,0.218920913328831,-0.0856942722550837,2.30461518558391,2.08569427225508,0.0856942722550835,0.0856942722550835,0.00734350829732838,0.0218920913328831,NA,0.126227457526188,"ok"
"S2_linear_moderate",95,20670095,1,"scenario_matched_gap_adjusted_did","linear_gap",2,0.234845881905317,0.0554902857935375,-0.17935559611178,2.23484588190532,2.17935559611178,0.17935559611178,0.17935559611178,0.0321684298566118,0.00554902857935375,NA,0.121393188430584,"ok"
"S2_linear_moderate",96,20670096,1,"scenario_matched_gap_adjusted_did","linear_gap",2,0.0788306469749206,-0.027069521067533,-0.105900168042454,2.07883064697492,2.10590016804245,0.105900168042454,0.105900168042454,0.01121484559142,-0.0027069521067533,NA,0.116756716451532,"ok"
"S2_linear_moderate",97,20670097,1,"scenario_matched_gap_adjusted_did","linear_gap",2,0.223226448326318,0.0264242358845486,-0.196802212441769,2.22322644832632,2.19680221244177,0.196802212441769,0.196802212441769,0.0387311108219752,0.00264242358845486,NA,0.0753620895775129,"ok"
"S2_linear_moderate",98,20670098,1,"scenario_matched_gap_adjusted_did","linear_gap",2,0.319193334621905,0.340158660784839,0.0209653261629337,2.31919333462191,1.97903467383707,-0.0209653261629337,0.0209653261629337,0.000439544901118191,0.0340158660784839,NA,0.174352094443535,"ok"
"S2_linear_moderate",99,20670099,1,"scenario_matched_gap_adjusted_did","linear_gap",2,0.220190592980923,0.200837036278885,-0.0193535567020381,2.22019059298092,2.01935355670204,0.0193535567020384,0.0193535567020384,0.000374560157019016,0.0200837036278885,NA,0.149454802546801,"ok"
"S2_linear_moderate",100,20670100,1,"scenario_matched_gap_adjusted_did","linear_gap",2,0.122653237438859,0.298302866582192,0.175649629143333,2.12265323743886,1.82435037085667,-0.175649629143333,0.175649629143333,0.0308527922181905,0.0298302866582192,NA,0.118330844720591,"ok"
"S2_linear_moderate",101,20670101,1,"scenario_matched_gap_adjusted_did","linear_gap",2,0.212992984103557,0.259406592051326,0.0464136079477694,2.21299298410356,1.95358639205223,-0.0464136079477695,0.0464136079477695,0.00215422300272925,0.0259406592051326,NA,0.190853043665447,"ok"
"S2_linear_moderate",102,20670102,1,"scenario_matched_gap_adjusted_did","linear_gap",2,0.0930929758636345,0.148486657472645,0.0553936816090106,2.09309297586363,1.94460631839099,-0.0553936816090108,0.0553936816090108,0.00306845996220046,0.0148486657472645,NA,0.122172251376876,"ok"
"S2_linear_moderate",103,20670103,1,"scenario_matched_gap_adjusted_did","linear_gap",2,0.0912388148510643,0.0716488734938294,-0.0195899413572348,2.09123881485106,2.01958994135723,0.0195899413572347,0.0195899413572347,0.000383765802379894,0.00716488734938294,NA,0.155383716901047,"ok"
"S2_linear_moderate",104,20670104,1,"scenario_matched_gap_adjusted_did","linear_gap",2,0.33923895258519,0.493152015181459,0.153913062596268,2.33923895258519,1.84608693740373,-0.153913062596268,0.153913062596268,0.0236892308377628,0.0493152015181458,NA,0.12058327811291,"ok"
"S2_linear_moderate",105,20670105,1,"scenario_matched_gap_adjusted_did","linear_gap",2,0.289583354408956,-0.0367767920203955,-0.326360146429352,2.28958335440896,2.32636014642935,0.326360146429352,0.326360146429352,0.106510945177388,-0.00367767920203955,NA,0.0881436413150259,"ok"
"S2_linear_moderate",106,20670106,1,"scenario_matched_gap_adjusted_did","linear_gap",2,0.233972452833843,0.431869147899514,0.19789669506567,2.23397245283384,1.80210330493433,-0.19789669506567,0.19789669506567,0.0391631019179148,0.0431869147899514,NA,0.140863222936937,"ok"
"S2_linear_moderate",107,20670107,1,"scenario_matched_gap_adjusted_did","linear_gap",2,0.123552157475619,0.317645396505692,0.194093239030073,2.12355215747562,1.80590676096993,-0.194093239030073,0.194093239030073,0.037672185437185,0.0317645396505692,NA,0.136469813818164,"ok"
"S2_linear_moderate",108,20670108,1,"scenario_matched_gap_adjusted_did","linear_gap",2,0.164497563252917,0.406956255421645,0.242458692168728,2.16449756325292,1.75754130783127,-0.242458692168727,0.242458692168727,0.0587862174081697,0.0406956255421645,NA,0.12260993704361,"ok"
"S2_linear_moderate",109,20670109,1,"scenario_matched_gap_adjusted_did","linear_gap",2,0.0938029899362096,0.214841072037096,0.121038082100886,2.09380298993621,1.87896191789911,-0.121038082100886,0.121038082100886,0.0146502173186608,0.0214841072037096,NA,0.104228416072476,"ok"
"S2_linear_moderate",110,20670110,1,"scenario_matched_gap_adjusted_did","linear_gap",2,0.0770643393038101,0.225355048284385,0.148290708980575,2.07706433930381,1.85170929101942,-0.148290708980575,0.148290708980575,0.0219901343699617,0.0225355048284385,NA,0.136683390089219,"ok"
"S2_linear_moderate",111,20670111,1,"scenario_matched_gap_adjusted_did","linear_gap",2,0.152216929784361,0.287007910178956,0.134790980394595,2.15221692978436,1.86520901960541,-0.134790980394595,0.134790980394595,0.018168608395736,0.0287007910178956,NA,0.119163946704181,"ok"
"S2_linear_moderate",112,20670112,1,"scenario_matched_gap_adjusted_did","linear_gap",2,0.133261252698861,-0.138731888653472,-0.271993141352333,2.13326125269886,2.27199314135233,0.271993141352333,0.271993141352333,0.0739802689427103,-0.0138731888653472,NA,0.139529024744895,"ok"
"S2_linear_moderate",113,20670113,1,"scenario_matched_gap_adjusted_did","linear_gap",2,0.191012014180912,0.20621576086052,0.015203746679608,2.19101201418091,1.98479625332039,-0.015203746679608,0.015203746679608,0.000231153913097691,0.020621576086052,NA,0.0871420602481721,"ok"
"S2_linear_moderate",114,20670114,1,"scenario_matched_gap_adjusted_did","linear_gap",2,0.258957707144089,0.0142078867428309,-0.244749820401258,2.25895770714409,2.24474982040126,0.244749820401258,0.244749820401258,0.0599024745864481,0.00142078867428308,NA,0.122910675089741,"ok"
"S2_linear_moderate",115,20670115,1,"scenario_matched_gap_adjusted_did","linear_gap",2,0.0737721453075759,-0.0142458810063974,-0.0880180263139733,2.07377214530758,2.08801802631397,0.0880180263139732,0.0880180263139732,0.00774717295620727,-0.00142458810063974,NA,0.127419567202759,"ok"
"S2_linear_moderate",116,20670116,1,"scenario_matched_gap_adjusted_did","linear_gap",2,0.378836359668973,0.168201774546882,-0.210634585122092,2.37883635966897,2.21063458512209,0.210634585122091,0.210634585122091,0.0443669284495556,0.0168201774546882,NA,0.142946481814477,"ok"
"S2_linear_moderate",117,20670117,1,"scenario_matched_gap_adjusted_did","linear_gap",2,0.3335462366032,0.211148567033669,-0.122397669569531,2.3335462366032,2.12239766956953,0.122397669569531,0.122397669569531,0.014981189516052,0.0211148567033669,NA,0.135490746745602,"ok"
"S2_linear_moderate",118,20670118,1,"scenario_matched_gap_adjusted_did","linear_gap",2,0.371593035148868,0.42524995908082,0.0536569239319511,2.37159303514887,1.94634307606805,-0.0536569239319511,0.0536569239319511,0.00287906548583919,0.042524995908082,NA,0.112904010992954,"ok"
"S2_linear_moderate",119,20670119,1,"scenario_matched_gap_adjusted_did","linear_gap",2,0.240100734596923,0.0739736637768432,-0.166127070820079,2.24010073459692,2.16612707082008,0.166127070820079,0.166127070820079,0.0275982036592597,0.00739736637768431,NA,0.14160181335546,"ok"
"S2_linear_moderate",120,20670120,1,"scenario_matched_gap_adjusted_did","linear_gap",2,0.282658842412289,0.412066392498453,0.129407550086164,2.28265884241229,1.87059244991384,-0.129407550086164,0.129407550086164,0.016746314019303,0.0412066392498453,NA,0.118728220918978,"ok"
"S2_linear_moderate",121,20670121,1,"scenario_matched_gap_adjusted_did","linear_gap",2,0.284120386732273,0.221509132312807,-0.0626112544194662,2.28412038673227,2.06261125441947,0.0626112544194664,0.0626112544194664,0.00392016917997915,0.0221509132312807,NA,0.178631354954212,"ok"
"S2_linear_moderate",122,20670122,1,"scenario_matched_gap_adjusted_did","linear_gap",2,0.156941854265805,0.152154194572248,-0.00478765969355779,2.15694185426581,2.00478765969356,0.00478765969355788,0.00478765969355788,2.29216853413187e-05,0.0152154194572248,NA,0.131820443263596,"ok"
"S2_linear_moderate",123,20670123,1,"scenario_matched_gap_adjusted_did","linear_gap",2,0.168611020604676,0.108958151201662,-0.059652869403014,2.16861102060468,2.05965286940301,0.0596528694030143,0.0596528694030143,0.00355846482801308,0.0108958151201662,NA,0.12992368457696,"ok"
"S2_linear_moderate",124,20670124,1,"scenario_matched_gap_adjusted_did","linear_gap",2,0.155271838223456,0.380758141679296,0.22548630345584,2.15527183822346,1.77451369654416,-0.22548630345584,0.22548630345584,0.050844073046179,0.0380758141679296,NA,0.118636774728097,"ok"
"S2_linear_moderate",125,20670125,1,"scenario_matched_gap_adjusted_did","linear_gap",2,0.215307150741954,0.0688098996663587,-0.146497251075596,2.21530715074195,2.1464972510756,0.146497251075596,0.146497251075596,0.0214614445727061,0.00688098996663586,NA,0.134593203118396,"ok"
"S2_linear_moderate",126,20670126,1,"scenario_matched_gap_adjusted_did","linear_gap",2,0.248079312722993,-0.0108076346123605,-0.258886947335353,2.24807931272299,2.25888694733535,0.258886947335354,0.258886947335354,0.0670224515006182,-0.00108076346123605,NA,0.105930949868723,"ok"
"S2_linear_moderate",127,20670127,1,"scenario_matched_gap_adjusted_did","linear_gap",2,0.344715924564767,0.183132040606373,-0.161583883958394,2.34471592456477,2.16158388395839,0.161583883958394,0.161583883958394,0.0261093515550798,0.0183132040606373,NA,0.168131293431765,"ok"
"S2_linear_moderate",128,20670128,1,"scenario_matched_gap_adjusted_did","linear_gap",2,0.18730265608952,0.20068031380736,0.0133776577178404,2.18730265608952,1.98662234228216,-0.0133776577178406,0.0133776577178406,0.0001789617260157,0.020068031380736,NA,0.151760249482293,"ok"
"S2_linear_moderate",129,20670129,1,"scenario_matched_gap_adjusted_did","linear_gap",2,0.246268575001215,0.188947899510899,-0.0573206754903161,2.24626857500121,2.05732067549032,0.0573206754903159,0.0573206754903159,0.00328565983866611,0.0188947899510899,NA,0.123648230409938,"ok"
"S2_linear_moderate",130,20670130,1,"scenario_matched_gap_adjusted_did","linear_gap",2,0.153146597187697,0.0844618570400136,-0.0686847401476838,2.1531465971877,2.06868474014768,0.0686847401476838,0.0686847401476838,0.00471759352915484,0.00844618570400136,NA,0.116498397805102,"ok"
"S2_linear_moderate",131,20670131,1,"scenario_matched_gap_adjusted_did","linear_gap",2,0.351804799698401,0.565980750127015,0.214175950428614,2.3518047996984,1.78582404957139,-0.214175950428614,0.214175950428614,0.0458713377420001,0.0565980750127015,NA,0.155786179808009,"ok"
"S2_linear_moderate",132,20670132,1,"scenario_matched_gap_adjusted_did","linear_gap",2,0.311364657714355,0.272475607276596,-0.038889050437759,2.31136465771435,2.03888905043776,0.038889050437759,0.038889050437759,0.00151235824395057,0.0272475607276595,NA,0.142139717944793,"ok"
"S2_linear_moderate",133,20670133,1,"scenario_matched_gap_adjusted_did","linear_gap",2,0.180115479881817,-0.0117770214265802,-0.191892501308397,2.18011547988182,2.1918925013084,0.191892501308397,0.191892501308397,0.0368227320583932,-0.00117770214265803,NA,0.137259821165117,"ok"
"S2_linear_moderate",134,20670134,1,"scenario_matched_gap_adjusted_did","linear_gap",2,0.161922491186414,0.227204552401559,0.0652820612151451,2.16192249118641,1.93471793878485,-0.0652820612151452,0.0652820612151452,0.00426174751649797,0.0227204552401559,NA,0.118353317236112,"ok"
"S2_linear_moderate",135,20670135,1,"scenario_matched_gap_adjusted_did","linear_gap",2,0.229586138781192,0.108166014092104,-0.121420124689088,2.22958613878119,2.12142012468909,0.121420124689088,0.121420124689088,0.0147428466795138,0.0108166014092104,NA,0.10378871521753,"ok"
"S2_linear_moderate",136,20670136,1,"scenario_matched_gap_adjusted_did","linear_gap",2,0.029505394924666,0.180630914112857,0.151125519188191,2.02950539492467,1.84887448081181,-0.151125519188191,0.151125519188191,0.0228389225499003,0.0180630914112857,NA,0.166531203399901,"ok"
"S2_linear_moderate",137,20670137,1,"scenario_matched_gap_adjusted_did","linear_gap",2,0.374365443775353,0.297810921160602,-0.0765545226147503,2.37436544377535,2.07655452261475,0.0765545226147504,0.0765545226147504,0.00586059493277233,0.0297810921160602,NA,0.12537714853425,"ok"
"S2_linear_moderate",138,20670138,1,"scenario_matched_gap_adjusted_did","linear_gap",2,0.272864443166845,0.190111459815546,-0.0827529833512991,2.27286444316684,2.0827529833513,0.0827529833512988,0.0827529833512988,0.00684805625354033,0.0190111459815546,NA,0.132822950770845,"ok"
"S2_linear_moderate",139,20670139,1,"scenario_matched_gap_adjusted_did","linear_gap",2,0.202169003784316,0.118191042768572,-0.0839779610157448,2.20216900378432,2.08397796101575,0.0839779610157452,0.0839779610157452,0.00705229793636202,0.0118191042768572,NA,0.158011675337444,"ok"
"S2_linear_moderate",140,20670140,1,"scenario_matched_gap_adjusted_did","linear_gap",2,0.457790262204514,0.146935400819661,-0.310854861384853,2.45779026220451,2.31085486138485,0.310854861384853,0.310854861384853,0.096630744846596,0.0146935400819661,NA,0.13139408028543,"ok"
"S2_linear_moderate",141,20670141,1,"scenario_matched_gap_adjusted_did","linear_gap",2,0.382493250865073,0.23361877264774,-0.148874478217334,2.38249325086507,2.14887447821733,0.148874478217334,0.148874478217334,0.0221636102644834,0.023361877264774,NA,0.146953089838111,"ok"
"S2_linear_moderate",142,20670142,1,"scenario_matched_gap_adjusted_did","linear_gap",2,0.229671876698078,0.046848427897399,-0.182823448800679,2.22967187669808,2.18282344880068,0.182823448800679,0.182823448800679,0.0334244134313746,0.0046848427897399,NA,0.13853283783555,"ok"
"S2_linear_moderate",143,20670143,1,"scenario_matched_gap_adjusted_did","linear_gap",2,0.209517105448755,0.11546221660604,-0.0940548888427147,2.20951710544876,2.09405488884271,0.0940548888427148,0.0940548888427148,0.00884632211521545,0.011546221660604,NA,0.154032955784375,"ok"
"S2_linear_moderate",144,20670144,1,"scenario_matched_gap_adjusted_did","linear_gap",2,0.301262255403042,0.0351857367119264,-0.266076518691115,2.30126225540304,2.26607651869112,0.266076518691115,0.266076518691115,0.0707967137987835,0.00351857367119263,NA,0.0711769641710893,"ok"
"S2_linear_moderate",145,20670145,1,"scenario_matched_gap_adjusted_did","linear_gap",2,0.0615541828350804,0.119006067255644,0.057451884420564,2.06155418283508,1.94254811557944,-0.0574518844205638,0.0574518844205638,0.00330071902347382,0.0119006067255644,NA,0.117023113201248,"ok"
"S2_linear_moderate",146,20670146,1,"scenario_matched_gap_adjusted_did","linear_gap",2,0.143474764011902,0.0660599663480453,-0.0774147976638567,2.1434747640119,2.07741479766386,0.0774147976638564,0.0774147976638564,0.00599305089733583,0.00660599663480453,NA,0.164985042302666,"ok"
"S2_linear_moderate",147,20670147,1,"scenario_matched_gap_adjusted_did","linear_gap",2,0.243999596110665,0.432019547884659,0.188019951773993,2.24399959611067,1.81198004822601,-0.188019951773993,0.188019951773993,0.0353515022650948,0.0432019547884659,NA,0.138394740400413,"ok"
"S2_linear_moderate",148,20670148,1,"scenario_matched_gap_adjusted_did","linear_gap",2,0.277690191736635,0.220336620207113,-0.0573535715295226,2.27769019173664,2.05735357152952,0.0573535715295224,0.0573535715295224,0.00328943216719204,0.0220336620207113,NA,0.0664574025730568,"ok"
"S2_linear_moderate",149,20670149,1,"scenario_matched_gap_adjusted_did","linear_gap",2,0.142462266309817,0.138785584667741,-0.00367668164207624,2.14246226630982,2.00367668164208,0.00367668164207613,0.00367668164207613,1.35179878971796e-05,0.0138785584667741,NA,0.175904990831212,"ok"
"S2_linear_moderate",150,20670150,1,"scenario_matched_gap_adjusted_did","linear_gap",2,0.122694579271266,0.105495107011944,-0.0171994722593225,2.12269457927127,2.01719947225932,0.0171994722593221,0.0171994722593221,0.000295821845999189,0.0105495107011944,NA,0.0927871640093998,"ok"
"S2_linear_moderate",151,20670151,1,"scenario_matched_gap_adjusted_did","linear_gap",2,0.224042729512045,0.266085620078729,0.0420428905666841,2.22404272951204,1.95795710943332,-0.0420428905666843,0.0420428905666843,0.00176760464720219,0.0266085620078729,NA,0.122557686348931,"ok"
"S2_linear_moderate",152,20670152,1,"scenario_matched_gap_adjusted_did","linear_gap",2,0.0709911860481491,0.169654811811012,0.0986636257628629,2.07099118604815,1.90133637423714,-0.098663625762863,0.098663625762863,0.00973451104867429,0.0169654811811012,NA,0.131987271335372,"ok"
"S2_linear_moderate",153,20670153,1,"scenario_matched_gap_adjusted_did","linear_gap",2,0.249296980863932,0.525347767702152,0.276050786838219,2.24929698086393,1.72394921316178,-0.27605078683822,0.27605078683822,0.0762040369140002,0.0525347767702151,NA,0.14982971086078,"ok"
"S2_linear_moderate",154,20670154,1,"scenario_matched_gap_adjusted_did","linear_gap",2,0.261936107754873,0.283991023926104,0.022054916171231,2.26193610775487,1.97794508382877,-0.0220549161712307,0.0220549161712307,0.000486419327320012,0.0283991023926104,NA,0.094102709600158,"ok"
"S2_linear_moderate",155,20670155,1,"scenario_matched_gap_adjusted_did","linear_gap",2,0.120890333539502,0.303044783414223,0.182154449874721,2.1208903335395,1.81784555012528,-0.182154449874721,0.182154449874721,0.0331802436091622,0.0303044783414223,NA,0.181425183727076,"ok"
"S2_linear_moderate",156,20670156,1,"scenario_matched_gap_adjusted_did","linear_gap",2,0.265617692748554,0.363914375339667,0.0982966825911138,2.26561769274855,1.90170331740889,-0.0982966825911138,0.0982966825911138,0.00966223780841817,0.0363914375339667,NA,0.140155012382569,"ok"
"S2_linear_moderate",157,20670157,1,"scenario_matched_gap_adjusted_did","linear_gap",2,0.0436935592165773,0.193821926677452,0.150128367460875,2.04369355921658,1.84987163253913,-0.150128367460875,0.150128367460875,0.0225385267164674,0.0193821926677452,NA,0.117173137836875,"ok"
"S2_linear_moderate",158,20670158,1,"scenario_matched_gap_adjusted_did","linear_gap",2,-0.00417914496783101,0.267852874562454,0.272032019530285,1.99582085503217,1.72796798046971,-0.272032019530285,0.272032019530285,0.0740014196497255,0.0267852874562454,NA,0.172548858294984,"ok"
"S2_linear_moderate",159,20670159,1,"scenario_matched_gap_adjusted_did","linear_gap",2,0.268508110347728,0.061986358473534,-0.206521751874194,2.26850811034773,2.20652175187419,0.206521751874194,0.206521751874194,0.0426512339971863,0.00619863584735338,NA,0.0983425592848702,"ok"
"S2_linear_moderate",160,20670160,1,"scenario_matched_gap_adjusted_did","linear_gap",2,0.172975581579392,0.203157752432318,0.0301821708529252,2.17297558157939,1.96981782914707,-0.0301821708529253,0.0301821708529253,0.000910963437395173,0.0203157752432318,NA,0.110173120635419,"ok"
"S2_linear_moderate",161,20670161,1,"scenario_matched_gap_adjusted_did","linear_gap",2,0.336145150814386,0.38715608150479,0.0510109306904042,2.33614515081439,1.9489890693096,-0.0510109306904045,0.0510109306904045,0.00260211504990125,0.038715608150479,NA,0.185859827969192,"ok"
"S2_linear_moderate",162,20670162,1,"scenario_matched_gap_adjusted_did","linear_gap",2,0.0073241743348689,0.134546898866562,0.127222724531694,2.00732417433487,1.87277727546831,-0.127222724531693,0.127222724531693,0.0161856216372672,0.0134546898866562,NA,0.086792735236027,"ok"
"S2_linear_moderate",163,20670163,1,"scenario_matched_gap_adjusted_did","linear_gap",2,0.217879414615533,0.32173928639418,0.103859871778647,2.21787941461553,1.89614012822135,-0.103859871778647,0.103859871778647,0.010786872965877,0.032173928639418,NA,0.138284246756903,"ok"
"S2_linear_moderate",164,20670164,1,"scenario_matched_gap_adjusted_did","linear_gap",2,0.306542812844201,0.389619288761507,0.0830764759173067,2.3065428128442,1.91692352408269,-0.083076475917307,0.083076475917307,0.0069017008508389,0.0389619288761507,NA,0.138044925361913,"ok"
"S2_linear_moderate",165,20670165,1,"scenario_matched_gap_adjusted_did","linear_gap",2,0.128584318439151,0.146758160557811,0.01817384211866,2.12858431843915,1.98182615788134,-0.0181738421186601,0.0181738421186601,0.000330288537353985,0.0146758160557811,NA,0.175036062173355,"ok"
"S2_linear_moderate",166,20670166,1,"scenario_matched_gap_adjusted_did","linear_gap",2,0.313236192493207,0.190566400093935,-0.122669792399272,2.31323619249321,2.12266979239927,0.122669792399272,0.122669792399272,0.0150478779672805,0.0190566400093935,NA,0.093125245354226,"ok"
"S2_linear_moderate",167,20670167,1,"scenario_matched_gap_adjusted_did","linear_gap",2,0.314633023535597,0.294886961416224,-0.0197460621193725,2.3146330235356,2.01974606211937,0.0197460621193724,0.0197460621193724,0.000389906969222112,0.0294886961416224,NA,0.114343057019764,"ok"
"S2_linear_moderate",168,20670168,1,"scenario_matched_gap_adjusted_did","linear_gap",2,0.187790307205115,0.338215557212219,0.150425250007104,2.18779030720511,1.8495747499929,-0.150425250007104,0.150425250007104,0.0226277558396998,0.0338215557212219,NA,0.136570586387172,"ok"
"S2_linear_moderate",169,20670169,1,"scenario_matched_gap_adjusted_did","linear_gap",2,0.263412582854356,0.482881028697543,0.219468445843187,2.26341258285436,1.78053155415681,-0.219468445843187,0.219468445843187,0.0481663987208239,0.0482881028697543,NA,0.150817787290325,"ok"
"S2_linear_moderate",170,20670170,1,"scenario_matched_gap_adjusted_did","linear_gap",2,0.32790518667133,0.103405914100382,-0.224499272570948,2.32790518667133,2.22449927257095,0.224499272570948,0.224499272570948,0.0503999233848849,0.0103405914100382,NA,0.146271592029105,"ok"
"S2_linear_moderate",171,20670171,1,"scenario_matched_gap_adjusted_did","linear_gap",2,0.380145895250614,0.17167611606843,-0.208469779182185,2.38014589525061,2.20846977918218,0.208469779182185,0.208469779182185,0.0434596488322688,0.017167611606843,NA,0.12396679131529,"ok"
"S2_linear_moderate",172,20670172,1,"scenario_matched_gap_adjusted_did","linear_gap",2,0.154719684265647,0.218315405632114,0.0635957213664675,2.15471968426565,1.93640427863353,-0.0635957213664677,0.0635957213664677,0.0040444157761214,0.0218315405632114,NA,0.138421116054655,"ok"
"S2_linear_moderate",173,20670173,1,"scenario_matched_gap_adjusted_did","linear_gap",2,0.178072504072046,0.256049145273091,0.0779766412010449,2.17807250407205,1.92202335879895,-0.0779766412010452,0.0779766412010452,0.00608035657299654,0.0256049145273091,NA,0.150454685581381,"ok"
"S2_linear_moderate",174,20670174,1,"scenario_matched_gap_adjusted_did","linear_gap",2,0.308229490093495,0.591403079043771,0.283173588950276,2.3082294900935,1.71682641104972,-0.283173588950276,0.283173588950276,0.0801872814789799,0.0591403079043771,NA,0.149301655288176,"ok"
"S2_linear_moderate",175,20670175,1,"scenario_matched_gap_adjusted_did","linear_gap",2,0.106061143865349,0.154972586232586,0.0489114423672363,2.10606114386535,1.95108855763276,-0.0489114423672363,0.0489114423672363,0.00239232919444348,0.0154972586232586,NA,0.121090371453973,"ok"
"S2_linear_moderate",176,20670176,1,"scenario_matched_gap_adjusted_did","linear_gap",2,0.241943512773796,0.00845218747283832,-0.233491325300958,2.2419435127738,2.23349132530096,0.233491325300958,0.233491325300958,0.0545181989907978,0.000845218747283825,NA,0.151727860615166,"ok"
"S2_linear_moderate",177,20670177,1,"scenario_matched_gap_adjusted_did","linear_gap",2,0.151072950350794,0.0577650816757435,-0.0933078686750507,2.15107295035079,2.09330786867505,0.0933078686750508,0.0933078686750508,0.00870635835668053,0.00577650816757435,NA,0.0929365289949283,"ok"
"S2_linear_moderate",178,20670178,1,"scenario_matched_gap_adjusted_did","linear_gap",2,0.383998830125563,0.218688477894962,-0.165310352230602,2.38399883012556,2.1653103522306,0.165310352230602,0.165310352230602,0.0273275125546057,0.0218688477894962,NA,0.16081793081372,"ok"
"S2_linear_moderate",179,20670179,1,"scenario_matched_gap_adjusted_did","linear_gap",2,0.164383595429109,0.118539883224114,-0.0458437122049949,2.16438359542911,2.04584371220499,0.0458437122049946,0.0458437122049946,0.00210164594873437,0.0118539883224114,NA,0.123292436661137,"ok"
"S2_linear_moderate",180,20670180,1,"scenario_matched_gap_adjusted_did","linear_gap",2,0.275138928013914,0.475154996086687,0.200016068072773,2.27513892801391,1.79998393192723,-0.200016068072774,0.200016068072774,0.0400064274872924,0.0475154996086687,NA,0.105923649663084,"ok"
"S2_linear_moderate",181,20670181,1,"scenario_matched_gap_adjusted_did","linear_gap",2,0.179778314726671,0.176322923824801,-0.0034553909018693,2.17977831472667,2.00345539090187,0.0034553909018693,0.0034553909018693,1.19397262847212e-05,0.0176322923824801,NA,0.137597733244409,"ok"
"S2_linear_moderate",182,20670182,1,"scenario_matched_gap_adjusted_did","linear_gap",2,0.337876030740135,0.316619167130436,-0.0212568636096989,2.33787603074013,2.0212568636097,0.0212568636096986,0.0212568636096986,0.000451854250521328,0.0316619167130436,NA,0.17606589887541,"ok"
"S2_linear_moderate",183,20670183,1,"scenario_matched_gap_adjusted_did","linear_gap",2,0.212275077984925,0.295171363309843,0.0828962853249182,2.21227507798492,1.91710371467508,-0.0828962853249182,0.0828962853249182,0.00687179412067025,0.0295171363309843,NA,0.0872640502292947,"ok"
"S2_linear_moderate",184,20670184,1,"scenario_matched_gap_adjusted_did","linear_gap",2,0.448655558617302,0.2992105819603,-0.149444976657002,2.4486555586173,2.149444976657,0.149444976657002,0.149444976657002,0.0223338010480118,0.02992105819603,NA,0.0992865099624243,"ok"
"S2_linear_moderate",185,20670185,1,"scenario_matched_gap_adjusted_did","linear_gap",2,0.256713722623576,0.187947146366185,-0.0687665762573915,2.25671372262358,2.06876657625739,0.0687665762573917,0.0687665762573917,0.00472884201016367,0.0187947146366185,NA,0.177754429881034,"ok"
"S2_linear_moderate",186,20670186,1,"scenario_matched_gap_adjusted_did","linear_gap",2,0.325908773171921,0.182754267805284,-0.143154505366637,2.32590877317192,2.14315450536664,0.143154505366637,0.143154505366637,0.0204932124067665,0.0182754267805284,NA,0.109424646338536,"ok"
"S2_linear_moderate",187,20670187,1,"scenario_matched_gap_adjusted_did","linear_gap",2,0.108810676796774,0.15536226617539,0.0465515893786152,2.10881067679677,1.95344841062138,-0.0465515893786153,0.0465515893786153,0.0021670504736752,0.015536226617539,NA,0.107332003868995,"ok"
"S2_linear_moderate",188,20670188,1,"scenario_matched_gap_adjusted_did","linear_gap",2,0.213360092320031,0.25800933503224,0.0446492427122082,2.21336009232003,1.95535075728779,-0.0446492427122087,0.0446492427122087,0.00199355487477372,0.025800933503224,NA,0.0925607816023083,"ok"
"S2_linear_moderate",189,20670189,1,"scenario_matched_gap_adjusted_did","linear_gap",2,0.0841617462502167,0.22924929206655,0.145087545816334,2.08416174625022,1.85491245418367,-0.145087545816334,0.145087545816334,0.0210503959510067,0.022924929206655,NA,0.10682261271396,"ok"
"S2_linear_moderate",190,20670190,1,"scenario_matched_gap_adjusted_did","linear_gap",2,0.205513496368752,-0.0509985978603681,-0.25651209422912,2.20551349636875,2.25651209422912,0.25651209422912,0.25651209422912,0.0657984544858091,-0.00509985978603681,NA,0.121356704739465,"ok"
"S2_linear_moderate",191,20670191,1,"scenario_matched_gap_adjusted_did","linear_gap",2,0.308206377248477,0.218963297869701,-0.0892430793787753,2.30820637724848,2.08924307937878,0.0892430793787753,0.0892430793787753,0.00796432721700639,0.0218963297869701,NA,0.144178634380549,"ok"
"S2_linear_moderate",192,20670192,1,"scenario_matched_gap_adjusted_did","linear_gap",2,0.195023751724125,0.176700556399999,-0.0183231953241263,2.19502375172413,2.01832319532413,0.0183231953241263,0.0183231953241263,0.000335739486886084,0.0176700556399999,NA,0.190760852329127,"ok"
"S2_linear_moderate",193,20670193,1,"scenario_matched_gap_adjusted_did","linear_gap",2,0.26268668788732,0.230500211662811,-0.0321864762245094,2.26268668788732,2.03218647622451,0.0321864762245099,0.0321864762245099,0.00103596925175094,0.0230500211662811,NA,0.142921235152184,"ok"
"S2_linear_moderate",194,20670194,1,"scenario_matched_gap_adjusted_did","linear_gap",2,0.231262133565825,0.320840352442405,0.0895782188765799,2.23126213356583,1.91042178112342,-0.0895782188765797,0.0895782188765797,0.00802425729710042,0.0320840352442405,NA,0.124750087191661,"ok"
"S2_linear_moderate",195,20670195,1,"scenario_matched_gap_adjusted_did","linear_gap",2,0.0257282159981056,0.2538529104677,0.228124694469594,2.02572821599811,1.77187530553041,-0.228124694469594,0.228124694469594,0.0520408762268457,0.02538529104677,NA,0.130116333701987,"ok"
"S2_linear_moderate",196,20670196,1,"scenario_matched_gap_adjusted_did","linear_gap",2,0.255289965498608,0.357116158964032,0.101826193465424,2.25528996549861,1.89817380653458,-0.101826193465424,0.101826193465424,0.0103685736756579,0.0357116158964032,NA,0.133516023972369,"ok"
"S2_linear_moderate",197,20670197,1,"scenario_matched_gap_adjusted_did","linear_gap",2,0.273878271798012,0.253953836011631,-0.0199244357863803,2.27387827179801,2.01992443578638,0.0199244357863804,0.0199244357863804,0.000396983141405595,0.0253953836011631,NA,0.107772784879425,"ok"
"S2_linear_moderate",198,20670198,1,"scenario_matched_gap_adjusted_did","linear_gap",2,0.282646359068859,0.175205133012558,-0.107441226056301,2.28264635906886,2.1074412260563,0.107441226056301,0.107441226056301,0.0115436170564812,0.0175205133012558,NA,0.101589578369163,"ok"
"S2_linear_moderate",199,20670199,1,"scenario_matched_gap_adjusted_did","linear_gap",2,0.167060751155229,0.288736902347627,0.121676151192398,2.16706075115523,1.8783238488076,-0.121676151192398,0.121676151192398,0.0148050857689952,0.0288736902347627,NA,0.16386361816343,"ok"
"S2_linear_moderate",200,20670200,1,"scenario_matched_gap_adjusted_did","linear_gap",2,0.0380060138545322,-0.0972468784346402,-0.135252892289172,2.03800601385453,2.13525289228917,0.135252892289173,0.135252892289173,0.0182933448725866,-0.00972468784346401,NA,0.157191970238594,"ok"
"S2_linear_moderate",201,20670201,1,"scenario_matched_gap_adjusted_did","linear_gap",2,0.295063059962411,0.147261284660558,-0.147801775301853,2.29506305996241,2.14780177530185,0.147801775301852,0.147801775301852,0.0218453647823791,0.0147261284660558,NA,0.125834850843093,"ok"
"S2_linear_moderate",202,20670202,1,"scenario_matched_gap_adjusted_did","linear_gap",2,0.30337104179535,0.178554181195464,-0.124816860599886,2.30337104179535,2.12481686059989,0.124816860599887,0.124816860599887,0.0155792486900115,0.0178554181195464,NA,0.145597795342968,"ok"
"S2_linear_moderate",203,20670203,1,"scenario_matched_gap_adjusted_did","linear_gap",2,0.209015501760318,0.342218082664563,0.133202580904245,2.20901550176032,1.86679741909575,-0.133202580904245,0.133202580904245,0.017742927559552,0.0342218082664563,NA,0.133686493247745,"ok"
"S2_linear_moderate",204,20670204,1,"scenario_matched_gap_adjusted_did","linear_gap",2,0.327436768583613,0.320909271092019,-0.00652749749159376,2.32743676858361,2.00652749749159,0.00652749749159343,0.00652749749159343,4.26082235027585e-05,0.0320909271092019,NA,0.132411193846896,"ok"
"S2_linear_moderate",205,20670205,1,"scenario_matched_gap_adjusted_did","linear_gap",2,0.349099363199039,0.476439595369899,0.12734023217086,2.34909936319904,1.87265976782914,-0.12734023217086,0.12734023217086,0.0162155347293285,0.0476439595369899,NA,0.160689396696602,"ok"
"S2_linear_moderate",206,20670206,1,"scenario_matched_gap_adjusted_did","linear_gap",2,0.273981255698128,0.147046282567199,-0.126934973130929,2.27398125569813,2.12693497313093,0.126934973130929,0.126934973130929,0.0161124874037497,0.0147046282567199,NA,0.146332578950109,"ok"
"S2_linear_moderate",207,20670207,1,"scenario_matched_gap_adjusted_did","linear_gap",2,0.222423654043929,0.267167566980948,0.0447439129370188,2.22242365404393,1.95525608706298,-0.0447439129370191,0.0447439129370191,0.00200201774491554,0.0267167566980948,NA,0.153596980251116,"ok"
"S2_linear_moderate",208,20670208,1,"scenario_matched_gap_adjusted_did","linear_gap",2,0.174841619144964,0.0781506484574062,-0.0966909706875583,2.17484161914496,2.09669097068756,0.0966909706875581,0.0966909706875581,0.00934914381250221,0.00781506484574062,NA,0.0856605801904897,"ok"
"S2_linear_moderate",209,20670209,1,"scenario_matched_gap_adjusted_did","linear_gap",2,0.232241552266453,0.119993261742932,-0.112248290523522,2.23224155226645,2.11224829052352,0.112248290523521,0.112248290523521,0.0125996787254529,0.0119993261742932,NA,0.138270779600261,"ok"
"S2_linear_moderate",210,20670210,1,"scenario_matched_gap_adjusted_did","linear_gap",2,0.129949459732639,0.246807698700796,0.116858238968158,2.12994945973264,1.88314176103184,-0.116858238968158,0.116858238968158,0.0136558480147391,0.0246807698700796,NA,0.119199456078943,"ok"
"S2_linear_moderate",211,20670211,1,"scenario_matched_gap_adjusted_did","linear_gap",2,0.264079430098579,0.286124615752652,0.0220451856540725,2.26407943009858,1.97795481434593,-0.0220451856540729,0.0220451856540729,0.00048599021052254,0.0286124615752652,NA,0.165154190393514,"ok"
"S2_linear_moderate",212,20670212,1,"scenario_matched_gap_adjusted_did","linear_gap",2,0.210352341796622,0.0532245548127343,-0.157127786983888,2.21035234179662,2.15712778698389,0.157127786983888,0.157127786983888,0.024689141442454,0.00532245548127343,NA,0.135890469896494,"ok"
"S2_linear_moderate",213,20670213,1,"scenario_matched_gap_adjusted_did","linear_gap",2,0.0975048035353132,0.056530989693606,-0.0409738138417072,2.09750480353531,2.04097381384171,0.0409738138417071,0.0409738138417071,0.00167885342073487,0.00565309896936058,NA,0.178106712837971,"ok"
"S2_linear_moderate",214,20670214,1,"scenario_matched_gap_adjusted_did","linear_gap",2,0.207144805935913,0.314916480730185,0.107771674794272,2.20714480593591,1.89222832520573,-0.107771674794272,0.107771674794272,0.0116147338879623,0.0314916480730185,NA,0.171267776829374,"ok"
"S2_linear_moderate",215,20670215,1,"scenario_matched_gap_adjusted_did","linear_gap",2,0.101896008043812,0.190048193902887,0.0881521858590752,2.10189600804381,1.91184781414092,-0.0881521858590752,0.0881521858590752,0.00777080787173295,0.0190048193902887,NA,0.107517794020828,"ok"
"S2_linear_moderate",216,20670216,1,"scenario_matched_gap_adjusted_did","linear_gap",2,0.0947486651752355,0.248311042196503,0.153562377021268,2.09474866517524,1.84643762297873,-0.153562377021268,0.153562377021268,0.023581403636422,0.0248311042196503,NA,0.132015803608473,"ok"
"S2_linear_moderate",217,20670217,1,"scenario_matched_gap_adjusted_did","linear_gap",2,0.111896968709212,-0.00522693903658757,-0.1171239077458,2.11189696870921,2.1171239077458,0.117123907745799,0.117123907745799,0.0137180097656465,-0.000522693903658757,NA,0.143293526540598,"ok"
"S2_linear_moderate",218,20670218,1,"scenario_matched_gap_adjusted_did","linear_gap",2,0.20720314563581,-0.0618592601466793,-0.269062405782489,2.20720314563581,2.26906240578249,0.269062405782489,0.269062405782489,0.0723945782054607,-0.00618592601466793,NA,0.157340899570984,"ok"
"S2_linear_moderate",219,20670219,1,"scenario_matched_gap_adjusted_did","linear_gap",2,0.41775393781305,0.377555529835515,-0.0401984079775352,2.41775393781305,2.04019840797754,0.040198407977535,0.040198407977535,0.00161591200392835,0.0377555529835515,NA,0.091248863101669,"ok"
"S2_linear_moderate",220,20670220,1,"scenario_matched_gap_adjusted_did","linear_gap",2,0.228305180566656,0.285027720324711,0.0567225397580555,2.22830518056666,1.94327746024194,-0.0567225397580555,0.0567225397580555,0.00321744651660419,0.0285027720324711,NA,0.120429355335001,"ok"
"S2_linear_moderate",221,20670221,1,"scenario_matched_gap_adjusted_did","linear_gap",2,0.24657906629833,0.296657103989644,0.0500780376913145,2.24657906629833,1.94992196230869,-0.0500780376913141,0.0500780376913141,0.00250780985901268,0.0296657103989644,NA,0.0955676705402828,"ok"
"S2_linear_moderate",222,20670222,1,"scenario_matched_gap_adjusted_did","linear_gap",2,0.249721524134786,0.141234103176283,-0.108487420958503,2.24972152413479,2.1084874209585,0.108487420958503,0.108487420958503,0.0117695205062274,0.0141234103176283,NA,0.0686791989642148,"ok"
"S2_linear_moderate",223,20670223,1,"scenario_matched_gap_adjusted_did","linear_gap",2,0.180986790685743,0.134193800774153,-0.0467929899115899,2.18098679068574,2.04679298991159,0.04679298991159,0.04679298991159,0.00218958390486616,0.0134193800774153,NA,0.126723860533626,"ok"
"S2_linear_moderate",224,20670224,1,"scenario_matched_gap_adjusted_did","linear_gap",2,0.380445137417797,0.307657820729624,-0.0727873166881734,2.3804451374178,2.07278731668817,0.0727873166881734,0.0727873166881734,0.00529799347066445,0.0307657820729624,NA,0.102873411233769,"ok"
"S2_linear_moderate",225,20670225,1,"scenario_matched_gap_adjusted_did","linear_gap",2,0.141779119786549,0.228220038578073,0.0864409187915245,2.14177911978655,1.91355908120848,-0.0864409187915243,0.0864409187915243,0.00747203244152289,0.0228220038578073,NA,0.177882667464375,"ok"
"S2_linear_moderate",226,20670226,1,"scenario_matched_gap_adjusted_did","linear_gap",2,0.0752428077470043,0.00738399098797314,-0.0678588167590311,2.075242807747,2.06785881675903,0.0678588167590313,0.0678588167590313,0.00460481901193578,0.000738399098797313,NA,0.118830191480861,"ok"
"S2_linear_moderate",227,20670227,1,"scenario_matched_gap_adjusted_did","linear_gap",2,0.19070434322355,0.105152013256112,-0.0855523299674382,2.19070434322355,2.08555232996744,0.0855523299674381,0.0855523299674381,0.00731920116285741,0.0105152013256112,NA,0.158171252982366,"ok"
"S2_linear_moderate",228,20670228,1,"scenario_matched_gap_adjusted_did","linear_gap",2,0.253835772995737,0.263713573093462,0.00987780009772504,2.25383577299574,1.99012219990227,-0.00987780009772532,0.00987780009772532,9.75709347706223e-05,0.0263713573093462,NA,0.127214192446679,"ok"
"S2_linear_moderate",229,20670229,1,"scenario_matched_gap_adjusted_did","linear_gap",2,0.0767806798687221,0.231659709434569,0.154879029565847,2.07678067986872,1.84512097043415,-0.154879029565847,0.154879029565847,0.0239875137992585,0.0231659709434569,NA,0.114110839361103,"ok"
"S2_linear_moderate",230,20670230,1,"scenario_matched_gap_adjusted_did","linear_gap",2,0.153504284329738,0.0481080025694545,-0.105396281760283,2.15350428432974,2.10539628176028,0.105396281760283,0.105396281760283,0.0111083762088929,0.00481080025694545,NA,0.12721161442071,"ok"
"S2_linear_moderate",231,20670231,1,"scenario_matched_gap_adjusted_did","linear_gap",2,0.0964154649179208,0.244771867427539,0.148356402509618,2.09641546491792,1.85164359749038,-0.148356402509618,0.148356402509618,0.0220096221655957,0.0244771867427539,NA,0.148781248212187,"ok"
"S2_linear_moderate",232,20670232,1,"scenario_matched_gap_adjusted_did","linear_gap",2,0.274680593165084,0.260490214948831,-0.0141903782162532,2.27468059316508,2.01419037821625,0.0141903782162531,0.0141903782162531,0.000201366833920311,0.0260490214948831,NA,0.139548008930166,"ok"
"S2_linear_moderate",233,20670233,1,"scenario_matched_gap_adjusted_did","linear_gap",2,0.256712714203206,0.0665511334801346,-0.190161580723072,2.25671271420321,2.19016158072307,0.190161580723072,0.190161580723072,0.0361614267830973,0.00665511334801346,NA,0.122446713612311,"ok"
"S2_linear_moderate",234,20670234,1,"scenario_matched_gap_adjusted_did","linear_gap",2,0.267771708628939,0.326061527729597,0.0582898191006586,2.26777170862894,1.94171018089934,-0.0582898191006589,0.0582898191006589,0.00339770301078754,0.0326061527729597,NA,0.127985543473498,"ok"
"S2_linear_moderate",235,20670235,1,"scenario_matched_gap_adjusted_did","linear_gap",2,0.0756785272441843,0.0722202425250094,-0.00345828471917498,2.07567852724418,2.00345828471917,0.00345828471917464,0.00345828471917464,1.19597331988768e-05,0.00722202425250093,NA,0.132090915930173,"ok"
"S2_linear_moderate",236,20670236,1,"scenario_matched_gap_adjusted_did","linear_gap",2,0.236065178451295,0.384045617123378,0.147980438672083,2.2360651784513,1.85201956132792,-0.147980438672083,0.147980438672083,0.0218982102295822,0.0384045617123378,NA,0.192117190914356,"ok"
"S2_linear_moderate",237,20670237,1,"scenario_matched_gap_adjusted_did","linear_gap",2,0.142494616364111,0.394501654600117,0.252007038236007,2.14249461636411,1.74799296176399,-0.252007038236007,0.252007038236007,0.0635075473204841,0.0394501654600117,NA,0.112277225208061,"ok"
"S2_linear_moderate",238,20670238,1,"scenario_matched_gap_adjusted_did","linear_gap",2,0.110089963908185,0.23775871840346,0.127668754495274,2.11008996390819,1.87233124550473,-0.127668754495274,0.127668754495274,0.0162993108743746,0.0237758718403459,NA,0.139269087855607,"ok"
"S2_linear_moderate",239,20670239,1,"scenario_matched_gap_adjusted_did","linear_gap",2,0.175389037023713,0.167196866175826,-0.0081921708478872,2.17538903702371,2.00819217084789,0.00819217084788715,0.00819217084788715,6.7111663200972e-05,0.0167196866175826,NA,0.165220510785898,"ok"
"S2_linear_moderate",240,20670240,1,"scenario_matched_gap_adjusted_did","linear_gap",2,0.221253332667362,0.376694645623852,0.15544131295649,2.22125333266736,1.84455868704351,-0.15544131295649,0.15544131295649,0.0241620017736374,0.0376694645623852,NA,0.128761814039318,"ok"
"S2_linear_moderate",241,20670241,1,"scenario_matched_gap_adjusted_did","linear_gap",2,0.146092967664834,0.183319086137475,0.0372261184726411,2.14609296766483,1.96277388152736,-0.037226118472641,0.037226118472641,0.0013857838965391,0.0183319086137475,NA,0.115918392657334,"ok"
"S2_linear_moderate",242,20670242,1,"scenario_matched_gap_adjusted_did","linear_gap",2,0.170209047079445,0.318283991566018,0.148074944486573,2.17020904707945,1.85192505551343,-0.148074944486573,0.148074944486573,0.0219261891847016,0.0318283991566018,NA,0.152390118715917,"ok"
"S2_linear_moderate",243,20670243,1,"scenario_matched_gap_adjusted_did","linear_gap",2,0.144810019557279,0.114688516484712,-0.0301215030725666,2.14481001955728,2.03012150307257,0.030121503072567,0.030121503072567,0.000907304947350663,0.0114688516484712,NA,0.154804150808398,"ok"
"S2_linear_moderate",244,20670244,1,"scenario_matched_gap_adjusted_did","linear_gap",2,0.0931131277801075,0.196581391110762,0.103468263330654,2.09311312778011,1.89653173666935,-0.103468263330654,0.103468263330654,0.0107056815166616,0.0196581391110762,NA,0.172549867130685,"ok"
"S2_linear_moderate",245,20670245,1,"scenario_matched_gap_adjusted_did","linear_gap",2,0.257047116069668,-0.00275706791726809,-0.259804183986936,2.25704711606967,2.25980418398694,0.259804183986936,0.259804183986936,0.0674982140171178,-0.000275706791726809,NA,0.16746590573583,"ok"
"S2_linear_moderate",246,20670246,1,"scenario_matched_gap_adjusted_did","linear_gap",2,0.184832831525674,0.209140835839769,0.0243080043140953,2.18483283152567,1.9756919956859,-0.0243080043140953,0.0243080043140953,0.000590879073734076,0.0209140835839769,NA,0.0985723634928177,"ok"
"S2_linear_moderate",247,20670247,1,"scenario_matched_gap_adjusted_did","linear_gap",2,0.218383579929198,0.202150600667073,-0.0162329792621248,2.2183835799292,2.01623297926212,0.0162329792621247,0.0162329792621247,0.000263509615724572,0.0202150600667073,NA,0.119730285156877,"ok"
"S2_linear_moderate",248,20670248,1,"scenario_matched_gap_adjusted_did","linear_gap",2,0.347534515962688,0.379606492776632,0.0320719768139438,2.34753451596269,1.96792802318606,-0.0320719768139437,0.0320719768139437,0.00102861169675414,0.0379606492776632,NA,0.125897290524646,"ok"
"S2_linear_moderate",249,20670249,1,"scenario_matched_gap_adjusted_did","linear_gap",2,0.330645649610186,0.308502160423512,-0.022143489186674,2.33064564961019,2.02214348918667,0.0221434891866741,0.0221434891866741,0.000490334113360352,0.0308502160423512,NA,0.100596350223068,"ok"
"S2_linear_moderate",250,20670250,1,"scenario_matched_gap_adjusted_did","linear_gap",2,0.175635796218912,0.0353923629603107,-0.140243433258601,2.17563579621891,2.1402434332586,0.140243433258601,0.140243433258601,0.0196682205721596,0.00353923629603107,NA,0.165440395144405,"ok"
"S2_linear_moderate",251,20670251,1,"scenario_matched_gap_adjusted_did","linear_gap",2,0.204592845818717,0.185804663805177,-0.0187881820135398,2.20459284581872,2.01878818201354,0.01878818201354,0.01878818201354,0.00035299578337391,0.0185804663805177,NA,0.128045886639092,"ok"
"S2_linear_moderate",252,20670252,1,"scenario_matched_gap_adjusted_did","linear_gap",2,0.478150363731625,0.550550791692968,0.0724004279613438,2.47815036373162,1.92759957203866,-0.0724004279613437,0.0724004279613437,0.00524182196898572,0.0550550791692968,NA,0.152663699008786,"ok"
"S2_linear_moderate",253,20670253,1,"scenario_matched_gap_adjusted_did","linear_gap",2,0.101251356609137,0.0244885591419261,-0.076762797467211,2.10125135660914,2.07676279746721,0.0767627974672109,0.0767627974672109,0.00589252707499204,0.00244885591419261,NA,0.123868416265795,"ok"
"S2_linear_moderate",254,20670254,1,"scenario_matched_gap_adjusted_did","linear_gap",2,0.19376532014817,0.248514911085109,0.0547495909369391,2.19376532014817,1.94525040906306,-0.0547495909369391,0.0547495909369391,0.00299751770776216,0.0248514911085109,NA,0.224034361236479,"ok"
"S2_linear_moderate",255,20670255,1,"scenario_matched_gap_adjusted_did","linear_gap",2,0.195591659950234,0.255237677320602,0.059646017370368,2.19559165995023,1.94035398262963,-0.0596460173703679,0.0596460173703679,0.00355764738814623,0.0255237677320602,NA,0.172600298293422,"ok"
"S2_linear_moderate",256,20670256,1,"scenario_matched_gap_adjusted_did","linear_gap",2,0.220265681197768,0.199361541941422,-0.0209041392563453,2.22026568119777,2.02090413925634,0.0209041392563449,0.0209041392563449,0.000436983038048661,0.0199361541941422,NA,0.0842417710526557,"ok"
"S2_linear_moderate",257,20670257,1,"scenario_matched_gap_adjusted_did","linear_gap",2,0.180675174677156,0.30416525509211,0.123490080414954,2.18067517467716,1.87650991958505,-0.123490080414954,0.123490080414954,0.0152497999608919,0.030416525509211,NA,0.147272145147026,"ok"
"S2_linear_moderate",258,20670258,1,"scenario_matched_gap_adjusted_did","linear_gap",2,0.0652910285083328,-0.00560470249654271,-0.0708957310048755,2.06529102850833,2.07089573100488,0.0708957310048755,0.0708957310048755,0.00502620467471566,-0.000560470249654275,NA,0.0961849690809404,"ok"
"S2_linear_moderate",259,20670259,1,"scenario_matched_gap_adjusted_did","linear_gap",2,0.284384417508516,0.302989061089095,0.0186046435805798,2.28438441750852,1.98139535641942,-0.0186046435805798,0.0186046435805798,0.000346132762760409,0.0302989061089095,NA,0.108000372752302,"ok"
"S2_linear_moderate",260,20670260,1,"scenario_matched_gap_adjusted_did","linear_gap",2,0.371566165118789,0.436529093471104,0.0649629283523145,2.37156616511879,1.93503707164769,-0.064962928352315,0.064962928352315,0.00422018206010801,0.0436529093471104,NA,0.161693459831308,"ok"
"S2_linear_moderate",261,20670261,1,"scenario_matched_gap_adjusted_did","linear_gap",2,0.18538582885529,0.0764579696416912,-0.108927859213599,2.18538582885529,2.1089278592136,0.108927859213598,0.108927859213598,0.0118652785128575,0.00764579696416912,NA,0.118921299712026,"ok"
"S2_linear_moderate",262,20670262,1,"scenario_matched_gap_adjusted_did","linear_gap",2,0.27624414784838,0.310450303519579,0.0342061556711993,2.27624414784838,1.9657938443288,-0.0342061556711994,0.0342061556711994,0.00117006108580233,0.0310450303519579,NA,0.140005136993401,"ok"
"S2_linear_moderate",263,20670263,1,"scenario_matched_gap_adjusted_did","linear_gap",2,0.241538354548389,0.25172932132313,0.0101909667747419,2.24153835454839,1.98980903322526,-0.0101909667747417,0.0101909667747417,0.00010385580380389,0.025172932132313,NA,0.173045390018922,"ok"
"S2_linear_moderate",264,20670264,1,"scenario_matched_gap_adjusted_did","linear_gap",2,0.205470489014738,0.258494927032269,0.0530244380175313,2.20547048901474,1.94697556198247,-0.0530244380175313,0.0530244380175313,0.00281159102707502,0.0258494927032269,NA,0.124335158935608,"ok"
"S2_linear_moderate",265,20670265,1,"scenario_matched_gap_adjusted_did","linear_gap",2,0.298553760032467,0.273891471338417,-0.0246622886940506,2.29855376003247,2.02466228869405,0.0246622886940506,0.0246622886940506,0.000608228483628697,0.0273891471338417,NA,0.135668670427293,"ok"
"S2_linear_moderate",266,20670266,1,"scenario_matched_gap_adjusted_did","linear_gap",2,0.090514139555759,0.282241041242194,0.191726901686435,2.09051413955576,1.80827309831356,-0.191726901686435,0.191726901686435,0.03675920483028,0.0282241041242194,NA,0.149461742616518,"ok"
"S2_linear_moderate",267,20670267,1,"scenario_matched_gap_adjusted_did","linear_gap",2,0.156873879179443,0.107701267359625,-0.0491726118198181,2.15687387917944,2.04917261181982,0.0491726118198184,0.0491726118198184,0.00241794575318254,0.0107701267359625,NA,0.134291703541223,"ok"
"S2_linear_moderate",268,20670268,1,"scenario_matched_gap_adjusted_did","linear_gap",2,0.296317481565165,0.319355625576137,0.0230381440109722,2.29631748156516,1.97696185598903,-0.0230381440109719,0.0230381440109719,0.000530756079470282,0.0319355625576137,NA,0.123096082326707,"ok"
"S2_linear_moderate",269,20670269,1,"scenario_matched_gap_adjusted_did","linear_gap",2,0.222343419885509,0.100869673281343,-0.121473746604166,2.22234341988551,2.12147374660417,0.121473746604166,0.121473746604166,0.014755871114053,0.0100869673281343,NA,0.0971378933790058,"ok"
"S2_linear_moderate",270,20670270,1,"scenario_matched_gap_adjusted_did","linear_gap",2,0.418828862489006,0.511350015486473,0.0925211529974671,2.41882886248901,1.90747884700253,-0.0925211529974672,0.0925211529974672,0.00856016375198074,0.0511350015486473,NA,0.0870465849161953,"ok"
"S2_linear_moderate",271,20670271,1,"scenario_matched_gap_adjusted_did","linear_gap",2,0.24557647713073,-0.0754549345218639,-0.321031411652594,2.24557647713073,2.32103141165259,0.321031411652593,0.321031411652593,0.103061167267657,-0.00754549345218639,NA,0.137506138260258,"ok"
"S2_linear_moderate",272,20670272,1,"scenario_matched_gap_adjusted_did","linear_gap",2,0.243495959414562,0.250415888341678,0.00691992892711557,2.24349595941456,1.99308007107288,-0.00691992892711557,0.00691992892711557,4.78854163563309e-05,0.0250415888341678,NA,0.0798295196242689,"ok"
"S2_linear_moderate",273,20670273,1,"scenario_matched_gap_adjusted_did","linear_gap",2,0.207753155880254,0.382642597699878,0.174889441819624,2.20775315588025,1.82511055818038,-0.174889441819624,0.174889441819624,0.0305863168599797,0.0382642597699878,NA,0.132724185738014,"ok"
"S2_linear_moderate",274,20670274,1,"scenario_matched_gap_adjusted_did","linear_gap",2,0.0275382405582121,0.0788203075859048,0.0512820670276928,2.02753824055821,1.94871793297231,-0.051282067027693,0.051282067027693,0.0026298503986328,0.00788203075859048,NA,0.204976967148096,"ok"
"S2_linear_moderate",275,20670275,1,"scenario_matched_gap_adjusted_did","linear_gap",2,0.161022728412429,0.271438166625622,0.110415438213193,2.16102272841243,1.88958456178681,-0.110415438213193,0.110415438213193,0.0121915689958115,0.0271438166625622,NA,0.11126750409962,"ok"
"S2_linear_moderate",276,20670276,1,"scenario_matched_gap_adjusted_did","linear_gap",2,0.276771101639931,0.415870617561454,0.139099515921523,2.27677110163993,1.86090048407848,-0.139099515921523,0.139099515921523,0.0193486753296021,0.0415870617561454,NA,0.110685343274023,"ok"
"S2_linear_moderate",277,20670277,1,"scenario_matched_gap_adjusted_did","linear_gap",2,0.267820888277306,0.216653703182663,-0.0511671850946425,2.26782088827731,2.05116718509464,0.0511671850946422,0.0511671850946422,0.00261808083050938,0.0216653703182664,NA,0.163363791959898,"ok"
"S2_linear_moderate",278,20670278,1,"scenario_matched_gap_adjusted_did","linear_gap",2,0.423671772363933,0.251120999529065,-0.172550772834867,2.42367177236393,2.17255077283487,0.172550772834867,0.172550772834867,0.0297737692059099,0.0251120999529065,NA,0.112203294419809,"ok"
"S2_linear_moderate",279,20670279,1,"scenario_matched_gap_adjusted_did","linear_gap",2,0.251065339702045,0.338130945549335,0.0870656058472898,2.25106533970204,1.91293439415271,-0.0870656058472898,0.0870656058472898,0.00758041972155563,0.0338130945549335,NA,0.118463065624078,"ok"
"S2_linear_moderate",280,20670280,1,"scenario_matched_gap_adjusted_did","linear_gap",2,0.179280690556503,0.217701435795699,0.0384207452391963,2.1792806905565,1.9615792547608,-0.0384207452391963,0.0384207452391963,0.00147615366473522,0.0217701435795699,NA,0.0932622857512947,"ok"
"S2_linear_moderate",281,20670281,1,"scenario_matched_gap_adjusted_did","linear_gap",2,0.00839074682113504,0.254678399292249,0.246287652471114,2.00839074682114,1.75371234752889,-0.246287652471114,0.246287652471114,0.0606576077597322,0.0254678399292249,NA,0.127748537644605,"ok"
"S2_linear_moderate",282,20670282,1,"scenario_matched_gap_adjusted_did","linear_gap",2,0.243990983561497,0.364643452892976,0.120652469331479,2.2439909835615,1.87934753066852,-0.120652469331479,0.120652469331479,0.0145570183557836,0.0364643452892976,NA,0.0734468558910717,"ok"
"S2_linear_moderate",283,20670283,1,"scenario_matched_gap_adjusted_did","linear_gap",2,0.299942399954527,0.192708610293993,-0.107233789660534,2.29994239995453,2.10723378966053,0.107233789660534,0.107233789660534,0.0114990856449597,0.0192708610293993,NA,0.128999925656959,"ok"
"S2_linear_moderate",284,20670284,1,"scenario_matched_gap_adjusted_did","linear_gap",2,0.14018455580372,0.219781445444842,0.0795968896411219,2.14018455580372,1.92040311035888,-0.0795968896411219,0.0795968896411219,0.00633566484054094,0.0219781445444842,NA,0.179871366809192,"ok"
"S2_linear_moderate",285,20670285,1,"scenario_matched_gap_adjusted_did","linear_gap",2,0.297855642210799,0.184551412092069,-0.113304230118729,2.2978556422108,2.11330423011873,0.113304230118729,0.113304230118729,0.0128378485627979,0.0184551412092069,NA,0.158557552913961,"ok"
"S2_linear_moderate",286,20670286,1,"scenario_matched_gap_adjusted_did","linear_gap",2,0.148185245387403,0.142718719038882,-0.00546652634852124,2.1481852453874,2.00546652634852,0.00546652634852141,0.00546652634852141,2.98829103190788e-05,0.0142718719038882,NA,0.105312559563925,"ok"
"S2_linear_moderate",287,20670287,1,"scenario_matched_gap_adjusted_did","linear_gap",2,-0.00790148385538383,0.361298228842784,0.369199712698168,1.99209851614462,1.63080028730183,-0.369199712698168,0.369199712698168,0.13630842785641,0.0361298228842784,NA,0.0914500890230327,"ok"
"S2_linear_moderate",288,20670288,1,"scenario_matched_gap_adjusted_did","linear_gap",2,0.106201769387355,0.373907156794398,0.267705387407043,2.10620176938735,1.73229461259296,-0.267705387407043,0.267705387407043,0.0716661744467551,0.0373907156794398,NA,0.141709016223249,"ok"
"S2_linear_moderate",289,20670289,1,"scenario_matched_gap_adjusted_did","linear_gap",2,0.215437966177765,0.336204165385294,0.12076619920753,2.21543796617776,1.87923380079247,-0.12076619920753,0.12076619920753,0.0145844748710328,0.0336204165385294,NA,0.155593765688904,"ok"
"S2_linear_moderate",290,20670290,1,"scenario_matched_gap_adjusted_did","linear_gap",2,0.428272197113848,0.419259123533295,-0.00901307358055314,2.42827219711385,2.00901307358055,0.0090130735805527,0.0090130735805527,8.12354953684571e-05,0.0419259123533295,NA,0.102458818455031,"ok"
"S2_linear_moderate",291,20670291,1,"scenario_matched_gap_adjusted_did","linear_gap",2,0.406641232290509,0.355511286658198,-0.0511299456323114,2.40664123229051,2.05112994563231,0.0511299456323115,0.0511299456323115,0.00261427134036313,0.0355511286658198,NA,0.169423309742243,"ok"
"S2_linear_moderate",292,20670292,1,"scenario_matched_gap_adjusted_did","linear_gap",2,0.076588912585478,0.31281205797428,0.236223145388802,2.07658891258548,1.7637768546112,-0.236223145388802,0.236223145388802,0.0558013744173791,0.031281205797428,NA,0.105144677309215,"ok"
"S2_linear_moderate",293,20670293,1,"scenario_matched_gap_adjusted_did","linear_gap",2,0.352152362974462,0.372415398625301,0.020263035650839,2.35215236297446,1.97973696434916,-0.0202630356508391,0.0202630356508391,0.000410590613787176,0.0372415398625301,NA,0.0770669123969009,"ok"
"S2_linear_moderate",294,20670294,1,"scenario_matched_gap_adjusted_did","linear_gap",2,0.272206853351183,0.421810510802693,0.14960365745151,2.27220685335118,1.85039634254849,-0.14960365745151,0.14960365745151,0.0223812543228689,0.0421810510802693,NA,0.115092851061787,"ok"
"S2_linear_moderate",295,20670295,1,"scenario_matched_gap_adjusted_did","linear_gap",2,0.333001486668674,0.416645644145889,0.0836441574772155,2.33300148666867,1.91635584252278,-0.0836441574772153,0.0836441574772153,0.0069963450800732,0.0416645644145889,NA,0.0987333744026845,"ok"
"S2_linear_moderate",296,20670296,1,"scenario_matched_gap_adjusted_did","linear_gap",2,0.162100353553338,0.354611048340661,0.192510694787323,2.16210035355334,1.80748930521268,-0.192510694787323,0.192510694787323,0.0370603676074979,0.0354611048340661,NA,0.123438209598287,"ok"
"S2_linear_moderate",297,20670297,1,"scenario_matched_gap_adjusted_did","linear_gap",2,0.303096442714785,0.0290652555437461,-0.274031187171039,2.30309644271479,2.27403118717104,0.274031187171039,0.274031187171039,0.0750930915423693,0.0029065255543746,NA,0.138736502306713,"ok"
"S2_linear_moderate",298,20670298,1,"scenario_matched_gap_adjusted_did","linear_gap",2,0.292136212611481,0.243683914959675,-0.0484522976518062,2.29213621261148,2.04845229765181,0.0484522976518065,0.0484522976518065,0.00234762514773925,0.0243683914959675,NA,0.115676837074066,"ok"
"S2_linear_moderate",299,20670299,1,"scenario_matched_gap_adjusted_did","linear_gap",2,0.458873587519055,0.208420277282359,-0.250453310236696,2.45887358751905,2.2504533102367,0.250453310236696,0.250453310236696,0.0627268606085186,0.0208420277282359,NA,0.113885262401441,"ok"
"S2_linear_moderate",300,20670300,1,"scenario_matched_gap_adjusted_did","linear_gap",2,0.290884433307441,0.435606440599824,0.144722007292383,2.29088443330744,1.85527799270762,-0.144722007292383,0.144722007292383,0.0209444593947367,0.0435606440599824,NA,0.175771450068467,"ok"
"S2_linear_moderate",301,20670301,1,"scenario_matched_gap_adjusted_did","linear_gap",2,0.371582378700357,0.384229906123733,0.0126475274233752,2.37158237870036,1.98735247257662,-0.0126475274233753,0.0126475274233753,0.00015995994992503,0.0384229906123733,NA,0.143444971619074,"ok"
"S2_linear_moderate",302,20670302,1,"scenario_matched_gap_adjusted_did","linear_gap",2,0.131368005368475,0.0885006334087595,-0.0428673719597154,2.13136800536847,2.04286737195972,0.0428673719597152,0.0428673719597152,0.00183761157873258,0.00885006334087594,NA,0.0890861728736311,"ok"
"S2_linear_moderate",303,20670303,1,"scenario_matched_gap_adjusted_did","linear_gap",2,0.276902020077948,0.164196081949786,-0.112705938128162,2.27690202007795,2.11270593812816,0.112705938128162,0.112705938128162,0.0127026284893491,0.0164196081949786,NA,0.0825255598730946,"ok"
"S2_linear_moderate",304,20670304,1,"scenario_matched_gap_adjusted_did","linear_gap",2,0.363090507544917,0.446247281924066,0.0831567743791488,2.36309050754492,1.91684322562085,-0.083156774379149,0.083156774379149,0.0069150491251447,0.0446247281924066,NA,0.149842812448953,"ok"
"S2_linear_moderate",305,20670305,1,"scenario_matched_gap_adjusted_did","linear_gap",2,0.204104684022736,0.14884227437216,-0.0552624096505755,2.20410468402274,2.05526240965058,0.0552624096505756,0.0552624096505756,0.00305393392038803,0.014884227437216,NA,0.138458028830928,"ok"
"S2_linear_moderate",306,20670306,1,"scenario_matched_gap_adjusted_did","linear_gap",2,0.306338377676717,0.282771372813925,-0.0235670048627921,2.30633837767672,2.02356700486279,0.0235670048627918,0.0235670048627918,0.000555403718202854,0.0282771372813925,NA,0.0962852475635859,"ok"
"S2_linear_moderate",307,20670307,1,"scenario_matched_gap_adjusted_did","linear_gap",2,0.258111784797166,0.318631563583887,0.0605197787867208,2.25811178479717,1.93948022121328,-0.0605197787867209,0.0605197787867209,0.00366264362439363,0.0318631563583887,NA,0.132303001682797,"ok"
"S2_linear_moderate",308,20670308,1,"scenario_matched_gap_adjusted_did","linear_gap",2,0.178840085933391,0.120312022583848,-0.0585280633495426,2.17884008593339,2.05852806334954,0.0585280633495424,0.0585280633495424,0.00342553419944805,0.0120312022583848,NA,0.134318780144821,"ok"
"S2_linear_moderate",309,20670309,1,"scenario_matched_gap_adjusted_did","linear_gap",2,0.126478247107283,0.00166416197813685,-0.124814085129146,2.12647824710728,2.12481408512915,0.124814085129146,0.124814085129146,0.0155785558466256,0.000166416197813678,NA,0.12321916240434,"ok"
"S2_linear_moderate",310,20670310,1,"scenario_matched_gap_adjusted_did","linear_gap",2,0.252041239281978,0.16684091455766,-0.0852003247243182,2.25204123928198,2.08520032472432,0.085200324724318,0.085200324724318,0.00725909533312924,0.016684091455766,NA,0.140546001894485,"ok"
"S2_linear_moderate",311,20670311,1,"scenario_matched_gap_adjusted_did","linear_gap",2,0.311063936826389,0.289339034555469,-0.0217249022709206,2.31106393682639,2.02172490227092,0.0217249022709205,0.0217249022709205,0.000471971378681047,0.0289339034555469,NA,0.112382063648408,"ok"
"S2_linear_moderate",312,20670312,1,"scenario_matched_gap_adjusted_did","linear_gap",2,0.271359336866816,0.158835032996576,-0.11252430387024,2.27135933686682,2.11252430387024,0.11252430387024,0.11252430387024,0.0126617189614821,0.0158835032996576,NA,0.0953097146695312,"ok"
"S2_linear_moderate",313,20670313,1,"scenario_matched_gap_adjusted_did","linear_gap",2,0.208685034021796,0.118394252738046,-0.0902907812837502,2.2086850340218,2.09029078128375,0.0902907812837501,0.0902907812837501,0.00815242518483,0.0118394252738046,NA,0.0944055849447386,"ok"
"S2_linear_moderate",314,20670314,1,"scenario_matched_gap_adjusted_did","linear_gap",2,0.189956047823724,0.170550881746039,-0.0194051660776842,2.18995604782372,2.01940516607768,0.0194051660776844,0.0194051660776844,0.000376560470502513,0.0170550881746039,NA,0.112796361919387,"ok"
"S2_linear_moderate",315,20670315,1,"scenario_matched_gap_adjusted_did","linear_gap",2,0.208517249420684,0.0809557495232196,-0.127561499897464,2.20851724942068,2.12756149989746,0.127561499897463,0.127561499897463,0.0162719362560906,0.00809557495232196,NA,0.124827796991938,"ok"
"S2_linear_moderate",316,20670316,1,"scenario_matched_gap_adjusted_did","linear_gap",2,0.376171395843262,0.456955399161917,0.0807840033186552,2.37617139584326,1.91921599668135,-0.0807840033186549,0.0807840033186549,0.00652605519218844,0.0456955399161917,NA,0.138936312908539,"ok"
"S2_linear_moderate",317,20670317,1,"scenario_matched_gap_adjusted_did","linear_gap",2,0.247941803319524,0.470060231028551,0.222118427709027,2.24794180331952,1.77788157229097,-0.222118427709027,0.222118427709027,0.0493365959279302,0.0470060231028551,NA,0.146614614509089,"ok"
"S2_linear_moderate",318,20670318,1,"scenario_matched_gap_adjusted_did","linear_gap",2,0.251732142008141,0.0680424253971795,-0.183689716610961,2.25173214200814,2.18368971661096,0.183689716610961,0.183689716610961,0.0337419119886153,0.00680424253971795,NA,0.199341092170709,"ok"
"S2_linear_moderate",319,20670319,1,"scenario_matched_gap_adjusted_did","linear_gap",2,0.260813607706941,0.173958504504344,-0.0868551032025966,2.26081360770694,2.0868551032026,0.0868551032025966,0.0868551032025966,0.00754380895233371,0.0173958504504344,NA,0.160355970890181,"ok"
"S2_linear_moderate",320,20670320,1,"scenario_matched_gap_adjusted_did","linear_gap",2,0.36069482473797,0.378416135000023,0.0177213102620521,2.36069482473797,1.98227868973795,-0.0177213102620521,0.0177213102620521,0.000314044837403915,0.0378416135000022,NA,0.162279449372784,"ok"
"S2_linear_moderate",321,20670321,1,"scenario_matched_gap_adjusted_did","linear_gap",2,0.387276651989537,0.542858063783272,0.155581411793735,2.38727665198954,1.84441858820627,-0.155581411793735,0.155581411793735,0.0242055756957317,0.0542858063783272,NA,0.190106594488064,"ok"
"S2_linear_moderate",322,20670322,1,"scenario_matched_gap_adjusted_did","linear_gap",2,0.206776751421931,0.247504307428818,0.0407275560068864,2.20677675142193,1.95927244399311,-0.0407275560068863,0.0407275560068863,0.00165873381829406,0.0247504307428818,NA,0.118443356899488,"ok"
"S2_linear_moderate",323,20670323,1,"scenario_matched_gap_adjusted_did","linear_gap",2,0.452492401565849,0.665903597202152,0.213411195636302,2.45249240156585,1.7865888043637,-0.213411195636303,0.213411195636303,0.0455443384229162,0.0665903597202152,NA,0.174441083036136,"ok"
"S2_linear_moderate",324,20670324,1,"scenario_matched_gap_adjusted_did","linear_gap",2,0.212720522919324,0.379284197589857,0.166563674670533,2.21272052291932,1.83343632532947,-0.166563674670533,0.166563674670533,0.0277434577197511,0.0379284197589857,NA,0.15504004809303,"ok"
"S2_linear_moderate",325,20670325,1,"scenario_matched_gap_adjusted_did","linear_gap",2,0.441198868706884,0.499155234261196,0.0579563655543122,2.44119886870688,1.94204363444569,-0.0579563655543121,0.0579563655543121,0.00335894030826505,0.0499155234261196,NA,0.138010556990353,"ok"
"S2_linear_moderate",326,20670326,1,"scenario_matched_gap_adjusted_did","linear_gap",2,0.182803466164254,0.164554028971683,-0.0182494371925707,2.18280346616425,2.01824943719257,0.018249437192571,0.018249437192571,0.000333041957845593,0.0164554028971683,NA,0.10909537810695,"ok"
"S2_linear_moderate",327,20670327,1,"scenario_matched_gap_adjusted_did","linear_gap",2,0.158791292948954,0.374519965821638,0.215728672872685,2.15879129294895,1.78427132712731,-0.215728672872685,0.215728672872685,0.04653886029941,0.0374519965821639,NA,0.117661607028366,"ok"
"S2_linear_moderate",328,20670328,1,"scenario_matched_gap_adjusted_did","linear_gap",2,0.145042211418376,0.0662949167030293,-0.0787472947153471,2.14504221141838,2.07874729471535,0.0787472947153471,0.0787472947153471,0.00620113642498574,0.00662949167030292,NA,0.0920711025958819,"ok"
"S2_linear_moderate",329,20670329,1,"scenario_matched_gap_adjusted_did","linear_gap",2,0.164759592438362,-0.181047445640048,-0.34580703807841,2.16475959243836,2.34580703807841,0.34580703807841,0.34580703807841,0.119582507584563,-0.0181047445640048,NA,0.109431685293262,"ok"
"S2_linear_moderate",330,20670330,1,"scenario_matched_gap_adjusted_did","linear_gap",2,0.128662421063003,0.240136767838588,0.111474346775585,2.128662421063,1.88852565322441,-0.111474346775585,0.111474346775585,0.0124265299890434,0.0240136767838588,NA,0.107292573448328,"ok"
"S2_linear_moderate",331,20670331,1,"scenario_matched_gap_adjusted_did","linear_gap",2,0.215076285390573,0.274523377908609,0.059447092518036,2.21507628539057,1.94055290748196,-0.0594470925180359,0.0594470925180359,0.00353395680884792,0.0274523377908609,NA,0.0991998063332769,"ok"
"S2_linear_moderate",332,20670332,1,"scenario_matched_gap_adjusted_did","linear_gap",2,0.243897532528949,0.216814903544074,-0.027082628984875,2.24389753252895,2.02708262898488,0.0270826289848753,0.0270826289848753,0.00073346879273241,0.0216814903544074,NA,0.18767424445975,"ok"
"S2_linear_moderate",333,20670333,1,"scenario_matched_gap_adjusted_did","linear_gap",2,0.173660109173565,0.283627637717369,0.109967528543804,2.17366010917357,1.8900324714562,-0.109967528543804,0.109967528543804,0.0120928573340323,0.0283627637717369,NA,0.127558578406414,"ok"
"S2_linear_moderate",334,20670334,1,"scenario_matched_gap_adjusted_did","linear_gap",2,0.283611435180344,0.0937488426374248,-0.189862592542919,2.28361143518034,2.18986259254292,0.189862592542919,0.189862592542919,0.0360478040471185,0.00937488426374248,NA,0.113022852304901,"ok"
"S2_linear_moderate",335,20670335,1,"scenario_matched_gap_adjusted_did","linear_gap",2,0.30341010684432,0.301163745754303,-0.00224636109001658,2.30341010684432,2.00224636109002,0.00224636109001652,0.00224636109001652,5.04613814674023e-06,0.0301163745754304,NA,0.0942880853082965,"ok"
"S2_linear_moderate",336,20670336,1,"scenario_matched_gap_adjusted_did","linear_gap",2,0.292086849630659,0.39349054605727,0.101403696426611,2.29208684963066,1.89859630357339,-0.101403696426611,0.101403696426611,0.0102827096489802,0.039349054605727,NA,0.109916541769217,"ok"
"S2_linear_moderate",337,20670337,1,"scenario_matched_gap_adjusted_did","linear_gap",2,0.271163773535315,0.356058329792286,0.0848945562569711,2.27116377353531,1.91510544374303,-0.0848945562569716,0.0848945562569716,0.00720708568206812,0.0356058329792286,NA,0.134598004086684,"ok"
"S2_linear_moderate",338,20670338,1,"scenario_matched_gap_adjusted_did","linear_gap",2,0.221354972529492,0.215031483798296,-0.00632348873119615,2.22135497252949,2.0063234887312,0.00632348873119604,0.00632348873119604,3.99865097335633e-05,0.0215031483798296,NA,0.128901205888846,"ok"
"S2_linear_moderate",339,20670339,1,"scenario_matched_gap_adjusted_did","linear_gap",2,0.091363660348134,0.0471975389301162,-0.0441661214180179,2.09136366034813,2.04416612141802,0.044166121418018,0.044166121418018,0.00195064628111111,0.00471975389301162,NA,0.154779319997036,"ok"
"S2_linear_moderate",340,20670340,1,"scenario_matched_gap_adjusted_did","linear_gap",2,0.276549269163409,0.178045065114425,-0.0985042040489834,2.27654926916341,2.09850420404898,0.0985042040489832,0.0985042040489832,0.00970307821532372,0.0178045065114425,NA,0.159777853088335,"ok"
"S2_linear_moderate",341,20670341,1,"scenario_matched_gap_adjusted_did","linear_gap",2,0.241040878111682,0.341811072054143,0.100770193942461,2.24104087811168,1.89922980605754,-0.100770193942461,0.100770193942461,0.0101546319872012,0.0341811072054143,NA,0.0995940218683578,"ok"
"S2_linear_moderate",342,20670342,1,"scenario_matched_gap_adjusted_did","linear_gap",2,0.113003630270615,0.288443264577125,0.175439634306511,2.11300363027061,1.82456036569349,-0.175439634306511,0.175439634306511,0.0307790652856022,0.0288443264577125,NA,0.131704843635804,"ok"
"S2_linear_moderate",343,20670343,1,"scenario_matched_gap_adjusted_did","linear_gap",2,0.295634735946456,-0.0123317779366007,-0.307966513883057,2.29563473594646,2.30796651388306,0.307966513883057,0.307966513883057,0.0948433736732831,-0.00123317779366007,NA,0.0831515285288874,"ok"
"S2_linear_moderate",344,20670344,1,"scenario_matched_gap_adjusted_did","linear_gap",2,0.123272513556542,0.100230309903392,-0.0230422036531503,2.12327251355654,2.02304220365315,0.0230422036531501,0.0230422036531501,0.000530943149193245,0.0100230309903392,NA,0.0863476063956243,"ok"
"S2_linear_moderate",345,20670345,1,"scenario_matched_gap_adjusted_did","linear_gap",2,0.347654331266754,0.213883709045817,-0.133770622220937,2.34765433126675,2.13377062222094,0.133770622220937,0.133770622220937,0.0178945793693767,0.0213883709045817,NA,0.168838980006317,"ok"
"S2_linear_moderate",346,20670346,1,"scenario_matched_gap_adjusted_did","linear_gap",2,0.172926124527295,0.284893993948329,0.111967869421034,2.1729261245273,1.88803213057897,-0.111967869421034,0.111967869421034,0.0125368037826857,0.0284893993948329,NA,0.116516637062645,"ok"
"S2_linear_moderate",347,20670347,1,"scenario_matched_gap_adjusted_did","linear_gap",2,0.171814830488975,0.0288838428622825,-0.142930987626693,2.17181483048897,2.14293098762669,0.142930987626692,0.142930987626692,0.0204292672239416,0.00288838428622825,NA,0.110220495868462,"ok"
"S2_linear_moderate",348,20670348,1,"scenario_matched_gap_adjusted_did","linear_gap",2,0.337464097605275,0.22175894894609,-0.115705148659185,2.33746409760528,2.11570514865919,0.115705148659185,0.115705148659185,0.0133876814262441,0.022175894894609,NA,0.196390331248932,"ok"
"S2_linear_moderate",349,20670349,1,"scenario_matched_gap_adjusted_did","linear_gap",2,0.203907242429658,0.338321099843402,0.134413857413744,2.20390724242966,1.86558614258626,-0.134413857413744,0.134413857413744,0.0180670850648423,0.0338321099843402,NA,0.131482899594484,"ok"
"S2_linear_moderate",350,20670350,1,"scenario_matched_gap_adjusted_did","linear_gap",2,0.351350919758683,0.235726841536005,-0.115624078222679,2.35135091975868,2.11562407822268,0.115624078222679,0.115624078222679,0.0133689274648442,0.0235726841536004,NA,0.108301741961402,"ok"
"S2_linear_moderate",351,20670351,1,"scenario_matched_gap_adjusted_did","linear_gap",2,0.217857507649292,0.0267905220754259,-0.191066985573866,2.21785750764929,2.19106698557387,0.191066985573866,0.191066985573866,0.036506592976284,0.00267905220754259,NA,0.13586770166198,"ok"
"S2_linear_moderate",352,20670352,1,"scenario_matched_gap_adjusted_did","linear_gap",2,0.210006155789936,0.19331701437305,-0.0166891414168864,2.21000615578994,2.01668914141689,0.0166891414168866,0.0166891414168866,0.00027852744123284,0.019331701437305,NA,0.113926537506254,"ok"
"S2_linear_moderate",353,20670353,1,"scenario_matched_gap_adjusted_did","linear_gap",2,0.351286845531212,0.218613321627177,-0.132673523904036,2.35128684553121,2.13267352390404,0.132673523904036,0.132673523904036,0.0176022639451147,0.0218613321627177,NA,0.162544394623563,"ok"
"S2_linear_moderate",354,20670354,1,"scenario_matched_gap_adjusted_did","linear_gap",2,0.17501057735661,0.25566503801721,0.0806544606605997,2.17501057735661,1.9193455393394,-0.0806544606605997,0.0806544606605997,0.00650514202445222,0.025566503801721,NA,0.0996228340227829,"ok"
"S2_linear_moderate",355,20670355,1,"scenario_matched_gap_adjusted_did","linear_gap",2,0.288265098764658,0.135769370373615,-0.152495728391043,2.28826509876466,2.15249572839104,0.152495728391043,0.152495728391043,0.0232549471775148,0.0135769370373615,NA,0.165792519447826,"ok"
"S2_linear_moderate",356,20670356,1,"scenario_matched_gap_adjusted_did","linear_gap",2,0.377738416048185,0.193892778876965,-0.18384563717122,2.37773841604819,2.18384563717122,0.18384563717122,0.18384563717122,0.033799218306892,0.0193892778876965,NA,0.112185542644013,"ok"
"S2_linear_moderate",357,20670357,1,"scenario_matched_gap_adjusted_did","linear_gap",2,0.202362350241699,0.367721002485254,0.165358652243555,2.2023623502417,1.83464134775644,-0.165358652243556,0.165358652243556,0.0273434838718051,0.0367721002485254,NA,0.0736641166112399,"ok"
"S2_linear_moderate",358,20670358,1,"scenario_matched_gap_adjusted_did","linear_gap",2,0.0638122726927484,0.258668727387921,0.194856454695173,2.06381227269275,1.80514354530483,-0.194856454695173,0.194856454695173,0.037969037936372,0.0258668727387921,NA,0.0844725322957992,"ok"
"S2_linear_moderate",359,20670359,1,"scenario_matched_gap_adjusted_did","linear_gap",2,0.27529502843448,0.353182144319793,0.0778871158853132,2.27529502843448,1.92211288411469,-0.0778871158853134,0.0778871158853134,0.00606640282093224,0.0353182144319793,NA,0.100981074170495,"ok"
"S2_linear_moderate",360,20670360,1,"scenario_matched_gap_adjusted_did","linear_gap",2,0.245529047298347,0.272221483209381,0.0266924359110339,2.24552904729835,1.97330756408897,-0.0266924359110339,0.0266924359110339,0.000712486134864651,0.0272221483209381,NA,0.11503859244299,"ok"
"S2_linear_moderate",361,20670361,1,"scenario_matched_gap_adjusted_did","linear_gap",2,0.209141796481736,0.0196124883067952,-0.189529308174941,2.20914179648174,2.18952930817494,0.189529308174941,0.189529308174941,0.0359213586572716,0.00196124883067952,NA,0.0908481914058249,"ok"
"S2_linear_moderate",362,20670362,1,"scenario_matched_gap_adjusted_did","linear_gap",2,0.202317107235988,0.0940906393278802,-0.108226467908108,2.20231710723599,2.10822646790811,0.108226467908108,0.108226467908108,0.0117129683558647,0.00940906393278801,NA,0.122905482857571,"ok"
"S2_linear_moderate",363,20670363,1,"scenario_matched_gap_adjusted_did","linear_gap",2,0.222787977635935,0.482703822106287,0.259915844470352,2.22278797763594,1.74008415552965,-0.259915844470352,0.259915844470352,0.0675562462067361,0.0482703822106287,NA,0.147798733346232,"ok"
"S2_linear_moderate",364,20670364,1,"scenario_matched_gap_adjusted_did","linear_gap",2,0.203667780893843,0.147144892864148,-0.0565228880296948,2.20366778089384,2.05652288802969,0.0565228880296949,0.0565228880296949,0.00319483687121742,0.0147144892864148,NA,0.113815498842107,"ok"
"S2_linear_moderate",365,20670365,1,"scenario_matched_gap_adjusted_did","linear_gap",2,0.127133951405373,0.349862114571216,0.222728163165842,2.12713395140537,1.77727183683416,-0.222728163165842,0.222728163165842,0.04960783466723,0.0349862114571216,NA,0.151594357199686,"ok"
"S2_linear_moderate",366,20670366,1,"scenario_matched_gap_adjusted_did","linear_gap",2,0.143683845829268,0.424192668549916,0.280508822720648,2.14368384582927,1.71949117727935,-0.280508822720648,0.280508822720648,0.0786851996241238,0.0424192668549916,NA,0.136223039583866,"ok"
"S2_linear_moderate",367,20670367,1,"scenario_matched_gap_adjusted_did","linear_gap",2,0.193099511969842,0.283479381706247,0.0903798697364052,2.19309951196984,1.90962013026359,-0.0903798697364053,0.0903798697364053,0.0081685208535696,0.0283479381706247,NA,0.120207655188135,"ok"
"S2_linear_moderate",368,20670368,1,"scenario_matched_gap_adjusted_did","linear_gap",2,0.209891196152902,0.109646635278824,-0.100244560874078,2.2098911961529,2.10024456087408,0.100244560874078,0.100244560874078,0.0100489719848367,0.0109646635278824,NA,0.102358641594236,"ok"
"S2_linear_moderate",369,20670369,1,"scenario_matched_gap_adjusted_did","linear_gap",2,0.193874209047116,0.0686757732771467,-0.12519843576997,2.19387420904712,2.12519843576997,0.12519843576997,0.12519843576997,0.0156746483192473,0.00686757732771467,NA,0.149443257022954,"ok"
"S2_linear_moderate",370,20670370,1,"scenario_matched_gap_adjusted_did","linear_gap",2,0.370147308721824,0.412797766904947,0.0426504581831224,2.37014730872182,1.95734954181688,-0.0426504581831222,0.0426504581831222,0.00181906158323025,0.0412797766904946,NA,0.122900974633281,"ok"
"S2_linear_moderate",371,20670371,1,"scenario_matched_gap_adjusted_did","linear_gap",2,0.280617518328407,0.22315348898027,-0.0574640293481365,2.28061751832841,2.05746402934814,0.0574640293481368,0.0574640293481368,0.00330211466892352,0.022315348898027,NA,0.14859361017411,"ok"
"S2_linear_moderate",372,20670372,1,"scenario_matched_gap_adjusted_did","linear_gap",2,0.241492353538051,0.207716062645889,-0.0337762908921628,2.24149235353805,2.03377629089216,0.0337762908921628,0.0337762908921628,0.001140837826432,0.0207716062645889,NA,0.144717802671517,"ok"
"S2_linear_moderate",373,20670373,1,"scenario_matched_gap_adjusted_did","linear_gap",2,0.248346005110392,0.228150578065423,-0.020195427044969,2.24834600511039,2.02019542704497,0.0201954270449689,0.0201954270449689,0.000407855273528662,0.0228150578065423,NA,0.19441739307636,"ok"
"S2_linear_moderate",374,20670374,1,"scenario_matched_gap_adjusted_did","linear_gap",2,0.332873707483849,0.134666650003296,-0.198207057480553,2.33287370748385,2.19820705748055,0.198207057480553,0.198207057480553,0.0392860376350993,0.0134666650003296,NA,0.131146057508914,"ok"
"S2_linear_moderate",375,20670375,1,"scenario_matched_gap_adjusted_did","linear_gap",2,0.254959015423126,0.126219249417982,-0.128739766005144,2.25495901542313,2.12873976600514,0.128739766005144,0.128739766005144,0.0165739273510593,0.0126219249417981,NA,0.155700376312201,"ok"
"S2_linear_moderate",376,20670376,1,"scenario_matched_gap_adjusted_did","linear_gap",2,-0.00660342531349876,-0.179422770807906,-0.172819345494408,1.9933965746865,2.17281934549441,0.172819345494408,0.172819345494408,0.0298665261771155,-0.0179422770807906,NA,0.178335513224615,"ok"
"S2_linear_moderate",377,20670377,1,"scenario_matched_gap_adjusted_did","linear_gap",2,0.142659234425756,0.0697313414416822,-0.072927892984074,2.14265923442576,2.07292789298407,0.0729278929840742,0.0729278929840742,0.00531847757509658,0.00697313414416822,NA,0.106148371468933,"ok"
"S2_linear_moderate",378,20670378,1,"scenario_matched_gap_adjusted_did","linear_gap",2,0.353316629393887,0.390625287297906,0.0373086579040194,2.35331662939389,1.96269134209598,-0.0373086579040198,0.0373086579040198,0.00139193595459918,0.0390625287297906,NA,0.134085051368097,"ok"
"S2_linear_moderate",379,20670379,1,"scenario_matched_gap_adjusted_did","linear_gap",2,0.217084862725088,0.204010635235447,-0.0130742274896406,2.21708486272509,2.01307422748964,0.0130742274896405,0.0130742274896405,0.000170935424450871,0.0204010635235447,NA,0.140336329056513,"ok"
"S2_linear_moderate",380,20670380,1,"scenario_matched_gap_adjusted_did","linear_gap",2,0.326978655595461,0.447911415800894,0.120932760205433,2.32697865559546,1.87906723979457,-0.120932760205433,0.120932760205433,0.0146247324909048,0.0447911415800894,NA,0.168273208108687,"ok"
"S2_linear_moderate",381,20670381,1,"scenario_matched_gap_adjusted_did","linear_gap",2,0.28840081773837,0.293885989600545,0.00548517186217562,2.28840081773837,1.99451482813782,-0.00548517186217579,0.00548517186217579,3.0087110357605e-05,0.0293885989600545,NA,0.0926529283726626,"ok"
"S2_linear_moderate",382,20670382,1,"scenario_matched_gap_adjusted_did","linear_gap",2,0.229427851837372,0.161407278086017,-0.0680205737513552,2.22942785183737,2.06802057375136,0.0680205737513555,0.0680205737513555,0.00462679845346359,0.0161407278086017,NA,0.133394072884981,"ok"
"S2_linear_moderate",383,20670383,1,"scenario_matched_gap_adjusted_did","linear_gap",2,0.139390541122194,0.295306523022396,0.155915981900202,2.13939054112219,1.8440840180998,-0.155915981900202,0.155915981900202,0.0243097934119041,0.0295306523022395,NA,0.100560571006004,"ok"
"S2_linear_moderate",384,20670384,1,"scenario_matched_gap_adjusted_did","linear_gap",2,0.321162807220267,0.130259575310953,-0.190903231909314,2.32116280722027,2.19090323190931,0.190903231909314,0.190903231909314,0.0364440439534212,0.0130259575310953,NA,0.101893948793929,"ok"
"S2_linear_moderate",385,20670385,1,"scenario_matched_gap_adjusted_did","linear_gap",2,0.152185145950781,0.162377524536688,0.0101923785859068,2.15218514595078,1.98980762141409,-0.0101923785859068,0.0101923785859068,0.000103884581238452,0.0162377524536688,NA,0.133742622306542,"ok"
"S2_linear_moderate",386,20670386,1,"scenario_matched_gap_adjusted_did","linear_gap",2,0.169782529969062,0.188762647528884,0.0189801175598218,2.16978252996906,1.98101988244018,-0.0189801175598217,0.0189801175598217,0.00036024486258465,0.0188762647528884,NA,0.138126956869463,"ok"
"S2_linear_moderate",387,20670387,1,"scenario_matched_gap_adjusted_did","linear_gap",2,0.171201550054114,0.168849820670654,-0.00235172938346045,2.17120155005411,2.00235172938346,0.00235172938346073,0.00235172938346073,5.5306310930326e-06,0.0168849820670654,NA,0.160058006268897,"ok"
"S2_linear_moderate",388,20670388,1,"scenario_matched_gap_adjusted_did","linear_gap",2,0.282744491492616,0.195965770025332,-0.086778721467284,2.28274449149262,2.08677872146728,0.0867787214672839,0.0867787214672839,0.00753054649949645,0.0195965770025332,NA,0.109614628355827,"ok"
"S2_linear_moderate",389,20670389,1,"scenario_matched_gap_adjusted_did","linear_gap",2,0.233526232574471,0.290781128001232,0.0572548954267608,2.23352623257447,1.94274510457324,-0.0572548954267611,0.0572548954267611,0.00327812305032935,0.0290781128001232,NA,0.0554123367248036,"ok"
"S2_linear_moderate",390,20670390,1,"scenario_matched_gap_adjusted_did","linear_gap",2,0.148721186507213,0.248193890181805,0.0994727036745915,2.14872118650721,1.90052729632541,-0.0994727036745919,0.0994727036745919,0.00989481877633318,0.0248193890181805,NA,0.118413838550802,"ok"
"S2_linear_moderate",391,20670391,1,"scenario_matched_gap_adjusted_did","linear_gap",2,0.0837603344544615,0.0510910152123659,-0.0326693192420956,2.08376033445446,2.0326693192421,0.0326693192420957,0.0326693192420957,0.00106728441974196,0.00510910152123659,NA,0.10547484148426,"ok"
"S2_linear_moderate",392,20670392,1,"scenario_matched_gap_adjusted_did","linear_gap",2,0.490572734627286,0.417489941000756,-0.0730827936265306,2.49057273462729,2.07308279362653,0.0730827936265306,0.0730827936265306,0.00534109472425806,0.0417489941000756,NA,0.108635661338281,"ok"
"S2_linear_moderate",393,20670393,1,"scenario_matched_gap_adjusted_did","linear_gap",2,0.219394802210786,0.23623287755548,0.0168380753446946,2.21939480221079,1.98316192465531,-0.0168380753446948,0.0168380753446948,0.00028352078131362,0.023623287755548,NA,0.099013381081517,"ok"
"S2_linear_moderate",394,20670394,1,"scenario_matched_gap_adjusted_did","linear_gap",2,0.0522365070407876,0.0132873451914692,-0.0389491618493184,2.05223650704079,2.03894916184932,0.0389491618493181,0.0389491618493181,0.00151703720876437,0.00132873451914691,NA,0.0801665033610049,"ok"
"S2_linear_moderate",395,20670395,1,"scenario_matched_gap_adjusted_did","linear_gap",2,0.291335920843174,0.195226446976986,-0.0961094738661876,2.29133592084317,2.09610947386619,0.0961094738661874,0.0961094738661874,0.00923703096683536,0.0195226446976986,NA,0.12784395203868,"ok"
"S2_linear_moderate",396,20670396,1,"scenario_matched_gap_adjusted_did","linear_gap",2,0.176539085558226,0.099617188565537,-0.0769218969926888,2.17653908555823,2.07692189699269,0.076921896992689,0.076921896992689,0.00591697823695386,0.00996171885655369,NA,0.146225787902258,"ok"
"S2_linear_moderate",397,20670397,1,"scenario_matched_gap_adjusted_did","linear_gap",2,0.263023713654995,0.197906437820485,-0.0651172758345098,2.263023713655,2.06511727583451,0.0651172758345098,0.0651172758345098,0.00424025961210763,0.0197906437820485,NA,0.111969648848061,"ok"
"S2_linear_moderate",398,20670398,1,"scenario_matched_gap_adjusted_did","linear_gap",2,0.201349838027465,0.295134647648608,0.0937848096211432,2.20134983802747,1.90621519037886,-0.0937848096211431,0.0937848096211431,0.00879559051567406,0.0295134647648608,NA,0.102325973994385,"ok"
"S2_linear_moderate",399,20670399,1,"scenario_matched_gap_adjusted_did","linear_gap",2,0.296520895084735,0.136740066209733,-0.159780828875002,2.29652089508473,2.159780828875,0.159780828875002,0.159780828875002,0.0255299132759827,0.0136740066209733,NA,0.102067894084076,"ok"
"S2_linear_moderate",400,20670400,1,"scenario_matched_gap_adjusted_did","linear_gap",2,0.182134577325034,0.151317975519005,-0.0308166018060287,2.18213457732503,2.03081660180603,0.0308166018060287,0.0308166018060287,0.000949662946871334,0.0151317975519005,NA,0.0730830295140949,"ok"
"S2_linear_moderate",401,20670401,1,"scenario_matched_gap_adjusted_did","linear_gap",2,0.318417617376088,0.117958468002258,-0.20045914937383,2.31841761737609,2.20045914937383,0.20045914937383,0.20045914937383,0.0401838705676795,0.0117958468002258,NA,0.108252222779049,"ok"
"S2_linear_moderate",402,20670402,1,"scenario_matched_gap_adjusted_did","linear_gap",2,0.0582588883507008,0.0847547344374556,0.0264958460867548,2.0582588883507,1.97350415391325,-0.0264958460867546,0.0264958460867546,0.000702029859852989,0.00847547344374556,NA,0.160687915216355,"ok"
"S2_linear_moderate",403,20670403,1,"scenario_matched_gap_adjusted_did","linear_gap",2,0.232637069427818,0.238895981295412,0.0062589118675942,2.23263706942782,1.99374108813241,-0.00625891186759375,0.00625891186759375,3.91739777663059e-05,0.0238895981295412,NA,0.106501884145224,"ok"
"S2_linear_moderate",404,20670404,1,"scenario_matched_gap_adjusted_did","linear_gap",2,0.267099887642914,0.308188381315719,0.0410884936728049,2.26709988764291,1.95891150632719,-0.0410884936728051,0.0410884936728051,0.00168826431230014,0.0308188381315719,NA,0.107970112992743,"ok"
"S2_linear_moderate",405,20670405,1,"scenario_matched_gap_adjusted_did","linear_gap",2,0.30195658914691,0.192605198017252,-0.109351391129658,2.30195658914691,2.10935139112966,0.109351391129657,0.109351391129657,0.0119577267419913,0.0192605198017252,NA,0.103938362473887,"ok"
"S2_linear_moderate",406,20670406,1,"scenario_matched_gap_adjusted_did","linear_gap",2,0.498110560501019,0.464331266345467,-0.0337792941555525,2.49811056050102,2.03377929415555,0.0337792941555524,0.0337792941555524,0.00114104071364733,0.0464331266345466,NA,0.142468059380352,"ok"
"S2_linear_moderate",407,20670407,1,"scenario_matched_gap_adjusted_did","linear_gap",2,0.255661077293885,0.130805154627743,-0.124855922666142,2.25566107729388,2.12485592266614,0.124855922666142,0.124855922666142,0.0155890014248136,0.0130805154627743,NA,0.136756427205177,"ok"
"S2_linear_moderate",408,20670408,1,"scenario_matched_gap_adjusted_did","linear_gap",2,0.0922317451506402,0.0687710982241194,-0.0234606469265208,2.09223174515064,2.02346064692652,0.0234606469265208,0.0234606469265208,0.000550401954210871,0.00687710982241193,NA,0.106037284572084,"ok"
"S2_linear_moderate",409,20670409,1,"scenario_matched_gap_adjusted_did","linear_gap",2,0.117176149314677,0.179627469048035,0.0624513197333585,2.11717614931468,1.93754868026664,-0.0624513197333587,0.0624513197333587,0.0039001673364382,0.0179627469048035,NA,0.106091715700369,"ok"
"S2_linear_moderate",410,20670410,1,"scenario_matched_gap_adjusted_did","linear_gap",2,0.20412410679384,0.481308124003366,0.277184017209525,2.20412410679384,1.72281598279047,-0.277184017209525,0.277184017209525,0.0768309793964105,0.0481308124003366,NA,0.092031232940783,"ok"
"S2_linear_moderate",411,20670411,1,"scenario_matched_gap_adjusted_did","linear_gap",2,0.31326114839126,0.387884262995303,0.0746231146040428,2.31326114839126,1.92537688539596,-0.0746231146040428,0.0746231146040428,0.00556860923320811,0.0387884262995303,NA,0.133238171575934,"ok"
"S2_linear_moderate",412,20670412,1,"scenario_matched_gap_adjusted_did","linear_gap",2,0.263746417245419,0.183666135650259,-0.0800802815951599,2.26374641724542,2.08008028159516,0.0800802815951602,0.0800802815951602,0.00641285150036016,0.0183666135650259,NA,0.084345648725576,"ok"
"S2_linear_moderate",413,20670413,1,"scenario_matched_gap_adjusted_did","linear_gap",2,0.173346425220804,0.0612892332661582,-0.112057191954646,2.1733464252208,2.11205719195465,0.112057191954646,0.112057191954646,0.0125568142687603,0.00612892332661582,NA,0.104930345714372,"ok"
"S2_linear_moderate",414,20670414,1,"scenario_matched_gap_adjusted_did","linear_gap",2,0.269435689188678,0.210830080061684,-0.0586056091269935,2.26943568918868,2.05860560912699,0.0586056091269933,0.0586056091269933,0.00343461742114592,0.0210830080061684,NA,0.143271583215986,"ok"
"S2_linear_moderate",415,20670415,1,"scenario_matched_gap_adjusted_did","linear_gap",2,0.257500179540068,0.136137953020117,-0.121362226519951,2.25750017954007,2.12136222651995,0.121362226519951,0.121362226519951,0.0147287900258798,0.0136137953020117,NA,0.126710950198838,"ok"
"S2_linear_moderate",416,20670416,1,"scenario_matched_gap_adjusted_did","linear_gap",2,0.210656411374747,0.1359846753328,-0.0746717360419469,2.21065641137475,2.07467173604195,0.0746717360419469,0.0746717360419469,0.00557586816351819,0.01359846753328,NA,0.104228487791146,"ok"
"S2_linear_moderate",417,20670417,1,"scenario_matched_gap_adjusted_did","linear_gap",2,0.12729259636776,0.256615746271186,0.129323149903426,2.12729259636776,1.87067685009657,-0.129323149903426,0.129323149903426,0.0167244771009439,0.0256615746271186,NA,0.0928841368783996,"ok"
"S2_linear_moderate",418,20670418,1,"scenario_matched_gap_adjusted_did","linear_gap",2,0.543321620474106,0.493509582332825,-0.0498120381412815,2.54332162047411,2.04981203814128,0.0498120381412814,0.0498120381412814,0.00248123914378848,0.0493509582332825,NA,0.154232597784318,"ok"
"S2_linear_moderate",419,20670419,1,"scenario_matched_gap_adjusted_did","linear_gap",2,0.204603121733376,0.18837817055054,-0.0162249511828357,2.20460312173338,2.01622495118284,0.0162249511828354,0.0162249511828354,0.000263249040885392,0.018837817055054,NA,0.150585988534214,"ok"
"S2_linear_moderate",420,20670420,1,"scenario_matched_gap_adjusted_did","linear_gap",2,0.167239056121646,0.0558312869883693,-0.111407769133277,2.16723905612165,2.11140776913328,0.111407769133276,0.111407769133276,0.0124116910232534,0.00558312869883694,NA,0.161253187270901,"ok"
"S2_linear_moderate",421,20670421,1,"scenario_matched_gap_adjusted_did","linear_gap",2,0.108480952741544,0.134180141669124,0.0256991889275797,2.10848095274154,1.97430081107242,-0.0256991889275797,0.0256991889275797,0.000660448311535436,0.0134180141669124,NA,0.137805219948707,"ok"
"S2_linear_moderate",422,20670422,1,"scenario_matched_gap_adjusted_did","linear_gap",2,0.0305299423550098,0.178915020454524,0.148385078099514,2.03052994235501,1.85161492190049,-0.148385078099514,0.148385078099514,0.0220181314025988,0.0178915020454524,NA,0.116748670019707,"ok"
"S2_linear_moderate",423,20670423,1,"scenario_matched_gap_adjusted_did","linear_gap",2,0.250116185816878,0.42809687692329,0.177980691106413,2.25011618581688,1.82201930889359,-0.177980691106413,0.177980691106413,0.0316771264067164,0.042809687692329,NA,0.163335600149531,"ok"
"S2_linear_moderate",424,20670424,1,"scenario_matched_gap_adjusted_did","linear_gap",2,0.182499730384971,0.202162289637713,0.0196625592527426,2.18249973038497,1.98033744074726,-0.0196625592527422,0.0196625592527422,0.000386616236367597,0.0202162289637713,NA,0.16643577733283,"ok"
"S2_linear_moderate",425,20670425,1,"scenario_matched_gap_adjusted_did","linear_gap",2,0.18717634867959,0.223072526666676,0.035896177987086,2.18717634867959,1.96410382201291,-0.0358961779870863,0.0358961779870863,0.00128853559408058,0.0223072526666676,NA,0.115419579405441,"ok"
"S2_linear_moderate",426,20670426,1,"scenario_matched_gap_adjusted_did","linear_gap",2,0.344125017569902,0.185934679059213,-0.158190338510689,2.3441250175699,2.15819033851069,0.158190338510689,0.158190338510689,0.0250241831981263,0.0185934679059213,NA,0.130915562978285,"ok"
"S2_linear_moderate",427,20670427,1,"scenario_matched_gap_adjusted_did","linear_gap",2,0.0872460266989845,0.0417404052354607,-0.0455056214635238,2.08724602669898,2.04550562146352,0.0455056214635241,0.0455056214635241,0.00207076158478155,0.00417404052354607,NA,0.153961647128383,"ok"
"S2_linear_moderate",428,20670428,1,"scenario_matched_gap_adjusted_did","linear_gap",2,0.259195551021201,0.149349609471634,-0.109845941549567,2.2591955510212,2.10984594154957,0.109845941549567,0.109845941549567,0.0120661308749109,0.0149349609471634,NA,0.153489507834107,"ok"
"S2_linear_moderate",429,20670429,1,"scenario_matched_gap_adjusted_did","linear_gap",2,0.0913418304296739,0.230012996236427,0.138671165806753,2.09134183042967,1.86132883419325,-0.138671165806753,0.138671165806753,0.019229692226204,0.0230012996236427,NA,0.104241582210336,"ok"
"S2_linear_moderate",430,20670430,1,"scenario_matched_gap_adjusted_did","linear_gap",2,0.297990087013199,0.32925108382207,0.0312609968088716,2.2979900870132,1.96873900319113,-0.0312609968088717,0.0312609968088717,0.000977249921484289,0.032925108382207,NA,0.0976467370546933,"ok"
"S2_linear_moderate",431,20670431,1,"scenario_matched_gap_adjusted_did","linear_gap",2,0.327525261318852,0.52104954691448,0.193524285595628,2.32752526131885,1.80647571440437,-0.193524285595628,0.193524285595628,0.0374516491152983,0.052104954691448,NA,0.12142263472001,"ok"
"S2_linear_moderate",432,20670432,1,"scenario_matched_gap_adjusted_did","linear_gap",2,0.178416704918983,0.130253824170196,-0.0481628807487872,2.17841670491898,2.04816288074879,0.0481628807487873,0.0481628807487873,0.0023196630820219,0.0130253824170196,NA,0.0901604521317334,"ok"
"S2_linear_moderate",433,20670433,1,"scenario_matched_gap_adjusted_did","linear_gap",2,0.20443430004737,0.0972853244145472,-0.107148975632823,2.20443430004737,2.10714897563282,0.107148975632823,0.107148975632823,0.0114809029791633,0.00972853244145472,NA,0.146112058461183,"ok"
"S2_linear_moderate",434,20670434,1,"scenario_matched_gap_adjusted_did","linear_gap",2,0.240833138609176,0.248296198988103,0.00746306037892652,2.24083313860918,1.99253693962107,-0.0074630603789263,0.0074630603789263,5.56972702194996e-05,0.0248296198988103,NA,0.149438126471439,"ok"
"S2_linear_moderate",435,20670435,1,"scenario_matched_gap_adjusted_did","linear_gap",2,0.108718623234271,0.148653928182987,0.0399353049487157,2.10871862323427,1.96006469505128,-0.0399353049487157,0.0399353049487157,0.00159482858134691,0.0148653928182987,NA,0.184184236571298,"ok"
"S2_linear_moderate",436,20670436,1,"scenario_matched_gap_adjusted_did","linear_gap",2,0.257881453062446,0.476030686785537,0.218149233723091,2.25788145306245,1.78185076627691,-0.218149233723091,0.218149233723091,0.047589088173972,0.0476030686785537,NA,0.105492623435593,"ok"
"S2_linear_moderate",437,20670437,1,"scenario_matched_gap_adjusted_did","linear_gap",2,0.192876156268308,0.0854099583731849,-0.107466197895123,2.19287615626831,2.10746619789512,0.107466197895123,0.107466197895123,0.0115489836900336,0.0085409958373185,NA,0.121032605319013,"ok"
"S2_linear_moderate",438,20670438,1,"scenario_matched_gap_adjusted_did","linear_gap",2,0.172348236977261,0.147718193135069,-0.024630043842192,2.17234823697726,2.02463004384219,0.0246300438421918,0.0246300438421918,0.000606639059668291,0.0147718193135069,NA,0.17619903283793,"ok"
"S2_linear_moderate",439,20670439,1,"scenario_matched_gap_adjusted_did","linear_gap",2,0.213242119548133,0.167068777627387,-0.046173341920746,2.21324211954813,2.04617334192075,0.046173341920746,0.046173341920746,0.00213197750413012,0.0167068777627387,NA,0.0993145471288604,"ok"
"S2_linear_moderate",440,20670440,1,"scenario_matched_gap_adjusted_did","linear_gap",2,0.292126850516832,0.22309868159655,-0.0690281689202823,2.29212685051683,2.06902816892028,0.0690281689202825,0.0690281689202825,0.00476488810448706,0.022309868159655,NA,0.0930337312470032,"ok"
"S2_linear_moderate",441,20670441,1,"scenario_matched_gap_adjusted_did","linear_gap",2,0.255037877059363,0.223230521800514,-0.0318073552588493,2.25503787705936,2.03180735525885,0.0318073552588496,0.0318073552588496,0.00101170784856267,0.0223230521800514,NA,0.104967075347334,"ok"
"S2_linear_moderate",442,20670442,1,"scenario_matched_gap_adjusted_did","linear_gap",2,0.277036594727121,0.274843114273937,-0.00219348045318413,2.27703659472712,2.00219348045318,0.00219348045318446,0.00219348045318446,4.8113564985023e-06,0.0274843114273937,NA,0.135608033893392,"ok"
"S2_linear_moderate",443,20670443,1,"scenario_matched_gap_adjusted_did","linear_gap",2,0.271375913060535,0.0401971391655738,-0.231178773894962,2.27137591306054,2.23117877389496,0.231178773894962,0.231178773894962,0.0534436254995779,0.00401971391655738,NA,0.166614177847437,"ok"
"S2_linear_moderate",444,20670444,1,"scenario_matched_gap_adjusted_did","linear_gap",2,0.110212476738584,0.350495870909907,0.240283394171323,2.11021247673858,1.75971660582868,-0.240283394171322,0.240283394171322,0.0577361095144911,0.0350495870909907,NA,0.117204647577947,"ok"
"S2_linear_moderate",445,20670445,1,"scenario_matched_gap_adjusted_did","linear_gap",2,0.275067882222822,0.2244989634341,-0.0505689187887218,2.27506788222282,2.05056891878872,0.0505689187887222,0.0505689187887222,0.00255721554746038,0.02244989634341,NA,0.155826404046896,"ok"
"S2_linear_moderate",446,20670446,1,"scenario_matched_gap_adjusted_did","linear_gap",2,0.318053729006894,0.544209722545071,0.226155993538177,2.31805372900689,1.77384400646182,-0.226155993538177,0.226155993538177,0.0511465334132401,0.0544209722545071,NA,0.096460664037966,"ok"
"S2_linear_moderate",447,20670447,1,"scenario_matched_gap_adjusted_did","linear_gap",2,0.232024344785321,0.269988120695357,0.0379637759100358,2.23202434478532,1.96203622408996,-0.0379637759100355,0.0379637759100355,0.00144124828134739,0.0269988120695357,NA,0.132949918763757,"ok"
"S2_linear_moderate",448,20670448,1,"scenario_matched_gap_adjusted_did","linear_gap",2,0.267212272728487,0.0423311175713824,-0.224881155157104,2.26721227272849,2.2248811551571,0.224881155157104,0.224881155157104,0.0505715339447937,0.00423311175713824,NA,0.118291557598459,"ok"
"S2_linear_moderate",449,20670449,1,"scenario_matched_gap_adjusted_did","linear_gap",2,0.35815000086844,0.414977031386899,0.0568270305184589,2.35815000086844,1.94317296948154,-0.0568270305184593,0.0568270305184593,0.0032293113975459,0.0414977031386899,NA,0.0937081646836343,"ok"
"S2_linear_moderate",450,20670450,1,"scenario_matched_gap_adjusted_did","linear_gap",2,0.424221455489443,0.27609431275869,-0.148127142730753,2.42422145548944,2.14812714273075,0.148127142730753,0.148127142730753,0.0219416504135769,0.027609431275869,NA,0.109702956586279,"ok"
"S2_linear_moderate",451,20670451,1,"scenario_matched_gap_adjusted_did","linear_gap",2,0.34649753247406,0.124535254430334,-0.221962278043725,2.34649753247406,2.22196227804372,0.221962278043725,0.221962278043725,0.0492672528743599,0.0124535254430334,NA,0.147571961176044,"ok"
"S2_linear_moderate",452,20670452,1,"scenario_matched_gap_adjusted_did","linear_gap",2,0.24192960202177,0.182292544889658,-0.0596370571321116,2.24192960202177,2.05963705713211,0.0596370571321114,0.0596370571321114,0.00355657858337872,0.0182292544889658,NA,0.15982180687358,"ok"
"S2_linear_moderate",453,20670453,1,"scenario_matched_gap_adjusted_did","linear_gap",2,0.255047518519909,-0.046429195072353,-0.301476713592262,2.25504751851991,2.30147671359226,0.301476713592262,0.301476713592262,0.0908882088383906,-0.0046429195072353,NA,0.153852462096237,"ok"
"S2_linear_moderate",454,20670454,1,"scenario_matched_gap_adjusted_did","linear_gap",2,0.356444660037419,0.270483572837757,-0.0859610871996621,2.35644466003742,2.08596108719966,0.0859610871996623,0.0859610871996623,0.00738930851254795,0.0270483572837757,NA,0.136329949809037,"ok"
"S2_linear_moderate",455,20670455,1,"scenario_matched_gap_adjusted_did","linear_gap",2,0.0188293968910131,0.094547357668859,0.0757179607778459,2.01882939689101,1.92428203922215,-0.0757179607778458,0.0757179607778458,0.00573320958435539,0.0094547357668859,NA,0.158521073431758,"ok"
"S2_linear_moderate",456,20670456,1,"scenario_matched_gap_adjusted_did","linear_gap",2,0.234565029660706,0.349841300310451,0.115276270649745,2.23456502966071,1.88472372935026,-0.115276270649745,0.115276270649745,0.0132886185749132,0.0349841300310451,NA,0.118681834911215,"ok"
"S2_linear_moderate",457,20670457,1,"scenario_matched_gap_adjusted_did","linear_gap",2,0.243759164528332,0.373959246519262,0.13020008199093,2.24375916452833,1.86979991800907,-0.13020008199093,0.13020008199093,0.0169520613504449,0.0373959246519262,NA,0.181113502425885,"ok"
"S2_linear_moderate",458,20670458,1,"scenario_matched_gap_adjusted_did","linear_gap",2,0.198718985954395,0.0424302397994172,-0.156288746154978,2.1987189859544,2.15628874615498,0.156288746154978,0.156288746154978,0.0244261721746952,0.00424302397994171,NA,0.151159557752701,"ok"
"S2_linear_moderate",459,20670459,1,"scenario_matched_gap_adjusted_did","linear_gap",2,0.411313464117903,0.245343766589048,-0.165969697528855,2.4113134641179,2.16596969752885,0.165969697528854,0.165969697528854,0.0275459404978194,0.0245343766589048,NA,0.134408076146285,"ok"
"S2_linear_moderate",460,20670460,1,"scenario_matched_gap_adjusted_did","linear_gap",2,0.0215659409259806,0.130329290850302,0.108763349924322,2.02156594092598,1.89123665007568,-0.108763349924322,0.108763349924322,0.0118294662867605,0.0130329290850302,NA,0.141475200376364,"ok"
"S2_linear_moderate",461,20670461,1,"scenario_matched_gap_adjusted_did","linear_gap",2,0.0745867298688915,0.300787014326498,0.226200284457607,2.07458672986889,1.77379971554239,-0.226200284457607,0.226200284457607,0.0511665686887022,0.0300787014326498,NA,0.133296351544143,"ok"
"S2_linear_moderate",462,20670462,1,"scenario_matched_gap_adjusted_did","linear_gap",2,-0.0078983351301867,0.102723273550265,0.110621608680452,1.99210166486981,1.88937839131955,-0.110621608680452,0.110621608680452,0.0122371403070511,0.0102723273550265,NA,0.121914605740382,"ok"
"S2_linear_moderate",463,20670463,1,"scenario_matched_gap_adjusted_did","linear_gap",2,0.314638458316859,0.189288923015267,-0.125349535301593,2.31463845831686,2.12534953530159,0.125349535301593,0.125349535301593,0.0157125060003253,0.0189288923015267,NA,0.14244280564226,"ok"
"S2_linear_moderate",464,20670464,1,"scenario_matched_gap_adjusted_did","linear_gap",2,0.113583302757903,0.251212221897998,0.137628919140095,2.1135833027579,1.8623710808599,-0.137628919140095,0.137628919140095,0.0189417193836709,0.0251212221897998,NA,0.13737910523819,"ok"
"S2_linear_moderate",465,20670465,1,"scenario_matched_gap_adjusted_did","linear_gap",2,0.113057411106991,0.209711765218261,0.0966543541112694,2.11305741110699,1.90334564588873,-0.0966543541112694,0.0966543541112694,0.00934206416866667,0.0209711765218261,NA,0.143392021493814,"ok"
"S2_linear_moderate",466,20670466,1,"scenario_matched_gap_adjusted_did","linear_gap",2,0.391902775562645,0.327544685757623,-0.0643580898050216,2.39190277556264,2.06435808980502,0.0643580898050216,0.0643580898050216,0.00414196372335122,0.0327544685757623,NA,0.12877663783485,"ok"
"S2_linear_moderate",467,20670467,1,"scenario_matched_gap_adjusted_did","linear_gap",2,0.173317329090469,0.424721918507674,0.251404589417206,2.17331732909047,1.74859541058279,-0.251404589417205,0.251404589417205,0.0632042675800337,0.0424721918507674,NA,0.144367602076571,"ok"
"S2_linear_moderate",468,20670468,1,"scenario_matched_gap_adjusted_did","linear_gap",2,0.105446228222932,-0.00434475810615351,-0.109790986329085,2.10544622822293,2.10979098632909,0.109790986329085,0.109790986329085,0.0120540606791134,-0.000434475810615341,NA,0.126629598613311,"ok"
"S2_linear_moderate",469,20670469,1,"scenario_matched_gap_adjusted_did","linear_gap",2,0.36834625277396,0.207661551850882,-0.160684700923078,2.36834625277396,2.16068470092308,0.160684700923079,0.160684700923079,0.0258195731107392,0.0207661551850882,NA,0.130220913497254,"ok"
"S2_linear_moderate",470,20670470,1,"scenario_matched_gap_adjusted_did","linear_gap",2,0.0904213758772957,-0.118546494108774,-0.20896786998607,2.0904213758773,2.20896786998607,0.208967869986069,0.208967869986069,0.0436675706865148,-0.0118546494108774,NA,0.14804956281031,"ok"
"S2_linear_moderate",471,20670471,1,"scenario_matched_gap_adjusted_did","linear_gap",2,0.429686383748794,0.16127051646451,-0.268415867284284,2.42968638374879,2.26841586728428,0.268415867284284,0.268415867284284,0.0720470778099741,0.016127051646451,NA,0.131610949492527,"ok"
"S2_linear_moderate",472,20670472,1,"scenario_matched_gap_adjusted_did","linear_gap",2,0.112483715126071,0.161421628149369,0.0489379130232985,2.11248371512607,1.9510620869767,-0.0489379130232983,0.0489379130232983,0.00239491933107591,0.0161421628149369,NA,0.10228333448834,"ok"
"S2_linear_moderate",473,20670473,1,"scenario_matched_gap_adjusted_did","linear_gap",2,0.132895620888946,0.328505346366809,0.195609725477863,2.13289562088895,1.80439027452214,-0.195609725477863,0.195609725477863,0.0382631647015249,0.0328505346366808,NA,0.184993646538445,"ok"
"S2_linear_moderate",474,20670474,1,"scenario_matched_gap_adjusted_did","linear_gap",2,0.335108144160758,0.305082386632774,-0.0300257575279841,2.33510814416076,2.03002575752798,0.0300257575279841,0.0300257575279841,0.000901546115129293,0.0305082386632774,NA,0.126458825121995,"ok"
"S2_linear_moderate",475,20670475,1,"scenario_matched_gap_adjusted_did","linear_gap",2,0.271291756527389,0.389530297203218,0.118238540675829,2.27129175652739,1.88176145932417,-0.118238540675829,0.118238540675829,0.0139803525011497,0.0389530297203218,NA,0.157347955231111,"ok"
"S2_linear_moderate",476,20670476,1,"scenario_matched_gap_adjusted_did","linear_gap",2,0.346142939932156,0.381862268506668,0.0357193285745119,2.34614293993216,1.96428067142549,-0.0357193285745117,0.0357193285745117,0.00127587043381392,0.0381862268506668,NA,0.151175178618904,"ok"
"S2_linear_moderate",477,20670477,1,"scenario_matched_gap_adjusted_did","linear_gap",2,0.276005195771478,0.0654952563755233,-0.210509939395955,2.27600519577148,2.21050993939595,0.210509939395955,0.210509939395955,0.0443144345844886,0.00654952563755233,NA,0.134511134700289,"ok"
"S2_linear_moderate",478,20670478,1,"scenario_matched_gap_adjusted_did","linear_gap",2,0.366377193762223,0.367882594315379,0.00150540055315579,2.36637719376222,1.99849459944684,-0.00150540055315584,0.00150540055315584,2.26623082544192e-06,0.0367882594315379,NA,0.191020727649449,"ok"
"S2_linear_moderate",479,20670479,1,"scenario_matched_gap_adjusted_did","linear_gap",2,0.254607970783567,0.263043086636095,0.00843511585252804,2.25460797078357,1.99156488414747,-0.00843511585252799,0.00843511585252799,7.11511794455689e-05,0.0263043086636095,NA,0.179463612735945,"ok"
"S2_linear_moderate",480,20670480,1,"scenario_matched_gap_adjusted_did","linear_gap",2,0.231964349366836,0.478430982655365,0.246466633288529,2.23196434936684,1.75353336671147,-0.246466633288529,0.246466633288529,0.060745801324582,0.0478430982655364,NA,0.135048896451054,"ok"
"S2_linear_moderate",481,20670481,1,"scenario_matched_gap_adjusted_did","linear_gap",2,0.00954397309409016,0.173585963536976,0.164041990442885,2.00954397309409,1.83595800955711,-0.164041990442885,0.164041990442885,0.0269097746284636,0.0173585963536976,NA,0.140956737670677,"ok"
"S2_linear_moderate",482,20670482,1,"scenario_matched_gap_adjusted_did","linear_gap",2,0.294192610267029,0.0272836866865709,-0.266908923580458,2.29419261026703,2.26690892358046,0.266908923580457,0.266908923580457,0.0712403734868784,0.00272836866865709,NA,0.101448734219888,"ok"
"S2_linear_moderate",483,20670483,1,"scenario_matched_gap_adjusted_did","linear_gap",2,0.320119005032657,0.462614305319811,0.142495300287154,2.32011900503266,1.85750469971285,-0.142495300287154,0.142495300287154,0.0203049106039262,0.0462614305319811,NA,0.110084385528154,"ok"
"S2_linear_moderate",484,20670484,1,"scenario_matched_gap_adjusted_did","linear_gap",2,0.181428388010725,0.11328569756488,-0.068142690445845,2.18142838801072,2.06814269044584,0.0681426904458449,0.0681426904458449,0.00464342626119824,0.011328569756488,NA,0.116133621130114,"ok"
"S2_linear_moderate",485,20670485,1,"scenario_matched_gap_adjusted_did","linear_gap",2,0.313499632201718,0.303273632890576,-0.0102259993111421,2.31349963220172,2.01022599931114,0.0102259993111424,0.0102259993111424,0.000104571061911485,0.0303273632890576,NA,0.203898187847528,"ok"
"S2_linear_moderate",486,20670486,1,"scenario_matched_gap_adjusted_did","linear_gap",2,0.309141373913652,0.182099069131033,-0.127042304782619,2.30914137391365,2.12704230478262,0.127042304782619,0.127042304782619,0.0161397472044798,0.0182099069131033,NA,0.102438474291722,"ok"
"S2_linear_moderate",487,20670487,1,"scenario_matched_gap_adjusted_did","linear_gap",2,0.226917822376546,0.371249428602902,0.144331606226357,2.22691782237655,1.85566839377364,-0.144331606226357,0.144331606226357,0.0208316125558801,0.0371249428602902,NA,0.0997275937263188,"ok"
"S2_linear_moderate",488,20670488,1,"scenario_matched_gap_adjusted_did","linear_gap",2,0.326677801003551,0.462107741028208,0.135429940024657,2.32667780100355,1.86457005997534,-0.135429940024657,0.135429940024657,0.0183412686550822,0.0462107741028208,NA,0.113108174089016,"ok"
"S2_linear_moderate",489,20670489,1,"scenario_matched_gap_adjusted_did","linear_gap",2,0.0719224188391706,0.130246257826386,0.0583238389872152,2.07192241883917,1.94167616101279,-0.0583238389872149,0.0583238389872149,0.00340167019420657,0.0130246257826386,NA,0.145442745307946,"ok"
"S2_linear_moderate",490,20670490,1,"scenario_matched_gap_adjusted_did","linear_gap",2,0.28248578934396,0.219596953023115,-0.0628888363208452,2.28248578934396,2.06288883632085,0.0628888363208451,0.0628888363208451,0.00395500573379004,0.0219596953023115,NA,0.154230343720013,"ok"
"S2_linear_moderate",491,20670491,1,"scenario_matched_gap_adjusted_did","linear_gap",2,0.249045483292736,0.114551874413248,-0.134493608879488,2.24904548329274,2.13449360887949,0.134493608879488,0.134493608879488,0.0180885308294287,0.0114551874413248,NA,0.128569347976039,"ok"
"S2_linear_moderate",492,20670492,1,"scenario_matched_gap_adjusted_did","linear_gap",2,0.28752649710626,0.23627412627229,-0.0512523708339703,2.28752649710626,2.05125237083397,0.0512523708339705,0.0512523708339705,0.00262680551610283,0.023627412627229,NA,0.111055528237832,"ok"
"S2_linear_moderate",493,20670493,1,"scenario_matched_gap_adjusted_did","linear_gap",2,0.129893618600575,0.200130086047223,0.0702364674466478,2.12989361860057,1.92976353255335,-0.070236467446648,0.070236467446648,0.00493316135938405,0.0200130086047223,NA,0.093152538111514,"ok"
"S2_linear_moderate",494,20670494,1,"scenario_matched_gap_adjusted_did","linear_gap",2,0.16442775819565,0.420474361839047,0.256046603643397,2.16442775819565,1.7439533963566,-0.256046603643397,0.256046603643397,0.0655598632373187,0.0420474361839046,NA,0.100577204338134,"ok"
"S2_linear_moderate",495,20670495,1,"scenario_matched_gap_adjusted_did","linear_gap",2,0.267264078310235,0.389664932434686,0.122400854124452,2.26726407831023,1.87759914587555,-0.122400854124452,0.122400854124452,0.0149819690903954,0.0389664932434686,NA,0.113948177834536,"ok"
"S2_linear_moderate",496,20670496,1,"scenario_matched_gap_adjusted_did","linear_gap",2,0.180163720760394,0.21792486462943,0.0377611438690352,2.18016372076039,1.96223885613096,-0.0377611438690353,0.0377611438690353,0.00142590398629798,0.021792486462943,NA,0.117338501170629,"ok"
"S2_linear_moderate",497,20670497,1,"scenario_matched_gap_adjusted_did","linear_gap",2,0.292530029742616,0.363515775817687,0.0709857460750707,2.29253002974262,1.92901425392493,-0.0709857460750705,0.0709857460750705,0.00503897614583438,0.0363515775817687,NA,0.154379564536517,"ok"
"S2_linear_moderate",498,20670498,1,"scenario_matched_gap_adjusted_did","linear_gap",2,0.2367549799277,0.344476987241804,0.107722007314104,2.2367549799277,1.8922779926859,-0.107722007314104,0.107722007314104,0.0116040308597799,0.0344476987241804,NA,0.122099353136696,"ok"
"S2_linear_moderate",499,20670499,1,"scenario_matched_gap_adjusted_did","linear_gap",2,0.253825975769098,0.0638240814077036,-0.190001894361395,2.2538259757691,2.19000189436139,0.190001894361394,0.190001894361394,0.0361007198609185,0.00638240814077035,NA,0.156000046543315,"ok"
"S2_linear_moderate",500,20670500,1,"scenario_matched_gap_adjusted_did","linear_gap",2,0.097239163554642,0.104852422220289,0.00761325866564705,2.09723916355464,1.99238674133435,-0.00761325866564722,0.00761325866564722,5.79617075100524e-05,0.0104852422220289,NA,0.123866693425109,"ok"
"S3_linear_strong",1,20770001,1,"scenario_matched_gap_adjusted_did","linear_gap",2,0.80678909758721,0.951281160960072,0.144492063372863,2.80678909758721,1.85550793662714,-0.144492063372863,0.144492063372863,0.0208779563777473,0.0951281160960072,NA,0.144618077740058,"ok"
"S3_linear_strong",2,20770002,1,"scenario_matched_gap_adjusted_did","linear_gap",2,0.615621906269054,0.955655503665359,0.340033597396305,2.61562190626905,1.6599664026037,-0.340033597396305,0.340033597396305,0.115622847358272,0.0955655503665359,NA,0.116651217877217,"ok"
"S3_linear_strong",3,20770003,1,"scenario_matched_gap_adjusted_did","linear_gap",2,0.518148183560968,0.42589630039852,-0.0922518831624483,2.51814818356097,2.09225188316245,0.0922518831624481,0.0922518831624481,0.00851040994701798,0.042589630039852,NA,0.121024888668879,"ok"
"S3_linear_strong",4,20770004,1,"scenario_matched_gap_adjusted_did","linear_gap",2,0.881915638738633,0.950150914106834,0.068235275368201,2.88191563873863,1.9317647246318,-0.068235275368201,0.068235275368201,0.00465605280457421,0.0950150914106834,NA,0.114340411169315,"ok"
"S3_linear_strong",5,20770005,1,"scenario_matched_gap_adjusted_did","linear_gap",2,0.770443117748199,0.815175415143771,0.0447322973955719,2.7704431177482,1.95526770260443,-0.0447322973955722,0.0447322973955722,0.00200097843028591,0.0815175415143771,NA,0.13529409762494,"ok"
"S3_linear_strong",6,20770006,1,"scenario_matched_gap_adjusted_did","linear_gap",2,0.64700393699043,0.929765234043408,0.282761297052978,2.64700393699043,1.71723870294702,-0.282761297052978,0.282761297052978,0.0799539511110826,0.0929765234043408,NA,0.101168689519282,"ok"
"S3_linear_strong",7,20770007,1,"scenario_matched_gap_adjusted_did","linear_gap",2,0.988070391935428,1.06023711590298,0.0721667239675494,2.98807039193543,1.92783327603245,-0.0721667239675492,0.0721667239675492,0.00520803604820844,0.106023711590298,NA,0.126282391657317,"ok"
"S3_linear_strong",8,20770008,1,"scenario_matched_gap_adjusted_did","linear_gap",2,1.17181241938591,1.05355176480613,-0.11826065457978,3.17181241938591,2.11826065457978,0.11826065457978,0.11826065457978,0.0139855824216379,0.105355176480613,NA,0.104281178297849,"ok"
"S3_linear_strong",9,20770009,1,"scenario_matched_gap_adjusted_did","linear_gap",2,0.992928194581638,0.930779367425317,-0.0621488271563204,2.99292819458164,2.06214882715632,0.0621488271563204,0.0621488271563204,0.00386247671690619,0.0930779367425317,NA,0.147360959787296,"ok"
"S3_linear_strong",10,20770010,1,"scenario_matched_gap_adjusted_did","linear_gap",2,1.07501127357079,1.03420308508788,-0.0408081884829092,3.07501127357079,2.04080818848291,0.0408081884829086,0.0408081884829086,0.00166530824725659,0.103420308508788,NA,0.121561044374819,"ok"
"S3_linear_strong",11,20770011,1,"scenario_matched_gap_adjusted_did","linear_gap",2,0.777443214672297,0.812091959106439,0.0346487444341419,2.7774432146723,1.96535125556586,-0.0346487444341417,0.0346487444341417,0.00120053549086246,0.0812091959106439,NA,0.120398405339514,"ok"
"S3_linear_strong",12,20770012,1,"scenario_matched_gap_adjusted_did","linear_gap",2,0.868015018962489,0.818085121901138,-0.0499298970613506,2.86801501896249,2.04992989706135,0.0499298970613502,0.0499298970613502,0.00249299462055703,0.0818085121901138,NA,0.105469958988303,"ok"
"S3_linear_strong",13,20770013,1,"scenario_matched_gap_adjusted_did","linear_gap",2,0.782258693319153,0.79951218649066,0.0172534931715065,2.78225869331915,1.98274650682849,-0.0172534931715065,0.0172534931715065,0.000297683026619221,0.079951218649066,NA,0.148719701501305,"ok"
"S3_linear_strong",14,20770014,1,"scenario_matched_gap_adjusted_did","linear_gap",2,0.686637731491048,0.562591449296505,-0.124046282194543,2.68663773149105,2.12404628219454,0.124046282194543,0.124046282194543,0.0153874801262882,0.0562591449296505,NA,0.114194710829919,"ok"
"S3_linear_strong",15,20770015,1,"scenario_matched_gap_adjusted_did","linear_gap",2,0.796540251995554,0.678917706030877,-0.117622545964677,2.79654025199555,2.11762254596468,0.117622545964677,0.117622545964677,0.0138350633192125,0.0678917706030876,NA,0.144858092639418,"ok"
"S3_linear_strong",16,20770016,1,"scenario_matched_gap_adjusted_did","linear_gap",2,0.872574343620115,1.03527592072432,0.162701577104209,2.87257434362012,1.83729842289579,-0.162701577104209,0.162701577104209,0.0264718031921969,0.103527592072432,NA,0.134944926078804,"ok"
"S3_linear_strong",17,20770017,1,"scenario_matched_gap_adjusted_did","linear_gap",2,1.00225509270445,0.994693295940386,-0.00756179676406243,3.00225509270445,2.00756179676406,0.00756179676406266,0.00756179676406266,5.71807703009885e-05,0.0994693295940386,NA,0.126627502655403,"ok"
"S3_linear_strong",18,20770018,1,"scenario_matched_gap_adjusted_did","linear_gap",2,0.493601787575407,0.591080685968384,0.0974788983929774,2.49360178757541,1.90252110160702,-0.0974788983929775,0.0974788983929775,0.00950213563190844,0.0591080685968384,NA,0.0881538232033158,"ok"
"S3_linear_strong",19,20770019,1,"scenario_matched_gap_adjusted_did","linear_gap",2,0.853948300948196,1.00429122799544,0.150342927047249,2.8539483009482,1.84965707295275,-0.150342927047249,0.150342927047249,0.0226029957131346,0.100429122799544,NA,0.164233610204646,"ok"
"S3_linear_strong",20,20770020,1,"scenario_matched_gap_adjusted_did","linear_gap",2,0.629602029582655,0.687202129178322,0.0576000995956667,2.62960202958266,1.94239990040433,-0.0576000995956667,0.0576000995956667,0.00331777147343072,0.0687202129178322,NA,0.17270477918839,"ok"
"S3_linear_strong",21,20770021,1,"scenario_matched_gap_adjusted_did","linear_gap",2,0.576280609220921,0.851668237296905,0.275387628075983,2.57628060922092,1.72461237192402,-0.275387628075983,0.275387628075983,0.075838345697316,0.0851668237296904,NA,0.114006782488987,"ok"
"S3_linear_strong",22,20770022,1,"scenario_matched_gap_adjusted_did","linear_gap",2,0.987424680492258,0.985268354151443,-0.00215632634081508,2.98742468049226,2.00215632634082,0.00215632634081508,0.00215632634081508,4.64974328809297e-06,0.0985268354151443,NA,0.126236676947235,"ok"
"S3_linear_strong",23,20770023,1,"scenario_matched_gap_adjusted_did","linear_gap",2,0.792786376762529,0.925083301024535,0.132296924262006,2.79278637676253,1.86770307573799,-0.132296924262006,0.132296924262006,0.0175024761691869,0.0925083301024535,NA,0.0875390700031966,"ok"
"S3_linear_strong",24,20770024,1,"scenario_matched_gap_adjusted_did","linear_gap",2,0.94463840023011,0.69731634486081,-0.247322055369299,2.94463840023011,2.2473220553693,0.247322055369299,0.247322055369299,0.0611681990720948,0.069731634486081,NA,0.100714343410374,"ok"
"S3_linear_strong",25,20770025,1,"scenario_matched_gap_adjusted_did","linear_gap",2,0.976068905197342,0.899544977336359,-0.0765239278609833,2.97606890519734,2.07652392786098,0.0765239278609831,0.0765239278609831,0.00585591153527294,0.0899544977336359,NA,0.131583398859635,"ok"
"S3_linear_strong",26,20770026,1,"scenario_matched_gap_adjusted_did","linear_gap",2,1.12540754603594,0.955947971267851,-0.169459574768087,3.12540754603594,2.16945957476809,0.169459574768087,0.169459574768087,0.0287165474805808,0.0955947971267851,NA,0.0988344904900362,"ok"
"S3_linear_strong",27,20770027,1,"scenario_matched_gap_adjusted_did","linear_gap",2,0.888754134289498,1.00400114032564,0.11524700603614,2.8887541342895,1.88475299396386,-0.11524700603614,0.11524700603614,0.0132818724002941,0.100400114032564,NA,0.0836376258745241,"ok"
"S3_linear_strong",28,20770028,1,"scenario_matched_gap_adjusted_did","linear_gap",2,0.699396683588148,0.72693069442037,0.0275340108322226,2.69939668358815,1.97246598916778,-0.0275340108322228,0.0275340108322228,0.000758121752508965,0.072693069442037,NA,0.0852444100365801,"ok"
"S3_linear_strong",29,20770029,1,"scenario_matched_gap_adjusted_did","linear_gap",2,0.799640708945836,0.67677967919728,-0.122861029748555,2.79964070894584,2.12286102974856,0.122861029748555,0.122861029748555,0.0150948326308753,0.067677967919728,NA,0.188409582556689,"ok"
"S3_linear_strong",30,20770030,1,"scenario_matched_gap_adjusted_did","linear_gap",2,0.801775536690325,0.850533715828093,0.0487581791377676,2.80177553669033,1.95124182086223,-0.0487581791377671,0.0487581791377671,0.00237736003283059,0.0850533715828093,NA,0.188926552422073,"ok"
"S3_linear_strong",31,20770031,1,"scenario_matched_gap_adjusted_did","linear_gap",2,0.64875819693108,0.601174699881793,-0.0475834970492872,2.64875819693108,2.04758349704929,0.0475834970492874,0.0475834970492874,0.00226418919143955,0.0601174699881793,NA,0.176973386110409,"ok"
"S3_linear_strong",32,20770032,1,"scenario_matched_gap_adjusted_did","linear_gap",2,0.950706849022486,0.796525966950137,-0.154180882072349,2.95070684902249,2.15418088207235,0.15418088207235,0.15418088207235,0.0237717443966078,0.0796525966950137,NA,0.122171908147105,"ok"
"S3_linear_strong",33,20770033,1,"scenario_matched_gap_adjusted_did","linear_gap",2,0.884356292545719,0.988664704661952,0.104308412116234,2.88435629254572,1.89569158788377,-0.104308412116233,0.104308412116233,0.0108802448382099,0.0988664704661952,NA,0.0916000995745314,"ok"
"S3_linear_strong",34,20770034,1,"scenario_matched_gap_adjusted_did","linear_gap",2,0.858261226531127,1.12024049709287,0.261979270561746,2.85826122653113,1.73802072943825,-0.261979270561746,0.261979270561746,0.0686331382040643,0.112024049709287,NA,0.117082547723507,"ok"
"S3_linear_strong",35,20770035,1,"scenario_matched_gap_adjusted_did","linear_gap",2,0.866578372350451,0.839069479549791,-0.0275088928006604,2.86657837235045,2.02750889280066,0.0275088928006602,0.0275088928006602,0.000756739183118212,0.083906947954979,NA,0.106030501203375,"ok"
"S3_linear_strong",36,20770036,1,"scenario_matched_gap_adjusted_did","linear_gap",2,0.693181185900978,0.821582926577681,0.128401740676702,2.69318118590098,1.8715982593233,-0.128401740676702,0.128401740676702,0.0164870070088071,0.0821582926577681,NA,0.119971696279796,"ok"
"S3_linear_strong",37,20770037,1,"scenario_matched_gap_adjusted_did","linear_gap",2,0.720241592773918,0.616599086540602,-0.103642506233315,2.72024159277392,2.10364250623332,0.103642506233315,0.103642506233315,0.0107417690983228,0.0616599086540602,NA,0.19190492582469,"ok"
"S3_linear_strong",38,20770038,1,"scenario_matched_gap_adjusted_did","linear_gap",2,0.507843392464918,0.633380906400125,0.125537513935207,2.50784339246492,1.87446248606479,-0.125537513935207,0.125537513935207,0.0157596674050324,0.0633380906400125,NA,0.11033659558938,"ok"
"S3_linear_strong",39,20770039,1,"scenario_matched_gap_adjusted_did","linear_gap",2,1.061440595728,1.00275236121093,-0.0586882345170681,3.061440595728,2.05868823451707,0.0586882345170681,0.0586882345170681,0.00344430887073038,0.100275236121093,NA,0.155393353813652,"ok"
"S3_linear_strong",40,20770040,1,"scenario_matched_gap_adjusted_did","linear_gap",2,1.10589146450634,1.03276905064824,-0.0731224138580944,3.10589146450634,2.07312241385809,0.0731224138580946,0.0731224138580946,0.00534688740843446,0.103276905064824,NA,0.0675554802708703,"ok"
"S3_linear_strong",41,20770041,1,"scenario_matched_gap_adjusted_did","linear_gap",2,0.58974770853834,0.819360053892036,0.229612345353696,2.58974770853834,1.7703876546463,-0.229612345353696,0.229612345353696,0.0527218291388252,0.0819360053892036,NA,0.132981317976335,"ok"
"S3_linear_strong",42,20770042,1,"scenario_matched_gap_adjusted_did","linear_gap",2,1.03902174576877,0.974643559762657,-0.0643781860061156,3.03902174576877,2.06437818600612,0.0643781860061154,0.0643781860061154,0.004144550833438,0.0974643559762657,NA,0.136264103023475,"ok"
"S3_linear_strong",43,20770043,1,"scenario_matched_gap_adjusted_did","linear_gap",2,0.847059697144398,1.11598159745004,0.268921900305641,2.8470596971444,1.73107809969436,-0.268921900305642,0.268921900305642,0.0723189884639975,0.111598159745004,NA,0.115735640553797,"ok"
"S3_linear_strong",44,20770044,1,"scenario_matched_gap_adjusted_did","linear_gap",2,0.917537778714799,0.779913661883877,-0.137624116830923,2.9175377787148,2.13762411683092,0.137624116830922,0.137624116830922,0.0189403975334914,0.0779913661883877,NA,0.176838223569877,"ok"
"S3_linear_strong",45,20770045,1,"scenario_matched_gap_adjusted_did","linear_gap",2,1.23470247316978,1.10502244677574,-0.129680026394036,3.23470247316978,2.12968002639404,0.129680026394035,0.129680026394035,0.0168169092455577,0.110502244677574,NA,0.139369385732237,"ok"
"S3_linear_strong",46,20770046,1,"scenario_matched_gap_adjusted_did","linear_gap",2,0.771748671562744,0.885301113637203,0.113552442074459,2.77174867156274,1.88644755792554,-0.113552442074459,0.113552442074459,0.0128941571010734,0.0885301113637203,NA,0.113487295087527,"ok"
"S3_linear_strong",47,20770047,1,"scenario_matched_gap_adjusted_did","linear_gap",2,0.777150606350978,0.644922335639281,-0.132228270711698,2.77715060635098,2.1322282707117,0.132228270711698,0.132228270711698,0.017484315575406,0.064492233563928,NA,0.169314287721917,"ok"
"S3_linear_strong",48,20770048,1,"scenario_matched_gap_adjusted_did","linear_gap",2,0.685838976257542,0.904269599203353,0.218430622945811,2.68583897625754,1.78156937705419,-0.218430622945811,0.218430622945811,0.0477119370404952,0.0904269599203353,NA,0.130973596260205,"ok"
"S3_linear_strong",49,20770049,1,"scenario_matched_gap_adjusted_did","linear_gap",2,0.784371153385076,0.628974346192835,-0.155396807192241,2.78437115338508,2.15539680719224,0.155396807192241,0.155396807192241,0.0241481676855424,0.0628974346192835,NA,0.209228591365795,"ok"
"S3_linear_strong",50,20770050,1,"scenario_matched_gap_adjusted_did","linear_gap",2,0.787844203523168,0.994680673085471,0.206836469562303,2.78784420352317,1.7931635304377,-0.206836469562303,0.206836469562303,0.0427813251409976,0.0994680673085471,NA,0.0812568983404047,"ok"
"S3_linear_strong",51,20770051,1,"scenario_matched_gap_adjusted_did","linear_gap",2,0.842532757236474,0.970458132258063,0.127925375021589,2.84253275723647,1.87207462497841,-0.127925375021589,0.127925375021589,0.0163649015744142,0.0970458132258063,NA,0.149232947556275,"ok"
"S3_linear_strong",52,20770052,1,"scenario_matched_gap_adjusted_did","linear_gap",2,0.94263368882914,1.05061648383229,0.107982795003146,2.94263368882914,1.89201720499685,-0.107982795003147,0.107982795003147,0.0116602840166916,0.105061648383229,NA,0.073115680138145,"ok"
"S3_linear_strong",53,20770053,1,"scenario_matched_gap_adjusted_did","linear_gap",2,1.02264351723017,0.958574630603427,-0.0640688866267413,3.02264351723017,2.06406888662674,0.0640688866267412,0.0640688866267412,0.00410482223359021,0.0958574630603427,NA,0.117671880259681,"ok"
"S3_linear_strong",54,20770054,1,"scenario_matched_gap_adjusted_did","linear_gap",2,0.443415652323,0.589292118354543,0.145876466031543,2.443415652323,1.85412353396846,-0.145876466031543,0.145876466031543,0.0212799433418519,0.0589292118354542,NA,0.0925331094973791,"ok"
"S3_linear_strong",55,20770055,1,"scenario_matched_gap_adjusted_did","linear_gap",2,0.67509610379462,0.662248871234737,-0.012847232559883,2.67509610379462,2.01284723255988,0.0128472325598832,0.0128472325598832,0.000165051384447723,0.0662248871234737,NA,0.119038148716503,"ok"
"S3_linear_strong",56,20770056,1,"scenario_matched_gap_adjusted_did","linear_gap",2,1.06446453922288,1.10665972735952,0.0421951881366429,3.06446453922288,1.95780481186336,-0.0421951881366427,0.0421951881366427,0.00178043390188667,0.110665972735952,NA,0.0798325823291005,"ok"
"S3_linear_strong",57,20770057,1,"scenario_matched_gap_adjusted_did","linear_gap",2,0.963721807970957,1.09363466023988,0.129912852268921,2.96372180797096,1.87008714773108,-0.129912852268921,0.129912852268921,0.0168773491846466,0.109363466023988,NA,0.109814580915438,"ok"
"S3_linear_strong",58,20770058,1,"scenario_matched_gap_adjusted_did","linear_gap",2,0.90667157468193,0.846157751698358,-0.060513822983572,2.90667157468193,2.06051382298357,0.0605138229835722,0.0605138229835722,0.00366192277208711,0.0846157751698358,NA,0.11385229024105,"ok"
"S3_linear_strong",59,20770059,1,"scenario_matched_gap_adjusted_did","linear_gap",2,0.96479249446185,1.0832757890352,0.118483294573353,2.96479249446185,1.88151670542665,-0.118483294573353,0.118483294573353,0.0140382910929559,0.10832757890352,NA,0.120372406356885,"ok"
"S3_linear_strong",60,20770060,1,"scenario_matched_gap_adjusted_did","linear_gap",2,1.09412150748139,1.10796712517313,0.0138456176917428,3.09412150748139,1.98615438230826,-0.0138456176917432,0.0138456176917432,0.000191701129265912,0.110796712517313,NA,0.140721283636129,"ok"
"S3_linear_strong",61,20770061,1,"scenario_matched_gap_adjusted_did","linear_gap",2,0.691784390685273,0.790352619075262,0.0985682283899894,2.69178439068527,1.90143177161001,-0.0985682283899891,0.0985682283899891,0.00971569564794106,0.0790352619075262,NA,0.174972549486861,"ok"
"S3_linear_strong",62,20770062,1,"scenario_matched_gap_adjusted_did","linear_gap",2,0.846694232870493,0.685002705255336,-0.161691527615157,2.84669423287049,2.16169152761516,0.161691527615157,0.161691527615157,0.0261441501025231,0.0685002705255336,NA,0.134405741580935,"ok"
"S3_linear_strong",63,20770063,1,"scenario_matched_gap_adjusted_did","linear_gap",2,0.789241291208866,0.904726028455569,0.115484737246703,2.78924129120887,1.8845152627533,-0.115484737246703,0.115484737246703,0.01333672453694,0.0904726028455569,NA,0.157793850024622,"ok"
"S3_linear_strong",64,20770064,1,"scenario_matched_gap_adjusted_did","linear_gap",2,0.866720051673533,0.872837707353466,0.0061176556799325,2.86672005167353,1.99388234432007,-0.00611765567993272,0.00611765567993272,3.74257110182131e-05,0.0872837707353466,NA,0.0857138541167487,"ok"
"S3_linear_strong",65,20770065,1,"scenario_matched_gap_adjusted_did","linear_gap",2,0.933654705627738,1.08190111376888,0.148246408141141,2.93365470562774,1.85175359185886,-0.148246408141141,0.148246408141141,0.0219769975267498,0.108190111376888,NA,0.139481188297847,"ok"
"S3_linear_strong",66,20770066,1,"scenario_matched_gap_adjusted_did","linear_gap",2,0.683228839191673,0.571377610495634,-0.111851228696039,2.68322883919167,2.11185122869604,0.111851228696039,0.111851228696039,0.0125106973608136,0.0571377610495634,NA,0.0825650699714297,"ok"
"S3_linear_strong",67,20770067,1,"scenario_matched_gap_adjusted_did","linear_gap",2,1.03188203121096,1.16638224699925,0.134500215788292,3.03188203121096,1.86549978421171,-0.134500215788292,0.134500215788292,0.018090308047097,0.116638224699925,NA,0.123938516594851,"ok"
"S3_linear_strong",68,20770068,1,"scenario_matched_gap_adjusted_did","linear_gap",2,0.980926785056387,1.0141149176285,0.0331881325721176,2.98092678505639,1.96681186742788,-0.0331881325721173,0.0331881325721173,0.00110145214362443,0.10141149176285,NA,0.115356977811048,"ok"
"S3_linear_strong",69,20770069,1,"scenario_matched_gap_adjusted_did","linear_gap",2,0.776638223124465,0.755410977050349,-0.0212272460741165,2.77663822312446,2.02122724607412,0.0212272460741163,0.0212272460741163,0.000450595975891086,0.0755410977050348,NA,0.167033602891205,"ok"
"S3_linear_strong",70,20770070,1,"scenario_matched_gap_adjusted_did","linear_gap",2,0.740505975563136,0.840132420649663,0.0996264450865278,2.74050597556314,1.90037355491347,-0.0996264450865281,0.0996264450865281,0.00992542856057899,0.0840132420649663,NA,0.151482176398635,"ok"
"S3_linear_strong",71,20770071,1,"scenario_matched_gap_adjusted_did","linear_gap",2,0.894085413089413,0.81522431296845,-0.0788611001209631,2.89408541308941,2.07886110012096,0.0788611001209638,0.0788611001209638,0.00621907311228868,0.081522431296845,NA,0.118038486096099,"ok"
"S3_linear_strong",72,20770072,1,"scenario_matched_gap_adjusted_did","linear_gap",2,0.532717358929064,0.724958463066596,0.192241104137532,2.53271735892906,1.80775889586247,-0.192241104137532,0.192241104137532,0.0369566421200175,0.0724958463066596,NA,0.106443919019669,"ok"
"S3_linear_strong",73,20770073,1,"scenario_matched_gap_adjusted_did","linear_gap",2,0.947840561644794,0.933968400793523,-0.0138721608512711,2.94784056164479,2.01387216085127,0.0138721608512711,0.0138721608512711,0.000192436846683538,0.0933968400793522,NA,0.147000531119284,"ok"
"S3_linear_strong",74,20770074,1,"scenario_matched_gap_adjusted_did","linear_gap",2,0.922659862622513,1.09333098399871,0.170671121376197,2.92265986262251,1.8293288786238,-0.170671121376197,0.170671121376197,0.0291286316718087,0.109333098399871,NA,0.142474411349345,"ok"
"S3_linear_strong",75,20770075,1,"scenario_matched_gap_adjusted_did","linear_gap",2,0.544141119944516,0.448103182790692,-0.096037937153824,2.54414111994452,2.09603793715382,0.0960379371538242,0.0960379371538242,0.0092232853727619,0.0448103182790692,NA,0.144515953743377,"ok"
"S3_linear_strong",76,20770076,1,"scenario_matched_gap_adjusted_did","linear_gap",2,0.804694237797722,0.841016847391355,0.0363226095936329,2.80469423779772,1.96367739040637,-0.0363226095936326,0.0363226095936326,0.00131933196769145,0.0841016847391355,NA,0.159540675905982,"ok"
"S3_linear_strong",77,20770077,1,"scenario_matched_gap_adjusted_did","linear_gap",2,0.928996805915154,0.794591669061381,-0.134405136853774,2.92899680591515,2.13440513685377,0.134405136853773,0.134405136853773,0.0180647408126815,0.0794591669061381,NA,0.118999714024759,"ok"
"S3_linear_strong",78,20770078,1,"scenario_matched_gap_adjusted_did","linear_gap",2,0.939045993099062,0.988017858531502,0.0489718654324398,2.93904599309906,1.95102813456756,-0.0489718654324394,0.0489718654324394,0.00239824360393295,0.0988017858531502,NA,0.130192188866179,"ok"
"S3_linear_strong",79,20770079,1,"scenario_matched_gap_adjusted_did","linear_gap",2,0.970075263660665,0.751794713482821,-0.218280550177844,2.97007526366067,2.21828055017784,0.218280550177844,0.218280550177844,0.0476463985859424,0.0751794713482821,NA,0.0872953911872797,"ok"
"S3_linear_strong",80,20770080,1,"scenario_matched_gap_adjusted_did","linear_gap",2,0.766623746877198,0.616920606010341,-0.149703140866857,2.7666237468772,2.14970314086686,0.149703140866857,0.149703140866857,0.022411030385402,0.0616920606010341,NA,0.137434330101754,"ok"
"S3_linear_strong",81,20770081,1,"scenario_matched_gap_adjusted_did","linear_gap",2,0.811430264806791,0.640417864745696,-0.171012400061096,2.81143026480679,2.1710124000611,0.171012400061096,0.171012400061096,0.0292452409746565,0.0640417864745696,NA,0.127780620945618,"ok"
"S3_linear_strong",82,20770082,1,"scenario_matched_gap_adjusted_did","linear_gap",2,0.81278690278097,0.843691823855628,0.0309049210746575,2.81278690278097,1.96909507892534,-0.0309049210746575,0.0309049210746575,0.000955114146630808,0.0843691823855627,NA,0.11539196777877,"ok"
"S3_linear_strong",83,20770083,1,"scenario_matched_gap_adjusted_did","linear_gap",2,0.911810462644252,0.870188010594926,-0.0416224520493256,2.91181046264425,2.04162245204933,0.0416224520493254,0.0416224520493254,0.00173242851459839,0.0870188010594926,NA,0.136457054520351,"ok"
"S3_linear_strong",84,20770084,1,"scenario_matched_gap_adjusted_did","linear_gap",2,0.727263444987269,0.796963663318988,0.069700218331719,2.72726344498727,1.93029978166828,-0.069700218331719,0.069700218331719,0.0048581204354893,0.0796963663318988,NA,0.127537889593806,"ok"
"S3_linear_strong",85,20770085,1,"scenario_matched_gap_adjusted_did","linear_gap",2,0.773087485507832,0.8903544206813,0.117266935173468,2.77308748550783,1.88273306482653,-0.117266935173468,0.117266935173468,0.0137515340849784,0.08903544206813,NA,0.187165595530553,"ok"
"S3_linear_strong",86,20770086,1,"scenario_matched_gap_adjusted_did","linear_gap",2,0.844699533587356,0.862535063372557,0.0178355297852004,2.84469953358736,1.9821644702148,-0.0178355297852006,0.0178355297852006,0.000318106122718779,0.0862535063372556,NA,0.149630586539555,"ok"
"S3_linear_strong",87,20770087,1,"scenario_matched_gap_adjusted_did","linear_gap",2,0.653082963331462,0.982702313456272,0.32961935012481,2.65308296333146,1.67038064987519,-0.329619350124809,0.329619350124809,0.108648915976702,0.0982702313456272,NA,0.151672588567681,"ok"
"S3_linear_strong",88,20770088,1,"scenario_matched_gap_adjusted_did","linear_gap",2,0.79750183931513,0.863834721107325,0.0663328817921942,2.79750183931513,1.93366711820781,-0.0663328817921942,0.0663328817921942,0.00440005120685721,0.0863834721107324,NA,0.120654763133646,"ok"
"S3_linear_strong",89,20770089,1,"scenario_matched_gap_adjusted_did","linear_gap",2,0.784528811670508,0.55741264860861,-0.227116163061898,2.78452881167051,2.2271161630619,0.227116163061898,0.227116163061898,0.0515817515239586,0.055741264860861,NA,0.155795383883252,"ok"
"S3_linear_strong",90,20770090,1,"scenario_matched_gap_adjusted_did","linear_gap",2,0.809956131246639,0.577247108280102,-0.232709022966538,2.80995613124664,2.23270902296654,0.232709022966538,0.232709022966538,0.0541534893700406,0.0577247108280102,NA,0.113463141155488,"ok"
"S3_linear_strong",91,20770091,1,"scenario_matched_gap_adjusted_did","linear_gap",2,0.678011975297351,0.549950258722884,-0.128061716574467,2.67801197529735,2.12806171657447,0.128061716574467,0.128061716574467,0.0163998032519991,0.0549950258722884,NA,0.175859913371891,"ok"
"S3_linear_strong",92,20770092,1,"scenario_matched_gap_adjusted_did","linear_gap",2,0.651966760007495,0.708231146143174,0.0562643861356795,2.65196676000749,1.94373561386432,-0.0562643861356797,0.0562643861356797,0.00316568114722487,0.0708231146143174,NA,0.215068595781586,"ok"
"S3_linear_strong",93,20770093,1,"scenario_matched_gap_adjusted_did","linear_gap",2,0.736309242401591,0.702330985254501,-0.0339782571470901,2.73630924240159,2.03397825714709,0.0339782571470906,0.0339782571470906,0.00115452195875381,0.0702330985254501,NA,0.120933009438055,"ok"
"S3_linear_strong",94,20770094,1,"scenario_matched_gap_adjusted_did","linear_gap",2,1.04161561731689,0.898898524555401,-0.142717092761492,3.04161561731689,2.14271709276149,0.142717092761493,0.142717092761493,0.0203681685662926,0.0898898524555401,NA,0.118283804990503,"ok"
"S3_linear_strong",95,20770095,1,"scenario_matched_gap_adjusted_did","linear_gap",2,0.960723500341909,0.937123634183079,-0.0235998661588293,2.96072350034191,2.02359986615883,0.023599866158829,0.023599866158829,0.000556953682714644,0.0937123634183079,NA,0.0752813781438431,"ok"
"S3_linear_strong",96,20770096,1,"scenario_matched_gap_adjusted_did","linear_gap",2,0.779951343757667,0.586657068475977,-0.19329427528169,2.77995134375767,2.19329427528169,0.19329427528169,0.19329427528169,0.0373626768566737,0.0586657068475977,NA,0.0896159152701992,"ok"
"S3_linear_strong",97,20770097,1,"scenario_matched_gap_adjusted_did","linear_gap",2,0.813382972948735,0.771491637722592,-0.0418913352261434,2.81338297294874,2.04189133522614,0.0418913352261434,0.0418913352261434,0.00175488396702912,0.0771491637722592,NA,0.167817025232205,"ok"
"S3_linear_strong",98,20770098,1,"scenario_matched_gap_adjusted_did","linear_gap",2,0.792728385581047,0.764542495077108,-0.0281858905039387,2.79272838558105,2.02818589050394,0.0281858905039387,0.0281858905039387,0.000794444423500023,0.0764542495077108,NA,0.110231459183035,"ok"
"S3_linear_strong",99,20770099,1,"scenario_matched_gap_adjusted_did","linear_gap",2,0.974096782201212,0.645986297206808,-0.328110484994404,2.97409678220121,2.3281104849944,0.328110484994404,0.328110484994404,0.107656490363263,0.0645986297206808,NA,0.130627389416187,"ok"
"S3_linear_strong",100,20770100,1,"scenario_matched_gap_adjusted_did","linear_gap",2,0.652525769489165,0.86140101662401,0.208875247134845,2.65252576948916,1.79112475286515,-0.208875247134845,0.208875247134845,0.0436288688656426,0.086140101662401,NA,0.0584054627008564,"ok"
"S3_linear_strong",101,20770101,1,"scenario_matched_gap_adjusted_did","linear_gap",2,0.538147715719292,0.631749434316862,0.0936017185975694,2.53814771571929,1.90639828140243,-0.0936017185975691,0.0936017185975691,0.0087612817244185,0.0631749434316862,NA,0.0846222018240514,"ok"
"S3_linear_strong",102,20770102,1,"scenario_matched_gap_adjusted_did","linear_gap",2,0.894009755889838,0.727352653034219,-0.166657102855619,2.89400975588984,2.16665710285562,0.166657102855619,0.166657102855619,0.0277745899322285,0.0727352653034219,NA,0.098098003956335,"ok"
"S3_linear_strong",103,20770103,1,"scenario_matched_gap_adjusted_did","linear_gap",2,0.45770316974816,0.421435756276314,-0.0362674134718465,2.45770316974816,2.03626741347185,0.0362674134718466,0.0362674134718466,0.00131532527993788,0.0421435756276314,NA,0.106579924025844,"ok"
"S3_linear_strong",104,20770104,1,"scenario_matched_gap_adjusted_did","linear_gap",2,0.732134057527829,0.721615435747905,-0.0105186217799247,2.73213405752783,2.01051862177992,0.0105186217799242,0.0105186217799242,0.000110641404149097,0.0721615435747905,NA,0.24592944853178,"ok"
"S3_linear_strong",105,20770105,1,"scenario_matched_gap_adjusted_did","linear_gap",2,0.701619897999143,0.966852548893985,0.265232650894841,2.70161989799914,1.73476734910516,-0.265232650894841,0.265232650894841,0.0703483591007047,0.0966852548893985,NA,0.12221150632593,"ok"
"S3_linear_strong",106,20770106,1,"scenario_matched_gap_adjusted_did","linear_gap",2,0.82889616040318,0.91036822976665,0.0814720693634701,2.82889616040318,1.91852793063653,-0.0814720693634698,0.0814720693634698,0.00663769808636604,0.091036822976665,NA,0.0651124502108766,"ok"
"S3_linear_strong",107,20770107,1,"scenario_matched_gap_adjusted_did","linear_gap",2,0.857607449705668,1.0092214387163,0.151613989010631,2.85760744970567,1.84838601098937,-0.151613989010631,0.151613989010631,0.0229868016637156,0.10092214387163,NA,0.115187549680286,"ok"
"S3_linear_strong",108,20770108,1,"scenario_matched_gap_adjusted_did","linear_gap",2,0.89135338929183,0.67850016530308,-0.212853223988749,2.89135338929183,2.21285322398875,0.212853223988749,0.212853223988749,0.0453064949624047,0.067850016530308,NA,0.167991124235458,"ok"
"S3_linear_strong",109,20770109,1,"scenario_matched_gap_adjusted_did","linear_gap",2,0.759642607492537,0.878134831034522,0.118492223541985,2.75964260749254,1.88150777645801,-0.118492223541985,0.118492223541985,0.0140404070399238,0.0878134831034522,NA,0.140287366400326,"ok"
"S3_linear_strong",110,20770110,1,"scenario_matched_gap_adjusted_did","linear_gap",2,0.723237912118833,0.431540728939538,-0.291697183179295,2.72323791211883,2.2916971831793,0.291697183179295,0.291697183179295,0.0850872466747354,0.0431540728939537,NA,0.130193314818837,"ok"
"S3_linear_strong",111,20770111,1,"scenario_matched_gap_adjusted_did","linear_gap",2,0.854000648104908,0.85988358934506,0.00588294124015198,2.85400064810491,1.99411705875985,-0.00588294124015176,0.00588294124015176,3.46089976350784e-05,0.085988358934506,NA,0.167585582201025,"ok"
"S3_linear_strong",112,20770112,1,"scenario_matched_gap_adjusted_did","linear_gap",2,0.929860254881956,0.885258358872061,-0.0446018960098955,2.92986025488196,2.0446018960099,0.0446018960098957,0.0446018960098957,0.00198932912767755,0.0885258358872061,NA,0.158798290217904,"ok"
"S3_linear_strong",113,20770113,1,"scenario_matched_gap_adjusted_did","linear_gap",2,0.82057433359396,0.63870005341245,-0.18187428018151,2.82057433359396,2.18187428018151,0.18187428018151,0.18187428018151,0.0330782537915423,0.063870005341245,NA,0.139636445221868,"ok"
"S3_linear_strong",114,20770114,1,"scenario_matched_gap_adjusted_did","linear_gap",2,0.787610790380797,0.723731363253621,-0.0638794271271763,2.7876107903808,2.06387942712718,0.0638794271271763,0.0638794271271763,0.00408058121009623,0.0723731363253621,NA,0.0898156449451167,"ok"
"S3_linear_strong",115,20770115,1,"scenario_matched_gap_adjusted_did","linear_gap",2,0.661042616823091,0.770861512547137,0.109818895724046,2.66104261682309,1.89018110427595,-0.109818895724045,0.109818895724045,0.0120601898580487,0.0770861512547137,NA,0.11555944716234,"ok"
"S3_linear_strong",116,20770116,1,"scenario_matched_gap_adjusted_did","linear_gap",2,0.922209853340729,0.882908850686709,-0.0393010026540197,2.92220985334073,2.03930100265402,0.0393010026540197,0.0393010026540197,0.00154456880961126,0.0882908850686709,NA,0.108550461712061,"ok"
"S3_linear_strong",117,20770117,1,"scenario_matched_gap_adjusted_did","linear_gap",2,0.70262293562551,0.821736099767015,0.119113164141505,2.70262293562551,1.88088683585849,-0.119113164141506,0.119113164141506,0.0141879458718012,0.0821736099767015,NA,0.133063871731646,"ok"
"S3_linear_strong",118,20770118,1,"scenario_matched_gap_adjusted_did","linear_gap",2,0.82140114111804,0.773211887591597,-0.0481892535264434,2.82140114111804,2.04818925352644,0.0481892535264432,0.0481892535264432,0.00232220415543582,0.0773211887591596,NA,0.113650390218511,"ok"
"S3_linear_strong",119,20770119,1,"scenario_matched_gap_adjusted_did","linear_gap",2,0.777116821824347,0.794311282075452,0.0171944602511056,2.77711682182435,1.98280553974889,-0.0171944602511056,0.0171944602511056,0.000295649463326851,0.0794311282075452,NA,0.120030797867422,"ok"
"S3_linear_strong",120,20770120,1,"scenario_matched_gap_adjusted_did","linear_gap",2,0.814604096991408,0.743349459920472,-0.0712546370709364,2.81460409699141,2.07125463707094,0.0712546370709362,0.0712546370709362,0.00507722330411083,0.0743349459920472,NA,0.112686229936864,"ok"
"S3_linear_strong",121,20770121,1,"scenario_matched_gap_adjusted_did","linear_gap",2,0.653869708335622,0.764552576230928,0.110682867895307,2.65386970833562,1.88931713210469,-0.110682867895307,0.110682867895307,0.0122506972455299,0.0764552576230928,NA,0.118644474699817,"ok"
"S3_linear_strong",122,20770122,1,"scenario_matched_gap_adjusted_did","linear_gap",2,0.694020510332949,0.712958903408294,0.0189383930753455,2.69402051033295,1.98106160692465,-0.0189383930753451,0.0189383930753451,0.000358662732276278,0.0712958903408294,NA,0.0910585775050523,"ok"
"S3_linear_strong",123,20770123,1,"scenario_matched_gap_adjusted_did","linear_gap",2,0.792472608635743,0.86710047886024,0.0746278702244972,2.79247260863574,1.9253721297755,-0.0746278702244969,0.0746278702244969,0.00556931901424435,0.086710047886024,NA,0.13088992415026,"ok"
"S3_linear_strong",124,20770124,1,"scenario_matched_gap_adjusted_did","linear_gap",2,0.746067048179917,0.882775262708006,0.136708214528089,2.74606704817992,1.86329178547191,-0.136708214528089,0.136708214528089,0.018689135919458,0.0882775262708006,NA,0.126534271979599,"ok"
"S3_linear_strong",125,20770125,1,"scenario_matched_gap_adjusted_did","linear_gap",2,0.898932222963694,1.06696274610806,0.168030523144366,2.89893222296369,1.83196947685563,-0.168030523144366,0.168030523144366,0.0282342567081692,0.106696274610806,NA,0.132045851775014,"ok"
"S3_linear_strong",126,20770126,1,"scenario_matched_gap_adjusted_did","linear_gap",2,0.722588426997225,0.772173250281484,0.0495848232842584,2.72258842699723,1.95041517671574,-0.0495848232842586,0.0495848232842586,0.00245865470013116,0.0772173250281483,NA,0.171244640925009,"ok"
"S3_linear_strong",127,20770127,1,"scenario_matched_gap_adjusted_did","linear_gap",2,0.476145594169936,0.522247295353931,0.0461017011839952,2.47614559416994,1.953898298816,-0.0461017011839953,0.0461017011839953,0.00212536685205839,0.0522247295353931,NA,0.0952088590354948,"ok"
"S3_linear_strong",128,20770128,1,"scenario_matched_gap_adjusted_did","linear_gap",2,1.04688321839988,1.08691139308028,0.0400281746804017,3.04688321839988,1.9599718253196,-0.0400281746804017,0.0400281746804017,0.00160225476824475,0.108691139308028,NA,0.126848815650063,"ok"
"S3_linear_strong",129,20770129,1,"scenario_matched_gap_adjusted_did","linear_gap",2,0.969282056647084,0.820443750509781,-0.148838306137303,2.96928205664708,2.1488383061373,0.148838306137304,0.148838306137304,0.0221528413738217,0.0820443750509781,NA,0.10322608508794,"ok"
"S3_linear_strong",130,20770130,1,"scenario_matched_gap_adjusted_did","linear_gap",2,0.682776360836741,0.854771177792294,0.171994816955553,2.68277636083674,1.82800518304445,-0.171994816955552,0.171994816955552,0.0295822170595739,0.0854771177792294,NA,0.122595750466398,"ok"
"S3_linear_strong",131,20770131,1,"scenario_matched_gap_adjusted_did","linear_gap",2,0.824105217014413,0.844164884815771,0.0200596678013578,2.82410521701441,1.97994033219864,-0.020059667801358,0.020059667801358,0.00040239027230084,0.084416488481577,NA,0.139382300986323,"ok"
"S3_linear_strong",132,20770132,1,"scenario_matched_gap_adjusted_did","linear_gap",2,0.687565668376482,0.826598786099174,0.139033117722692,2.68756566837648,1.86096688227731,-0.139033117722692,0.139033117722692,0.0193302078236918,0.0826598786099174,NA,0.176555929502968,"ok"
"S3_linear_strong",133,20770133,1,"scenario_matched_gap_adjusted_did","linear_gap",2,0.899809924537704,1.02456982590457,0.124759901366861,2.8998099245377,1.87524009863314,-0.124759901366861,0.124759901366861,0.0155650329890689,0.102456982590457,NA,0.0943404995822883,"ok"
"S3_linear_strong",134,20770134,1,"scenario_matched_gap_adjusted_did","linear_gap",2,0.652146698828483,0.670243185700314,0.0180964868718312,2.65214669882848,1.98190351312817,-0.0180964868718312,0.0180964868718312,0.000327482837102358,0.0670243185700314,NA,0.135544135834067,"ok"
"S3_linear_strong",135,20770135,1,"scenario_matched_gap_adjusted_did","linear_gap",2,0.679080546819719,0.562157668682351,-0.116922878137368,2.67908054681972,2.11692287813737,0.116922878137368,0.116922878137368,0.0136709594319258,0.0562157668682351,NA,0.0854569887346543,"ok"
"S3_linear_strong",136,20770136,1,"scenario_matched_gap_adjusted_did","linear_gap",2,0.791381796292933,0.685092794610853,-0.10628900168208,2.79138179629293,2.10628900168208,0.10628900168208,0.10628900168208,0.0112973518785731,0.0685092794610853,NA,0.111973066260436,"ok"
"S3_linear_strong",137,20770137,1,"scenario_matched_gap_adjusted_did","linear_gap",2,0.856013074798468,0.695447871808307,-0.160565202990162,2.85601307479847,2.16056520299016,0.160565202990162,0.160565202990162,0.025781184411272,0.0695447871808306,NA,0.111334423313233,"ok"
"S3_linear_strong",138,20770138,1,"scenario_matched_gap_adjusted_did","linear_gap",2,0.733382351400897,0.559125601663931,-0.174256749736966,2.7333823514009,2.17425674973697,0.174256749736966,0.174256749736966,0.0303654148288916,0.0559125601663931,NA,0.12786526791563,"ok"
"S3_linear_strong",139,20770139,1,"scenario_matched_gap_adjusted_did","linear_gap",2,0.571710136795316,0.563734012476839,-0.00797612431847761,2.57171013679532,2.00797612431848,0.00797612431847794,0.00797612431847794,6.36185591438152e-05,0.0563734012476839,NA,0.0562693338746929,"ok"
"S3_linear_strong",140,20770140,1,"scenario_matched_gap_adjusted_did","linear_gap",2,0.666490895518118,0.739339103050747,0.0728482075326284,2.66649089551812,1.92715179246737,-0.0728482075326284,0.0728482075326284,0.0053068613407169,0.0739339103050747,NA,0.193439339858309,"ok"
"S3_linear_strong",141,20770141,1,"scenario_matched_gap_adjusted_did","linear_gap",2,0.911058552007813,0.871268311117954,-0.0397902408898594,2.91105855200781,2.03979024088986,0.0397902408898592,0.0397902408898592,0.00158326327007302,0.0871268311117954,NA,0.157576523175286,"ok"
"S3_linear_strong",142,20770142,1,"scenario_matched_gap_adjusted_did","linear_gap",2,0.609011800487866,0.604313806026718,-0.0046979944611476,2.60901180048787,2.00469799446115,0.00469799446114738,0.00469799446114738,2.20711519569715e-05,0.0604313806026718,NA,0.109847698894596,"ok"
"S3_linear_strong",143,20770143,1,"scenario_matched_gap_adjusted_did","linear_gap",2,0.907107329161882,0.909032171566597,0.00192484240471491,2.90710732916188,1.99807515759528,-0.00192484240471513,0.00192484240471513,3.70501828298953e-06,0.0909032171566597,NA,0.144553379353968,"ok"
"S3_linear_strong",144,20770144,1,"scenario_matched_gap_adjusted_did","linear_gap",2,0.652170205110802,0.63726136610305,-0.0149088390077515,2.6521702051108,2.01490883900775,0.0149088390077514,0.0149088390077514,0.00022227348055905,0.063726136610305,NA,0.106058507556993,"ok"
"S3_linear_strong",145,20770145,1,"scenario_matched_gap_adjusted_did","linear_gap",2,0.963682809414582,0.950302259530217,-0.0133805498843655,2.96368280941458,2.01338054988437,0.0133805498843653,0.0133805498843653,0.000179039115207989,0.0950302259530217,NA,0.128054229757464,"ok"
"S3_linear_strong",146,20770146,1,"scenario_matched_gap_adjusted_did","linear_gap",2,0.885259229384023,0.910356921183828,0.0250976917998051,2.88525922938402,1.97490230820019,-0.0250976917998051,0.0250976917998051,0.000629894133678006,0.0910356921183828,NA,0.117423181126723,"ok"
"S3_linear_strong",147,20770147,1,"scenario_matched_gap_adjusted_did","linear_gap",2,0.835553534642939,1.00016844663211,0.164614911989167,2.83555353464294,1.83538508801083,-0.164614911989168,0.164614911989168,0.0270980692492014,0.100016844663211,NA,0.174521186135255,"ok"
"S3_linear_strong",148,20770148,1,"scenario_matched_gap_adjusted_did","linear_gap",2,0.683324829114574,0.787756714397453,0.104431885282879,2.68332482911457,1.89556811471712,-0.104431885282879,0.104431885282879,0.0109060186637363,0.0787756714397453,NA,0.138571488517759,"ok"
"S3_linear_strong",149,20770149,1,"scenario_matched_gap_adjusted_did","linear_gap",2,0.732470580876486,0.580446551691928,-0.152024029184558,2.73247058087649,2.15202402918456,0.152024029184558,0.152024029184558,0.0231113054495073,0.0580446551691928,NA,0.138365599106036,"ok"
"S3_linear_strong",150,20770150,1,"scenario_matched_gap_adjusted_did","linear_gap",2,0.840678600118255,0.760669979589827,-0.0800086205284281,2.84067860011825,2.08000862052843,0.0800086205284281,0.0800086205284281,0.006401379358862,0.0760669979589826,NA,0.137480233049672,"ok"
"S3_linear_strong",151,20770151,1,"scenario_matched_gap_adjusted_did","linear_gap",2,0.819111380253777,0.613967342267217,-0.20514403798656,2.81911138025378,2.20514403798656,0.205144037986559,0.205144037986559,0.0420840763214309,0.0613967342267217,NA,0.175904073762601,"ok"
"S3_linear_strong",152,20770152,1,"scenario_matched_gap_adjusted_did","linear_gap",2,0.808973809497988,0.709625031318669,-0.0993487781793192,2.80897380949799,2.09934877817932,0.0993487781793192,0.0993487781793192,0.00987017972572357,0.0709625031318669,NA,0.115471864651236,"ok"
"S3_linear_strong",153,20770153,1,"scenario_matched_gap_adjusted_did","linear_gap",2,0.575026453767258,0.581553663560192,0.00652720979293409,2.57502645376726,1.99347279020707,-0.00652720979293409,0.00652720979293409,4.26044676809746e-05,0.0581553663560192,NA,0.197817664299413,"ok"
"S3_linear_strong",154,20770154,1,"scenario_matched_gap_adjusted_did","linear_gap",2,0.850640088180888,0.948504271700504,0.0978641835196155,2.85064008818089,1.90213581648038,-0.0978641835196155,0.0978641835196155,0.00957739841596097,0.0948504271700503,NA,0.11145985362685,"ok"
"S3_linear_strong",155,20770155,1,"scenario_matched_gap_adjusted_did","linear_gap",2,0.718771510801671,0.779881760780626,0.0611102499789558,2.71877151080167,1.93888975002104,-0.0611102499789558,0.0611102499789558,0.00373446265249046,0.0779881760780626,NA,0.164555974701105,"ok"
"S3_linear_strong",156,20770156,1,"scenario_matched_gap_adjusted_did","linear_gap",2,1.00607610776219,0.820271451205862,-0.185804656556328,3.00607610776219,2.18580465655633,0.185804656556328,0.185804656556328,0.0345233703980152,0.0820271451205862,NA,0.117972446367172,"ok"
"S3_linear_strong",157,20770157,1,"scenario_matched_gap_adjusted_did","linear_gap",2,0.585246026773485,0.678705583431568,0.0934595566580827,2.58524602677349,1.90654044334192,-0.0934595566580825,0.0934595566580825,0.00873468873072533,0.0678705583431568,NA,0.0760129439676445,"ok"
"S3_linear_strong",158,20770158,1,"scenario_matched_gap_adjusted_did","linear_gap",2,0.86631461272861,0.954137315062542,0.087822702333932,2.86631461272861,1.91217729766607,-0.0878227023339322,0.0878227023339322,0.00771282704523446,0.0954137315062542,NA,0.112940089020829,"ok"
"S3_linear_strong",159,20770159,1,"scenario_matched_gap_adjusted_did","linear_gap",2,1.0742119601018,1.02450373633126,-0.0497082237705451,3.0742119601018,2.04970822377055,0.0497082237705451,0.0497082237705451,0.00247090751042258,0.102450373633126,NA,0.130257924973257,"ok"
"S3_linear_strong",160,20770160,1,"scenario_matched_gap_adjusted_did","linear_gap",2,0.916059399518272,0.976761785461226,0.0607023859429532,2.91605939951827,1.93929761405705,-0.0607023859429532,0.0607023859429532,0.00368477965916724,0.0976761785461225,NA,0.200563094631572,"ok"
"S3_linear_strong",161,20770161,1,"scenario_matched_gap_adjusted_did","linear_gap",2,0.767031043340981,0.786118794245411,0.0190877509044305,2.76703104334098,1.98091224909557,-0.0190877509044305,0.0190877509044305,0.000364342234589587,0.0786118794245411,NA,0.145519424915708,"ok"
"S3_linear_strong",162,20770162,1,"scenario_matched_gap_adjusted_did","linear_gap",2,0.874580717281346,0.697623942218325,-0.176956775063021,2.87458071728135,2.17695677506302,0.176956775063021,0.176956775063021,0.0313137002407044,0.0697623942218325,NA,0.113183068061929,"ok"
"S3_linear_strong",163,20770163,1,"scenario_matched_gap_adjusted_did","linear_gap",2,0.911482832379161,0.796560356307484,-0.114922476071677,2.91148283237916,2.11492247607168,0.114922476071677,0.114922476071677,0.0132071755064451,0.0796560356307484,NA,0.08146047619841,"ok"
"S3_linear_strong",164,20770164,1,"scenario_matched_gap_adjusted_did","linear_gap",2,0.803364319290406,0.792397352170196,-0.0109669671202099,2.80336431929041,2.01096696712021,0.0109669671202104,0.0109669671202104,0.000120274367815776,0.0792397352170196,NA,0.0895159222002956,"ok"
"S3_linear_strong",165,20770165,1,"scenario_matched_gap_adjusted_did","linear_gap",2,0.942516597192214,1.00555872830688,0.0630421311146663,2.94251659719221,1.93695786888533,-0.0630421311146665,0.0630421311146665,0.0039743102954788,0.100555872830688,NA,0.138627459519145,"ok"
"S3_linear_strong",166,20770166,1,"scenario_matched_gap_adjusted_did","linear_gap",2,0.90286526569278,0.622625835808596,-0.280239429884184,2.90286526569278,2.28023942988418,0.280239429884184,0.280239429884184,0.0785341380618126,0.0622625835808596,NA,0.143087139979942,"ok"
"S3_linear_strong",167,20770167,1,"scenario_matched_gap_adjusted_did","linear_gap",2,0.861091348903289,1.10665071400104,0.245559365097751,2.86109134890329,1.75444063490225,-0.245559365097751,0.245559365097751,0.0602994017872108,0.110665071400104,NA,0.172002844025755,"ok"
"S3_linear_strong",168,20770168,1,"scenario_matched_gap_adjusted_did","linear_gap",2,0.859154854578971,0.937214916911637,0.0780600623326662,2.85915485457897,1.92193993766733,-0.0780600623326664,0.0780600623326664,0.00609337333137976,0.0937214916911637,NA,0.16232976843383,"ok"
"S3_linear_strong",169,20770169,1,"scenario_matched_gap_adjusted_did","linear_gap",2,0.863113465004911,0.684717660538495,-0.178395804466416,2.86311346500491,2.17839580446642,0.178395804466416,0.178395804466416,0.0318250630512198,0.0684717660538495,NA,0.194160981572659,"ok"
"S3_linear_strong",170,20770170,1,"scenario_matched_gap_adjusted_did","linear_gap",2,0.885263438338729,0.985497026253743,0.100233587915014,2.88526343833873,1.89976641208499,-0.100233587915014,0.100233587915014,0.0100467721463168,0.0985497026253743,NA,0.0914845163308155,"ok"
"S3_linear_strong",171,20770171,1,"scenario_matched_gap_adjusted_did","linear_gap",2,0.948321769826702,0.980614155763945,0.0322923859372433,2.9483217698267,1.96770761406276,-0.0322923859372433,0.0322923859372433,0.00104279818951987,0.0980614155763945,NA,0.0974829189148067,"ok"
"S3_linear_strong",172,20770172,1,"scenario_matched_gap_adjusted_did","linear_gap",2,1.04560413594215,0.88552562509915,-0.160078510843002,3.04560413594215,2.160078510843,0.160078510843002,0.160078510843002,0.025625129633713,0.088552562509915,NA,0.118353586677209,"ok"
"S3_linear_strong",173,20770173,1,"scenario_matched_gap_adjusted_did","linear_gap",2,0.781249386533825,0.699404190300451,-0.0818451962333742,2.78124938653383,2.08184519623337,0.0818451962333744,0.0818451962333744,0.00669863614647956,0.0699404190300451,NA,0.139496715233359,"ok"
"S3_linear_strong",174,20770174,1,"scenario_matched_gap_adjusted_did","linear_gap",2,1.04224776545967,0.900507666206362,-0.141740099253311,3.04224776545967,2.14174009925331,0.141740099253311,0.141740099253311,0.0200902557363384,0.0900507666206362,NA,0.155149105243373,"ok"
"S3_linear_strong",175,20770175,1,"scenario_matched_gap_adjusted_did","linear_gap",2,0.800193085669495,0.869991699142388,0.0697986134728932,2.8001930856695,1.93020138652711,-0.069798613472893,0.069798613472893,0.00487184644273831,0.0869991699142389,NA,0.121520307532604,"ok"
"S3_linear_strong",176,20770176,1,"scenario_matched_gap_adjusted_did","linear_gap",2,0.909515531868457,0.962880633271048,0.0533651014025909,2.90951553186846,1.94663489859741,-0.0533651014025909,0.0533651014025909,0.00284783404770881,0.0962880633271048,NA,0.137678916484375,"ok"
"S3_linear_strong",177,20770177,1,"scenario_matched_gap_adjusted_did","linear_gap",2,1.05676858133155,0.908399594183761,-0.148368987147791,3.05676858133155,2.14836898714779,0.148368987147791,0.148368987147791,0.0220133563472614,0.090839959418376,NA,0.132644898667457,"ok"
"S3_linear_strong",178,20770178,1,"scenario_matched_gap_adjusted_did","linear_gap",2,0.747087820602973,0.770576590374561,0.0234887697715886,2.74708782060297,1.97651123022841,-0.0234887697715884,0.0234887697715884,0.000551722305382686,0.0770576590374561,NA,0.159747183192725,"ok"
"S3_linear_strong",179,20770179,1,"scenario_matched_gap_adjusted_did","linear_gap",2,0.71281158830025,0.727356437772202,0.0145448494719518,2.71281158830025,1.98545515052805,-0.0145448494719516,0.0145448494719516,0.00021155264616173,0.0727356437772202,NA,0.11491360539293,"ok"
"S3_linear_strong",180,20770180,1,"scenario_matched_gap_adjusted_did","linear_gap",2,0.743263355044579,0.60851951974405,-0.134743835300529,2.74326335504458,2.13474383530053,0.134743835300529,0.134743835300529,0.0181559011514961,0.060851951974405,NA,0.134754730900803,"ok"
"S3_linear_strong",181,20770181,1,"scenario_matched_gap_adjusted_did","linear_gap",2,1.09302290786223,1.10471079013709,0.0116878822748625,3.09302290786223,1.98831211772514,-0.0116878822748621,0.0116878822748621,0.000136606592071035,0.110471079013709,NA,0.129354275411454,"ok"
"S3_linear_strong",182,20770182,1,"scenario_matched_gap_adjusted_did","linear_gap",2,1.03211949346191,1.01695907981268,-0.0151604136492254,3.03211949346191,2.01516041364923,0.0151604136492258,0.0151604136492258,0.000229838142015633,0.101695907981268,NA,0.124152172679364,"ok"
"S3_linear_strong",183,20770183,1,"scenario_matched_gap_adjusted_did","linear_gap",2,0.668215398796766,0.481661589151619,-0.186553809645148,2.66821539879677,2.18655380964515,0.186553809645148,0.186553809645148,0.0348023238931182,0.0481661589151618,NA,0.124147612479457,"ok"
"S3_linear_strong",184,20770184,1,"scenario_matched_gap_adjusted_did","linear_gap",2,0.906143845664283,0.61149957442319,-0.294644271241092,2.90614384566428,2.29464427124109,0.294644271241093,0.294644271241093,0.0868152465751945,0.061149957442319,NA,0.165919896324542,"ok"
"S3_linear_strong",185,20770185,1,"scenario_matched_gap_adjusted_did","linear_gap",2,0.744041426822665,0.880402945068508,0.136361518245844,2.74404142682266,1.86363848175416,-0.136361518245844,0.136361518245844,0.0185944636583116,0.0880402945068509,NA,0.157756582907493,"ok"
"S3_linear_strong",186,20770186,1,"scenario_matched_gap_adjusted_did","linear_gap",2,0.927001004610824,1.03002790959555,0.103026904984731,2.92700100461082,1.89697309501527,-0.103026904984731,0.103026904984731,0.0106145431507327,0.103002790959555,NA,0.150481823584304,"ok"
"S3_linear_strong",187,20770187,1,"scenario_matched_gap_adjusted_did","linear_gap",2,1.16188509998122,1.16696492501666,0.00507982503543425,3.16188509998122,1.99492017496457,-0.00507982503543447,0.00507982503543447,2.58046223906268e-05,0.116696492501666,NA,0.153398879305328,"ok"
"S3_linear_strong",188,20770188,1,"scenario_matched_gap_adjusted_did","linear_gap",2,0.79392736372664,0.873673885937741,0.0797465222111009,2.79392736372664,1.9202534777889,-0.0797465222111007,0.0797465222111007,0.00635950780476557,0.087367388593774,NA,0.0713765065115084,"ok"
"S3_linear_strong",189,20770189,1,"scenario_matched_gap_adjusted_did","linear_gap",2,0.937870229766356,1.08626646378848,0.14839623402212,2.93787022976636,1.85160376597788,-0.14839623402212,0.14839623402212,0.0220214422719479,0.108626646378848,NA,0.145370458522644,"ok"
"S3_linear_strong",190,20770190,1,"scenario_matched_gap_adjusted_did","linear_gap",2,0.853633435279859,0.769540609078289,-0.0840928262015703,2.85363343527986,2.08409282620157,0.0840928262015708,0.0840928262015708,0.00707160341856759,0.0769540609078289,NA,0.131323869011105,"ok"
"S3_linear_strong",191,20770191,1,"scenario_matched_gap_adjusted_did","linear_gap",2,0.86334803716914,0.816875028502026,-0.0464730086671139,2.86334803716914,2.04647300866711,0.0464730086671139,0.0464730086671139,0.00215974053457364,0.0816875028502026,NA,0.170515330519577,"ok"
"S3_linear_strong",192,20770192,1,"scenario_matched_gap_adjusted_did","linear_gap",2,1.13139769525591,1.14592254049891,0.0145248452429998,3.13139769525591,1.985475154757,-0.0145248452429998,0.0145248452429998,0.000210971129333094,0.114592254049891,NA,0.110340670427024,"ok"
"S3_linear_strong",193,20770193,1,"scenario_matched_gap_adjusted_did","linear_gap",2,0.54125652277637,0.727735407273093,0.186478884496724,2.54125652277637,1.81352111550328,-0.186478884496724,0.186478884496724,0.0347743743631424,0.0727735407273093,NA,0.13476810726385,"ok"
"S3_linear_strong",194,20770194,1,"scenario_matched_gap_adjusted_did","linear_gap",2,0.992910538450049,0.920199453889188,-0.0727110845608618,2.99291053845005,2.07271108456086,0.0727110845608623,0.0727110845608623,0.00528690181801687,0.0920199453889187,NA,0.0737513300283674,"ok"
"S3_linear_strong",195,20770195,1,"scenario_matched_gap_adjusted_did","linear_gap",2,0.929773192468093,0.813763950883156,-0.116009241584937,2.92977319246809,2.11600924158494,0.116009241584937,0.116009241584937,0.0134581441331123,0.0813763950883156,NA,0.116439872277008,"ok"
"S3_linear_strong",196,20770196,1,"scenario_matched_gap_adjusted_did","linear_gap",2,0.714166060606124,0.777833440042018,0.0636673794358942,2.71416606060612,1.93633262056411,-0.0636673794358948,0.0636673794358948,0.00405353520423421,0.0777833440042018,NA,0.145300723137311,"ok"
"S3_linear_strong",197,20770197,1,"scenario_matched_gap_adjusted_did","linear_gap",2,0.728176679570649,0.706623330572601,-0.0215533489980475,2.72817667957065,2.02155334899805,0.0215533489980477,0.0215533489980477,0.000464546853031645,0.0706623330572601,NA,0.118282314257466,"ok"
"S3_linear_strong",198,20770198,1,"scenario_matched_gap_adjusted_did","linear_gap",2,0.849200753701156,0.915804941975404,0.0666041882742479,2.84920075370116,1.93339581172575,-0.0666041882742481,0.0666041882742481,0.00443611789567148,0.0915804941975404,NA,0.0996198446106105,"ok"
"S3_linear_strong",199,20770199,1,"scenario_matched_gap_adjusted_did","linear_gap",2,0.740871991124113,0.662402401722154,-0.0784695894019589,2.74087199112411,2.07846958940196,0.0784695894019589,0.0784695894019589,0.00615747646091202,0.0662402401722153,NA,0.104607194809488,"ok"
"S3_linear_strong",200,20770200,1,"scenario_matched_gap_adjusted_did","linear_gap",2,1.06371353748035,0.849880294255012,-0.213833243225338,3.06371353748035,2.21383324322534,0.213833243225338,0.213833243225338,0.0457246559082667,0.0849880294255012,NA,0.136080156293092,"ok"
"S3_linear_strong",201,20770201,1,"scenario_matched_gap_adjusted_did","linear_gap",2,0.616859232258859,0.524911585404244,-0.0919476468546148,2.61685923225886,2.09194764685461,0.0919476468546145,0.0919476468546145,0.00845436976210091,0.0524911585404244,NA,0.106526312625211,"ok"
"S3_linear_strong",202,20770202,1,"scenario_matched_gap_adjusted_did","linear_gap",2,0.75918943626631,0.732050287551336,-0.0271391487149744,2.75918943626631,2.02713914871497,0.0271391487149746,0.0271391487149746,0.000736533392973506,0.0732050287551336,NA,0.0998524084598419,"ok"
"S3_linear_strong",203,20770203,1,"scenario_matched_gap_adjusted_did","linear_gap",2,0.721099651863876,0.607069106198165,-0.11403054566571,2.72109965186388,2.11403054566571,0.11403054566571,0.11403054566571,0.0130029653448197,0.0607069106198165,NA,0.150082234553902,"ok"
"S3_linear_strong",204,20770204,1,"scenario_matched_gap_adjusted_did","linear_gap",2,0.938646718004769,1.12815227748536,0.189505559480587,2.93864671800477,1.81049444051941,-0.189505559480587,0.189505559480587,0.0359123570740504,0.112815227748536,NA,0.142083808919142,"ok"
"S3_linear_strong",205,20770205,1,"scenario_matched_gap_adjusted_did","linear_gap",2,0.631582286386983,0.557444353619937,-0.0741379327670459,2.63158228638698,2.07413793276705,0.0741379327670457,0.0741379327670457,0.00549643307497099,0.0557444353619937,NA,0.195046364037281,"ok"
"S3_linear_strong",206,20770206,1,"scenario_matched_gap_adjusted_did","linear_gap",2,0.869485472789865,0.872008130321301,0.00252265753143632,2.86948547278986,1.99747734246856,-0.00252265753143655,0.00252265753143655,6.36380102091352e-06,0.0872008130321301,NA,0.110420415482312,"ok"
"S3_linear_strong",207,20770207,1,"scenario_matched_gap_adjusted_did","linear_gap",2,0.85534027185576,1.05282876058247,0.197488488726713,2.85534027185576,1.80251151127329,-0.197488488726713,0.197488488726713,0.039001703179561,0.105282876058247,NA,0.123942646973436,"ok"
"S3_linear_strong",208,20770208,1,"scenario_matched_gap_adjusted_did","linear_gap",2,0.907233632040107,1.07163589298359,0.164402260943488,2.90723363204011,1.83559773905651,-0.164402260943488,0.164402260943488,0.0270281034033307,0.107163589298359,NA,0.150129758761048,"ok"
"S3_linear_strong",209,20770209,1,"scenario_matched_gap_adjusted_did","linear_gap",2,0.901460504250466,0.77529382997444,-0.126166674276026,2.90146050425047,2.12616667427603,0.126166674276027,0.126166674276027,0.015918029697873,0.077529382997444,NA,0.13923898028623,"ok"
"S3_linear_strong",210,20770210,1,"scenario_matched_gap_adjusted_did","linear_gap",2,0.729605662152723,0.798838004062072,0.0692323419093495,2.72960566215272,1.93076765809065,-0.0692323419093497,0.0692323419093497,0.0047931171662531,0.0798838004062072,NA,0.0982496767458962,"ok"
"S3_linear_strong",211,20770211,1,"scenario_matched_gap_adjusted_did","linear_gap",2,0.930777903510397,0.954544496055882,0.0237665925454853,2.9307779035104,1.97623340745452,-0.0237665925454849,0.0237665925454849,0.000564850921223096,0.0954544496055882,NA,0.162358084767082,"ok"
"S3_linear_strong",212,20770212,1,"scenario_matched_gap_adjusted_did","linear_gap",2,0.62408241716914,0.912442700310326,0.288360283141186,2.62408241716914,1.71163971685881,-0.288360283141186,0.288360283141186,0.0831516528932648,0.0912442700310326,NA,0.159732621936267,"ok"
"S3_linear_strong",213,20770213,1,"scenario_matched_gap_adjusted_did","linear_gap",2,0.771061844647266,0.74112135748917,-0.0299404871580962,2.77106184464727,2.0299404871581,0.0299404871580959,0.0299404871580959,0.000896432771264108,0.074112135748917,NA,0.163188091832907,"ok"
"S3_linear_strong",214,20770214,1,"scenario_matched_gap_adjusted_did","linear_gap",2,0.843144836659354,0.836097744456163,-0.00704709220319133,2.84314483665935,2.00704709220319,0.00704709220319133,0.00704709220319133,4.966150852028e-05,0.0836097744456163,NA,0.159103102937126,"ok"
"S3_linear_strong",215,20770215,1,"scenario_matched_gap_adjusted_did","linear_gap",2,0.723025957376318,0.791178338323334,0.0681523809470157,2.72302595737632,1.93184761905298,-0.0681523809470157,0.0681523809470157,0.00464474702874715,0.0791178338323334,NA,0.0943098281503565,"ok"
"S3_linear_strong",216,20770216,1,"scenario_matched_gap_adjusted_did","linear_gap",2,0.670156519978381,0.58156743052234,-0.0885890894560418,2.67015651997838,2.08858908945604,0.0885890894560415,0.0885890894560415,0.00784802677065052,0.0581567430522339,NA,0.0726849448073629,"ok"
"S3_linear_strong",217,20770217,1,"scenario_matched_gap_adjusted_did","linear_gap",2,0.746235800106198,0.818537541325276,0.0723017412190781,2.7462358001062,1.92769825878092,-0.0723017412190785,0.0723017412190785,0.0052275417833106,0.0818537541325275,NA,0.131019222169553,"ok"
"S3_linear_strong",218,20770218,1,"scenario_matched_gap_adjusted_did","linear_gap",2,0.691265649497532,0.821536009081871,0.130270359584339,2.69126564949753,1.86972964041566,-0.130270359584339,0.130270359584339,0.0169703665862329,0.0821536009081871,NA,0.135767392175413,"ok"
"S3_linear_strong",219,20770219,1,"scenario_matched_gap_adjusted_did","linear_gap",2,0.785332253595247,0.630625474043968,-0.154706779551279,2.78533225359525,2.15470677955128,0.15470677955128,0.15470677955128,0.0239341876391282,0.0630625474043968,NA,0.140994494904312,"ok"
"S3_linear_strong",220,20770220,1,"scenario_matched_gap_adjusted_did","linear_gap",2,0.942999717173237,0.949325057512644,0.00632534033940657,2.94299971717324,1.99367465966059,-0.00632534033940679,0.00632534033940679,4.00099304093268e-05,0.0949325057512644,NA,0.11530750821473,"ok"
"S3_linear_strong",221,20770221,1,"scenario_matched_gap_adjusted_did","linear_gap",2,0.706527475195748,0.793181565317392,0.0866540901216442,2.70652747519575,1.91334590987836,-0.0866540901216439,0.0866540901216439,0.00750893133480999,0.0793181565317391,NA,0.129460925055889,"ok"
"S3_linear_strong",222,20770222,1,"scenario_matched_gap_adjusted_did","linear_gap",2,0.941209401919355,1.09209728158635,0.15088787966699,2.94120940191935,1.84911212033301,-0.150887879666991,0.150887879666991,0.0227671522304003,0.109209728158634,NA,0.181169560470945,"ok"
"S3_linear_strong",223,20770223,1,"scenario_matched_gap_adjusted_did","linear_gap",2,0.751469860102924,0.882238045329958,0.130768185227034,2.75146986010292,1.86923181477297,-0.130768185227035,0.130768185227035,0.0171003182675721,0.0882238045329958,NA,0.127183965732467,"ok"
"S3_linear_strong",224,20770224,1,"scenario_matched_gap_adjusted_did","linear_gap",2,1.02502499465727,1.17883683671554,0.153811842058265,3.02502499465727,1.84618815794174,-0.153811842058265,0.153811842058265,0.0236580827573566,0.117883683671554,NA,0.111237128859917,"ok"
"S3_linear_strong",225,20770225,1,"scenario_matched_gap_adjusted_did","linear_gap",2,0.834354867752137,0.768550713812975,-0.0658041539391618,2.83435486775214,2.06580415393916,0.0658041539391618,0.0658041539391618,0.00433018667564891,0.0768550713812975,NA,0.0636636017292072,"ok"
"S3_linear_strong",226,20770226,1,"scenario_matched_gap_adjusted_did","linear_gap",2,0.898938940325375,0.817629487895171,-0.0813094524302043,2.89893894032538,2.0813094524302,0.0813094524302045,0.0813094524302045,0.00661122705449969,0.0817629487895171,NA,0.11470881777353,"ok"
"S3_linear_strong",227,20770227,1,"scenario_matched_gap_adjusted_did","linear_gap",2,0.91578527061374,0.816550432552518,-0.0992348380612216,2.91578527061374,2.09923483806122,0.0992348380612214,0.0992348380612214,0.00984755308503683,0.0816550432552518,NA,0.17157945553503,"ok"
"S3_linear_strong",228,20770228,1,"scenario_matched_gap_adjusted_did","linear_gap",2,0.825478450539269,0.966604047425507,0.141125596886238,2.82547845053927,1.85887440311376,-0.141125596886238,0.141125596886238,0.0199164340964969,0.0966604047425507,NA,0.118624486003903,"ok"
"S3_linear_strong",229,20770229,1,"scenario_matched_gap_adjusted_did","linear_gap",2,1.30499379479979,1.00440339202741,-0.300590402772376,3.30499379479979,2.30059040277238,0.300590402772376,0.300590402772376,0.0903545902388593,0.100440339202741,NA,0.166606150786459,"ok"
"S3_linear_strong",230,20770230,1,"scenario_matched_gap_adjusted_did","linear_gap",2,0.657551880307526,0.658021719001014,0.00046983869348749,2.65755188030753,1.99953016130651,-0.000469838693487379,0.000469838693487379,2.20748397897927e-07,0.0658021719001013,NA,0.165471160493271,"ok"
"S3_linear_strong",231,20770231,1,"scenario_matched_gap_adjusted_did","linear_gap",2,1.02368557680477,1.21007193157689,0.186386354772125,3.02368557680477,1.81361364522788,-0.186386354772124,0.186386354772124,0.0347398732452402,0.121007193157689,NA,0.117168892828428,"ok"
"S3_linear_strong",232,20770232,1,"scenario_matched_gap_adjusted_did","linear_gap",2,0.806127152112282,0.802053252220908,-0.00407389989137452,2.80612715211228,2.00407389989137,0.00407389989137474,0.00407389989137474,1.65966603249432e-05,0.0802053252220908,NA,0.0950489160797536,"ok"
"S3_linear_strong",233,20770233,1,"scenario_matched_gap_adjusted_did","linear_gap",2,0.796607915338747,0.611145873276211,-0.185462042062536,2.79660791533875,2.18546204206254,0.185462042062536,0.185462042062536,0.034396169046006,0.0611145873276211,NA,0.121070568828442,"ok"
"S3_linear_strong",234,20770234,1,"scenario_matched_gap_adjusted_did","linear_gap",2,0.787270303655738,0.721446263281207,-0.0658240403745309,2.78727030365574,2.06582404037453,0.0658240403745309,0.0658240403745309,0.00433280429122788,0.0721446263281207,NA,0.144022866559987,"ok"
"S3_linear_strong",235,20770235,1,"scenario_matched_gap_adjusted_did","linear_gap",2,0.573728094925196,0.580583874992054,0.00685578006685827,2.5737280949252,1.99314421993314,-0.0068557800668585,0.0068557800668585,4.70017203251343e-05,0.0580583874992054,NA,0.15180550784513,"ok"
"S3_linear_strong",236,20770236,1,"scenario_matched_gap_adjusted_did","linear_gap",2,0.530977288339504,0.548962923628101,0.017985635288597,2.5309772883395,1.9820143647114,-0.0179856352885974,0.0179856352885974,0.000323483076734441,0.0548962923628101,NA,0.164443027450005,"ok"
"S3_linear_strong",237,20770237,1,"scenario_matched_gap_adjusted_did","linear_gap",2,0.806184154951429,0.604839247261828,-0.201344907689601,2.80618415495143,2.2013449076896,0.201344907689601,0.201344907689601,0.0405397718525341,0.0604839247261828,NA,0.0743159872720007,"ok"
"S3_linear_strong",238,20770238,1,"scenario_matched_gap_adjusted_did","linear_gap",2,0.948738138667002,0.727086452469812,-0.221651686197191,2.948738138667,2.22165168619719,0.22165168619719,0.22165168619719,0.0491294699940577,0.0727086452469812,NA,0.116190086637107,"ok"
"S3_linear_strong",239,20770239,1,"scenario_matched_gap_adjusted_did","linear_gap",2,0.977648000748058,0.946948488555898,-0.0306995121921598,2.97764800074806,2.03069951219216,0.0306995121921596,0.0306995121921596,0.000942460048836556,0.0946948488555897,NA,0.106138904813148,"ok"
"S3_linear_strong",240,20770240,1,"scenario_matched_gap_adjusted_did","linear_gap",2,0.684827694677986,0.423990791763081,-0.260836902914905,2.68482769467799,2.26083690291491,0.260836902914906,0.260836902914906,0.06803588992224,0.042399079176308,NA,0.141024065655006,"ok"
"S3_linear_strong",241,20770241,1,"scenario_matched_gap_adjusted_did","linear_gap",2,0.681291841194122,0.841391178377742,0.16009933718362,2.68129184119412,1.83990066281638,-0.160099337183621,0.160099337183621,0.0256317977666347,0.0841391178377742,NA,0.141290524237585,"ok"
"S3_linear_strong",242,20770242,1,"scenario_matched_gap_adjusted_did","linear_gap",2,0.780000287119039,0.623017528398054,-0.156982758720984,2.78000028711904,2.15698275872098,0.156982758720984,0.156982758720984,0.0246435865356507,0.0623017528398054,NA,0.0961765824121861,"ok"
"S3_linear_strong",243,20770243,1,"scenario_matched_gap_adjusted_did","linear_gap",2,0.604763424789698,0.535220482913247,-0.0695429418764516,2.6047634247897,2.06954294187645,0.0695429418764517,0.0695429418764517,0.00483622076483154,0.0535220482913247,NA,0.159583694872998,"ok"
"S3_linear_strong",244,20770244,1,"scenario_matched_gap_adjusted_did","linear_gap",2,0.748539166784364,0.832965981837293,0.0844268150529286,2.74853916678436,1.91557318494707,-0.0844268150529286,0.0844268150529286,0.00712788709998141,0.0832965981837293,NA,0.147839638521524,"ok"
"S3_linear_strong",245,20770245,1,"scenario_matched_gap_adjusted_did","linear_gap",2,0.669092826693495,0.750649863955397,0.081557037261902,2.66909282669349,1.9184429627381,-0.0815570372619021,0.0815570372619021,0.00665155032693929,0.0750649863955397,NA,0.0752074323153227,"ok"
"S3_linear_strong",246,20770246,1,"scenario_matched_gap_adjusted_did","linear_gap",2,0.923519660135114,0.910035575582124,-0.01348408455299,2.92351966013511,2.01348408455299,0.0134840845529904,0.0134840845529904,0.000181820536232195,0.0910035575582124,NA,0.140798903266278,"ok"
"S3_linear_strong",247,20770247,1,"scenario_matched_gap_adjusted_did","linear_gap",2,0.744240078674424,0.6563530995449,-0.0878869791295238,2.74424007867442,2.08788697912952,0.0878869791295238,0.0878869791295238,0.00772412110051335,0.06563530995449,NA,0.118287824089632,"ok"
"S3_linear_strong",248,20770248,1,"scenario_matched_gap_adjusted_did","linear_gap",2,0.845245280459967,0.7863046000601,-0.0589406803998676,2.84524528045997,2.05894068039987,0.0589406803998678,0.0589406803998678,0.00347400380599936,0.0786304600060099,NA,0.171087379277945,"ok"
"S3_linear_strong",249,20770249,1,"scenario_matched_gap_adjusted_did","linear_gap",2,0.72847095681592,0.737869310263775,0.00939835344785456,2.72847095681592,1.99060164655215,-0.00939835344785456,0.00939835344785456,8.83290475307996e-05,0.0737869310263774,NA,0.100271002862802,"ok"
"S3_linear_strong",250,20770250,1,"scenario_matched_gap_adjusted_did","linear_gap",2,0.88490371884784,0.977799070486013,0.0928953516381734,2.88490371884784,1.90710464836183,-0.0928953516381736,0.0928953516381736,0.00862954635597993,0.0977799070486013,NA,0.148482545343079,"ok"
"S3_linear_strong",251,20770251,1,"scenario_matched_gap_adjusted_did","linear_gap",2,0.856708915664849,0.736874040567653,-0.119834875097196,2.85670891566485,2.1198348750972,0.119834875097196,0.119834875097196,0.0143603972895607,0.0736874040567653,NA,0.136832157020321,"ok"
"S3_linear_strong",252,20770252,1,"scenario_matched_gap_adjusted_did","linear_gap",2,0.804993655115647,0.863564570549547,0.0585709154338998,2.80499365511565,1.9414290845661,-0.0585709154339,0.0585709154339,0.00343055213476507,0.0863564570549547,NA,0.139516452562867,"ok"
"S3_linear_strong",253,20770253,1,"scenario_matched_gap_adjusted_did","linear_gap",2,0.956320989525987,1.15260575869036,0.196284769164373,2.95632098952599,1.80371523083563,-0.196284769164373,0.196284769164373,0.0385277106059111,0.115260575869036,NA,0.166893782154236,"ok"
"S3_linear_strong",254,20770254,1,"scenario_matched_gap_adjusted_did","linear_gap",2,0.80041853287666,0.903495632642303,0.103077099765642,2.80041853287666,1.89692290023436,-0.103077099765642,0.103077099765642,0.0106248884960962,0.0903495632642303,NA,0.149891232975369,"ok"
"S3_linear_strong",255,20770255,1,"scenario_matched_gap_adjusted_did","linear_gap",2,0.411930221401436,0.353860533486165,-0.0580696879152713,2.41193022140144,2.05806968791527,0.0580696879152711,0.0580696879152711,0.00337208865457698,0.0353860533486164,NA,0.11088933951586,"ok"
"S3_linear_strong",256,20770256,1,"scenario_matched_gap_adjusted_did","linear_gap",2,0.685841333134939,0.865667511739234,0.179826178604295,2.68584133313494,1.82017382139571,-0.179826178604294,0.179826178604294,0.0323374545114236,0.0865667511739234,NA,0.152233402161032,"ok"
"S3_linear_strong",257,20770257,1,"scenario_matched_gap_adjusted_did","linear_gap",2,0.775021085662271,0.986756935492421,0.21173584983015,2.77502108566227,1.78826415016985,-0.21173584983015,0.21173584983015,0.0448320701032958,0.0986756935492421,NA,0.106936447752318,"ok"
"S3_linear_strong",258,20770258,1,"scenario_matched_gap_adjusted_did","linear_gap",2,0.660957596398416,1.093015110653,0.432057514254581,2.66095759639842,1.56794248574542,-0.432057514254581,0.432057514254581,0.186673695623847,0.1093015110653,NA,0.116272697542021,"ok"
"S3_linear_strong",259,20770259,1,"scenario_matched_gap_adjusted_did","linear_gap",2,0.751061326925047,0.625518873673553,-0.125542453251493,2.75106132692505,2.12554245325149,0.125542453251493,0.125542453251493,0.0157609075684034,0.0625518873673553,NA,0.11743002359096,"ok"
"S3_linear_strong",260,20770260,1,"scenario_matched_gap_adjusted_did","linear_gap",2,0.907441983734759,0.716744500002105,-0.190697483732653,2.90744198373476,2.19069748373265,0.190697483732654,0.190697483732654,0.0363655303019659,0.0716744500002105,NA,0.160087043602137,"ok"
"S3_linear_strong",261,20770261,1,"scenario_matched_gap_adjusted_did","linear_gap",2,0.758117356679562,0.814078128296786,0.0559607716172241,2.75811735667956,1.94403922838278,-0.0559607716172246,0.0559607716172246,0.00313160795999517,0.0814078128296786,NA,0.109400366020203,"ok"
"S3_linear_strong",262,20770262,1,"scenario_matched_gap_adjusted_did","linear_gap",2,0.954597139207782,1.07051993576401,0.115922796556227,2.95459713920778,1.88407720344377,-0.115922796556227,0.115922796556227,0.0134380947614164,0.107051993576401,NA,0.107240136609996,"ok"
"S3_linear_strong",263,20770263,1,"scenario_matched_gap_adjusted_did","linear_gap",2,0.912130876711101,0.945676703998741,0.0335458272876406,2.9121308767111,1.96645417271236,-0.033545827287641,0.033545827287641,0.00112532252841224,0.0945676703998741,NA,0.106030102456273,"ok"
"S3_linear_strong",264,20770264,1,"scenario_matched_gap_adjusted_did","linear_gap",2,0.956238028299489,1.17621395584598,0.219975927546493,2.95623802829949,1.78002407245351,-0.219975927546493,0.219975927546493,0.04838940869994,0.117621395584598,NA,0.142887609665942,"ok"
"S3_linear_strong",265,20770265,1,"scenario_matched_gap_adjusted_did","linear_gap",2,0.636114472172021,0.917163367501196,0.281048895329175,2.63611447217202,1.71895110467083,-0.281048895329175,0.281048895329175,0.0789884815657496,0.0917163367501195,NA,0.0982900163463008,"ok"
"S3_linear_strong",266,20770266,1,"scenario_matched_gap_adjusted_did","linear_gap",2,0.844658427408774,0.813863284099617,-0.0307951433091569,2.84465842740877,2.03079514330916,0.0307951433091569,0.0307951433091569,0.00094834085143151,0.0813863284099617,NA,0.11256253688519,"ok"
"S3_linear_strong",267,20770267,1,"scenario_matched_gap_adjusted_did","linear_gap",2,0.635844615778256,0.694687088620867,0.0588424728426111,2.63584461577826,1.94115752715739,-0.0588424728426111,0.0588424728426111,0.00346243661023343,0.0694687088620867,NA,0.218199380199849,"ok"
"S3_linear_strong",268,20770268,1,"scenario_matched_gap_adjusted_did","linear_gap",2,0.800998921504074,0.84445780783846,0.0434588863343868,2.80099892150407,1.95654111366561,-0.0434588863343865,0.0434588863343865,0.00188867480142513,0.084445780783846,NA,0.147492476808129,"ok"
"S3_linear_strong",269,20770269,1,"scenario_matched_gap_adjusted_did","linear_gap",2,0.567364906853306,0.543050082646987,-0.024314824206319,2.56736490685331,2.02431482420632,0.0243148242063191,0.0243148242063191,0.000591210676184203,0.0543050082646987,NA,0.112591994558995,"ok"
"S3_linear_strong",270,20770270,1,"scenario_matched_gap_adjusted_did","linear_gap",2,0.942782174989306,1.16959626197813,0.22681408698882,2.94278217498931,1.77318591301118,-0.22681408698882,0.22681408698882,0.0514446300565721,0.116959626197813,NA,0.131582823859418,"ok"
"S3_linear_strong",271,20770271,1,"scenario_matched_gap_adjusted_did","linear_gap",2,0.853583579995201,1.08333482658899,0.229751246593786,2.8535835799952,1.77024875340621,-0.229751246593786,0.229751246593786,0.0527856353113987,0.108333482658899,NA,0.157523269804657,"ok"
"S3_linear_strong",272,20770272,1,"scenario_matched_gap_adjusted_did","linear_gap",2,0.936912574113134,1.02412368020078,0.0872111060876505,2.93691257411313,1.91278889391235,-0.0872111060876501,0.0872111060876501,0.00760577702503137,0.102412368020078,NA,0.152851201612014,"ok"
"S3_linear_strong",273,20770273,1,"scenario_matched_gap_adjusted_did","linear_gap",2,0.579229306239459,0.565035415262014,-0.0141938909774453,2.57922930623946,2.01419389097745,0.0141938909774453,0.0141938909774453,0.000201466541079602,0.0565035415262014,NA,0.10529351286315,"ok"
"S3_linear_strong",274,20770274,1,"scenario_matched_gap_adjusted_did","linear_gap",2,0.890336028261806,0.742482459519434,-0.147853568742372,2.89033602826181,2.14785356874237,0.147853568742372,0.147853568742372,0.0218606777898554,0.0742482459519434,NA,0.108233280008378,"ok"
"S3_linear_strong",275,20770275,1,"scenario_matched_gap_adjusted_did","linear_gap",2,0.835571770690922,0.92449825269989,0.0889264820089684,2.83557177069092,1.91107351799103,-0.0889264820089684,0.0889264820089684,0.00790791920249137,0.092449825269989,NA,0.0927055583371921,"ok"
"S3_linear_strong",276,20770276,1,"scenario_matched_gap_adjusted_did","linear_gap",2,0.749015314787235,0.739177076997449,-0.00983823778978588,2.74901531478723,2.00983823778979,0.00983823778978588,0.00983823778978588,9.67909228083709e-05,0.0739177076997448,NA,0.0905080530791947,"ok"
"S3_linear_strong",277,20770277,1,"scenario_matched_gap_adjusted_did","linear_gap",2,0.727153210921689,0.906516130168476,0.179362919246787,2.72715321092169,1.82063708075321,-0.179362919246787,0.179362919246787,0.0321710568007294,0.0906516130168475,NA,0.160327380907089,"ok"
"S3_linear_strong",278,20770278,1,"scenario_matched_gap_adjusted_did","linear_gap",2,0.956630323921829,0.897928259869061,-0.0587020640527685,2.95663032392183,2.05870206405277,0.0587020640527687,0.0587020640527687,0.00344593232405536,0.0897928259869061,NA,0.112486676311876,"ok"
"S3_linear_strong",279,20770279,1,"scenario_matched_gap_adjusted_did","linear_gap",2,0.752518747897494,0.644228470873128,-0.108290277024366,2.75251874789749,2.10829027702437,0.108290277024365,0.108290277024365,0.0117267840980138,0.0644228470873128,NA,0.163012480761776,"ok"
"S3_linear_strong",280,20770280,1,"scenario_matched_gap_adjusted_did","linear_gap",2,0.831737682416998,0.740488152283577,-0.0912495301334209,2.831737682417,2.09124953013342,0.0912495301334211,0.0912495301334211,0.00832647674957012,0.0740488152283577,NA,0.0940036702295427,"ok"
"S3_linear_strong",281,20770281,1,"scenario_matched_gap_adjusted_did","linear_gap",2,0.939415384707029,1.00224885721436,0.0628334725073266,2.93941538470703,1.93716652749267,-0.0628334725073265,0.0628334725073265,0.00394804526732896,0.100224885721436,NA,0.120462007594481,"ok"
"S3_linear_strong",282,20770282,1,"scenario_matched_gap_adjusted_did","linear_gap",2,0.926573662183253,0.821556208686366,-0.105017453496888,2.92657366218325,2.10501745349689,0.105017453496888,0.105017453496888,0.011028665538971,0.0821556208686366,NA,0.116157600405742,"ok"
"S3_linear_strong",283,20770283,1,"scenario_matched_gap_adjusted_did","linear_gap",2,0.67881573360313,0.521963568408336,-0.156852165194794,2.67881573360313,2.15685216519479,0.156852165194794,0.156852165194794,0.0246026017262948,0.0521963568408336,NA,0.122962165669542,"ok"
"S3_linear_strong",284,20770284,1,"scenario_matched_gap_adjusted_did","linear_gap",2,0.746482551010764,0.614733616350884,-0.13174893465988,2.74648255101076,2.13174893465988,0.13174893465988,0.13174893465988,0.0173577817840132,0.0614733616350884,NA,0.143099369245789,"ok"
"S3_linear_strong",285,20770285,1,"scenario_matched_gap_adjusted_did","linear_gap",2,0.831976503141341,0.753599141448342,-0.078377361692999,2.83197650314134,2.078377361693,0.0783773616929992,0.0783773616929992,0.00614301082595523,0.0753599141448342,NA,0.123570761485331,"ok"
"S3_linear_strong",286,20770286,1,"scenario_matched_gap_adjusted_did","linear_gap",2,0.734967480211058,0.508297510438611,-0.226669969772447,2.73496748021106,2.22666996977245,0.226669969772447,0.226669969772447,0.051379275196642,0.0508297510438611,NA,0.146514441767739,"ok"
"S3_linear_strong",287,20770287,1,"scenario_matched_gap_adjusted_did","linear_gap",2,0.642595413748254,0.783784692816891,0.141189279068637,2.64259541374825,1.85881072093136,-0.141189279068637,0.141189279068637,0.0199344125239214,0.0783784692816891,NA,0.0883028224796902,"ok"
"S3_linear_strong",288,20770288,1,"scenario_matched_gap_adjusted_did","linear_gap",2,0.632976164667046,0.73943477661725,0.106458611950205,2.63297616466705,1.8935413880498,-0.106458611950205,0.106458611950205,0.0113334360583643,0.073943477661725,NA,0.106644454461063,"ok"
"S3_linear_strong",289,20770289,1,"scenario_matched_gap_adjusted_did","linear_gap",2,0.899190089565925,0.859227631519007,-0.0399624580469176,2.89919008956593,2.03996245804692,0.0399624580469178,0.0399624580469178,0.00159699805315166,0.0859227631519007,NA,0.098986325255415,"ok"
"S3_linear_strong",290,20770290,1,"scenario_matched_gap_adjusted_did","linear_gap",2,0.791058899395418,0.598291337949782,-0.192767561445635,2.79105889939542,2.19276756144564,0.192767561445635,0.192767561445635,0.0371593327456968,0.0598291337949783,NA,0.127289617480178,"ok"
"S3_linear_strong",291,20770291,1,"scenario_matched_gap_adjusted_did","linear_gap",2,0.753669741388828,0.819654700084701,0.0659849586958734,2.75366974138883,1.93401504130413,-0.065984958695873,0.065984958695873,0.00435401477409606,0.0819654700084701,NA,0.112885375958559,"ok"
"S3_linear_strong",292,20770292,1,"scenario_matched_gap_adjusted_did","linear_gap",2,0.696460841207508,0.705934862664568,0.00947402145705967,2.69646084120751,1.99052597854294,-0.00947402145705944,0.00947402145705944,8.97570825688228e-05,0.0705934862664568,NA,0.137098003881592,"ok"
"S3_linear_strong",293,20770293,1,"scenario_matched_gap_adjusted_did","linear_gap",2,0.867042805225211,0.758524379132507,-0.108518426092704,2.86704280522521,2.1085184260927,0.108518426092703,0.108518426092703,0.0117762488016375,0.0758524379132507,NA,0.114439498532844,"ok"
"S3_linear_strong",294,20770294,1,"scenario_matched_gap_adjusted_did","linear_gap",2,1.18466513814401,1.13112148411553,-0.0535436540284722,3.18466513814401,2.05354365402847,0.0535436540284722,0.0535436540284722,0.00286692288672072,0.113112148411553,NA,0.139385386443417,"ok"
"S3_linear_strong",295,20770295,1,"scenario_matched_gap_adjusted_did","linear_gap",2,0.881979725801062,0.8262950046696,-0.0556847211314617,2.88197972580106,2.05568472113146,0.0556847211314615,0.0556847211314615,0.00310078816748864,0.08262950046696,NA,0.160428191908123,"ok"
"S3_linear_strong",296,20770296,1,"scenario_matched_gap_adjusted_did","linear_gap",2,0.792425979796311,0.932038559437129,0.139612579640818,2.79242597979631,1.86038742035918,-0.139612579640818,0.139612579640818,0.0194916723939636,0.0932038559437129,NA,0.08964864779206,"ok"
"S3_linear_strong",297,20770297,1,"scenario_matched_gap_adjusted_did","linear_gap",2,0.681301630260824,0.666119410189243,-0.0151822200715808,2.68130163026082,2.01518222007158,0.0151822200715812,0.0151822200715812,0.000230499806301923,0.0666119410189243,NA,0.142841583230096,"ok"
"S3_linear_strong",298,20770298,1,"scenario_matched_gap_adjusted_did","linear_gap",2,0.813928518117852,0.727824831484011,-0.0861036866338409,2.81392851811785,2.08610368663384,0.0861036866338409,0.0861036866338409,0.00741384485193868,0.0727824831484011,NA,0.137968762473562,"ok"
"S3_linear_strong",299,20770299,1,"scenario_matched_gap_adjusted_did","linear_gap",2,1.02524054216029,0.897848549086869,-0.127391993073418,3.02524054216029,2.12739199307342,0.127391993073418,0.127391993073418,0.0162287198992177,0.0897848549086869,NA,0.141886885520392,"ok"
"S3_linear_strong",300,20770300,1,"scenario_matched_gap_adjusted_did","linear_gap",2,0.930041333808147,0.803155367403346,-0.126885966404801,2.93004133380815,2.1268859664048,0.126885966404801,0.126885966404801,0.0161000484704803,0.0803155367403346,NA,0.122361788411211,"ok"
"S3_linear_strong",301,20770301,1,"scenario_matched_gap_adjusted_did","linear_gap",2,0.621341553535938,0.749136228702378,0.12779467516644,2.62134155353594,1.87220532483356,-0.12779467516644,0.12779467516644,0.0163314790008959,0.0749136228702378,NA,0.146092330424859,"ok"
"S3_linear_strong",302,20770302,1,"scenario_matched_gap_adjusted_did","linear_gap",2,0.587286464102597,0.659082469461473,0.071796005358876,2.5872864641026,1.92820399464112,-0.0717960053588762,0.0717960053588762,0.00515466638549178,0.0659082469461473,NA,0.152273737859787,"ok"
"S3_linear_strong",303,20770303,1,"scenario_matched_gap_adjusted_did","linear_gap",2,0.577384887960693,0.731952307216553,0.15456741925586,2.57738488796069,1.84543258074414,-0.15456741925586,0.15456741925586,0.0238910870954168,0.0731952307216553,NA,0.170288543276416,"ok"
"S3_linear_strong",304,20770304,1,"scenario_matched_gap_adjusted_did","linear_gap",2,1.03445635752283,1.03549875003897,0.0010423925161398,3.03445635752283,1.99895760748386,-0.0010423925161398,0.0010423925161398,1.08658215770426e-06,0.103549875003897,NA,0.08231952778979,"ok"
"S3_linear_strong",305,20770305,1,"scenario_matched_gap_adjusted_did","linear_gap",2,0.776886402373927,0.947271598594743,0.170385196220816,2.77688640237393,1.82961480377918,-0.170385196220816,0.170385196220816,0.029031115091206,0.0947271598594743,NA,0.118952793181169,"ok"
"S3_linear_strong",306,20770306,1,"scenario_matched_gap_adjusted_did","linear_gap",2,1.04783530615527,0.883600079618722,-0.164235226536546,3.04783530615527,2.16423522653655,0.164235226536546,0.164235226536546,0.0269732096355105,0.0883600079618722,NA,0.135904414974666,"ok"
"S3_linear_strong",307,20770307,1,"scenario_matched_gap_adjusted_did","linear_gap",2,0.832793453172076,1.1327669577376,0.299973504565524,2.83279345317208,1.70002649543448,-0.299973504565524,0.299973504565524,0.0899841034413222,0.11327669577376,NA,0.147859801529027,"ok"
"S3_linear_strong",308,20770308,1,"scenario_matched_gap_adjusted_did","linear_gap",2,0.80708834809791,1.04102648522326,0.233938137125354,2.80708834809791,1.76606186287465,-0.233938137125353,0.233938137125353,0.0547270520016807,0.104102648522326,NA,0.149621399458419,"ok"
"S3_linear_strong",309,20770309,1,"scenario_matched_gap_adjusted_did","linear_gap",2,0.938958900283569,0.887082017021689,-0.0518768832618808,2.93895890028357,2.05187688326188,0.0518768832618806,0.0518768832618806,0.00269121101696678,0.0887082017021689,NA,0.200864002359732,"ok"
"S3_linear_strong",310,20770310,1,"scenario_matched_gap_adjusted_did","linear_gap",2,0.837170330461423,0.83111438925764,-0.00605594120378283,2.83717033046142,2.00605594120378,0.00605594120378328,0.00605594120378328,3.66744238636801e-05,0.083111438925764,NA,0.114430490556145,"ok"
"S3_linear_strong",311,20770311,1,"scenario_matched_gap_adjusted_did","linear_gap",2,0.705033614632322,0.72822421500942,0.0231906003770979,2.70503361463232,1.9768093996229,-0.0231906003770979,0.0231906003770979,0.000537803945850251,0.072822421500942,NA,0.136044899796464,"ok"
"S3_linear_strong",312,20770312,1,"scenario_matched_gap_adjusted_did","linear_gap",2,0.99648596064588,0.746444278198091,-0.250041682447789,2.99648596064588,2.25004168244779,0.250041682447789,0.250041682447789,0.0625208429613209,0.074644427819809,NA,0.174952547519787,"ok"
"S3_linear_strong",313,20770313,1,"scenario_matched_gap_adjusted_did","linear_gap",2,0.510655220396023,0.800059114020969,0.289403893624945,2.51065522039602,1.71059610637505,-0.289403893624945,0.289403893624945,0.0837546136452787,0.0800059114020968,NA,0.105317684576061,"ok"
"S3_linear_strong",314,20770314,1,"scenario_matched_gap_adjusted_did","linear_gap",2,0.709700010897124,0.802133441822761,0.0924334309256372,2.70970001089712,1.90756656907436,-0.0924334309256372,0.0924334309256372,0.00854393915268454,0.0802133441822761,NA,0.0909555595290529,"ok"
"S3_linear_strong",315,20770315,1,"scenario_matched_gap_adjusted_did","linear_gap",2,0.646923821687709,0.803621035410234,0.156697213722525,2.64692382168771,1.84330278627748,-0.156697213722525,0.156697213722525,0.0245540167884026,0.0803621035410234,NA,0.114432702773344,"ok"
"S3_linear_strong",316,20770316,1,"scenario_matched_gap_adjusted_did","linear_gap",2,0.798615884152472,0.755372883950563,-0.0432430002019086,2.79861588415247,2.04324300020191,0.0432430002019086,0.0432430002019086,0.00186995706646227,0.0755372883950563,NA,0.151176439321891,"ok"
"S3_linear_strong",317,20770317,1,"scenario_matched_gap_adjusted_did","linear_gap",2,1.06406684874748,1.00202880502631,-0.0620380437211736,3.06406684874748,2.06203804372117,0.0620380437211736,0.0620380437211736,0.00384871886875025,0.100202880502631,NA,0.137597147700153,"ok"
"S3_linear_strong",318,20770318,1,"scenario_matched_gap_adjusted_did","linear_gap",2,0.749845009808178,1.02976563653825,0.279920626730071,2.74984500980818,1.72007937326993,-0.279920626730071,0.279920626730071,0.0783555572689557,0.102976563653825,NA,0.113911965706835,"ok"
"S3_linear_strong",319,20770319,1,"scenario_matched_gap_adjusted_did","linear_gap",2,0.907104025434709,0.814998056066006,-0.0921059693687025,2.90710402543471,2.0921059693687,0.0921059693687023,0.0921059693687023,0.00848350959334833,0.0814998056066006,NA,0.114510745621742,"ok"
"S3_linear_strong",320,20770320,1,"scenario_matched_gap_adjusted_did","linear_gap",2,0.971404023928147,1.05499299905911,0.0835889751309682,2.97140402392815,1.91641102486903,-0.0835889751309682,0.0835889751309682,0.00698711676344562,0.105499299905911,NA,0.215270176182749,"ok"
"S3_linear_strong",321,20770321,1,"scenario_matched_gap_adjusted_did","linear_gap",2,0.747912989384948,0.567933214707059,-0.179979774677889,2.74791298938495,2.17997977467789,0.179979774677888,0.179979774677888,0.0323927192931035,0.0567933214707059,NA,0.109519672079387,"ok"
"S3_linear_strong",322,20770322,1,"scenario_matched_gap_adjusted_did","linear_gap",2,0.82782120622732,0.932809620449948,0.104988414222628,2.82782120622732,1.89501158577737,-0.104988414222628,0.104988414222628,0.0110225671209821,0.0932809620449948,NA,0.156060441758479,"ok"
"S3_linear_strong",323,20770323,1,"scenario_matched_gap_adjusted_did","linear_gap",2,0.908228836340761,0.992360826091942,0.0841319897511805,2.90822883634076,1.91586801024882,-0.0841319897511807,0.0841319897511807,0.00707819169949278,0.0992360826091942,NA,0.116904880332667,"ok"
"S3_linear_strong",324,20770324,1,"scenario_matched_gap_adjusted_did","linear_gap",2,0.773945323036724,0.575748351819687,-0.198196971217037,2.77394532303672,2.19819697121704,0.198196971217036,0.198196971217036,0.0392820393996067,0.0575748351819687,NA,0.0929963427556211,"ok"
"S3_linear_strong",325,20770325,1,"scenario_matched_gap_adjusted_did","linear_gap",2,0.670798828805142,0.630475957576153,-0.0403228712289894,2.67079882880514,2.04032287122899,0.0403228712289891,0.0403228712289891,0.00162593394414964,0.0630475957576153,NA,0.128242168200268,"ok"
"S3_linear_strong",326,20770326,1,"scenario_matched_gap_adjusted_did","linear_gap",2,0.813848036875698,0.816911337391906,0.00306330051620796,2.8138480368757,1.99693669948379,-0.00306330051620796,0.00306330051620796,9.38381005259993e-06,0.0816911337391906,NA,0.184086935909,"ok"
"S3_linear_strong",327,20770327,1,"scenario_matched_gap_adjusted_did","linear_gap",2,0.483787766019286,0.758277335483137,0.274489569463851,2.48378776601929,1.72551043053615,-0.274489569463851,0.274489569463851,0.0753445237444504,0.0758277335483137,NA,0.168772432850158,"ok"
"S3_linear_strong",328,20770328,1,"scenario_matched_gap_adjusted_did","linear_gap",2,0.851923116130453,0.933218432936834,0.0812953168063812,2.85192311613045,1.91870468319362,-0.0812953168063815,0.0812953168063815,0.00660892853464993,0.0933218432936834,NA,0.15205944214512,"ok"
"S3_linear_strong",329,20770329,1,"scenario_matched_gap_adjusted_did","linear_gap",2,0.588472562807835,0.780771714024029,0.192299151216194,2.58847256280783,1.80770084878381,-0.192299151216194,0.192299151216194,0.0369789635584686,0.0780771714024029,NA,0.0978255346320983,"ok"
"S3_linear_strong",330,20770330,1,"scenario_matched_gap_adjusted_did","linear_gap",2,0.83421211904012,0.609074632569668,-0.225137486470452,2.83421211904012,2.22513748647045,0.225137486470452,0.225137486470452,0.0506868878142328,0.0609074632569668,NA,0.221394241572647,"ok"
"S3_linear_strong",331,20770331,1,"scenario_matched_gap_adjusted_did","linear_gap",2,0.686506654909289,0.791594416185651,0.105087761276362,2.68650665490929,1.89491223872364,-0.105087761276362,0.105087761276362,0.0110434375700776,0.0791594416185651,NA,0.155450510135166,"ok"
"S3_linear_strong",332,20770332,1,"scenario_matched_gap_adjusted_did","linear_gap",2,0.937451037189504,0.815209854656646,-0.122241182532858,2.9374510371895,2.12224118253286,0.122241182532858,0.122241182532858,0.0149429067070315,0.0815209854656646,NA,0.127270595027788,"ok"
"S3_linear_strong",333,20770333,1,"scenario_matched_gap_adjusted_did","linear_gap",2,0.713407241155112,0.836708823432583,0.123301582277471,2.71340724115511,1.87669841772253,-0.123301582277471,0.123301582277471,0.015203280192128,0.0836708823432583,NA,0.141753995145534,"ok"
"S3_linear_strong",334,20770334,1,"scenario_matched_gap_adjusted_did","linear_gap",2,0.454053551982463,0.3738023433595,-0.080251208622963,2.45405355198246,2.08025120862296,0.080251208622963,0.080251208622963,0.00644025648544633,0.0373802343359501,NA,0.155823534511349,"ok"
"S3_linear_strong",335,20770335,1,"scenario_matched_gap_adjusted_did","linear_gap",2,0.556889907826304,0.479573844544252,-0.0773160632820522,2.5568899078263,2.07731606328205,0.0773160632820522,0.0773160632820522,0.0059777736414343,0.0479573844544252,NA,0.111645121915033,"ok"
"S3_linear_strong",336,20770336,1,"scenario_matched_gap_adjusted_did","linear_gap",2,0.866853329739391,0.849117342074534,-0.0177359876648566,2.86685332973939,2.01773598766486,0.0177359876648566,0.0177359876648566,0.000314565258447946,0.0849117342074534,NA,0.115665576988585,"ok"
"S3_linear_strong",337,20770337,1,"scenario_matched_gap_adjusted_did","linear_gap",2,0.754590736970168,0.949399396669006,0.194808659698838,2.75459073697017,1.80519134030116,-0.194808659698838,0.194808659698838,0.0379504138936576,0.0949399396669006,NA,0.119568414862895,"ok"
"S3_linear_strong",338,20770338,1,"scenario_matched_gap_adjusted_did","linear_gap",2,1.00991651343714,1.08625970407422,0.0763431906370782,3.00991651343714,1.92365680936292,-0.0763431906370782,0.0763431906370782,0.00582828275664926,0.108625970407422,NA,0.141133850905209,"ok"
"S3_linear_strong",339,20770339,1,"scenario_matched_gap_adjusted_did","linear_gap",2,0.784375542859436,0.860116405873194,0.0757408630137586,2.78437554285944,1.92425913698624,-0.0757408630137584,0.0757408630137584,0.00573667833006891,0.0860116405873194,NA,0.126886870136778,"ok"
"S3_linear_strong",340,20770340,1,"scenario_matched_gap_adjusted_did","linear_gap",2,1.13316827449565,0.825498533791794,-0.307669740703855,3.13316827449565,2.30766974070385,0.307669740703855,0.307669740703855,0.0946606693447773,0.0825498533791794,NA,0.136766779133856,"ok"
"S3_linear_strong",341,20770341,1,"scenario_matched_gap_adjusted_did","linear_gap",2,0.823622846151745,1.09886861078736,0.275245764635615,2.82362284615174,1.72475423536438,-0.275245764635615,0.275245764635615,0.0757602309498446,0.109886861078736,NA,0.149247330344869,"ok"
"S3_linear_strong",342,20770342,1,"scenario_matched_gap_adjusted_did","linear_gap",2,0.964033113399924,1.08430156939095,0.120268455991021,2.96403311339992,1.87973154400898,-0.120268455991022,0.120268455991022,0.0144645015064644,0.108430156939095,NA,0.170378874066979,"ok"
"S3_linear_strong",343,20770343,1,"scenario_matched_gap_adjusted_did","linear_gap",2,0.929636470134012,0.775885934165514,-0.153750535968498,2.92963647013401,2.1537505359685,0.153750535968498,0.153750535968498,0.0236392273106004,0.0775885934165514,NA,0.110808357306614,"ok"
"S3_linear_strong",344,20770344,1,"scenario_matched_gap_adjusted_did","linear_gap",2,0.844454219588894,0.782188767493429,-0.0622654520954646,2.84445421958889,2.06226545209546,0.0622654520954646,0.0622654520954646,0.0038769865246526,0.0782188767493429,NA,0.125963998145157,"ok"
"S3_linear_strong",345,20770345,1,"scenario_matched_gap_adjusted_did","linear_gap",2,0.810542126018455,0.68043488226453,-0.130107243753924,2.81054212601845,2.13010724375392,0.130107243753924,0.130107243753924,0.0169278948772431,0.068043488226453,NA,0.124285890043186,"ok"
"S3_linear_strong",346,20770346,1,"scenario_matched_gap_adjusted_did","linear_gap",2,0.924302394206226,0.764683885380868,-0.159618508825357,2.92430239420623,2.15961850882536,0.159618508825357,0.159618508825357,0.0254780683596307,0.0764683885380868,NA,0.102291067876915,"ok"
"S3_linear_strong",347,20770347,1,"scenario_matched_gap_adjusted_did","linear_gap",2,0.699472134128858,0.709135114701928,0.00966298057306991,2.69947213412886,1.99033701942693,-0.00966298057306991,0.00966298057306991,9.33731935555265e-05,0.0709135114701928,NA,0.156162754487786,"ok"
"S3_linear_strong",348,20770348,1,"scenario_matched_gap_adjusted_did","linear_gap",2,1.04451295625036,1.25951140506622,0.214998448815857,3.04451295625036,1.78500155118414,-0.214998448815857,0.214998448815857,0.0462243329932247,0.125951140506622,NA,0.154195369840806,"ok"
"S3_linear_strong",349,20770349,1,"scenario_matched_gap_adjusted_did","linear_gap",2,0.825682554527621,0.725757026107669,-0.0999255284199516,2.82568255452762,2.09992552841995,0.0999255284199512,0.0999255284199512,0.00998511123000647,0.0725757026107669,NA,0.205311288193184,"ok"
"S3_linear_strong",350,20770350,1,"scenario_matched_gap_adjusted_did","linear_gap",2,0.765349074493978,0.751778175636426,-0.013570898857552,2.76534907449398,2.01357089885755,0.013570898857552,0.013570898857552,0.000184169295801907,0.0751778175636426,NA,0.145764430639984,"ok"
"S3_linear_strong",351,20770351,1,"scenario_matched_gap_adjusted_did","linear_gap",2,0.99760415824713,0.973669624117482,-0.0239345341296482,2.99760415824713,2.02393453412965,0.0239345341296477,0.0239345341296477,0.000572861924003273,0.0973669624117482,NA,0.124713932784462,"ok"
"S3_linear_strong",352,20770352,1,"scenario_matched_gap_adjusted_did","linear_gap",2,0.772949866247806,0.902979825551108,0.130029959303302,2.77294986624781,1.8699700406967,-0.130029959303302,0.130029959303302,0.0169077903164184,0.0902979825551108,NA,0.103515397046353,"ok"
"S3_linear_strong",353,20770353,1,"scenario_matched_gap_adjusted_did","linear_gap",2,0.865246502766009,0.619977563407367,-0.245268939358642,2.86524650276601,2.24526893935864,0.245268939358643,0.245268939358643,0.0601568526141135,0.0619977563407367,NA,0.0956562491358763,"ok"
"S3_linear_strong",354,20770354,1,"scenario_matched_gap_adjusted_did","linear_gap",2,0.549314080685579,0.605826539487648,0.0565124588020693,2.54931408068558,1.94348754119793,-0.0565124588020693,0.0565124588020693,0.00319365799985558,0.0605826539487648,NA,0.103179882328606,"ok"
"S3_linear_strong",355,20770355,1,"scenario_matched_gap_adjusted_did","linear_gap",2,0.875974200512057,1.02059387203431,0.144619671522256,2.87597420051206,1.85538032847774,-0.144619671522256,0.144619671522256,0.0209148493912052,0.102059387203431,NA,0.158152049604887,"ok"
"S3_linear_strong",356,20770356,1,"scenario_matched_gap_adjusted_did","linear_gap",2,0.93784458406917,1.06081985721673,0.122975273147558,2.93784458406917,1.87702472685244,-0.122975273147558,0.122975273147558,0.0151229178057165,0.106081985721673,NA,0.128030119516981,"ok"
"S3_linear_strong",357,20770357,1,"scenario_matched_gap_adjusted_did","linear_gap",2,0.89861324892764,0.863864416083341,-0.0347488328442997,2.89861324892764,2.0347488328443,0.0347488328442997,0.0347488328442997,0.00120748138404109,0.086386441608334,NA,0.0946623394465537,"ok"
"S3_linear_strong",358,20770358,1,"scenario_matched_gap_adjusted_did","linear_gap",2,1.00384694713868,0.686230155435793,-0.317616791702889,3.00384694713868,2.31761679170289,0.317616791702889,0.317616791702889,0.100880426371636,0.0686230155435792,NA,0.189129769936343,"ok"
"S3_linear_strong",359,20770359,1,"scenario_matched_gap_adjusted_did","linear_gap",2,0.730056333619939,0.678205025145233,-0.0518513084747054,2.73005633361994,2.05185130847471,0.0518513084747054,0.0518513084747054,0.00268855819053906,0.0678205025145233,NA,0.097646866455887,"ok"
"S3_linear_strong",360,20770360,1,"scenario_matched_gap_adjusted_did","linear_gap",2,0.686756823111129,0.665745522495515,-0.021011300615614,2.68675682311113,2.02101130061561,0.0210113006156138,0.0210113006156138,0.000441474753559695,0.0665745522495515,NA,0.123934014650066,"ok"
"S3_linear_strong",361,20770361,1,"scenario_matched_gap_adjusted_did","linear_gap",2,0.901930892637176,0.996450104006876,0.0945192113696998,2.90193089263718,1.9054807886303,-0.0945192113697,0.0945192113697,0.00893388131795002,0.0996450104006875,NA,0.094517490664892,"ok"
"S3_linear_strong",362,20770362,1,"scenario_matched_gap_adjusted_did","linear_gap",2,1.02404636648792,0.957517680099089,-0.0665286863888318,3.02404636648792,2.06652868638883,0.0665286863888324,0.0665286863888324,0.00442606611262361,0.0957517680099089,NA,0.0972744076783561,"ok"
"S3_linear_strong",363,20770363,1,"scenario_matched_gap_adjusted_did","linear_gap",2,1.29052577959148,0.824285109726733,-0.466240669864749,3.29052577959148,2.46624066986475,0.466240669864749,0.466240669864749,0.21738036223593,0.0824285109726734,NA,0.105568971984909,"ok"
"S3_linear_strong",364,20770364,1,"scenario_matched_gap_adjusted_did","linear_gap",2,0.852166787843994,0.710956315743593,-0.141210472100401,2.85216678784399,2.1412104721004,0.141210472100401,0.141210472100401,0.0199403974308181,0.0710956315743592,NA,0.131449587525001,"ok"
"S3_linear_strong",365,20770365,1,"scenario_matched_gap_adjusted_did","linear_gap",2,0.906600272337008,1.00661330486773,0.10001303253072,2.90660027233701,1.89998696746928,-0.10001303253072,0.10001303253072,0.0100026066759909,0.100661330486773,NA,0.134832594277232,"ok"
"S3_linear_strong",366,20770366,1,"scenario_matched_gap_adjusted_did","linear_gap",2,1.02129251509973,0.980602048362404,-0.0406904667373238,3.02129251509973,2.04069046673732,0.040690466737324,0.040690466737324,0.00165571408330127,0.0980602048362404,NA,0.148232077375697,"ok"
"S3_linear_strong",367,20770367,1,"scenario_matched_gap_adjusted_did","linear_gap",2,0.689683629475562,0.474667376002569,-0.215016253472993,2.68968362947556,2.21501625347299,0.215016253472993,0.215016253472993,0.0462319892575622,0.0474667376002569,NA,0.126549200449048,"ok"
"S3_linear_strong",368,20770368,1,"scenario_matched_gap_adjusted_did","linear_gap",2,0.920668161870487,0.98842767269476,0.0677595108242726,2.92066816187049,1.93224048917573,-0.0677595108242723,0.0677595108242723,0.00459135130714468,0.098842767269476,NA,0.117853809142432,"ok"
"S3_linear_strong",369,20770369,1,"scenario_matched_gap_adjusted_did","linear_gap",2,0.87402131703777,1.04154218864987,0.167520871612103,2.87402131703777,1.8324791283879,-0.167520871612103,0.167520871612103,0.0280632424256788,0.104154218864987,NA,0.166606519358722,"ok"
"S3_linear_strong",370,20770370,1,"scenario_matched_gap_adjusted_did","linear_gap",2,0.788156717122428,0.564103693938947,-0.224053023183481,2.78815671712243,2.22405302318348,0.224053023183481,0.224053023183481,0.0501997571976573,0.0564103693938947,NA,0.0986336397391698,"ok"
"S3_linear_strong",371,20770371,1,"scenario_matched_gap_adjusted_did","linear_gap",2,0.958250069171103,0.845142104274025,-0.113107964897078,2.9582500691711,2.11310796489708,0.113107964897078,0.113107964897078,0.0127934117231586,0.0845142104274025,NA,0.182052482687467,"ok"
"S3_linear_strong",372,20770372,1,"scenario_matched_gap_adjusted_did","linear_gap",2,1.03076514649306,1.14466221763384,0.113897071140778,3.03076514649306,1.88610292885922,-0.113897071140779,0.113897071140779,0.0129725428144476,0.114466221763384,NA,0.120161666858197,"ok"
"S3_linear_strong",373,20770373,1,"scenario_matched_gap_adjusted_did","linear_gap",2,0.683927662598689,0.821897657189543,0.137969994590854,2.68392766259869,1.86203000540915,-0.137969994590854,0.137969994590854,0.0190357194074003,0.0821897657189543,NA,0.142102909624015,"ok"
"S3_linear_strong",374,20770374,1,"scenario_matched_gap_adjusted_did","linear_gap",2,0.714806699658945,0.697604610794741,-0.0172020888642037,2.71480669965895,2.0172020888642,0.0172020888642037,0.0172020888642037,0.000295911861291961,0.0697604610794741,NA,0.158761509829271,"ok"
"S3_linear_strong",375,20770375,1,"scenario_matched_gap_adjusted_did","linear_gap",2,0.795827862592863,0.859310586451815,0.0634827238589522,2.79582786259286,1.93651727614105,-0.0634827238589519,0.0634827238589519,0.00403005622855194,0.0859310586451815,NA,0.145761506827971,"ok"
"S3_linear_strong",376,20770376,1,"scenario_matched_gap_adjusted_did","linear_gap",2,0.811049869103809,0.97242987215068,0.161380003046871,2.81104986910381,1.83861999695313,-0.161380003046871,0.161380003046871,0.0260435053834082,0.097242987215068,NA,0.135822052666137,"ok"
"S3_linear_strong",377,20770377,1,"scenario_matched_gap_adjusted_did","linear_gap",2,0.947647893977553,1.24690158492794,0.29925369095039,2.94764789397755,1.70074630904961,-0.299253690950391,0.299253690950391,0.0895527715474319,0.124690158492794,NA,0.179123302505927,"ok"
"S3_linear_strong",378,20770378,1,"scenario_matched_gap_adjusted_did","linear_gap",2,0.815571783715712,0.801555886150778,-0.0140158975649338,2.81557178371571,2.01401589756493,0.0140158975649336,0.0140158975649336,0.000196445384550712,0.0801555886150778,NA,0.155227404632671,"ok"
"S3_linear_strong",379,20770379,1,"scenario_matched_gap_adjusted_did","linear_gap",2,0.832711577964933,0.893886165358644,0.0611745873937113,2.83271157796493,1.93882541260629,-0.0611745873937113,0.0611745873937113,0.00374233014279082,0.0893886165358644,NA,0.164845230319039,"ok"
"S3_linear_strong",380,20770380,1,"scenario_matched_gap_adjusted_did","linear_gap",2,0.800395699658449,0.878109985270585,0.0777142856121358,2.80039569965845,1.92228571438786,-0.0777142856121358,0.0777142856121358,0.00603951018820461,0.0878109985270585,NA,0.128796031523933,"ok"
"S3_linear_strong",381,20770381,1,"scenario_matched_gap_adjusted_did","linear_gap",2,1.00068134118819,1.07167624258683,0.0709949013986437,3.00068134118819,1.92900509860136,-0.0709949013986435,0.0709949013986435,0.00504027602460311,0.107167624258683,NA,0.188167550669904,"ok"
"S3_linear_strong",382,20770382,1,"scenario_matched_gap_adjusted_did","linear_gap",2,0.769801104344172,1.17533802586051,0.405536921516334,2.76980110434417,1.59446307848367,-0.405536921516334,0.405536921516334,0.164460194712945,0.117533802586051,NA,0.123840951747427,"ok"
"S3_linear_strong",383,20770383,1,"scenario_matched_gap_adjusted_did","linear_gap",2,0.716763958226254,0.676165774400966,-0.0405981838252873,2.71676395822625,2.04059818382529,0.0405981838252876,0.0405981838252876,0.00164821252991184,0.0676165774400966,NA,0.0883823496494911,"ok"
"S3_linear_strong",384,20770384,1,"scenario_matched_gap_adjusted_did","linear_gap",2,0.699971986669485,1.04422351650758,0.344251529838097,2.69997198666948,1.6557484701619,-0.344251529838097,0.344251529838097,0.11850911579587,0.104422351650758,NA,0.154607965709814,"ok"
"S3_linear_strong",385,20770385,1,"scenario_matched_gap_adjusted_did","linear_gap",2,0.742096664088908,1.0712057060264,0.32910904193749,2.74209666408891,1.67089095806251,-0.32910904193749,0.32910904193749,0.108312761485013,0.10712057060264,NA,0.153527036696246,"ok"
"S3_linear_strong",386,20770386,1,"scenario_matched_gap_adjusted_did","linear_gap",2,0.896495575227871,0.728498551617085,-0.167997023610786,2.89649557522787,2.16799702361079,0.167997023610786,0.167997023610786,0.028222999942083,0.0728498551617085,NA,0.0888807910803487,"ok"
"S3_linear_strong",387,20770387,1,"scenario_matched_gap_adjusted_did","linear_gap",2,0.879587166414604,0.837182979922005,-0.0424041864925992,2.8795871664146,2.0424041864926,0.0424041864925995,0.0424041864925995,0.00179811503209916,0.0837182979922005,NA,0.0880059854256104,"ok"
"S3_linear_strong",388,20770388,1,"scenario_matched_gap_adjusted_did","linear_gap",2,0.740575471761115,0.824515667611041,0.0839401958499266,2.74057547176111,1.91605980415007,-0.0839401958499268,0.0839401958499268,0.00704595647932408,0.0824515667611041,NA,0.192180637777993,"ok"
"S3_linear_strong",389,20770389,1,"scenario_matched_gap_adjusted_did","linear_gap",2,0.606841991834397,0.724913743060558,0.118071751226161,2.6068419918344,1.88192824877384,-0.118071751226161,0.118071751226161,0.0139409384376124,0.0724913743060557,NA,0.100090862682627,"ok"
"S3_linear_strong",390,20770390,1,"scenario_matched_gap_adjusted_did","linear_gap",2,0.907556203061442,0.902298180722136,-0.00525802233930595,2.90755620306144,2.00525802233931,0.00525802233930595,0.00525802233930595,2.76467989206404e-05,0.0902298180722136,NA,0.220666123238942,"ok"
"S3_linear_strong",391,20770391,1,"scenario_matched_gap_adjusted_did","linear_gap",2,1.1270921439952,0.870174648092011,-0.256917495903184,3.1270921439952,2.25691749590318,0.256917495903184,0.256917495903184,0.0660065997011628,0.0870174648092011,NA,0.104984865483775,"ok"
"S3_linear_strong",392,20770392,1,"scenario_matched_gap_adjusted_did","linear_gap",2,0.923443115167645,0.701955394066123,-0.221487721101521,2.92344311516764,2.22148772110152,0.221487721101521,0.221487721101521,0.0490568105987451,0.0701955394066123,NA,0.131935895147402,"ok"
"S3_linear_strong",393,20770393,1,"scenario_matched_gap_adjusted_did","linear_gap",2,0.878880439239992,0.775598850423205,-0.103281588816788,2.87888043923999,2.10328158881679,0.103281588816788,0.103281588816788,0.01066708658852,0.0775598850423204,NA,0.146135528730835,"ok"
"S3_linear_strong",394,20770394,1,"scenario_matched_gap_adjusted_did","linear_gap",2,0.898160823748602,0.897366410259538,-0.000794413489064283,2.8981608237486,2.00079441348906,0.000794413489064283,0.000794413489064283,6.31092791607287e-07,0.0897366410259538,NA,0.138714608477274,"ok"
"S3_linear_strong",395,20770395,1,"scenario_matched_gap_adjusted_did","linear_gap",2,0.666846412580834,0.878797013028497,0.211950600447663,2.66684641258083,1.78804939955234,-0.211950600447663,0.211950600447663,0.0449230570301247,0.0878797013028497,NA,0.179343455489146,"ok"
"S3_linear_strong",396,20770396,1,"scenario_matched_gap_adjusted_did","linear_gap",2,0.707921614010303,0.731373626382112,0.0234520123718096,2.7079216140103,1.97654798762819,-0.0234520123718096,0.0234520123718096,0.000549996884287511,0.0731373626382112,NA,0.123263453219273,"ok"
"S3_linear_strong",397,20770397,1,"scenario_matched_gap_adjusted_did","linear_gap",2,1.0502084049324,1.01437972618167,-0.0358286787507271,3.0502084049324,2.03582867875073,0.0358286787507271,0.0358286787507271,0.00128369422102281,0.101437972618167,NA,0.113212274549277,"ok"
"S3_linear_strong",398,20770398,1,"scenario_matched_gap_adjusted_did","linear_gap",2,0.806907805498245,0.684078392932497,-0.122829412565748,2.80690780549825,2.12282941256575,0.122829412565748,0.122829412565748,0.0150870645912468,0.0684078392932497,NA,0.0763895904672428,"ok"
"S3_linear_strong",399,20770399,1,"scenario_matched_gap_adjusted_did","linear_gap",2,0.891139309847049,0.721566897134961,-0.169572412712088,2.89113930984705,2.16957241271209,0.169572412712088,0.169572412712088,0.0287548031529986,0.0721566897134961,NA,0.092159333860572,"ok"
"S3_linear_strong",400,20770400,1,"scenario_matched_gap_adjusted_did","linear_gap",2,0.843870950374566,0.884406932631662,0.0405359822570959,2.84387095037457,1.9594640177429,-0.0405359822570956,0.0405359822570956,0.00164316585754757,0.0884406932631662,NA,0.1130440163092,"ok"
"S3_linear_strong",401,20770401,1,"scenario_matched_gap_adjusted_did","linear_gap",2,0.984253186608143,1.0515563855455,0.0673031989373569,2.98425318660814,1.93269680106264,-0.0673031989373569,0.0673031989373569,0.00452972058720144,0.10515563855455,NA,0.147614629471348,"ok"
"S3_linear_strong",402,20770402,1,"scenario_matched_gap_adjusted_did","linear_gap",2,0.922763171032594,1.17067954410096,0.24791637306837,2.92276317103259,1.75208362693163,-0.24791637306837,0.24791637306837,0.0614625280353752,0.117067954410096,NA,0.119773458740241,"ok"
"S3_linear_strong",403,20770403,1,"scenario_matched_gap_adjusted_did","linear_gap",2,0.909012803967127,0.962399022022917,0.0533862180557896,2.90901280396713,1.94661378194421,-0.0533862180557894,0.0533862180557894,0.00285008827830029,0.0962399022022916,NA,0.139293854085866,"ok"
"S3_linear_strong",404,20770404,1,"scenario_matched_gap_adjusted_did","linear_gap",2,0.830835582564701,0.689031234075765,-0.141804348488936,2.8308355825647,2.14180434848894,0.141804348488936,0.141804348488936,0.0201084732503716,0.0689031234075765,NA,0.138770191587541,"ok"
"S3_linear_strong",405,20770405,1,"scenario_matched_gap_adjusted_did","linear_gap",2,0.526865482345034,0.6537396294031,0.126874147058065,2.52686548234503,1.87312585294193,-0.126874147058065,0.126874147058065,0.0160970491917116,0.06537396294031,NA,0.08971165640039,"ok"
"S3_linear_strong",406,20770406,1,"scenario_matched_gap_adjusted_did","linear_gap",2,0.917675652071972,0.936247132013032,0.0185714799410601,2.91767565207197,1.98142852005894,-0.0185714799410603,0.0185714799410603,0.000344899867201207,0.0936247132013032,NA,0.153355331966034,"ok"
"S3_linear_strong",407,20770407,1,"scenario_matched_gap_adjusted_did","linear_gap",2,0.753149396284658,0.860200308725151,0.107050912440493,2.75314939628466,1.89294908755951,-0.107050912440493,0.107050912440493,0.0114598978543421,0.0860200308725151,NA,0.142814640989115,"ok"
"S3_linear_strong",408,20770408,1,"scenario_matched_gap_adjusted_did","linear_gap",2,0.885640349220224,0.591651225012731,-0.293989124207494,2.88564034922022,2.29398912420749,0.293989124207494,0.293989124207494,0.0864296051522893,0.0591651225012731,NA,0.148539625042272,"ok"
"S3_linear_strong",409,20770409,1,"scenario_matched_gap_adjusted_did","linear_gap",2,0.954547679170449,1.00400595013552,0.0494582709650728,2.95454767917045,1.95054172903493,-0.0494582709650733,0.0494582709650733,0.00244612056685461,0.100400595013552,NA,0.128720778786341,"ok"
"S3_linear_strong",410,20770410,1,"scenario_matched_gap_adjusted_did","linear_gap",2,0.962648464345727,1.15070094487793,0.188052480532204,2.96264846434573,1.8119475194678,-0.188052480532204,0.188052480532204,0.035363735434315,0.115070094487793,NA,0.113305414178454,"ok"
"S3_linear_strong",411,20770411,1,"scenario_matched_gap_adjusted_did","linear_gap",2,0.844143228909764,0.862360404246359,0.0182171753365954,2.84414322890976,1.9817828246634,-0.0182171753365954,0.0182171753365954,0.000331865477244259,0.0862360404246359,NA,0.123179427079601,"ok"
"S3_linear_strong",412,20770412,1,"scenario_matched_gap_adjusted_did","linear_gap",2,0.904344415326905,0.789857110618215,-0.11448730470869,2.9043444153269,2.11448730470869,0.11448730470869,0.11448730470869,0.0131073429394604,0.0789857110618215,NA,0.127387223864944,"ok"
"S3_linear_strong",413,20770413,1,"scenario_matched_gap_adjusted_did","linear_gap",2,1.05166433724543,1.03228519956963,-0.0193791376757941,3.05166433724543,2.01937913767579,0.0193791376757941,0.0193791376757941,0.000375550977057384,0.103228519956963,NA,0.133000529184784,"ok"
"S3_linear_strong",414,20770414,1,"scenario_matched_gap_adjusted_did","linear_gap",2,0.789828635175039,0.752361271594339,-0.0374673635806995,2.78982863517504,2.0374673635807,0.0374673635806997,0.0374673635806997,0.00140380333368834,0.0752361271594339,NA,0.0978201081636735,"ok"
"S3_linear_strong",415,20770415,1,"scenario_matched_gap_adjusted_did","linear_gap",2,0.648468413726313,0.552544357798261,-0.0959240559280523,2.64846841372631,2.09592405592805,0.0959240559280521,0.0959240559280521,0.00920142450568806,0.0552544357798261,NA,0.137897361256357,"ok"
"S3_linear_strong",416,20770416,1,"scenario_matched_gap_adjusted_did","linear_gap",2,0.978594399463886,0.805292470439627,-0.173301929024259,2.97859439946389,2.17330192902426,0.173301929024259,0.173301929024259,0.0300335586035292,0.0805292470439627,NA,0.123452340332779,"ok"
"S3_linear_strong",417,20770417,1,"scenario_matched_gap_adjusted_did","linear_gap",2,0.786746977096315,0.83756641388054,0.0508194367842243,2.78674697709632,1.94918056321578,-0.0508194367842243,0.0508194367842243,0.00258261515506577,0.083756641388054,NA,0.111540438299866,"ok"
"S3_linear_strong",418,20770418,1,"scenario_matched_gap_adjusted_did","linear_gap",2,0.642007521088054,0.811644464389693,0.169636943301639,2.64200752108805,1.83036305669836,-0.169636943301639,0.169636943301639,0.0287766925327235,0.0811644464389693,NA,0.14133048348703,"ok"
"S3_linear_strong",419,20770419,1,"scenario_matched_gap_adjusted_did","linear_gap",2,0.962844740380768,1.00850290917613,0.0456581687953663,2.96284474038077,1.95434183120463,-0.0456581687953659,0.0456581687953659,0.00208466837774612,0.100850290917613,NA,0.110898999099531,"ok"
"S3_linear_strong",420,20770420,1,"scenario_matched_gap_adjusted_did","linear_gap",2,0.883164114156267,0.901915203163586,0.018751089007319,2.88316411415627,1.98124891099268,-0.018751089007319,0.018751089007319,0.000351603338960401,0.0901915203163586,NA,0.1235446624306,"ok"
"S3_linear_strong",421,20770421,1,"scenario_matched_gap_adjusted_did","linear_gap",2,0.629689340380217,0.634724150012007,0.00503480963178982,2.62968934038022,1.99496519036821,-0.00503480963178982,0.00503480963178982,2.53493080283635e-05,0.0634724150012007,NA,0.0979431175002,"ok"
"S3_linear_strong",422,20770422,1,"scenario_matched_gap_adjusted_did","linear_gap",2,0.679819670407925,0.772918096814347,0.0930984264064221,2.67981967040792,1.90690157359358,-0.0930984264064221,0.0930984264064221,0.00866731699935199,0.0772918096814347,NA,0.132036371546711,"ok"
"S3_linear_strong",423,20770423,1,"scenario_matched_gap_adjusted_did","linear_gap",2,0.782474003767784,0.830410991197844,0.0479369874300601,2.78247400376778,1.95206301256994,-0.0479369874300599,0.0479369874300599,0.00229795476386972,0.0830410991197844,NA,0.140590258566221,"ok"
"S3_linear_strong",424,20770424,1,"scenario_matched_gap_adjusted_did","linear_gap",2,0.904105185729138,0.74874018479682,-0.155365000932318,2.90410518572914,2.15536500093232,0.155365000932318,0.155365000932318,0.0241382835146992,0.074874018479682,NA,0.210508602958154,"ok"
"S3_linear_strong",425,20770425,1,"scenario_matched_gap_adjusted_did","linear_gap",2,0.7728135181973,0.603749593824374,-0.169063924372926,2.7728135181973,2.16906392437293,0.169063924372926,0.169063924372926,0.0285826105243745,0.0603749593824374,NA,0.13171203939915,"ok"
"S3_linear_strong",426,20770426,1,"scenario_matched_gap_adjusted_did","linear_gap",2,0.77577666039588,0.923680067014088,0.147903406618208,2.77577666039588,1.85209659338179,-0.147903406618208,0.147903406618208,0.021875417689271,0.0923680067014088,NA,0.135263488615319,"ok"
"S3_linear_strong",427,20770427,1,"scenario_matched_gap_adjusted_did","linear_gap",2,0.923672734733759,0.767477333681938,-0.156195401051821,2.92367273473376,2.15619540105182,0.156195401051821,0.156195401051821,0.0243970033097393,0.0767477333681938,NA,0.121318995883766,"ok"
"S3_linear_strong",428,20770428,1,"scenario_matched_gap_adjusted_did","linear_gap",2,0.598306008033265,0.840489615820189,0.242183607786924,2.59830600803326,1.75781639221308,-0.242183607786924,0.242183607786924,0.0586528998806907,0.0840489615820189,NA,0.138473290113788,"ok"
"S3_linear_strong",429,20770429,1,"scenario_matched_gap_adjusted_did","linear_gap",2,0.910654045190023,0.801366276528204,-0.109287768661819,2.91065404519002,2.10928776866182,0.109287768661819,0.109287768661819,0.0119438163790792,0.0801366276528204,NA,0.136921309649791,"ok"
"S3_linear_strong",430,20770430,1,"scenario_matched_gap_adjusted_did","linear_gap",2,0.889070921169672,0.741642263886793,-0.147428657282879,2.88907092116967,2.14742865728288,0.147428657282879,0.147428657282879,0.0217352089882327,0.0741642263886793,NA,0.0973485318473916,"ok"
"S3_linear_strong",431,20770431,1,"scenario_matched_gap_adjusted_did","linear_gap",2,0.801782211906078,0.911397652278888,0.10961544037281,2.80178221190608,1.89038455962719,-0.10961544037281,0.10961544037281,0.0120155447681251,0.0911397652278888,NA,0.0981596632724678,"ok"
"S3_linear_strong",432,20770432,1,"scenario_matched_gap_adjusted_did","linear_gap",2,0.785608687708731,0.730228687792259,-0.0553799999164724,2.78560868770873,2.05537999991647,0.0553799999164726,0.0553799999164726,0.0030669443907485,0.0730228687792259,NA,0.0565932494820061,"ok"
"S3_linear_strong",433,20770433,1,"scenario_matched_gap_adjusted_did","linear_gap",2,0.924633908765591,0.718019063852011,-0.20661484491358,2.92463390876559,2.20661484491358,0.20661484491358,0.20661484491358,0.0426896941386626,0.0718019063852011,NA,0.106855028121712,"ok"
"S3_linear_strong",434,20770434,1,"scenario_matched_gap_adjusted_did","linear_gap",2,0.885138079926555,0.906961041686493,0.0218229617599375,2.88513807992656,1.97817703824006,-0.0218229617599377,0.0218229617599377,0.000476241659975703,0.0906961041686493,NA,0.0954935843074581,"ok"
"S3_linear_strong",435,20770435,1,"scenario_matched_gap_adjusted_did","linear_gap",2,0.780734556144078,0.812001782638343,0.0312672264942646,2.78073455614408,1.96873277350574,-0.0312672264942644,0.0312672264942644,0.000977639452643629,0.0812001782638343,NA,0.111943917704399,"ok"
"S3_linear_strong",436,20770436,1,"scenario_matched_gap_adjusted_did","linear_gap",2,0.605113867406766,0.593604022985055,-0.0115098444217105,2.60511386740677,2.01150984442171,0.0115098444217105,0.0115098444217105,0.000132476518611981,0.0593604022985055,NA,0.178785083733125,"ok"
"S3_linear_strong",437,20770437,1,"scenario_matched_gap_adjusted_did","linear_gap",2,0.823726826316697,0.723339821507534,-0.100387004809164,2.8237268263167,2.10038700480916,0.100387004809164,0.100387004809164,0.0100775507345552,0.0723339821507533,NA,0.112303974620643,"ok"
"S3_linear_strong",438,20770438,1,"scenario_matched_gap_adjusted_did","linear_gap",2,0.787320045774056,0.897694829208863,0.110374783434807,2.78732004577406,1.88962521656519,-0.110374783434807,0.110374783434807,0.0121825928182805,0.0897694829208863,NA,0.151397599753142,"ok"
"S3_linear_strong",439,20770439,1,"scenario_matched_gap_adjusted_did","linear_gap",2,0.823119122929716,0.902331684470604,0.0792125615408883,2.82311912292972,1.92078743845911,-0.0792125615408885,0.0792125615408885,0.00627462990586905,0.0902331684470604,NA,0.154697160684935,"ok"
"S3_linear_strong",440,20770440,1,"scenario_matched_gap_adjusted_did","linear_gap",2,0.799457880540556,0.704130112430836,-0.09532776810972,2.79945788054056,2.09532776810972,0.09532776810972,0.09532776810972,0.00908738337278055,0.0704130112430836,NA,0.150436147120368,"ok"
"S3_linear_strong",441,20770441,1,"scenario_matched_gap_adjusted_did","linear_gap",2,0.982455397002411,1.01971956997808,0.0372641729756724,2.98245539700241,1.96273582702433,-0.0372641729756724,0.0372641729756724,0.00138861858756083,0.101971956997808,NA,0.165602620357178,"ok"
"S3_linear_strong",442,20770442,1,"scenario_matched_gap_adjusted_did","linear_gap",2,0.811412948083771,0.953839704598971,0.1424267565152,2.81141294808377,1.8575732434848,-0.1424267565152,0.1424267565152,0.02028538097144,0.0953839704598971,NA,0.10580372326465,"ok"
"S3_linear_strong",443,20770443,1,"scenario_matched_gap_adjusted_did","linear_gap",2,0.825082035785673,0.668182742571881,-0.156899293213792,2.82508203578567,2.15689929321379,0.156899293213791,0.156899293213791,0.0246173882109872,0.0668182742571881,NA,0.0953082743110162,"ok"
"S3_linear_strong",444,20770444,1,"scenario_matched_gap_adjusted_did","linear_gap",2,0.787023389656245,0.500363418802536,-0.286659970853709,2.78702338965625,2.28665997085371,0.28665997085371,0.28665997085371,0.0821739388898497,0.0500363418802536,NA,0.091834216762031,"ok"
"S3_linear_strong",445,20770445,1,"scenario_matched_gap_adjusted_did","linear_gap",2,0.611293496469768,0.530073494654514,-0.0812200018152538,2.61129349646977,2.08122000181525,0.0812200018152538,0.0812200018152538,0.00659668869486983,0.0530073494654514,NA,0.191891392481381,"ok"
"S3_linear_strong",446,20770446,1,"scenario_matched_gap_adjusted_did","linear_gap",2,0.929498646169342,0.840379033154525,-0.0891196130148173,2.92949864616934,2.08911961301482,0.0891196130148169,0.0891196130148169,0.00794230542391071,0.0840379033154525,NA,0.085587704869761,"ok"
"S3_linear_strong",447,20770447,1,"scenario_matched_gap_adjusted_did","linear_gap",2,0.837021971832179,0.529936311288362,-0.307085660543817,2.83702197183218,2.30708566054382,0.307085660543817,0.307085660543817,0.0943016029116326,0.0529936311288362,NA,0.115603791713944,"ok"
"S3_linear_strong",448,20770448,1,"scenario_matched_gap_adjusted_did","linear_gap",2,0.707073890379132,1.01053917307748,0.303465282698345,2.70707389037913,1.69653471730165,-0.303465282698346,0.303465282698346,0.0920911778031869,0.101053917307748,NA,0.108742287129441,"ok"
"S3_linear_strong",449,20770449,1,"scenario_matched_gap_adjusted_did","linear_gap",2,0.805333006777875,0.898613800484928,0.0932807937070537,2.80533300677788,1.90671920629295,-0.0932807937070532,0.0932807937070532,0.00870130647461782,0.0898613800484928,NA,0.169544464707363,"ok"
"S3_linear_strong",450,20770450,1,"scenario_matched_gap_adjusted_did","linear_gap",2,1.0200863915865,1.03201245285393,0.0119260612674363,3.0200863915865,1.98807393873256,-0.0119260612674368,0.0119260612674368,0.000142230937354656,0.103201245285393,NA,0.13838245772221,"ok"
"S3_linear_strong",451,20770451,1,"scenario_matched_gap_adjusted_did","linear_gap",2,0.974269009794209,0.988039807236069,0.0137707974418599,2.97426900979421,1.98622920255814,-0.0137707974418599,0.0137707974418599,0.000189634862184736,0.0988039807236068,NA,0.122161630817126,"ok"
"S3_linear_strong",452,20770452,1,"scenario_matched_gap_adjusted_did","linear_gap",2,0.821604089826435,0.877692124500531,0.0560880346740953,2.82160408982643,1.9439119653259,-0.0560880346740957,0.0560880346740957,0.00314586763360257,0.0877692124500531,NA,0.127725041151304,"ok"
"S3_linear_strong",453,20770453,1,"scenario_matched_gap_adjusted_did","linear_gap",2,0.710596141084248,0.899495766799861,0.188899625715614,2.71059614108425,1.81110037428439,-0.188899625715614,0.188899625715614,0.0356830685954989,0.0899495766799861,NA,0.13029178969131,"ok"
"S3_linear_strong",454,20770454,1,"scenario_matched_gap_adjusted_did","linear_gap",2,0.956945879988778,0.870195511238755,-0.0867503687500233,2.95694587998878,2.08675036875002,0.0867503687500233,0.0867503687500233,0.00752562647826502,0.0870195511238755,NA,0.128642906643131,"ok"
"S3_linear_strong",455,20770455,1,"scenario_matched_gap_adjusted_did","linear_gap",2,0.903023947442834,0.934308610027994,0.0312846625851604,2.90302394744283,1.96871533741484,-0.0312846625851604,0.0312846625851604,0.000978730113067334,0.0934308610027994,NA,0.154219503364493,"ok"
"S3_linear_strong",456,20770456,1,"scenario_matched_gap_adjusted_did","linear_gap",2,0.700275712282484,0.735235872788655,0.0349601605061713,2.70027571228248,1.96503983949383,-0.0349601605061709,0.0349601605061709,0.00122221282261723,0.0735235872788655,NA,0.130083662433718,"ok"
"S3_linear_strong",457,20770457,1,"scenario_matched_gap_adjusted_did","linear_gap",2,0.833610208522994,0.729833646109431,-0.103776562413564,2.83361020852299,2.10377656241356,0.103776562413564,0.103776562413564,0.0107695749063763,0.0729833646109431,NA,0.0929676909303581,"ok"
"S3_linear_strong",458,20770458,1,"scenario_matched_gap_adjusted_did","linear_gap",2,0.699277483374477,0.850208492477068,0.150931009102591,2.69927748337448,1.84906899089741,-0.150931009102591,0.150931009102591,0.0227801695087265,0.0850208492477068,NA,0.153463237793458,"ok"
"S3_linear_strong",459,20770459,1,"scenario_matched_gap_adjusted_did","linear_gap",2,0.904011035341349,0.95168959111771,0.0476785557763604,2.90401103534135,1.95232144422364,-0.0476785557763604,0.0476785557763604,0.00227324468091951,0.095168959111771,NA,0.119397345639023,"ok"
"S3_linear_strong",460,20770460,1,"scenario_matched_gap_adjusted_did","linear_gap",2,0.762341852315999,0.642156005318402,-0.120185846997597,2.762341852316,2.1201858469976,0.120185846997597,0.120185846997597,0.0144446378185297,0.0642156005318402,NA,0.123544595861157,"ok"
"S3_linear_strong",461,20770461,1,"scenario_matched_gap_adjusted_did","linear_gap",2,1.12558142897414,1.14718563871758,0.021604209743439,3.12558142897414,1.97839579025656,-0.021604209743439,0.021604209743439,0.000466741878638505,0.114718563871758,NA,0.161762182392803,"ok"
"S3_linear_strong",462,20770462,1,"scenario_matched_gap_adjusted_did","linear_gap",2,0.766195425894888,0.775512384312955,0.00931695841806768,2.76619542589489,1.99068304158193,-0.00931695841806746,0.00931695841806746,8.6805714163998e-05,0.0775512384312955,NA,0.166704851516136,"ok"
"S3_linear_strong",463,20770463,1,"scenario_matched_gap_adjusted_did","linear_gap",2,0.809222410023531,0.709807147641054,-0.0994152623824771,2.80922241002353,2.09941526238248,0.0994152623824771,0.0994152623824771,0.00988339439457677,0.0709807147641053,NA,0.0850657158200737,"ok"
"S3_linear_strong",464,20770464,1,"scenario_matched_gap_adjusted_did","linear_gap",2,0.811541913039195,0.781493337436197,-0.030048575602998,2.81154191303919,2.030048575603,0.030048575602998,0.030048575602998,0.000902916895769087,0.0781493337436197,NA,0.109949314579975,"ok"
"S3_linear_strong",465,20770465,1,"scenario_matched_gap_adjusted_did","linear_gap",2,0.672172288601799,0.523713846536329,-0.148458442065469,2.6721722886018,2.14845844206547,0.148458442065469,0.148458442065469,0.0220399090205063,0.0523713846536329,NA,0.1133131732091,"ok"
"S3_linear_strong",466,20770466,1,"scenario_matched_gap_adjusted_did","linear_gap",2,0.678685677826992,0.943850751463275,0.265165073636284,2.67868567782699,1.73483492636372,-0.265165073636284,0.265165073636284,0.0703125162765358,0.0943850751463275,NA,0.135449098298102,"ok"
"S3_linear_strong",467,20770467,1,"scenario_matched_gap_adjusted_did","linear_gap",2,0.733363904749724,0.722667614892477,-0.0106962898572474,2.73336390474972,2.01069628985725,0.0106962898572469,0.0106962898572469,0.000114410616710243,0.0722667614892477,NA,0.149887813799568,"ok"
"S3_linear_strong",468,20770468,1,"scenario_matched_gap_adjusted_did","linear_gap",2,0.971111744890129,1.11463034327633,0.143518598386204,2.97111174489013,1.8564814016138,-0.143518598386204,0.143518598386204,0.0205975880827404,0.111463034327633,NA,0.111821660472296,"ok"
"S3_linear_strong",469,20770469,1,"scenario_matched_gap_adjusted_did","linear_gap",2,0.583476956687711,0.575030386140454,-0.00844657054725695,2.58347695668771,2.00844657054726,0.00844657054725717,0.00844657054725717,7.13445540097923e-05,0.0575030386140454,NA,0.108933736283937,"ok"
"S3_linear_strong",470,20770470,1,"scenario_matched_gap_adjusted_did","linear_gap",2,0.877440659388787,0.800946239491759,-0.0764944198970281,2.87744065938879,2.07649441989703,0.0764944198970281,0.0764944198970281,0.00585139627538285,0.0800946239491758,NA,0.0744595318604399,"ok"
"S3_linear_strong",471,20770471,1,"scenario_matched_gap_adjusted_did","linear_gap",2,0.930227538836971,1.04146964320926,0.111242104372285,2.93022753883697,1.88875789562772,-0.111242104372284,0.111242104372284,0.0123748057851742,0.104146964320926,NA,0.154936000954509,"ok"
"S3_linear_strong",472,20770472,1,"scenario_matched_gap_adjusted_did","linear_gap",2,0.736655165521276,0.737923163874073,0.00126799835279723,2.73665516552128,1.9987320016472,-0.00126799835279723,0.00126799835279723,1.60781982269648e-06,0.0737923163874073,NA,0.116961221630454,"ok"
"S3_linear_strong",473,20770473,1,"scenario_matched_gap_adjusted_did","linear_gap",2,0.873212712380687,0.965868606871914,0.0926558944912277,2.87321271238069,1.90734410550877,-0.0926558944912275,0.0926558944912275,0.00858511478396948,0.0965868606871914,NA,0.100588557367503,"ok"
"S3_linear_strong",474,20770474,1,"scenario_matched_gap_adjusted_did","linear_gap",2,0.924366579642356,1.09299949925078,0.168632919608421,2.92436657964236,1.83136708039158,-0.168632919608421,0.168632919608421,0.0284370615756603,0.109299949925078,NA,0.163305927183631,"ok"
"S3_linear_strong",475,20770475,1,"scenario_matched_gap_adjusted_did","linear_gap",2,0.916344630698362,0.887406181809681,-0.0289384488886808,2.91634463069836,2.02893844888868,0.0289384488886801,0.0289384488886801,0.000837433824082753,0.0887406181809681,NA,0.101883769737527,"ok"
"S3_linear_strong",476,20770476,1,"scenario_matched_gap_adjusted_did","linear_gap",2,0.863982922146769,0.982493668231211,0.118510746084442,2.86398292214677,1.88148925391556,-0.118510746084442,0.118510746084442,0.0140447969374911,0.0982493668231211,NA,0.20672958768414,"ok"
"S3_linear_strong",477,20770477,1,"scenario_matched_gap_adjusted_did","linear_gap",2,0.638762013676678,0.701068506128286,0.0623064924516074,2.63876201367668,1.93769350754839,-0.0623064924516072,0.0623064924516072,0.00388209900162219,0.0701068506128286,NA,0.123494163581541,"ok"
"S3_linear_strong",478,20770478,1,"scenario_matched_gap_adjusted_did","linear_gap",2,0.71159877202264,0.528594659998952,-0.183004112023688,2.71159877202264,2.18300411202369,0.183004112023688,0.183004112023688,0.0334905050175786,0.0528594659998952,NA,0.147452710503414,"ok"
"S3_linear_strong",479,20770479,1,"scenario_matched_gap_adjusted_did","linear_gap",2,0.874848981626838,0.772824568976211,-0.102024412650628,2.87484898162684,2.10202441265063,0.102024412650628,0.102024412650628,0.0104089807767055,0.0772824568976211,NA,0.102999220632832,"ok"
"S3_linear_strong",480,20770480,1,"scenario_matched_gap_adjusted_did","linear_gap",2,0.785859122701715,0.761872362031448,-0.0239867606702673,2.78585912270171,2.02398676067027,0.0239867606702671,0.0239867606702671,0.000575364687452671,0.0761872362031448,NA,0.143562611095917,"ok"
"S3_linear_strong",481,20770481,1,"scenario_matched_gap_adjusted_did","linear_gap",2,0.910525837622558,0.978480505400358,0.0679546677778,2.91052583762256,1.9320453322222,-0.0679546677778,0.0679546677778,0.00461783687279117,0.0978480505400358,NA,0.121748392821145,"ok"
"S3_linear_strong",482,20770482,1,"scenario_matched_gap_adjusted_did","linear_gap",2,0.798405334005086,0.840082442755837,0.0416771087507508,2.79840533400509,1.95832289124925,-0.0416771087507504,0.0416771087507504,0.00173698139382187,0.0840082442755837,NA,0.172028448373029,"ok"
"S3_linear_strong",483,20770483,1,"scenario_matched_gap_adjusted_did","linear_gap",2,0.692534479979198,0.680979227401973,-0.0115552525772258,2.6925344799792,2.01155525257723,0.0115552525772258,0.0115552525772258,0.000133523862123483,0.0680979227401973,NA,0.0955690688679135,"ok"
"S3_linear_strong",484,20770484,1,"scenario_matched_gap_adjusted_did","linear_gap",2,0.725695078759632,0.665898114206454,-0.0597969645531785,2.72569507875963,2.05979696455318,0.0597969645531782,0.0597969645531782,0.00357567696977405,0.0665898114206454,NA,0.0979007321500132,"ok"
"S3_linear_strong",485,20770485,1,"scenario_matched_gap_adjusted_did","linear_gap",2,0.857279445825279,0.81879265251924,-0.0384867933060391,2.85727944582528,2.03848679330604,0.0384867933060393,0.0384867933060393,0.00148123325898179,0.081879265251924,NA,0.14264728008651,"ok"
"S3_linear_strong",486,20770486,1,"scenario_matched_gap_adjusted_did","linear_gap",2,0.725759917121552,0.879843326451802,0.15408340933025,2.72575991712155,1.84591659066975,-0.15408340933025,0.15408340933025,0.0237416970308334,0.0879843326451802,NA,0.171279183139173,"ok"
"S3_linear_strong",487,20770487,1,"scenario_matched_gap_adjusted_did","linear_gap",2,0.748028392991963,0.502475850470273,-0.245552542521691,2.74802839299196,2.24555254252169,0.245552542521691,0.245552542521691,0.0602960511388667,0.0502475850470272,NA,0.117021415301697,"ok"
"S3_linear_strong",488,20770488,1,"scenario_matched_gap_adjusted_did","linear_gap",2,0.769058842592285,0.869003394593887,0.0999445520016018,2.76905884259229,1.9000554479984,-0.0999445520016016,0.0999445520016016,0.00998891347480084,0.0869003394593886,NA,0.153651154736483,"ok"
"S3_linear_strong",489,20770489,1,"scenario_matched_gap_adjusted_did","linear_gap",2,0.855124413351269,0.800020131119681,-0.0551042822315881,2.85512441335127,2.05510428223159,0.0551042822315884,0.0551042822315884,0.00303648192025854,0.0800020131119681,NA,0.106072607857596,"ok"
"S3_linear_strong",490,20770490,1,"scenario_matched_gap_adjusted_did","linear_gap",2,0.980991457693217,0.773931303960102,-0.207060153733114,2.98099145769322,2.20706015373311,0.207060153733114,0.207060153733114,0.0428739072639806,0.0773931303960102,NA,0.164211604880446,"ok"
"S3_linear_strong",491,20770491,1,"scenario_matched_gap_adjusted_did","linear_gap",2,0.911262746014199,0.815074116996093,-0.0961886290181064,2.9112627460142,2.09618862901811,0.0961886290181067,0.0961886290181067,0.00925225235238295,0.0815074116996093,NA,0.106898007722105,"ok"
"S3_linear_strong",492,20770492,1,"scenario_matched_gap_adjusted_did","linear_gap",2,0.739224174620389,0.884488107016578,0.145263932396189,2.73922417462039,1.85473606760381,-0.145263932396189,0.145263932396189,0.0211016100552046,0.0884488107016578,NA,0.136781590092225,"ok"
"S3_linear_strong",493,20770493,1,"scenario_matched_gap_adjusted_did","linear_gap",2,0.995738773740388,0.845276891300627,-0.150461882439761,2.99573877374039,2.15046188243976,0.150461882439762,0.150461882439762,0.0226387780673167,0.0845276891300627,NA,0.113865255063776,"ok"
"S3_linear_strong",494,20770494,1,"scenario_matched_gap_adjusted_did","linear_gap",2,1.15025679815207,1.15339324155436,0.00313644340229358,3.15025679815207,1.99686355659771,-0.00313644340229335,0.00313644340229335,9.83727721578951e-06,0.115339324155436,NA,0.0659687098201569,"ok"
"S3_linear_strong",495,20770495,1,"scenario_matched_gap_adjusted_did","linear_gap",2,0.998686525536106,1.08393487600773,0.0852483504716268,2.99868652553611,1.91475164952837,-0.0852483504716262,0.0852483504716262,0.0072672812581332,0.108393487600773,NA,0.114452959145536,"ok"
"S3_linear_strong",496,20770496,1,"scenario_matched_gap_adjusted_did","linear_gap",2,1.00068686008066,0.785134419756918,-0.215552440323745,3.00068686008066,2.21555244032374,0.215552440323745,0.215552440323745,0.0464628545295215,0.0785134419756918,NA,0.138186818997611,"ok"
"S3_linear_strong",497,20770497,1,"scenario_matched_gap_adjusted_did","linear_gap",2,0.571342880716638,0.505180742020022,-0.0661621386966166,2.57134288071664,2.06616213869662,0.0661621386966167,0.0661621386966167,0.00437742859691034,0.0505180742020022,NA,0.107251115334867,"ok"
"S3_linear_strong",498,20770498,1,"scenario_matched_gap_adjusted_did","linear_gap",2,1.00457365529464,1.1186502486759,0.114076593381258,3.00457365529464,1.88592340661874,-0.114076593381258,0.114076593381258,0.0130134691574728,0.11186502486759,NA,0.184261947430658,"ok"
"S3_linear_strong",499,20770499,1,"scenario_matched_gap_adjusted_did","linear_gap",2,0.814148639433959,0.755926234097457,-0.0582224053365017,2.81414863943396,2.0582224053365,0.0582224053365015,0.0582224053365015,0.00338984848316788,0.0755926234097457,NA,0.153527631191426,"ok"
"S3_linear_strong",500,20770500,1,"scenario_matched_gap_adjusted_did","linear_gap",2,0.876586564355089,0.647189516551363,-0.229397047803725,2.87658656435509,2.22939704780373,0.229397047803725,0.229397047803725,0.0526230055410645,0.0647189516551363,NA,0.118342288662966,"ok"
"S4_quadratic_moderate",1,20870001,1,"scenario_matched_gap_adjusted_did","quadratic_gap",2,0.346919294038229,0.253482095146313,-0.0934371988919159,2.34691929403823,2.09343719889192,0.093437198891916,0.093437198891916,0.00873051013676748,0.0337309734066669,-0.000375347636956817,0.113859356684057,"ok"
"S4_quadratic_moderate",2,20870002,1,"scenario_matched_gap_adjusted_did","quadratic_gap",2,0.270333379993967,-0.0145903673738832,-0.28492374736785,2.27033337999397,2.28492374736785,0.28492374736785,0.28492374736785,0.0811815418141386,0.0111644226273371,-0.000565229523793677,0.104152712630362,"ok"
"S4_quadratic_moderate",3,20870003,1,"scenario_matched_gap_adjusted_did","quadratic_gap",2,0.294192663982416,0.0371033378070842,-0.257089326175332,2.29419266398242,2.25708932617533,0.257089326175332,0.257089326175332,0.0660949216332861,-0.0138962924623701,0.000788356398943813,0.097468584927864,"ok"
"S4_quadratic_moderate",4,20870004,1,"scenario_matched_gap_adjusted_did","quadratic_gap",2,0.185463588280784,-0.551422728224786,-0.73688631650557,2.18546358828078,2.73688631650557,0.736886316505569,0.736886316505569,0.543001443453146,0.0763375955318285,-0.00588715828452122,0.173533653164298,"ok"
"S4_quadratic_moderate",5,20870005,1,"scenario_matched_gap_adjusted_did","quadratic_gap",2,0.276452673633315,0.27930803932925,0.00285536569593547,2.27645267363331,1.99714463430406,-0.00285536569593536,0.00285536569593536,8.15311325752444e-06,0.0272167879700501,3.19708640093261e-05,0.0993333956506028,"ok"
"S4_quadratic_moderate",6,20870006,1,"scenario_matched_gap_adjusted_did","quadratic_gap",2,0.309386629351162,-0.258127518657751,-0.567514148008912,2.30938662935116,2.56751414800891,0.567514148008912,0.567514148008912,0.322072308190282,0.058560961804799,-0.0037779274777869,0.123015106772235,"ok"
"S4_quadratic_moderate",7,20870007,1,"scenario_matched_gap_adjusted_did","quadratic_gap",2,0.260629409103079,0.572720809563638,0.312091400460559,2.26062940910308,1.68790859953944,-0.312091400460559,0.312091400460559,0.0974010422414333,0.0182706918241599,0.00174633085666585,0.12357586660805,"ok"
"S4_quadratic_moderate",8,20870008,1,"scenario_matched_gap_adjusted_did","quadratic_gap",2,0.259447589043418,-0.0300408309397629,-0.289488419983181,2.25944758904342,2.28948841998318,0.289488419983181,0.289488419983181,0.0838035453043584,0.0428995968621849,-0.00205538865475348,0.106535209239975,"ok"
"S4_quadratic_moderate",9,20870009,1,"scenario_matched_gap_adjusted_did","quadratic_gap",2,0.202889426278371,-0.111150573843216,-0.314040000121586,2.20288942627837,2.31404000012159,0.314040000121586,0.314040000121586,0.0986211216763658,0.0288015201838983,-0.00178730944335313,0.0971202579816583,"ok"
"S4_quadratic_moderate",10,20870010,1,"scenario_matched_gap_adjusted_did","quadratic_gap",2,0.239702642937516,0.511005784997329,0.271303142059812,2.23970264293752,1.72869685794019,-0.271303142059812,0.271303142059812,0.0736053948915266,0.038215917669136,0.000576925111817769,0.110173258689821,"ok"
"S4_quadratic_moderate",11,20870011,1,"scenario_matched_gap_adjusted_did","quadratic_gap",2,0.211533697675989,0.120209798843978,-0.0913238988320112,2.21153369767599,2.09132389883201,0.0913238988320111,0.0913238988320111,0.0083400544978794,0.00322663621883496,0.000393776582040127,0.0641726824032657,"ok"
"S4_quadratic_moderate",12,20870012,1,"scenario_matched_gap_adjusted_did","quadratic_gap",2,0.164449044343118,0.550756436194117,0.386307391850999,2.16444904434312,1.613692608149,-0.386307391850999,0.386307391850999,0.149233400998721,-0.0738727774448019,0.00577380989839762,0.216670419841132,"ok"
"S4_quadratic_moderate",13,20870013,1,"scenario_matched_gap_adjusted_did","quadratic_gap",2,0.399819876125306,1.40682868382821,1.00700880770291,2.39981987612531,0.992991192297093,-1.00700880770291,1.00700880770291,1.01406673879123,-0.126906858083046,0.0119816295432478,0.0793974564210699,"ok"
"S4_quadratic_moderate",14,20870014,1,"scenario_matched_gap_adjusted_did","quadratic_gap",2,0.315361498245505,0.219026462394017,-0.0963350358514883,2.31536149824551,2.09633503585149,0.0963350358514878,0.0963350358514878,0.00928043913250745,0.0497838950571509,-0.00124841412616787,0.110855014290082,"ok"
"S4_quadratic_moderate",15,20870015,1,"scenario_matched_gap_adjusted_did","quadratic_gap",2,0.315796686127774,-0.267702586909504,-0.583499273037278,2.31579668612777,2.58349927303728,0.583499273037278,0.583499273037278,0.340471401635032,0.0379306620797754,-0.00289705615391309,0.153021070482654,"ok"
"S4_quadratic_moderate",16,20870016,1,"scenario_matched_gap_adjusted_did","quadratic_gap",2,0.256733385238497,0.425177772254701,0.168444387016204,2.2567333852385,1.8315556129838,-0.168444387016204,0.168444387016204,0.0283735115172646,-0.0157686303722559,0.00260983914616683,0.142270848430981,"ok"
"S4_quadratic_moderate",17,20870017,1,"scenario_matched_gap_adjusted_did","quadratic_gap",2,0.0871863199236835,0.832332647073944,0.745146327150261,2.08718631992368,1.25485367284974,-0.745146327150261,0.745146327150261,0.555243048865524,-0.0448550791885711,0.00573529898041637,0.107836674116267,"ok"
"S4_quadratic_moderate",18,20870018,1,"scenario_matched_gap_adjusted_did","quadratic_gap",2,0.370283628514931,0.416277483221654,0.0459938547067226,2.37028362851493,1.95400614529328,-0.0459938547067227,0.0459938547067227,0.00211543467078312,0.0263626975803722,0.00068350973470716,0.143522120620165,"ok"
"S4_quadratic_moderate",19,20870019,1,"scenario_matched_gap_adjusted_did","quadratic_gap",2,0.357323886149047,-0.336252240320607,-0.693576126469654,2.35732388614905,2.69357612646965,0.693576126469654,0.693576126469654,0.48104784320865,0.0795033215842503,-0.00506545726640199,0.155062328114991,"ok"
"S4_quadratic_moderate",20,20870020,1,"scenario_matched_gap_adjusted_did","quadratic_gap",2,0.051526512131798,-0.248673367850803,-0.300199879982601,2.0515265121318,2.3001998799826,0.300199879982601,0.300199879982601,0.0901199679415678,-0.00871805290295481,-0.000723102263378753,0.117903361849685,"ok"
"S4_quadratic_moderate",21,20870021,1,"scenario_matched_gap_adjusted_did","quadratic_gap",2,0.236959559326818,-0.0733353093036987,-0.310294868630516,2.23695955932682,2.31029486863052,0.310294868630516,0.310294868630516,0.0962829054984293,0.0119342724189045,-0.000862737463400346,0.108355715593183,"ok"
"S4_quadratic_moderate",22,20870022,1,"scenario_matched_gap_adjusted_did","quadratic_gap",2,0.296988599919675,-0.108166206217626,-0.405154806137301,2.29698859991967,2.4051548061373,0.405154806137301,0.405154806137301,0.164150416936154,0.0630811909642034,-0.00330885723519251,0.143626592041732,"ok"
"S4_quadratic_moderate",23,20870023,1,"scenario_matched_gap_adjusted_did","quadratic_gap",2,0.229272230159745,-0.304570122499582,-0.533842352659326,2.22927223015974,2.53384235265933,0.533842352659327,0.533842352659327,0.284987657492845,0.0874480086331397,-0.00527932929327304,0.0850070762136082,"ok"
"S4_quadratic_moderate",24,20870024,1,"scenario_matched_gap_adjusted_did","quadratic_gap",2,0.2209164760879,0.479582524193254,0.258666048105354,2.2209164760879,1.74133395189465,-0.258666048105354,0.258666048105354,0.0669081244424414,-0.0322608451459342,0.00359189989098177,0.119624345435467,"ok"
"S4_quadratic_moderate",25,20870025,1,"scenario_matched_gap_adjusted_did","quadratic_gap",2,0.511727178882579,0.253296114667571,-0.258431064215008,2.51172717888258,2.25843106421501,0.258431064215008,0.258431064215008,0.0667866149513015,-0.00876861261402683,0.00152678615287092,0.139639525229817,"ok"
"S4_quadratic_moderate",26,20870026,1,"scenario_matched_gap_adjusted_did","quadratic_gap",2,0.295122349262845,0.122011607638316,-0.173110741624529,2.29512234926284,2.17311074162453,0.173110741624529,0.173110741624529,0.0299673288657944,-0.0251092996763946,0.00167061763165192,0.103087237929206,"ok"
"S4_quadratic_moderate",27,20870027,1,"scenario_matched_gap_adjusted_did","quadratic_gap",2,0.231751680841807,0.465562284417394,0.233810603575587,2.23175168084181,1.76618939642441,-0.233810603575586,0.233810603575586,0.0546673983443801,-0.0150339786898461,0.00275777046857845,0.100576849135614,"ok"
"S4_quadratic_moderate",28,20870028,1,"scenario_matched_gap_adjusted_did","quadratic_gap",2,0.0831043446643941,0.439649508215055,0.35654516355066,2.08310434466439,1.64345483644934,-0.35654516355066,0.35654516355066,0.127124453651367,-0.0466527180810934,0.00405750756280293,0.0868165801906082,"ok"
"S4_quadratic_moderate",29,20870029,1,"scenario_matched_gap_adjusted_did","quadratic_gap",2,0.321476631613496,0.497343831282835,0.175867199669339,2.3214766316135,1.82413280033066,-0.175867199669339,0.175867199669339,0.0309292719195353,0.00669808509958807,0.00192699841919532,0.101284901458631,"ok"
"S4_quadratic_moderate",30,20870030,1,"scenario_matched_gap_adjusted_did","quadratic_gap",2,0.132501375670221,0.285034813819386,0.152533438149165,2.13250137567022,1.84746656185084,-0.152533438149165,0.152533438149165,0.0232664497536051,0.00774512386378856,0.00092947869484254,0.109961579156403,"ok"
"S4_quadratic_moderate",31,20870031,1,"scenario_matched_gap_adjusted_did","quadratic_gap",2,0.308447168573727,0.25156885287237,-0.0568783157013565,2.30844716857373,2.05687831570136,0.0568783157013564,0.0568783157013564,0.00323514279702316,-0.0242351579834704,0.0022115840270466,0.140928259026222,"ok"
"S4_quadratic_moderate",32,20870032,1,"scenario_matched_gap_adjusted_did","quadratic_gap",2,0.367478595162913,0.540632859000166,0.173154263837253,2.36747859516291,1.82684573616275,-0.173154263837253,0.173154263837253,0.0299823990850212,-0.0578612787545446,0.00501154767109976,0.0829184454431973,"ok"
"S4_quadratic_moderate",33,20870033,1,"scenario_matched_gap_adjusted_did","quadratic_gap",2,0.33719048492587,0.752387492612268,0.415197007686398,2.33719048492587,1.5848029923136,-0.415197007686398,0.415197007686398,0.172388555191739,-0.0440429740171391,0.00534097268410594,0.142217672304027,"ok"
"S4_quadratic_moderate",34,20870034,1,"scenario_matched_gap_adjusted_did","quadratic_gap",2,0.41209555826286,0.444629802444731,0.0325342441818706,2.41209555826286,1.96746575581813,-0.0325342441818703,0.0325342441818703,0.00105847704448556,-0.017427093547826,0.00277119733398354,0.115354118713397,"ok"
"S4_quadratic_moderate",35,20870035,1,"scenario_matched_gap_adjusted_did","quadratic_gap",2,0.309695139710686,-0.0127147816375811,-0.322409921348267,2.30969513971069,2.32240992134827,0.322409921348267,0.322409921348267,0.103948157383795,0.0134315372182453,-0.000658343972328512,0.146051485187009,"ok"
"S4_quadratic_moderate",36,20870036,1,"scenario_matched_gap_adjusted_did","quadratic_gap",2,0.344889528005967,0.0903813412498155,-0.254508186756151,2.34488952800597,2.25450818675615,0.254508186756151,0.254508186756151,0.064774417125904,-0.00215302994827079,0.000501096898802343,0.135813543844154,"ok"
"S4_quadratic_moderate",37,20870037,1,"scenario_matched_gap_adjusted_did","quadratic_gap",2,0.37426408832628,0.635232597169091,0.260968508842811,2.37426408832628,1.73903149115719,-0.260968508842811,0.260968508842811,0.0681045626076401,-0.109889933827867,0.00776476986021383,0.105952973708321,"ok"
"S4_quadratic_moderate",38,20870038,1,"scenario_matched_gap_adjusted_did","quadratic_gap",2,0.228778049821694,-0.341316969780161,-0.570095019601856,2.22877804982169,2.57009501960186,0.570095019601856,0.570095019601856,0.32500833137484,0.0539243280388371,-0.00394280709030686,0.142445759323345,"ok"
"S4_quadratic_moderate",39,20870039,1,"scenario_matched_gap_adjusted_did","quadratic_gap",2,0.348179680599182,-0.243260851278052,-0.591440531877235,2.34817968059918,2.59144053187723,0.591440531877235,0.591440531877235,0.349801902747226,0.0383837720248523,-0.00280790405161153,0.180218300669579,"ok"
"S4_quadratic_moderate",40,20870040,1,"scenario_matched_gap_adjusted_did","quadratic_gap",2,0.371275025762296,0.47713949292405,0.105864467161754,2.3712750257623,1.89413553283825,-0.105864467161754,0.105864467161754,0.0112072854074421,-0.0762971664053859,0.00555273652378168,0.0904180191609455,"ok"
"S4_quadratic_moderate",41,20870041,1,"scenario_matched_gap_adjusted_did","quadratic_gap",2,0.324237071659051,-0.315024481103076,-0.639261552762127,2.32423707165905,2.63926155276213,0.639261552762127,0.639261552762127,0.408655332839846,0.0761598760112156,-0.0048207010800682,0.102898958025838,"ok"
"S4_quadratic_moderate",42,20870042,1,"scenario_matched_gap_adjusted_did","quadratic_gap",2,0.388078502243968,0.158199244351349,-0.229879257892619,2.38807850224397,2.22987925789262,0.229879257892619,0.229879257892619,0.0528444732092613,0.00914464621545313,0.000298893054612617,0.0893456065626012,"ok"
"S4_quadratic_moderate",43,20870043,1,"scenario_matched_gap_adjusted_did","quadratic_gap",2,0.323984171013673,0.0662632904092102,-0.257720880604463,2.32398417101367,2.25772088060446,0.257720880604463,0.257720880604463,0.0664200522995397,0.0181959822819814,-0.000518044174972851,0.0891144959531503,"ok"
"S4_quadratic_moderate",44,20870044,1,"scenario_matched_gap_adjusted_did","quadratic_gap",2,0.0714894898060502,-0.0971736397691385,-0.168663129575189,2.07148948980605,2.16866312957519,0.168663129575188,0.168663129575188,0.0284472512780968,0.0136709601905791,-0.00104723839555939,0.132108785754152,"ok"
"S4_quadratic_moderate",45,20870045,1,"scenario_matched_gap_adjusted_did","quadratic_gap",2,0.367129556400542,0.746953483519693,0.379823927119151,2.36712955640054,1.62017607288085,-0.379823927119151,0.379823927119151,0.144266215612214,-0.0235523372540144,0.00439915010176046,0.108653440949302,"ok"
"S4_quadratic_moderate",46,20870046,1,"scenario_matched_gap_adjusted_did","quadratic_gap",2,0.260618924263077,0.145573380003471,-0.115045544259606,2.26061892426308,2.11504554425961,0.115045544259606,0.115045544259606,0.013235477253989,0.0169697040523534,-0.000108016390388339,0.170547570182792,"ok"
"S4_quadratic_moderate",47,20870047,1,"scenario_matched_gap_adjusted_did","quadratic_gap",2,0.176739550371408,0.612809319073607,0.436069768702199,2.17673955037141,1.5639302312978,-0.436069768702199,0.436069768702199,0.19015684317599,-0.0582973110963596,0.00535424968673375,0.0847970161641818,"ok"
"S4_quadratic_moderate",48,20870048,1,"scenario_matched_gap_adjusted_did","quadratic_gap",2,0.165833587219566,0.0928689593440559,-0.0729646278755101,2.16583358721957,2.07296462787551,0.0729646278755101,0.0729646278755101,0.00532383692101166,0.027776801814487,-0.00082790623343648,0.108521644196872,"ok"
"S4_quadratic_moderate",49,20870049,1,"scenario_matched_gap_adjusted_did","quadratic_gap",2,0.2543394847532,-0.106265686533068,-0.360605171286267,2.2543394847532,2.36060517128627,0.360605171286267,0.360605171286267,0.130036089558398,0.0182438454697919,-0.00129270510998949,0.144120666154611,"ok"
"S4_quadratic_moderate",50,20870050,1,"scenario_matched_gap_adjusted_did","quadratic_gap",2,0.295307081631104,-0.323648592935298,-0.618955674566402,2.2953070816311,2.6189556745664,0.618955674566402,0.618955674566402,0.383106127077949,0.0834379849105037,-0.00518520197928508,0.160941162815169,"ok"
"S4_quadratic_moderate",51,20870051,1,"scenario_matched_gap_adjusted_did","quadratic_gap",2,0.0907061078264284,0.609115480266996,0.518409372440568,2.09070610782643,1.48159062755943,-0.518409372440568,0.518409372440568,0.268748277434224,-0.000359320441246353,0.00274347172244534,0.182086911508074,"ok"
"S4_quadratic_moderate",52,20870052,1,"scenario_matched_gap_adjusted_did","quadratic_gap",2,0.223877456008886,0.0878312773579318,-0.136046178650954,2.22387745600889,2.13604617865095,0.136046178650954,0.136046178650954,0.0185085627255274,-0.00608507609686956,0.000665740470119227,0.135291705962838,"ok"
"S4_quadratic_moderate",53,20870053,1,"scenario_matched_gap_adjusted_did","quadratic_gap",2,0.184471501995114,-0.0686428927704883,-0.253114394765602,2.18447150199511,2.2531143947656,0.253114394765602,0.253114394765602,0.064066896837557,0.028296629067596,-0.00157436947811843,0.100534813269234,"ok"
"S4_quadratic_moderate",54,20870054,1,"scenario_matched_gap_adjusted_did","quadratic_gap",2,0.296396233003511,-0.158480436822862,-0.454876669826373,2.29639623300351,2.45487666982637,0.454876669826373,0.454876669826373,0.206912784752331,0.059174443147865,-0.00335921582821573,0.0821600163438455,"ok"
"S4_quadratic_moderate",55,20870055,1,"scenario_matched_gap_adjusted_did","quadratic_gap",2,0.337886930412035,0.387651181025946,0.0497642506139109,2.33788693041203,1.95023574938609,-0.0497642506139109,0.0497642506139109,0.00247648063916413,0.00254132072484838,0.0016219610766155,0.110150774099944,"ok"
"S4_quadratic_moderate",56,20870056,1,"scenario_matched_gap_adjusted_did","quadratic_gap",2,0.372325288848752,0.915651597989195,0.543326309140443,2.37232528884875,1.45667369085956,-0.543326309140443,0.543326309140443,0.295203478204176,-0.0672331995561616,0.00711037429948124,0.129830018871254,"ok"
"S4_quadratic_moderate",57,20870057,1,"scenario_matched_gap_adjusted_did","quadratic_gap",2,0.189891533271588,0.200253383163649,0.0103618498920611,2.18989153327159,1.98963815010794,-0.0103618498920612,0.0103618498920612,0.000107367933185609,0.0130925729849059,0.000310422328274287,0.133953810512902,"ok"
"S4_quadratic_moderate",58,20870058,1,"scenario_matched_gap_adjusted_did","quadratic_gap",2,0.377595578794053,1.01369454071562,0.636098961921563,2.37759557879405,1.36390103807844,-0.636098961921562,0.636098961921562,0.404621889357689,-0.0685377837655812,0.00760778676882729,0.0857475149717988,"ok"
"S4_quadratic_moderate",59,20870059,1,"scenario_matched_gap_adjusted_did","quadratic_gap",2,0.374267197712085,0.840041595183207,0.465774397471122,2.37426719771209,1.53422560252888,-0.465774397471122,0.465774397471122,0.216945789339587,-0.0431664423454672,0.00569420605360245,0.0829204318255611,"ok"
"S4_quadratic_moderate",60,20870060,1,"scenario_matched_gap_adjusted_did","quadratic_gap",2,0.289271336424766,0.431296168612882,0.142024832188116,2.28927133642477,1.85797516781188,-0.142024832188116,0.142024832188116,0.0201710529580626,-0.0345375670012864,0.00347763509832423,0.121445259994923,"ok"
"S4_quadratic_moderate",61,20870061,1,"scenario_matched_gap_adjusted_did","quadratic_gap",2,0.55386560222015,-0.245681222055935,-0.799546824276086,2.55386560222015,2.79954682427609,0.799546824276086,0.799546824276086,0.639275124209974,0.0482837872541042,-0.00326202579670289,0.0829720166502194,"ok"
"S4_quadratic_moderate",62,20870062,1,"scenario_matched_gap_adjusted_did","quadratic_gap",2,0.122912229760047,-0.249663811204413,-0.37257604096446,2.12291222976005,2.37257604096446,0.37257604096446,0.37257604096446,0.138812906300751,0.0500142260984144,-0.00335734062173981,0.15196478865458,"ok"
"S4_quadratic_moderate",63,20870063,1,"scenario_matched_gap_adjusted_did","quadratic_gap",2,0.144937521161395,0.553669175191447,0.408731654030053,2.14493752116139,1.59126834596995,-0.408731654030053,0.408731654030053,0.167061565006143,-0.060252219218419,0.00517697627183121,0.15036271261299,"ok"
"S4_quadratic_moderate",64,20870064,1,"scenario_matched_gap_adjusted_did","quadratic_gap",2,0.0911191299226291,-0.520353277045617,-0.611472406968246,2.09111912992263,2.61147240696825,0.611472406968247,0.611472406968247,0.373898504483541,0.0937625535793103,-0.0065282633410689,0.124911106002336,"ok"
"S4_quadratic_moderate",65,20870065,1,"scenario_matched_gap_adjusted_did","quadratic_gap",2,0.367919227248675,0.298969085710793,-0.0689501415378816,2.36791922724867,2.06895014153788,0.0689501415378815,0.0689501415378815,0.00475412201809389,-0.0353852514665622,0.00292308179273021,0.0851348191154218,"ok"
"S4_quadratic_moderate",66,20870066,1,"scenario_matched_gap_adjusted_did","quadratic_gap",2,0.140644959237502,-0.0239074387794231,-0.164552398016925,2.1406449592375,2.16455239801692,0.164552398016924,0.164552398016924,0.0270774916931203,0.0301789223072054,-0.00145834326202154,0.153696668578359,"ok"
"S4_quadratic_moderate",67,20870067,1,"scenario_matched_gap_adjusted_did","quadratic_gap",2,0.256475425453198,1.13385415814385,0.877378732690656,2.2564754254532,1.12262126730934,-0.877378732690656,0.877378732690656,0.769793440577862,-0.125734114946168,0.0107068446609203,0.0927473349078955,"ok"
"S4_quadratic_moderate",68,20870068,1,"scenario_matched_gap_adjusted_did","quadratic_gap",2,0.23167847905453,0.802021482841078,0.570343003786548,2.23167847905453,1.42965699621345,-0.570343003786548,0.570343003786548,0.325291141968263,-0.0484323818029804,0.00575975507852634,0.102222509949079,"ok"
"S4_quadratic_moderate",69,20870069,1,"scenario_matched_gap_adjusted_did","quadratic_gap",2,0.251892849022696,0.665450491932085,0.413557642909389,2.2518928490227,1.58644235709061,-0.413557642909389,0.413557642909389,0.17102992400877,-0.0353131272867978,0.00456081387223909,0.0939566639289889,"ok"
"S4_quadratic_moderate",70,20870070,1,"scenario_matched_gap_adjusted_did","quadratic_gap",2,0.418701005374834,0.360161773038242,-0.058539232336592,2.41870100537483,2.05853923233659,0.0585392323365919,0.0585392323365919,0.00342684172255748,0.0030963933657134,0.00147402017633332,0.0714322685059346,"ok"
"S4_quadratic_moderate",71,20870071,1,"scenario_matched_gap_adjusted_did","quadratic_gap",2,0.373670724347869,0.337866800823556,-0.0358039235243135,2.37367072434787,2.03580392352431,0.0358039235243135,0.0358039235243135,0.00128192093973489,-0.00796120779223244,0.00186930841229498,0.119465665045391,"ok"
"S4_quadratic_moderate",72,20870072,1,"scenario_matched_gap_adjusted_did","quadratic_gap",2,0.187106374555227,0.193657418810713,0.0065510442554865,2.18710637455523,1.99344895574451,-0.00655104425548636,0.00655104425548636,4.29161808373408e-05,0.0297343516919945,-0.000464266110936856,0.146605181768946,"ok"
"S4_quadratic_moderate",73,20870073,1,"scenario_matched_gap_adjusted_did","quadratic_gap",2,0.201749036374695,-0.45321281440436,-0.654961850779056,2.2017490363747,2.65496185077906,0.654961850779056,0.654961850779056,0.428975025975927,0.0799121154266781,-0.00560746553136332,0.12555237326383,"ok"
"S4_quadratic_moderate",74,20870074,1,"scenario_matched_gap_adjusted_did","quadratic_gap",2,0.227871335349724,-0.144415884778306,-0.37228722012803,2.22787133534972,2.37228722012803,0.37228722012803,0.37228722012803,0.138597774270656,0.040362362134884,-0.0024539082363902,0.120452502616015,"ok"
"S4_quadratic_moderate",75,20870075,1,"scenario_matched_gap_adjusted_did","quadratic_gap",2,0.0841068092910222,-0.342684079573633,-0.426790888864655,2.08410680929102,2.42679088886466,0.426790888864655,0.426790888864655,0.182150462817882,0.0344497438789763,-0.0030769321717764,0.157917257102024,"ok"
"S4_quadratic_moderate",76,20870076,1,"scenario_matched_gap_adjusted_did","quadratic_gap",2,0.131555864907223,-0.0837084424387567,-0.21526430734598,2.13155586490722,2.21526430734598,0.21526430734598,0.21526430734598,0.0463387220171446,0.010499322846416,-0.00084493285478918,0.177283800800931,"ok"
"S4_quadratic_moderate",77,20870077,1,"scenario_matched_gap_adjusted_did","quadratic_gap",2,0.23281696372038,0.453855319081471,0.221038355361091,2.23281696372038,1.77896164463891,-0.221038355361091,0.221038355361091,0.048857954540736,-0.048199798736881,0.00419038793932961,0.13533813066919,"ok"
"S4_quadratic_moderate",78,20870078,1,"scenario_matched_gap_adjusted_did","quadratic_gap",2,0.359511789610277,-0.119442312802657,-0.478954102412933,2.35951178961028,2.47895410241293,0.478954102412933,0.478954102412933,0.229397032218178,0.0482181143287772,-0.00269383637055416,0.0630625882822323,"ok"
"S4_quadratic_moderate",79,20870079,1,"scenario_matched_gap_adjusted_did","quadratic_gap",2,0.33826600493338,0.381431427279375,0.0431654223459945,2.33826600493338,1.95683457765401,-0.0431654223459945,0.0431654223459945,0.00186325368630808,-0.0396269557504123,0.0034822432154485,0.116752605372109,"ok"
"S4_quadratic_moderate",80,20870080,1,"scenario_matched_gap_adjusted_did","quadratic_gap",2,0.29082398375425,1.17982768532233,0.889003701568083,2.29082398375425,1.11099629843192,-0.889003701568083,0.889003701568083,0.790327581401753,-0.151846944020786,0.0120819274277471,0.172252250645346,"ok"
"S4_quadratic_moderate",81,20870081,1,"scenario_matched_gap_adjusted_did","quadratic_gap",2,0.199517971648844,1.01995122459542,0.820433252946575,2.19951797164884,1.17956674705343,-0.820433252946575,0.820433252946575,0.673110722540499,-0.0732567133031119,0.00784709712370092,0.0582174133153215,"ok"
"S4_quadratic_moderate",82,20870082,1,"scenario_matched_gap_adjusted_did","quadratic_gap",2,0.191898684435967,0.834577506445466,0.642678822009499,2.19189868443597,1.3573211779905,-0.642678822009499,0.642678822009499,0.413036068259518,-0.0450594252444781,0.0057545004129414,0.103138580038529,"ok"
"S4_quadratic_moderate",83,20870083,1,"scenario_matched_gap_adjusted_did","quadratic_gap",2,0.114338391455632,-0.03869959342797,-0.153037984883602,2.11433839145563,2.1530379848836,0.153037984883602,0.153037984883602,0.0234206248172336,0.0707443542215601,-0.00334093941332942,0.125122639319858,"ok"
"S4_quadratic_moderate",84,20870084,1,"scenario_matched_gap_adjusted_did","quadratic_gap",2,0.233905501105657,-0.018936537581554,-0.252842038687211,2.23390550110566,2.25284203868721,0.252842038687211,0.252842038687211,0.0639290965275049,0.0527313308167583,-0.00244589483171256,0.177165759218314,"ok"
"S4_quadratic_moderate",85,20870085,1,"scenario_matched_gap_adjusted_did","quadratic_gap",2,0.23655605788246,0.665469780056756,0.428913722174296,2.23655605788246,1.5710862778257,-0.428913722174296,0.428913722174296,0.183966981069409,-0.0864686786960868,0.00685144731500429,0.0766502056328526,"ok"
"S4_quadratic_moderate",86,20870086,1,"scenario_matched_gap_adjusted_did","quadratic_gap",2,0.278012185264398,-0.362581751383495,-0.640593936647892,2.2780121852644,2.64059393664789,0.640593936647893,0.640593936647893,0.410360591670044,0.0878887125803661,-0.00555881586800219,0.0999310717578801,"ok"
"S4_quadratic_moderate",87,20870087,1,"scenario_matched_gap_adjusted_did","quadratic_gap",2,0.371368064394541,0.399347451493631,0.0279793870990903,2.37136806439454,1.97202061290091,-0.0279793870990908,0.0279793870990908,0.000782846102440766,-0.051823434659735,0.00410857521533275,0.0745043450964934,"ok"
"S4_quadratic_moderate",88,20870088,1,"scenario_matched_gap_adjusted_did","quadratic_gap",2,0.301558771202263,0.753263549645265,0.451704778443001,2.30155877120226,1.548295221557,-0.451704778443001,0.451704778443001,0.204037206868241,-0.0573760900380706,0.00594190052250434,0.117154772127843,"ok"
"S4_quadratic_moderate",89,20870089,1,"scenario_matched_gap_adjusted_did","quadratic_gap",2,0.364717621848423,0.739053790543727,0.374336168695304,2.36471762184842,1.6256638313047,-0.374336168695304,0.374336168695304,0.140127567193479,-0.0954144555424651,0.00758148513120169,0.120066234616108,"ok"
"S4_quadratic_moderate",90,20870090,1,"scenario_matched_gap_adjusted_did","quadratic_gap",2,0.0901159135659229,-0.223816851282564,-0.313932764848487,2.09011591356592,2.31393276484849,0.313932764848487,0.313932764848487,0.0985537808454152,0.0403351324774302,-0.00280821571368746,0.140271177338147,"ok"
"S4_quadratic_moderate",91,20870091,1,"scenario_matched_gap_adjusted_did","quadratic_gap",2,0.206195743420003,0.257217982969407,0.0510222395494044,2.20619574342,1.9489777604506,-0.0510222395494047,0.0510222395494047,0.00260326892863683,0.0574955862969778,-0.00142270692537479,0.139036859482889,"ok"
"S4_quadratic_moderate",92,20870092,1,"scenario_matched_gap_adjusted_did","quadratic_gap",2,0.262422057192157,0.196755405811836,-0.0656666513803211,2.26242205719216,2.06566665138032,0.065666651380321,0.065666651380321,0.00431210910350462,-0.00073934662391523,0.000914099427093977,0.0940226759191765,"ok"
"S4_quadratic_moderate",93,20870093,1,"scenario_matched_gap_adjusted_did","quadratic_gap",2,0.276143579286452,0.288107473144979,0.011963893858528,2.27614357928645,1.98803610614147,-0.011963893858528,0.011963893858528,0.000143134756258125,-0.00665559322795036,0.0015880450989156,0.15959423996287,"ok"
"S4_quadratic_moderate",94,20870094,1,"scenario_matched_gap_adjusted_did","quadratic_gap",2,0.0569856679518317,0.627859681295587,0.570874013343755,2.05698566795183,1.42912598665624,-0.570874013343755,0.570874013343755,0.325897139111206,-0.0309387713459193,0.00419663012576767,0.0801037749189751,"ok"
"S4_quadratic_moderate",95,20870095,1,"scenario_matched_gap_adjusted_did","quadratic_gap",2,0.16241336333056,-0.172783632476825,-0.335196995807384,2.16241336333056,2.33519699580738,0.335196995807384,0.335196995807384,0.112357025998295,0.0564486364792147,-0.0033012089429954,0.107682163202291,"ok"
"S4_quadratic_moderate",96,20870096,1,"scenario_matched_gap_adjusted_did","quadratic_gap",2,0.188226571939898,0.563876018352258,0.375649446412359,2.1882265719399,1.62435055358764,-0.37564944641236,0.37564944641236,0.141112506589912,-0.00643842306737015,0.00281310559265355,0.0850604526343698,"ok"
"S4_quadratic_moderate",97,20870097,1,"scenario_matched_gap_adjusted_did","quadratic_gap",2,0.237500537346098,0.940556726719423,0.703056189373326,2.2375005373461,1.29694381062667,-0.703056189373325,0.703056189373325,0.494288005416141,-0.0590340563823313,0.00685476398750479,0.125021108674587,"ok"
"S4_quadratic_moderate",98,20870098,1,"scenario_matched_gap_adjusted_did","quadratic_gap",2,0.204131924246717,0.387644087035465,0.183512162788748,2.20413192424672,1.81648783721125,-0.183512162788748,0.183512162788748,0.0336767138914038,-0.0308551937933586,0.00311729563418978,0.135738076898349,"ok"
"S4_quadratic_moderate",99,20870099,1,"scenario_matched_gap_adjusted_did","quadratic_gap",2,0.31237535697693,0.588246545674537,0.275871188697607,2.31237535697693,1.72412881130239,-0.275871188697607,0.275871188697607,0.0761049127534306,-0.0103951633787576,0.00309939483341245,0.0904571609394892,"ok"
"S4_quadratic_moderate",100,20870100,1,"scenario_matched_gap_adjusted_did","quadratic_gap",2,0.235737960262853,0.240676199139399,0.00493823887654588,2.23573796026285,1.99506176112345,-0.00493823887654576,0.00493823887654576,2.4386203201828e-05,0.0572145734503966,-0.00148419194939358,0.135306157697422,"ok"
"S4_quadratic_moderate",101,20870101,1,"scenario_matched_gap_adjusted_did","quadratic_gap",2,0.036576997667894,0.0165549259460988,-0.0200220717217952,2.03657699766789,2.0200220717218,0.0200220717217956,0.0200220717217956,0.000400883356032727,0.0277745512359499,-0.00116951008841821,0.0979742914687349,"ok"
"S4_quadratic_moderate",102,20870102,1,"scenario_matched_gap_adjusted_did","quadratic_gap",2,0.137701575386064,0.204190890311468,0.066489314925404,2.13770157538606,1.9335106850746,-0.0664893149254038,0.0664893149254038,0.00442082899924952,-0.0216932834105941,0.00188562861679437,0.0713182230558352,"ok"
"S4_quadratic_moderate",103,20870103,1,"scenario_matched_gap_adjusted_did","quadratic_gap",2,0.356201248448346,0.177827801554134,-0.178373446894213,2.35620124844835,2.17837344689421,0.178373446894212,0.178373446894212,0.0318170865569224,0.00142220980103297,0.000732562851688674,0.0958507741077832,"ok"
"S4_quadratic_moderate",104,20870104,1,"scenario_matched_gap_adjusted_did","quadratic_gap",2,0.432934468425055,0.257607966442532,-0.175326501982523,2.43293446842505,2.17532650198252,0.175326501982523,0.175326501982523,0.0307393822974277,0.0320810105700371,-0.000282994653393313,0.110879212933049,"ok"
"S4_quadratic_moderate",105,20870105,1,"scenario_matched_gap_adjusted_did","quadratic_gap",2,0.296331920805642,0.171839071103822,-0.12449284970182,2.29633192080564,2.12449284970182,0.12449284970182,0.12449284970182,0.0154984696268798,0.0328857550473727,-0.000703067818074201,0.133719916206117,"ok"
"S4_quadratic_moderate",106,20870106,1,"scenario_matched_gap_adjusted_did","quadratic_gap",2,0.345707353006216,0.608819607880884,0.263112254874668,2.34570735300622,1.73688774512533,-0.263112254874668,0.263112254874668,0.0692280586652325,0.0166955378572644,0.00197849654914137,0.140506631739861,"ok"
"S4_quadratic_moderate",107,20870107,1,"scenario_matched_gap_adjusted_did","quadratic_gap",2,0.10381212376004,0.160305718010952,0.0564935942509123,2.10381212376004,1.94350640574909,-0.0564935942509117,0.0564935942509117,0.00319152619138665,0.069757353925995,-0.00240567681156268,0.0902469189190226,"ok"
"S4_quadratic_moderate",108,20870108,1,"scenario_matched_gap_adjusted_did","quadratic_gap",2,0.17731593091249,0.212012645487712,0.0346967145752221,2.17731593091249,1.96530328542478,-0.0346967145752222,0.0346967145752222,0.00120386200231443,-0.0170327093327471,0.00171196897976948,0.132754984851508,"ok"
"S4_quadratic_moderate",109,20870109,1,"scenario_matched_gap_adjusted_did","quadratic_gap",2,0.297826811683076,0.363489323948975,0.0656625122658993,2.29782681168308,1.9343374877341,-0.0656625122658987,0.0656625122658987,0.0043115655170693,0.0195953705698224,0.000750159484704855,0.0904160948323634,"ok"
"S4_quadratic_moderate",110,20870110,1,"scenario_matched_gap_adjusted_did","quadratic_gap",2,0.267306392608568,0.542596251220758,0.27528985861219,2.26730639260857,1.72471014138781,-0.27528985861219,0.27528985861219,0.0757845062547195,-0.0321146448490136,0.00386750462557117,0.11259276540287,"ok"
"S4_quadratic_moderate",111,20870111,1,"scenario_matched_gap_adjusted_did","quadratic_gap",2,0.26988022186137,0.0268287758840986,-0.243051445977271,2.26988022186137,2.24305144597727,0.243051445977271,0.243051445977271,0.0590740053916425,0.0277583788812035,-0.00112278363997583,0.109305621515964,"ok"
"S4_quadratic_moderate",112,20870112,1,"scenario_matched_gap_adjusted_did","quadratic_gap",2,0.180940436563478,0.78189846049204,0.600958023928561,2.18094043656348,1.39904197607144,-0.600958023928561,0.600958023928561,0.361150546524121,-0.0339407457637474,0.00502077276774409,0.165049480977365,"ok"
"S4_quadratic_moderate",113,20870113,1,"scenario_matched_gap_adjusted_did","quadratic_gap",2,0.266876599146958,0.523725124133006,0.256848524986049,2.26687659914696,1.74315147501395,-0.256848524986048,0.256848524986048,0.0659711647875087,-0.00229078624430416,0.00244761038765394,0.122627509438021,"ok"
"S4_quadratic_moderate",114,20870114,1,"scenario_matched_gap_adjusted_did","quadratic_gap",2,0.406476112620251,0.972346970200784,0.565870857580533,2.40647611262025,1.43412914241947,-0.565870857580533,0.565870857580533,0.320209827458928,-0.0947732662238357,0.00859737148853347,0.0618888714089819,"ok"
"S4_quadratic_moderate",115,20870115,1,"scenario_matched_gap_adjusted_did","quadratic_gap",2,0.318836288951982,0.266973602543725,-0.051862686408257,2.31883628895198,2.05186268640826,0.0518626864082568,0.0518626864082568,0.00268973824148118,0.010720825477028,0.00071536722883632,0.187449598635686,"ok"
"S4_quadratic_moderate",116,20870116,1,"scenario_matched_gap_adjusted_did","quadratic_gap",2,0.215115637285095,0.313752558239798,0.0986369209547035,2.21511563728509,1.9013630790453,-0.098636920954704,0.098636920954704,0.00972924217542452,-0.00185723283331651,0.00148802188017745,0.0878798012906177,"ok"
"S4_quadratic_moderate",117,20870117,1,"scenario_matched_gap_adjusted_did","quadratic_gap",2,0.259385640119595,0.375828387627474,0.116442747507878,2.2593856401196,1.88355725249212,-0.116442747507878,0.116442747507878,0.0135589134471835,-0.0334298370009808,0.00317967204912216,0.132433039441761,"ok"
"S4_quadratic_moderate",118,20870118,1,"scenario_matched_gap_adjusted_did","quadratic_gap",2,0.281563807417187,0.462798525263177,0.181234717845989,2.28156380741719,1.81876528215401,-0.181234717845989,0.181234717845989,0.0328460229527152,-0.0223055434852538,0.00307098788111514,0.112288426945984,"ok"
"S4_quadratic_moderate",119,20870119,1,"scenario_matched_gap_adjusted_did","quadratic_gap",2,0.0958110131575081,1.31125771138575,1.21544669822824,2.09581101315751,0.784553301771761,-1.21544669822824,1.21544669822824,1.47731067623393,-0.142601469709978,0.0122564436200844,0.08301905216348,"ok"
"S4_quadratic_moderate",120,20870120,1,"scenario_matched_gap_adjusted_did","quadratic_gap",2,0.218818486211601,0.00922673919134284,-0.209591747020258,2.2188184862116,2.20959174702026,0.209591747020258,0.209591747020258,0.0439287004190039,-0.0380128655150625,0.00174338236272523,0.103848990071559,"ok"
"S4_quadratic_moderate",121,20870121,1,"scenario_matched_gap_adjusted_did","quadratic_gap",2,0.194079510046606,-0.142131844026632,-0.336211354073237,2.19407951004661,2.33621135407324,0.336211354073238,0.336211354073238,0.11303807460776,0.101573070326244,-0.005184459166966,0.12603164575822,"ok"
"S4_quadratic_moderate",122,20870122,1,"scenario_matched_gap_adjusted_did","quadratic_gap",2,0.284802630470757,0.0141529446450298,-0.270649685825727,2.28480263047076,2.27064968582573,0.270649685825727,0.270649685825727,0.0732512524375647,-0.0188372040011958,0.000906828289508899,0.120683467150223,"ok"
"S4_quadratic_moderate",123,20870123,1,"scenario_matched_gap_adjusted_did","quadratic_gap",2,0.245944249387015,0.598598141184799,0.352653891797785,2.24594424938701,1.64734610820222,-0.352653891797785,0.352653891797785,0.124364767400124,-0.0443434888992617,0.00466581953810783,0.108493881593921,"ok"
"S4_quadratic_moderate",124,20870124,1,"scenario_matched_gap_adjusted_did","quadratic_gap",2,0.309661644786691,0.388341028300875,0.0786793835141842,2.30966164478669,1.92132061648582,-0.0786793835141844,0.0786793835141844,0.0061904453901721,-0.0209352072282739,0.00267623776380723,0.118526439553508,"ok"
"S4_quadratic_moderate",125,20870125,1,"scenario_matched_gap_adjusted_did","quadratic_gap",2,0.323644094864308,0.522464842993111,0.198820748128803,2.32364409486431,1.8011792518712,-0.198820748128803,0.198820748128803,0.0395296898864969,-0.0540048501265075,0.00475752243697695,0.166776097724234,"ok"
"S4_quadratic_moderate",126,20870126,1,"scenario_matched_gap_adjusted_did","quadratic_gap",2,0.501524624538895,0.71211381877633,0.210589194237435,2.50152462453889,1.78941080576256,-0.210589194237435,0.210589194237435,0.0443478087295723,-0.0435698136739953,0.00513945651723709,0.14985574471516,"ok"
"S4_quadratic_moderate",127,20870127,1,"scenario_matched_gap_adjusted_did","quadratic_gap",2,0.102116979731849,-0.362797967403415,-0.464914947135264,2.10211697973185,2.46491494713526,0.464914947135264,0.464914947135264,0.216145908069785,0.0480697374727896,-0.00377684481551334,0.170386521171898,"ok"
"S4_quadratic_moderate",128,20870128,1,"scenario_matched_gap_adjusted_did","quadratic_gap",2,0.139711650204556,-0.362878161655746,-0.502589811860302,2.13971165020456,2.5025898118603,0.502589811860302,0.502589811860302,0.252596518985774,0.0558402577831588,-0.00412513763949553,0.120040536663572,"ok"
"S4_quadratic_moderate",129,20870129,1,"scenario_matched_gap_adjusted_did","quadratic_gap",2,0.206360937097947,0.170158313601876,-0.0362026234960708,2.20636093709795,2.03620262349607,0.0362026234960706,0.0362026234960706,0.00131062994799824,0.0200667562751057,-0.000136608578279912,0.0975499684282957,"ok"
"S4_quadratic_moderate",130,20870130,1,"scenario_matched_gap_adjusted_did","quadratic_gap",2,0.368122579188153,0.310043819220131,-0.058078759968022,2.36812257918815,2.05807875996802,0.0580787599680219,0.0580787599680219,0.00337314235942311,-0.0564784445660043,0.00391714148453809,0.1869849387062,"ok"
"S4_quadratic_moderate",131,20870131,1,"scenario_matched_gap_adjusted_did","quadratic_gap",2,0.0364116180415169,-0.215780315403796,-0.252191933445313,2.03641161804152,2.25219193344531,0.252191933445312,0.252191933445312,0.0636007712948849,0.0257326911772726,-0.00211839056944711,0.15015955769095,"ok"
"S4_quadratic_moderate",132,20870132,1,"scenario_matched_gap_adjusted_did","quadratic_gap",2,0.38504582734167,0.56590933262303,0.18086350528136,2.38504582734167,1.81913649471864,-0.18086350528136,0.18086350528136,0.0327116075426606,-0.0237472189556359,0.00359723069632562,0.147068067567773,"ok"
"S4_quadratic_moderate",133,20870133,1,"scenario_matched_gap_adjusted_did","quadratic_gap",2,0.332321303748242,0.500945853729882,0.16862454998164,2.33232130374824,1.83137545001836,-0.16862454998164,0.16862454998164,0.0284342388565106,-0.03698227463958,0.00389896388115977,0.176206660270038,"ok"
"S4_quadratic_moderate",134,20870134,1,"scenario_matched_gap_adjusted_did","quadratic_gap",2,0.2645236342268,-0.0635981656166452,-0.328121799843445,2.2645236342268,2.32812179984344,0.328121799843445,0.328121799843445,0.107663915532502,0.0705321540689239,-0.00344292405808605,0.108821048834433,"ok"
"S4_quadratic_moderate",135,20870135,1,"scenario_matched_gap_adjusted_did","quadratic_gap",2,0.331451409820985,0.0336768811584279,-0.297774528662557,2.33145140982098,2.29777452866256,0.297774528662557,0.297774528662557,0.0886696699202079,0.0689824432456269,-0.00293797411028884,0.116378376272414,"ok"
"S4_quadratic_moderate",136,20870136,1,"scenario_matched_gap_adjusted_did","quadratic_gap",2,0.244577695277896,0.479578773723635,0.23500107844574,2.2445776952779,1.76499892155426,-0.235001078445739,0.235001078445739,0.0552255068706605,-0.0249425725008001,0.00326419924805211,0.125248102028203,"ok"
"S4_quadratic_moderate",137,20870137,1,"scenario_matched_gap_adjusted_did","quadratic_gap",2,0.285773489950958,-0.0557559084702704,-0.341529398421228,2.28577348995096,2.34152939842123,0.341529398421229,0.341529398421229,0.116642329985966,0.0311773915881,-0.00164565592993106,0.149067016696525,"ok"
"S4_quadratic_moderate",138,20870138,1,"scenario_matched_gap_adjusted_did","quadratic_gap",2,0.258216094555483,0.680676208430829,0.422460113875346,2.25821609455548,1.57753988612465,-0.422460113875346,0.422460113875346,0.17847254781557,-0.0294524170462553,0.00436656886071663,0.115093756972546,"ok"
"S4_quadratic_moderate",139,20870139,1,"scenario_matched_gap_adjusted_did","quadratic_gap",2,0.0513313050111062,-0.109468893052673,-0.160800198063779,2.05133130501111,2.16080019806378,0.160800198063779,0.160800198063779,0.0258567036973505,0.0743880692491678,-0.00382096829348217,0.0861860237635703,"ok"
"S4_quadratic_moderate",140,20870140,1,"scenario_matched_gap_adjusted_did","quadratic_gap",2,0.202048513925461,0.0229926403277779,-0.179055873597684,2.20204851392546,2.17905587359768,0.179055873597683,0.179055873597683,0.0320610058698296,0.0103589198240345,-0.000360880110056271,0.122209118528894,"ok"
"S4_quadratic_moderate",141,20870141,1,"scenario_matched_gap_adjusted_did","quadratic_gap",2,0.241623425258468,0.267431677377469,0.0258082521190016,2.24162342525847,1.974191747881,-0.0258082521190017,0.0258082521190017,0.000666065877437957,-0.020030560193575,0.00209434602677561,0.127820596130714,"ok"
"S4_quadratic_moderate",142,20870142,1,"scenario_matched_gap_adjusted_did","quadratic_gap",2,0.212894416426491,0.498856369758757,0.285961953332266,2.21289441642649,1.71403804666773,-0.285961953332266,0.285961953332266,0.081774238753605,-0.109567352062873,0.00713968607636188,0.125090111866539,"ok"
"S4_quadratic_moderate",143,20870143,1,"scenario_matched_gap_adjusted_did","quadratic_gap",2,0.148629958060275,0.0764341929917,-0.0721957650685747,2.14862995806027,2.07219576506857,0.0721957650685745,0.0721957650685745,0.0052122284938368,-0.0201742300759094,0.00124556638992893,0.129251331252251,"ok"
"S4_quadratic_moderate",144,20870144,1,"scenario_matched_gap_adjusted_did","quadratic_gap",2,0.186610503519211,0.259188890303343,0.0725783867841316,2.18661050351921,1.92742161321587,-0.0725783867841314,0.0725783867841314,0.00526762222818698,-0.00268342361588782,0.00128070056624875,0.135221828890864,"ok"
"S4_quadratic_moderate",145,20870145,1,"scenario_matched_gap_adjusted_did","quadratic_gap",2,0.342112563847096,0.272934714360772,-0.0691778494863231,2.3421125638471,2.06917784948632,0.0691778494863233,0.0691778494863233,0.0047855748595524,0.00186295933283819,0.00113867964641369,0.164384757234394,"ok"
"S4_quadratic_moderate",146,20870146,1,"scenario_matched_gap_adjusted_did","quadratic_gap",2,0.363856306601692,0.246229313086912,-0.11762699351478,2.36385630660169,2.11762699351478,0.11762699351478,0.11762699351478,0.0138361096033262,0.0380567708996114,-0.000601515205563593,0.125004552283911,"ok"
"S4_quadratic_moderate",147,20870147,1,"scenario_matched_gap_adjusted_did","quadratic_gap",2,0.385976304159646,0.551195263660087,0.165218959500441,2.38597630415965,1.83478104049956,-0.165218959500442,0.165218959500442,0.0272973045784086,-0.0589912698992298,0.00510943863874202,0.122009786244363,"ok"
"S4_quadratic_moderate",148,20870148,1,"scenario_matched_gap_adjusted_did","quadratic_gap",2,0.198793157640584,0.122932335483271,-0.0758608221573136,2.19879315764058,2.07586082215731,0.0758608221573138,0.0758608221573138,0.0057548643383836,0.0479793652771245,-0.00159788649531929,0.137356232075909,"ok"
"S4_quadratic_moderate",149,20870149,1,"scenario_matched_gap_adjusted_did","quadratic_gap",2,0.222723026974817,-0.406835924788643,-0.62955895176346,2.22272302697482,2.62955895176346,0.62955895176346,0.62955895176346,0.396344473745507,0.0738964223708838,-0.00513044842610812,0.177197585386396,"ok"
"S4_quadratic_moderate",150,20870150,1,"scenario_matched_gap_adjusted_did","quadratic_gap",2,0.28482409752064,-0.197617369382831,-0.482441466903471,2.28482409752064,2.48244146690347,0.482441466903472,0.482441466903472,0.232749768987973,0.0470953720595754,-0.0029936018954265,0.137862307873952,"ok"
"S4_quadratic_moderate",151,20870151,1,"scenario_matched_gap_adjusted_did","quadratic_gap",2,0.311238458883373,-0.365763395306645,-0.677001854190018,2.31123845888337,2.67700185419002,0.677001854190018,0.677001854190018,0.458331510576722,0.0990578339987049,-0.00607317194907624,0.0832774542485558,"ok"
"S4_quadratic_moderate",152,20870152,1,"scenario_matched_gap_adjusted_did","quadratic_gap",2,0.404302957454021,0.106039750483367,-0.298263206970654,2.40430295745402,2.29826320697065,0.298263206970654,0.298263206970654,0.0889609406324194,0.0903051510531882,-0.00356870937335156,0.13673394237828,"ok"
"S4_quadratic_moderate",153,20870153,1,"scenario_matched_gap_adjusted_did","quadratic_gap",2,0.235713652423621,-0.0995967685230407,-0.335310420946662,2.23571365242362,2.33531042094666,0.335310420946662,0.335310420946662,0.112433078395428,-0.00243459031431913,-0.000336944173342609,0.16777335514825,"ok"
"S4_quadratic_moderate",154,20870154,1,"scenario_matched_gap_adjusted_did","quadratic_gap",2,0.206099707859323,0.289140933736454,0.0830412258771307,2.20609970785932,1.91695877412287,-0.0830412258771309,0.0830412258771309,0.00689584519517668,-0.00373285879821629,0.00146180382859082,0.175660920147869,"ok"
"S4_quadratic_moderate",155,20870155,1,"scenario_matched_gap_adjusted_did","quadratic_gap",2,0.213678352565142,-0.426454295377475,-0.640132647942617,2.21367835256514,2.64013264794262,0.640132647942617,0.640132647942617,0.409769806962027,0.0356438709032782,-0.00350549106452354,0.143951431508432,"ok"
"S4_quadratic_moderate",156,20870156,1,"scenario_matched_gap_adjusted_did","quadratic_gap",2,0.422509943592219,-0.22832758593143,-0.650837529523649,2.42250994359222,2.65083752952365,0.650837529523649,0.650837529523649,0.423589489836447,0.0672279788970917,-0.00403257033538364,0.122395441155941,"ok"
"S4_quadratic_moderate",157,20870157,1,"scenario_matched_gap_adjusted_did","quadratic_gap",2,0.287469312244087,0.152139389957792,-0.135329922286295,2.28746931224409,2.1353299222863,0.135329922286295,0.135329922286295,0.0183141878660147,0.0232569409173152,-0.000360134414397136,0.0922833760894514,"ok"
"S4_quadratic_moderate",158,20870158,1,"scenario_matched_gap_adjusted_did","quadratic_gap",2,0.0435088519344791,0.0653041656865324,0.0217953137520533,2.04350885193448,1.97820468624795,-0.0217953137520532,0.0217953137520532,0.000475035701550441,0.0752812124967401,-0.00307839384752627,0.123473916795654,"ok"
"S4_quadratic_moderate",159,20870159,1,"scenario_matched_gap_adjusted_did","quadratic_gap",2,0.372554549322268,0.156971906481743,-0.215582642840525,2.37255454932227,2.21558264284053,0.215582642840525,0.215582642840525,0.0464758758941054,0.100436032257154,-0.00379427648995433,0.117378492103311,"ok"
"S4_quadratic_moderate",160,20870160,1,"scenario_matched_gap_adjusted_did","quadratic_gap",2,0.356057429038059,0.547602720488473,0.191545291450414,2.35605742903806,1.80845470854959,-0.191545291450414,0.191545291450414,0.036689598676824,-0.0980808221485232,0.00684363108346435,0.124313141259956,"ok"
"S4_quadratic_moderate",161,20870161,1,"scenario_matched_gap_adjusted_did","quadratic_gap",2,0.341855023332023,0.320523051511659,-0.0213319718203636,2.34185502333202,2.02133197182036,0.0213319718203633,0.0213319718203633,0.000455053021744773,0.000551681974006324,0.00141047566464894,0.124330416415111,"ok"
"S4_quadratic_moderate",162,20870162,1,"scenario_matched_gap_adjusted_did","quadratic_gap",2,0.273591716853743,0.515977778088176,0.242386061234433,2.27359171685374,1.75761393876557,-0.242386061234433,0.242386061234433,0.0587510026807422,-0.0141675017344634,0.00294471400940064,0.146128894946519,"ok"
"S4_quadratic_moderate",163,20870163,1,"scenario_matched_gap_adjusted_did","quadratic_gap",2,0.322230088737047,0.989786341900498,0.667556253163451,2.32223008873705,1.33244374683655,-0.667556253163451,0.667556253163451,0.445631351137625,-0.0656873155752234,0.00737310222829581,0.0982777289445943,"ok"
"S4_quadratic_moderate",164,20870164,1,"scenario_matched_gap_adjusted_did","quadratic_gap",2,0.228628164577634,0.219708680222021,-0.00891948435561291,2.22862816457763,2.00891948435561,0.00891948435561307,0.00891948435561307,7.95572011700263e-05,0.0435612953370604,-0.000966735551411565,0.118275421232312,"ok"
"S4_quadratic_moderate",165,20870165,1,"scenario_matched_gap_adjusted_did","quadratic_gap",2,0.224124206702797,0.106128596185684,-0.117995610517112,2.2241242067028,2.11799561051711,0.117995610517112,0.117995610517112,0.0139229641013061,0.0335037769764393,-0.00102496644885989,0.18420989498941,"ok"
"S4_quadratic_moderate",166,20870166,1,"scenario_matched_gap_adjusted_did","quadratic_gap",2,0.268669271651329,0.221204112429924,-0.0474651592214049,2.26866927165133,2.04746515922141,0.0474651592214053,0.0474651592214053,0.00225294133991335,-0.00260172089548833,0.00110696114052899,0.0850122497843789,"ok"
"S4_quadratic_moderate",167,20870167,1,"scenario_matched_gap_adjusted_did","quadratic_gap",2,0.126359253600083,0.114296262214953,-0.01206299138513,2.12635925360008,2.01206299138513,0.0120629913851298,0.0120629913851298,0.000145515761157715,0.00212583188394564,0.000416587806158941,0.111473858795353,"ok"
"S4_quadratic_moderate",168,20870168,1,"scenario_matched_gap_adjusted_did","quadratic_gap",2,0.29352176900103,0.722377888156475,0.428856119155445,2.29352176900103,1.57114388084456,-0.428856119155445,0.428856119155445,0.183917570937069,-0.0431051780665931,0.00516461045741376,0.0711656785630287,"ok"
"S4_quadratic_moderate",169,20870169,1,"scenario_matched_gap_adjusted_did","quadratic_gap",2,0.276529083306992,0.438634300811188,0.162105217504196,2.27652908330699,1.8378947824958,-0.162105217504196,0.162105217504196,0.0262781015420828,-0.0328143478400744,0.00343333333975492,0.100457041914311,"ok"
"S4_quadratic_moderate",170,20870170,1,"scenario_matched_gap_adjusted_did","quadratic_gap",2,0.429306186325043,0.737554211703469,0.308248025378425,2.42930618632504,1.69175197462158,-0.308248025378425,0.308248025378425,0.0950168451496981,-0.0255759582666823,0.00444767370613563,0.13907308615907,"ok"
"S4_quadratic_moderate",171,20870171,1,"scenario_matched_gap_adjusted_did","quadratic_gap",2,0.0922965229372592,0.188429440579162,0.096132917641903,2.09229652293726,1.9038670823581,-0.0961329176419028,0.0961329176419028,0.00924153785434487,0.0275121140254924,-0.000388171789592964,0.07950952378279,"ok"
"S4_quadratic_moderate",172,20870172,1,"scenario_matched_gap_adjusted_did","quadratic_gap",2,0.152150442085585,0.64461604093555,0.492465598849964,2.15215044208559,1.50753440115004,-0.492465598849964,0.492465598849964,0.242522366050654,-0.0172377995742306,0.00365818225378144,0.110744277684952,"ok"
"S4_quadratic_moderate",173,20870173,1,"scenario_matched_gap_adjusted_did","quadratic_gap",2,0.412534954562256,1.06285718249458,0.650322227932321,2.41253495456226,1.34967777206768,-0.650322227932321,0.650322227932321,0.422919000142857,-0.109942685471208,0.00968186882331338,0.0853025862471342,"ok"
"S4_quadratic_moderate",174,20870174,1,"scenario_matched_gap_adjusted_did","quadratic_gap",2,0.329689427195102,0.0479346978030253,-0.281754729392077,2.3296894271951,2.28175472939208,0.281754729392077,0.281754729392077,0.0793857275348027,-0.0277193490620206,0.00145579785861148,0.106233567653958,"ok"
"S4_quadratic_moderate",175,20870175,1,"scenario_matched_gap_adjusted_did","quadratic_gap",2,0.17671013858686,0.356078804973024,0.179368666386164,2.17671013858686,1.82063133361384,-0.179368666386164,0.179368666386164,0.0321731184811511,-0.0241217893399715,0.00267446282853466,0.0773564103133613,"ok"
"S4_quadratic_moderate",176,20870176,1,"scenario_matched_gap_adjusted_did","quadratic_gap",2,0.465228414589017,0.436415650582581,-0.0288127640064361,2.46522841458902,2.02881276400644,0.0288127640064362,0.0288127640064362,0.000830175369690584,-0.0105072009206679,0.00242457161099669,0.0959824069282716,"ok"
"S4_quadratic_moderate",177,20870177,1,"scenario_matched_gap_adjusted_did","quadratic_gap",2,0.436558192550051,0.500483904801285,0.0639257122512332,2.43655819255005,1.93607428774877,-0.0639257122512333,0.0639257122512333,0.00408649668682748,-0.0946612465408986,0.00647953598601614,0.0741655885210079,"ok"
"S4_quadratic_moderate",178,20870178,1,"scenario_matched_gap_adjusted_did","quadratic_gap",2,0.382064464988166,0.302040359920437,-0.0800241050677293,2.38206446498817,2.08002410506773,0.0800241050677295,0.0800241050677295,0.00640385739189101,-0.00439026244640903,0.00154899843754266,0.100578842994234,"ok"
"S4_quadratic_moderate",179,20870179,1,"scenario_matched_gap_adjusted_did","quadratic_gap",2,0.211897319707389,0.157069218410743,-0.0548281012966461,2.21189731970739,2.05482810129665,0.0548281012966458,0.0548281012966458,0.00300612069179526,-0.0108074316026744,0.00118720985569024,0.156306167124449,"ok"
"S4_quadratic_moderate",180,20870180,1,"scenario_matched_gap_adjusted_did","quadratic_gap",2,0.265967773479277,0.546847712338545,0.280879938859269,2.26596777347928,1.71912006114073,-0.280879938859268,0.280879938859268,0.0788935400535864,-0.020078062668044,0.00334758957769695,0.0757956712370024,"ok"
"S4_quadratic_moderate",181,20870181,1,"scenario_matched_gap_adjusted_did","quadratic_gap",2,0.312496122009867,0.670927613346745,0.358431491336878,2.31249612200987,1.64156850866312,-0.358431491336878,0.358431491336878,0.128473133981978,-0.0670468231292684,0.00600625005062431,0.0637149674718471,"ok"
"S4_quadratic_moderate",182,20870182,1,"scenario_matched_gap_adjusted_did","quadratic_gap",2,0.352857898764628,0.112479301593334,-0.240378597171293,2.35285789876463,2.24037859717129,0.240378597171293,0.240378597171293,0.0577818699780388,0.0169075477670867,-0.000253415713779996,0.145805577773232,"ok"
"S4_quadratic_moderate",183,20870183,1,"scenario_matched_gap_adjusted_did","quadratic_gap",2,0.217382760138511,-0.0754220631083174,-0.292804823246828,2.21738276013851,2.29280482324683,0.292804823246828,0.292804823246828,0.0857346645166061,0.00692433554124208,-0.000647755605316738,0.120142807449329,"ok"
"S4_quadratic_moderate",184,20870184,1,"scenario_matched_gap_adjusted_did","quadratic_gap",2,0.207869817206042,0.505009257793304,0.297139440587262,2.20786981720604,1.70286055941274,-0.297139440587262,0.297139440587262,0.088291847152511,-0.033968507697641,0.00378221343926738,0.131257176146127,"ok"
"S4_quadratic_moderate",185,20870185,1,"scenario_matched_gap_adjusted_did","quadratic_gap",2,0.308085007393621,0.42978252478676,0.121697517393139,2.30808500739362,1.87830248260686,-0.121697517393139,0.121697517393139,0.0148102857396534,0.0115556941650345,0.00140698022299888,0.192512866649746,"ok"
"S4_quadratic_moderate",186,20870186,1,"scenario_matched_gap_adjusted_did","quadratic_gap",2,0.421132178076369,0.658218549490232,0.237086371413862,2.42113217807637,1.76291362858614,-0.237086371413862,0.237086371413862,0.0562099475101916,0.00576531039594352,0.00268909900983939,0.103230583913057,"ok"
"S4_quadratic_moderate",187,20870187,1,"scenario_matched_gap_adjusted_did","quadratic_gap",2,0.356045353860867,0.606449149144228,0.250403795283361,2.35604535386087,1.74959620471664,-0.250403795283361,0.250403795283361,0.0627020606923115,-0.0175572597687864,0.00350158991118847,0.163097894843354,"ok"
"S4_quadratic_moderate",188,20870188,1,"scenario_matched_gap_adjusted_did","quadratic_gap",2,0.307780429845038,0.681573652043331,0.373793222198293,2.30778042984504,1.62620677780171,-0.373793222198293,0.373793222198293,0.139721372961383,-0.108429050107595,0.00790685441695199,0.122335733411146,"ok"
"S4_quadratic_moderate",189,20870189,1,"scenario_matched_gap_adjusted_did","quadratic_gap",2,0.198150255381906,0.332036394825689,0.133886139443783,2.19815025538191,1.86611386055622,-0.133886139443783,0.133886139443783,0.0179254983351601,-0.0442065081662487,0.00346612601412616,0.0771466086123697,"ok"
"S4_quadratic_moderate",190,20870190,1,"scenario_matched_gap_adjusted_did","quadratic_gap",2,0.287050121613848,0.44187740179038,0.154827280176532,2.28705012161385,1.84517271982347,-0.154827280176532,0.154827280176532,0.0239714866868624,-0.0322655127494852,0.00342327998187417,0.141505367609531,"ok"
"S4_quadratic_moderate",191,20870191,1,"scenario_matched_gap_adjusted_did","quadratic_gap",2,0.360580737990596,-0.141574390410554,-0.502155128401151,2.3605807379906,2.50215512840115,0.502155128401151,0.502155128401151,0.252159772979576,0.038327666165842,-0.00235007933762227,0.155334107970169,"ok"
"S4_quadratic_moderate",192,20870192,1,"scenario_matched_gap_adjusted_did","quadratic_gap",2,0.296327818730153,0.415284324534023,0.11895650580387,2.29632781873015,1.88104349419613,-0.11895650580387,0.11895650580387,0.0141506502730662,-0.0248593708290297,0.00297258820667606,0.116997469212523,"ok"
"S4_quadratic_moderate",193,20870193,1,"scenario_matched_gap_adjusted_did","quadratic_gap",2,0.296771134693161,0.373547018602806,0.076775883909645,2.29677113469316,1.92322411609036,-0.0767758839096446,0.0767758839096446,0.00589453635010723,-0.0462841410459296,0.00374502281669598,0.0803333875649097,"ok"
"S4_quadratic_moderate",194,20870194,1,"scenario_matched_gap_adjusted_did","quadratic_gap",2,0.139443461399805,0.464015580576325,0.32457211917652,2.13944346139981,1.67542788082348,-0.32457211917652,0.32457211917652,0.105347060546737,-0.0259062743466178,0.00323766413750375,0.115939925843025,"ok"
"S4_quadratic_moderate",195,20870195,1,"scenario_matched_gap_adjusted_did","quadratic_gap",2,0.358618350811287,0.736230992103049,0.377612641291762,2.35861835081129,1.62238735870824,-0.377612641291762,0.377612641291762,0.142591306863341,-0.0715769378219066,0.00650149419547216,0.140808319475012,"ok"
"S4_quadratic_moderate",196,20870196,1,"scenario_matched_gap_adjusted_did","quadratic_gap",2,0.140650728592192,0.476127059588069,0.335476330995878,2.14065072859219,1.66452366900412,-0.335476330995877,0.335476330995877,0.112544368658456,-0.0676226473727199,0.00515979194021762,0.13593961866574,"ok"
"S4_quadratic_moderate",197,20870197,1,"scenario_matched_gap_adjusted_did","quadratic_gap",2,0.24867085224261,0.862113087647644,0.613442235405034,2.24867085224261,1.38655776459497,-0.613442235405034,0.613442235405034,0.376311376178725,-0.0521147326830921,0.00619370334841149,0.121463847320876,"ok"
"S4_quadratic_moderate",198,20870198,1,"scenario_matched_gap_adjusted_did","quadratic_gap",2,0.224596362379618,0.600169798418324,0.375573436038706,2.22459636237962,1.62442656396129,-0.375573436038706,0.375573436038706,0.14105540585792,-0.0253670846138728,0.00382316706518083,0.208697601822561,"ok"
"S4_quadratic_moderate",199,20870199,1,"scenario_matched_gap_adjusted_did","quadratic_gap",2,0.352503879817528,0.183522297201083,-0.168981582616446,2.35250387981753,2.16898158261645,0.168981582616446,0.168981582616446,0.0285547752635588,-0.0142177354708223,0.00145835665034017,0.0878585571530516,"ok"
"S4_quadratic_moderate",200,20870200,1,"scenario_matched_gap_adjusted_did","quadratic_gap",2,0.188690261540892,-0.0796026638736107,-0.268292925414503,2.18869026154089,2.2682929254145,0.268292925414503,0.268292925414503,0.0719810938274723,0.0215992757149101,-0.00132356158666886,0.124855317911449,"ok"
"S4_quadratic_moderate",201,20870201,1,"scenario_matched_gap_adjusted_did","quadratic_gap",2,0.274914791307611,0.72276690617112,0.447852114863509,2.27491479130761,1.55214788513649,-0.447852114863509,0.447852114863509,0.200571516787718,-0.0664604758358906,0.00621211193073146,0.144085979955439,"ok"
"S4_quadratic_moderate",202,20870202,1,"scenario_matched_gap_adjusted_did","quadratic_gap",2,0.199627477235981,0.372696735871055,0.173069258635074,2.19962747723598,1.82693074136493,-0.173069258635074,0.173069258635074,0.0299529682844941,-0.0185103131533164,0.00249761134658606,0.119740634060848,"ok"
"S4_quadratic_moderate",203,20870203,1,"scenario_matched_gap_adjusted_did","quadratic_gap",2,0.190752414902043,0.0829471176284249,-0.107805297273618,2.19075241490204,2.10780529727362,0.107805297273618,0.107805297273618,0.0116219821202532,-0.0505687118350115,0.002635675683486,0.134793407227203,"ok"
"S4_quadratic_moderate",204,20870204,1,"scenario_matched_gap_adjusted_did","quadratic_gap",2,0.264300717289314,0.00441992143431748,-0.259880795854996,2.26430071728931,2.259880795855,0.259880795854996,0.259880795854996,0.0675380280542261,0.0546104348514141,-0.00242545265856637,0.156252788044447,"ok"
"S4_quadratic_moderate",205,20870205,1,"scenario_matched_gap_adjusted_did","quadratic_gap",2,0.388819598052143,0.374157953968032,-0.0146616440841107,2.38881959805214,2.01466164408411,0.0146616440841107,0.0146616440841107,0.00021496380724914,0.0408163329135602,-0.000152262873884639,0.112587525775617,"ok"
"S4_quadratic_moderate",206,20870206,1,"scenario_matched_gap_adjusted_did","quadratic_gap",2,0.328776587636252,0.86338921678093,0.534612629144678,2.32877658763625,1.46538737085532,-0.534612629144678,0.534612629144678,0.285810663240985,-0.0610027084532787,0.00659738642379276,0.118602024373184,"ok"
"S4_quadratic_moderate",207,20870207,1,"scenario_matched_gap_adjusted_did","quadratic_gap",2,0.272123100660768,-0.203851747552727,-0.475974848213496,2.27212310066077,2.4759748482135,0.475974848213496,0.475974848213496,0.22655205613186,0.0465755413632509,-0.0029982410202324,0.0747731548614626,"ok"
"S4_quadratic_moderate",208,20870208,1,"scenario_matched_gap_adjusted_did","quadratic_gap",2,0.221162965016213,0.614911953662573,0.39374898864636,2.22116296501621,1.60625101135364,-0.39374898864636,0.39374898864636,0.155038266060032,-0.0712223336975284,0.0059423968237516,0.060964826612783,"ok"
"S4_quadratic_moderate",209,20870209,1,"scenario_matched_gap_adjusted_did","quadratic_gap",2,0.375457064395568,0.608237169775093,0.232780105379524,2.37545706439557,1.76721989462048,-0.232780105379524,0.232780105379524,0.0541865774605024,-0.0433632612059956,0.00466508857538081,0.110653348776448,"ok"
"S4_quadratic_moderate",210,20870210,1,"scenario_matched_gap_adjusted_did","quadratic_gap",2,0.410468548359213,0.593508844272337,0.183040295913124,2.41046854835921,1.81695970408688,-0.183040295913124,0.183040295913124,0.0335037499279641,-0.031245639815326,0.00405656078698029,0.179077230648783,"ok"
"S4_quadratic_moderate",211,20870211,1,"scenario_matched_gap_adjusted_did","quadratic_gap",2,0.273065662440162,0.0920071159752441,-0.181058546464918,2.27306566244016,2.18105854646492,0.181058546464917,0.181058546464917,0.0327821972479887,0.0113398984361481,-9.57844853115083e-05,0.123758433127484,"ok"
"S4_quadratic_moderate",212,20870212,1,"scenario_matched_gap_adjusted_did","quadratic_gap",2,0.2882526119654,0.144031692455158,-0.144220919510242,2.2882526119654,2.14422091951024,0.144220919510242,0.144220919510242,0.0207996736243796,-0.047164877179295,0.00275677819812585,0.0795509620305797,"ok"
"S4_quadratic_moderate",213,20870213,1,"scenario_matched_gap_adjusted_did","quadratic_gap",2,0.137239509947038,-0.33571081321851,-0.472950323165548,2.13723950994704,2.47295032316555,0.472950323165549,0.472950323165549,0.223682008182397,0.0887256793901978,-0.00547597436024099,0.160026526463781,"ok"
"S4_quadratic_moderate",214,20870214,1,"scenario_matched_gap_adjusted_did","quadratic_gap",2,0.257018152678401,0.436139626383289,0.179121473704889,2.2570181526784,1.82087852629511,-0.179121473704889,0.179121473704889,0.0320845023422111,-0.00252646196539904,0.00206598916136095,0.127422200655373,"ok"
"S4_quadratic_moderate",215,20870215,1,"scenario_matched_gap_adjusted_did","quadratic_gap",2,0.258347360628312,0.068404171174584,-0.189943189453728,2.25834736062831,2.18994318945373,0.189943189453728,0.189943189453728,0.0360784152198547,0.0311463900670966,-0.00108832714699873,0.0966690546099121,"ok"
"S4_quadratic_moderate",216,20870216,1,"scenario_matched_gap_adjusted_did","quadratic_gap",2,0.269535577274244,0.560460846673952,0.290925269399709,2.26953557727424,1.70907473060029,-0.290925269399709,0.290925269399709,0.084637512375293,-0.0410628329037405,0.00434816048825981,0.109934171897923,"ok"
"S4_quadratic_moderate",217,20870217,1,"scenario_matched_gap_adjusted_did","quadratic_gap",2,0.340468784531015,0.527827453326309,0.187358668795295,2.34046878453101,1.8126413312047,-0.187358668795295,0.187358668795295,0.0351032707727451,0.00263522838346834,0.00224541120667892,0.172522997382481,"ok"
"S4_quadratic_moderate",218,20870218,1,"scenario_matched_gap_adjusted_did","quadratic_gap",2,0.190593228306901,0.720404042397644,0.529810814090743,2.1905932283069,1.47018918590926,-0.529810814090743,0.529810814090743,0.280699498727496,-0.0497026214218037,0.00545118025350305,0.130890192644322,"ok"
"S4_quadratic_moderate",219,20870219,1,"scenario_matched_gap_adjusted_did","quadratic_gap",2,0.151891471400397,0.519882864196067,0.36799139279567,2.1518914714004,1.63200860720433,-0.36799139279567,0.36799139279567,0.135417665171697,-0.0457194593596228,0.00437497369160729,0.141050796326389,"ok"
"S4_quadratic_moderate",220,20870220,1,"scenario_matched_gap_adjusted_did","quadratic_gap",2,0.139414692199723,0.212259158859947,0.0728444666602238,2.13941469219972,1.92715553333978,-0.0728444666602239,0.0728444666602239,0.00530631632301248,0.00956878532356879,0.00052196106995937,0.0737711355241024,"ok"
"S4_quadratic_moderate",221,20870221,1,"scenario_matched_gap_adjusted_did","quadratic_gap",2,0.173771815819308,0.0906658175958857,-0.0831059982234219,2.17377181581931,2.08310599822342,0.0831059982234219,0.0831059982234219,0.0069066069407114,-0.0241098641624849,0.00148551250397344,0.131218497139295,"ok"
"S4_quadratic_moderate",222,20870222,1,"scenario_matched_gap_adjusted_did","quadratic_gap",2,0.228017964433186,0.261954906222799,0.0339369417896133,2.22801796443319,1.96606305821039,-0.0339369417896136,0.0339369417896136,0.00115171601803162,0.0629158490666144,-0.00164419515422393,0.0947811850326648,"ok"
"S4_quadratic_moderate",223,20870223,1,"scenario_matched_gap_adjusted_did","quadratic_gap",2,0.156007397870065,0.032865491267906,-0.123141906602159,2.15600739787006,2.12314190660216,0.123141906602159,0.123141906602159,0.0151639291616148,0.0132892889083538,-0.000447883870816261,0.140588118942404,"ok"
"S4_quadratic_moderate",224,20870224,1,"scenario_matched_gap_adjusted_did","quadratic_gap",2,0.266774469304509,0.644472207330407,0.377697738025898,2.26677446930451,1.6223022619741,-0.377697738025898,0.377697738025898,0.14265558130988,-0.00787515404928429,0.00323831528876082,0.111794552774142,"ok"
"S4_quadratic_moderate",225,20870225,1,"scenario_matched_gap_adjusted_did","quadratic_gap",2,0.230307311964357,0.550090161956163,0.319782849991806,2.23030731196436,1.68021715000819,-0.319782849991806,0.319782849991806,0.102261071148882,-0.0394607971971894,0.00422999164445399,0.146495243439072,"ok"
"S4_quadratic_moderate",226,20870226,1,"scenario_matched_gap_adjusted_did","quadratic_gap",2,0.241983323575395,0.164813484313601,-0.0771698392617937,2.24198332357539,2.07716983926179,0.0771698392617939,0.0771698392617939,0.0059551840916911,-0.0605158624544811,0.00344763630832125,0.0764632507940489,"ok"
"S4_quadratic_moderate",227,20870227,1,"scenario_matched_gap_adjusted_did","quadratic_gap",2,0.225414356032402,0.0628234680638689,-0.162590887968533,2.2254143560324,2.16259088796853,0.162590887968534,0.162590887968534,0.0264357968503962,-0.0420090106653554,0.00216229958828697,0.101133052154506,"ok"
"S4_quadratic_moderate",228,20870228,1,"scenario_matched_gap_adjusted_did","quadratic_gap",2,0.158129359519749,-0.109556606937678,-0.267685966457427,2.15812935951975,2.26768596645743,0.267685966457427,0.267685966457427,0.0716557766382468,0.0103255400345584,-0.000952889584850427,0.139491182538363,"ok"
"S4_quadratic_moderate",229,20870229,1,"scenario_matched_gap_adjusted_did","quadratic_gap",2,0.243174583525401,0.615451363848967,0.372276780323566,2.2431745835254,1.62772321967643,-0.372276780323566,0.372276780323566,0.138590001168081,-0.077915916812958,0.00624452477005319,0.137552697658264,"ok"
"S4_quadratic_moderate",230,20870230,1,"scenario_matched_gap_adjusted_did","quadratic_gap",2,0.227623744796038,-0.0828120253967594,-0.310435770192798,2.22762374479604,2.3104357701928,0.310435770192798,0.310435770192798,0.0963703674151957,0.0216332838340897,-0.0013394546137507,0.194567329337691,"ok"
"S4_quadratic_moderate",231,20870231,1,"scenario_matched_gap_adjusted_did","quadratic_gap",2,0.219412892738468,0.293291063995841,0.0738781712573729,2.21941289273847,1.92612182874263,-0.0738781712573731,0.0738781712573731,0.00545798418833374,-0.00636967615446439,0.00159845295018128,0.143530341566174,"ok"
"S4_quadratic_moderate",232,20870232,1,"scenario_matched_gap_adjusted_did","quadratic_gap",2,0.436395458181045,0.783749266925593,0.347353808744548,2.43639545818104,1.65264619125545,-0.347353808744548,0.347353808744548,0.120654668449344,-0.0405343951567565,0.00532429799325294,0.183190704667849,"ok"
"S4_quadratic_moderate",233,20870233,1,"scenario_matched_gap_adjusted_did","quadratic_gap",2,0.247481388442962,0.140765172331441,-0.106716216111522,2.24748138844296,2.10671621611152,0.106716216111522,0.106716216111522,0.011388350781161,0.000407825203622454,0.00061203098639649,0.0951948208847104,"ok"
"S4_quadratic_moderate",234,20870234,1,"scenario_matched_gap_adjusted_did","quadratic_gap",2,0.103813215341937,0.128662673415016,0.0248494580730783,2.10381321534194,1.97515054192692,-0.0248494580730783,0.0248494580730783,0.000617495566525674,-0.0177454485863207,0.00137067384751443,0.11655875527959,"ok"
"S4_quadratic_moderate",235,20870235,1,"scenario_matched_gap_adjusted_did","quadratic_gap",2,0.256975439957626,-0.151623605090188,-0.408599045047813,2.25697543995763,2.40859904504781,0.408599045047813,0.408599045047813,0.166953179613985,0.0640459099633935,-0.00354663897637667,0.12886406946956,"ok"
"S4_quadratic_moderate",236,20870236,1,"scenario_matched_gap_adjusted_did","quadratic_gap",2,0.311345172633515,-0.127291362810117,-0.438636535443633,2.31134517263351,2.43863653544363,0.438636535443632,0.438636535443632,0.192402010225993,0.0381615721149572,-0.0022786884356404,0.104874044842155,"ok"
"S4_quadratic_moderate",237,20870237,1,"scenario_matched_gap_adjusted_did","quadratic_gap",2,0.159955878603539,0.485106878311647,0.325150999708108,2.15995587860354,1.67484900029189,-0.325150999708108,0.325150999708108,0.105723172611182,-0.0820748201461414,0.00584711229749132,0.146531925148387,"ok"
"S4_quadratic_moderate",238,20870238,1,"scenario_matched_gap_adjusted_did","quadratic_gap",2,0.231172394991296,0.392705653660421,0.161533258669125,2.2311723949913,1.83846674133088,-0.161533258669124,0.161533258669124,0.0260929936562663,0.00382530166464611,0.001587101359764,0.0754738542978724,"ok"
"S4_quadratic_moderate",239,20870239,1,"scenario_matched_gap_adjusted_did","quadratic_gap",2,0.374954782571095,0.744561571964359,0.369606789393264,2.3749547825711,1.63039321060674,-0.369606789393264,0.369606789393264,0.136609178765597,-0.0705493619845818,0.00649278444094109,0.111195706543869,"ok"
"S4_quadratic_moderate",240,20870240,1,"scenario_matched_gap_adjusted_did","quadratic_gap",2,0.177136873101529,0.322446337892777,0.145309464791248,2.17713687310153,1.85469053520875,-0.145309464791248,0.145309464791248,0.0211148405579189,0.0304823043084319,7.89102752617544e-05,0.121205578812926,"ok"
"S4_quadratic_moderate",241,20870241,1,"scenario_matched_gap_adjusted_did","quadratic_gap",2,0.186430062488268,0.267664345761814,0.0812342832735452,2.18643006248827,1.91876571672645,-0.0812342832735451,0.0812342832735451,0.00659900877896657,0.0163859609074096,0.000464797328452468,0.109780186651778,"ok"
"S4_quadratic_moderate",242,20870242,1,"scenario_matched_gap_adjusted_did","quadratic_gap",2,0.220555558171116,-0.275371181358624,-0.49592673952974,2.22055555817112,2.49592673952974,0.49592673952974,0.49592673952974,0.245943330980598,0.0740413798038096,-0.00454829095252263,0.0881665093301282,"ok"
"S4_quadratic_moderate",243,20870243,1,"scenario_matched_gap_adjusted_did","quadratic_gap",2,0.232231752813239,0.497903530883979,0.26567177807074,2.23223175281324,1.73432822192926,-0.26567177807074,0.26567177807074,0.0705814936632686,-0.0616484829481441,0.00498979862850188,0.189585212611412,"ok"
"S4_quadratic_moderate",244,20870244,1,"scenario_matched_gap_adjusted_did","quadratic_gap",2,0.11779014376334,-0.0548548854604157,-0.172645029223756,2.11779014376334,2.17264502922376,0.172645029223756,0.172645029223756,0.0298063061156716,0.0251450882822845,-0.00137151836544744,0.147413166137903,"ok"
"S4_quadratic_moderate",245,20870245,1,"scenario_matched_gap_adjusted_did","quadratic_gap",2,0.367856501076733,0.240429083034081,-0.127427418042652,2.36785650107673,2.12742741804265,0.127427418042652,0.127427418042652,0.0162377468690168,0.00762420646215459,0.00073516575408598,0.161326416374729,"ok"
"S4_quadratic_moderate",246,20870246,1,"scenario_matched_gap_adjusted_did","quadratic_gap",2,0.235255375939078,0.571122806658207,0.335867430719129,2.23525537593908,1.66413256928087,-0.335867430719129,0.335867430719129,0.112806931017869,-0.0039310286968037,0.00273328250877423,0.0916215792202368,"ok"
"S4_quadratic_moderate",247,20870247,1,"scenario_matched_gap_adjusted_did","quadratic_gap",2,0.164072181107403,0.583647563651049,0.419575382543647,2.1640721811074,1.58042461745635,-0.419575382543647,0.419575382543647,0.176043501636647,0.00681797840656107,0.00230806468471092,0.0969724421891182,"ok"
"S4_quadratic_moderate",248,20870248,1,"scenario_matched_gap_adjusted_did","quadratic_gap",2,0.23278011116641,0.185875440741564,-0.0469046704248453,2.23278011116641,2.04690467042485,0.046904670424845,0.046904670424845,0.00220004810766333,-0.00257320752436365,0.000947496340232243,0.143688301311865,"ok"
"S4_quadratic_moderate",249,20870249,1,"scenario_matched_gap_adjusted_did","quadratic_gap",2,0.315765757791073,0.383980559899832,0.0682148021087589,2.31576575779107,1.93178519789124,-0.0682148021087592,0.0682148021087592,0.00465325922673718,0.0193747318097863,0.000851790634934188,0.13160452029259,"ok"
"S4_quadratic_moderate",250,20870250,1,"scenario_matched_gap_adjusted_did","quadratic_gap",2,0.0670170503260814,0.200688521563909,0.133671471237828,2.06701705032608,1.86632852876217,-0.133671471237828,0.133671471237828,0.0178680622228853,0.056004620549964,-0.00160906425642865,0.118519512582833,"ok"
"S4_quadratic_moderate",251,20870251,1,"scenario_matched_gap_adjusted_did","quadratic_gap",2,0.280615292127967,0.18443333914624,-0.0961819529817264,2.28061529212797,2.09618195298173,0.0961819529817265,0.0961819529817265,0.00925096807937905,0.00214893266877223,0.000729600055784409,0.131140278385921,"ok"
"S4_quadratic_moderate",252,20870252,1,"scenario_matched_gap_adjusted_did","quadratic_gap",2,0.487645232194492,0.340109570528045,-0.147535661666447,2.48764523219449,2.14753566166645,0.147535661666446,0.147535661666446,0.0217667714633562,0.0197615077915956,0.000638035041546666,0.166049635820158,"ok"
"S4_quadratic_moderate",253,20870253,1,"scenario_matched_gap_adjusted_did","quadratic_gap",2,0.350117537840516,0.246470618694598,-0.103646919145918,2.35011753784052,2.10364691914592,0.103646919145918,0.103646919145918,0.0107426838484404,-0.0113933758754421,0.00161375094380158,0.117820560818295,"ok"
"S4_quadratic_moderate",254,20870254,1,"scenario_matched_gap_adjusted_did","quadratic_gap",2,0.291851466160794,0.059453861593387,-0.232397604567407,2.29185146616079,2.23239760456741,0.232397604567407,0.232397604567407,0.0540086466086691,0.00430153161507189,7.36054273552303e-05,0.0885298396576976,"ok"
"S4_quadratic_moderate",255,20870255,1,"scenario_matched_gap_adjusted_did","quadratic_gap",2,0.22197194191464,0.602441803814311,0.380469861899672,2.22197194191464,1.61953013810033,-0.380469861899672,0.380469861899672,0.144757315813955,-0.0493933139757933,0.00490914153838318,0.102557506264701,"ok"
"S4_quadratic_moderate",256,20870256,1,"scenario_matched_gap_adjusted_did","quadratic_gap",2,0.23239283565432,0.482473742019811,0.250080906365492,2.23239283565432,1.74991909363451,-0.250080906365492,0.250080906365492,0.0625404597285858,-0.0172211323328143,0.00293142566573711,0.137545185518105,"ok"
"S4_quadratic_moderate",257,20870257,1,"scenario_matched_gap_adjusted_did","quadratic_gap",2,0.215261252389494,0.223954461967513,0.00869320957801889,2.21526125238949,1.99130679042198,-0.008693209578019,0.008693209578019,7.55718927673613e-05,0.0010120081578504,0.000957467374876158,0.0992550278161259,"ok"
"S4_quadratic_moderate",258,20870258,1,"scenario_matched_gap_adjusted_did","quadratic_gap",2,0.204354466505368,0.366361495350412,0.162007028845043,2.20435446650537,1.83799297115496,-0.162007028845043,0.162007028845043,0.0262462773951988,0.00103349495791404,0.00159414871240868,0.106350029405286,"ok"
"S4_quadratic_moderate",259,20870259,1,"scenario_matched_gap_adjusted_did","quadratic_gap",2,0.280583124645055,0.245038930420092,-0.0355441942249629,2.28058312464506,2.03554419422496,0.035544194224963,0.035544194224963,0.00126338974310189,-0.0161713507374865,0.00182127957221623,0.112340892709118,"ok"
"S4_quadratic_moderate",260,20870260,1,"scenario_matched_gap_adjusted_did","quadratic_gap",2,0.192087107889822,0.526399245670357,0.334312137780536,2.19208710788982,1.66568786221946,-0.334312137780536,0.334312137780536,0.111764605467392,-0.0423289511741361,0.00425233771975396,0.155017840272134,"ok"
"S4_quadratic_moderate",261,20870261,1,"scenario_matched_gap_adjusted_did","quadratic_gap",2,0.276843929547358,-0.0815430818676162,-0.358387011414974,2.27684392954736,2.35838701141497,0.358387011414974,0.358387011414974,0.128441249950957,0.0306492650893838,-0.00173747343027517,0.0938082521703144,"ok"
"S4_quadratic_moderate",262,20870262,1,"scenario_matched_gap_adjusted_did","quadratic_gap",2,0.013442182812237,-0.150612862579346,-0.164055045391583,2.01344218281224,2.16405504539158,0.164055045391584,0.164055045391584,0.0269140579184346,0.0485265850915749,-0.00284721812012729,0.109008737761477,"ok"
"S4_quadratic_moderate",263,20870263,1,"scenario_matched_gap_adjusted_did","quadratic_gap",2,0.237139360885823,-0.663987943239627,-0.90112730412545,2.23713936088582,2.90112730412545,0.90112730412545,0.90112730412545,0.812030418240401,0.121302752330448,-0.00840454686512287,0.17349924274764,"ok"
"S4_quadratic_moderate",264,20870264,1,"scenario_matched_gap_adjusted_did","quadratic_gap",2,0.393935874952208,-0.0131851312692413,-0.407121006221449,2.39393587495221,2.40712100622145,0.407121006221449,0.407121006221449,0.165747513706765,0.0589217173035883,-0.00269732375061996,0.100432783652492,"ok"
"S4_quadratic_moderate",265,20870265,1,"scenario_matched_gap_adjusted_did","quadratic_gap",2,0.368350349396854,-0.383829469462861,-0.752179818859716,2.36835034939685,2.75217981885972,0.752179818859716,0.752179818859716,0.565774479899835,0.0752838277516804,-0.00508955707602835,0.131396414033959,"ok"
"S4_quadratic_moderate",266,20870266,1,"scenario_matched_gap_adjusted_did","quadratic_gap",2,0.185592796358519,0.179251716424334,-0.00634107993418537,2.18559279635852,2.00634107993419,0.00634107993418542,0.00634107993418542,4.0209294731729e-05,0.013980916351679,0.000176608445854673,0.049515237535697,"ok"
"S4_quadratic_moderate",267,20870267,1,"scenario_matched_gap_adjusted_did","quadratic_gap",2,0.283417133581958,-0.0715177623350321,-0.35493489591699,2.28341713358196,2.35493489591699,0.35493489591699,0.35493489591699,0.125978780339605,0.0383795880761586,-0.00203871780491023,0.158361630803512,"ok"
"S4_quadratic_moderate",268,20870268,1,"scenario_matched_gap_adjusted_did","quadratic_gap",2,0.403371701173417,0.79908508328969,0.395713382116273,2.40337170117342,1.60428661788373,-0.395713382116273,0.395713382116273,0.1565890807859,-0.0652696043963604,0.00650051251008937,0.176743782831512,"ok"
"S4_quadratic_moderate",269,20870269,1,"scenario_matched_gap_adjusted_did","quadratic_gap",2,0.504843259924937,0.557616364107877,0.05277310418294,2.50484325992494,1.94722689581706,-0.0527731041829402,0.0527731041829402,0.00278500052510346,-0.0398858048442359,0.00428272125022494,0.0969380998923581,"ok"
"S4_quadratic_moderate",270,20870270,1,"scenario_matched_gap_adjusted_did","quadratic_gap",2,0.149546503703781,1.02258583470047,0.873039330996688,2.14954650370378,1.12696066900331,-0.873039330996688,0.873039330996688,0.762197673467145,-0.0955880863592792,0.00885880611176087,0.120135460874319,"ok"
"S4_quadratic_moderate",271,20870271,1,"scenario_matched_gap_adjusted_did","quadratic_gap",2,0.209033457966734,0.336289779947788,0.127256321981055,2.20903345796673,1.87274367801895,-0.127256321981054,0.127256321981054,0.0161941714841458,0.0316527960240305,8.84857598842525e-05,0.109805084204208,"ok"
"S4_quadratic_moderate",272,20870272,1,"scenario_matched_gap_adjusted_did","quadratic_gap",2,0.1444306206983,0.172522551070277,0.0280919303719765,2.1444306206983,1.97190806962802,-0.0280919303719764,0.0280919303719764,0.000789156552023972,0.0579150958649854,-0.00182072421304288,0.126120064004792,"ok"
"S4_quadratic_moderate",273,20870273,1,"scenario_matched_gap_adjusted_did","quadratic_gap",2,0.183049439912071,-0.0299554372885418,-0.213004877200613,2.18304943991207,2.21300487720061,0.213004877200613,0.213004877200613,0.0453710777112481,0.0238329047577418,-0.00120127381283266,0.189156672148565,"ok"
"S4_quadratic_moderate",274,20870274,1,"scenario_matched_gap_adjusted_did","quadratic_gap",2,0.275842089014196,0.30101999560771,0.0251779065935142,2.2758420890142,1.97482209340649,-0.025177906593514,0.025177906593514,0.000633926980431718,-0.0180827513838302,0.00215752616169856,0.143826239121192,"ok"
"S4_quadratic_moderate",275,20870275,1,"scenario_matched_gap_adjusted_did","quadratic_gap",2,0.2613130231151,0.164836930530017,-0.0964760925850824,2.2613130231151,2.09647609258508,0.0964760925850823,0.0964760925850823,0.00930763644048537,0.0225218086362774,-0.000270363384325777,0.182291390979709,"ok"
"S4_quadratic_moderate",276,20870276,1,"scenario_matched_gap_adjusted_did","quadratic_gap",2,0.401339112383037,-0.0142298673740269,-0.415568979757064,2.40133911238304,2.41556897975706,0.415568979757064,0.415568979757064,0.172697576936327,0.0364928460153067,-0.00169772385459893,0.111895963674637,"ok"
"S4_quadratic_moderate",277,20870277,1,"scenario_matched_gap_adjusted_did","quadratic_gap",2,0.266475100804773,0.544195529587666,0.277720428782893,2.26647510080477,1.72227957121711,-0.277720428782893,0.277720428782893,0.0771286365633539,-0.00335165545505919,0.0025867705259922,0.170605483391833,"ok"
"S4_quadratic_moderate",278,20870278,1,"scenario_matched_gap_adjusted_did","quadratic_gap",2,0.324555902890168,-0.0366261132926293,-0.361182016182797,2.32455590289017,2.3611820161828,0.361182016182797,0.361182016182797,0.13045244881387,0.0657866274661123,-0.00310966740874814,0.117693319183877,"ok"
"S4_quadratic_moderate",279,20870279,1,"scenario_matched_gap_adjusted_did","quadratic_gap",2,0.360479212358156,0.111572660862641,-0.248906551495515,2.36047921235816,2.24890655149551,0.248906551495515,0.248906551495515,0.0619544713773894,0.0656002324478255,-0.00243774476245797,0.161299159118016,"ok"
"S4_quadratic_moderate",280,20870280,1,"scenario_matched_gap_adjusted_did","quadratic_gap",2,0.304930180067125,0.243072025212495,-0.0618581548546309,2.30493018006713,2.06185815485463,0.0618581548546309,0.0618581548546309,0.00382643132201949,-0.0379407206055308,0.00278722043851255,0.154833004059421,"ok"
"S4_quadratic_moderate",281,20870281,1,"scenario_matched_gap_adjusted_did","quadratic_gap",2,0.318290438768173,0.696365176896315,0.378074738128142,2.31829043876817,1.62192526187186,-0.378074738128142,0.378074738128142,0.142940507610663,-0.0532394126659576,0.00550190732935474,0.117860521369258,"ok"
"S4_quadratic_moderate",282,20870282,1,"scenario_matched_gap_adjusted_did","quadratic_gap",2,0.223950319049848,0.721739110032535,0.497788790982687,2.22395031904985,1.50221120901731,-0.497788790982687,0.497788790982687,0.247793680428005,-0.0843085176417542,0.00700667590947796,0.109760941944738,"ok"
"S4_quadratic_moderate",283,20870283,1,"scenario_matched_gap_adjusted_did","quadratic_gap",2,0.179113896726572,0.168088228952356,-0.0110256677742156,2.17911389672657,2.01102566777422,0.0110256677742155,0.0110256677742155,0.000121565349867375,-0.0211558096308515,0.00169990891907853,0.0799591021630985,"ok"
"S4_quadratic_moderate",284,20870284,1,"scenario_matched_gap_adjusted_did","quadratic_gap",2,0.164441977750489,0.016102637688516,-0.148339340061973,2.16444197775049,2.14833934006197,0.148339340061973,0.148339340061973,0.0220045598100216,-0.00236507905555354,0.000178000424973365,0.137968004846821,"ok"
"S4_quadratic_moderate",285,20870285,1,"scenario_matched_gap_adjusted_did","quadratic_gap",2,0.31825845855669,-0.0850492728439946,-0.403307731400685,2.31825845855669,2.40330773140068,0.403307731400685,0.403307731400685,0.162657126207567,0.0486944775246704,-0.00256116737951059,0.136524730935572,"ok"
"S4_quadratic_moderate",286,20870286,1,"scenario_matched_gap_adjusted_did","quadratic_gap",2,0.177409186710571,0.340087009589767,0.162677822879197,2.17740918671057,1.8373221771208,-0.162677822879197,0.162677822879197,0.0264640740567153,0.0301390086611042,0.000173269804382353,0.109616483710791,"ok"
"S4_quadratic_moderate",287,20870287,1,"scenario_matched_gap_adjusted_did","quadratic_gap",2,0.161342084036259,0.0144724403178428,-0.146869643718416,2.16134208403626,2.14686964371842,0.146869643718416,0.146869643718416,0.0215706922459746,0.0272238010534161,-0.00115417419499844,0.182998538160991,"ok"
"S4_quadratic_moderate",288,20870288,1,"scenario_matched_gap_adjusted_did","quadratic_gap",2,0.279885243822158,0.860151503743736,0.580266259921578,2.27988524382216,1.41973374007842,-0.580266259921578,0.580266259921578,0.336708932403377,-0.101126009040628,0.00837945489917919,0.128763704500874,"ok"
"S4_quadratic_moderate",289,20870289,1,"scenario_matched_gap_adjusted_did","quadratic_gap",2,0.393290533948149,0.460708493877438,0.0674179599292891,2.39329053394815,1.93258204007071,-0.0674179599292888,0.0674179599292888,0.00454518132102719,-0.0460843061299901,0.00412635024706271,0.120999275568881,"ok"
"S4_quadratic_moderate",290,20870290,1,"scenario_matched_gap_adjusted_did","quadratic_gap",2,0.269115472846319,0.0874127746896207,-0.181702698156698,2.26911547284632,2.1817026981567,0.181702698156699,0.181702698156699,0.0330158705174244,0.0362845437088614,-0.00123328057790594,0.105745420222211,"ok"
"S4_quadratic_moderate",291,20870291,1,"scenario_matched_gap_adjusted_did","quadratic_gap",2,0.290894089244799,0.975560324794198,0.684666235549399,2.2908940892448,1.3153337644506,-0.684666235549399,0.684666235549399,0.468767854101385,-0.0636988786405994,0.00722036915462772,0.163790664426807,"ok"
"S4_quadratic_moderate",292,20870292,1,"scenario_matched_gap_adjusted_did","quadratic_gap",2,0.203678706657193,0.285577880713425,0.0818991740562323,2.20367870665719,1.91810082594377,-0.081899174056232,0.081899174056232,0.00670747471109299,0.0271509700790566,6.29918504008609e-05,0.144029913624681,"ok"
"S4_quadratic_moderate",293,20870293,1,"scenario_matched_gap_adjusted_did","quadratic_gap",2,0.239356557023809,0.603113366126932,0.363756809103123,2.23935655702381,1.63624319089688,-0.363756809103123,0.363756809103123,0.132319016168886,-0.0254909779002074,0.00384189467968212,0.152129703003957,"ok"
"S4_quadratic_moderate",294,20870294,1,"scenario_matched_gap_adjusted_did","quadratic_gap",2,0.233748497099385,1.02066225919665,0.786913762097267,2.23374849709939,1.21308623790273,-0.786913762097267,0.786913762097267,0.619233268978075,-0.108874458663403,0.00944510527983888,0.161680876358695,"ok"
"S4_quadratic_moderate",295,20870295,1,"scenario_matched_gap_adjusted_did","quadratic_gap",2,0.107844735125582,-0.153846313180341,-0.261691048305923,2.10784473512558,2.26169104830592,0.261691048305923,0.261691048305923,0.068482204763453,0.0581700231467252,-0.00329349199095937,0.153074161387302,"ok"
"S4_quadratic_moderate",296,20870296,1,"scenario_matched_gap_adjusted_did","quadratic_gap",2,0.197540751366194,0.147554840217399,-0.0499859111487944,2.19754075136619,2.04998591114879,0.0499859111487941,0.0499859111487941,0.00249859131337514,0.0168413619533102,-9.33975193240414e-05,0.123898894840467,"ok"
"S4_quadratic_moderate",297,20870297,1,"scenario_matched_gap_adjusted_did","quadratic_gap",2,0.144977522096317,0.0897380465843444,-0.0552394755119729,2.14497752209632,2.05523947551197,0.0552394755119727,0.0552394755119727,0.00305139965483783,-0.0424523404492454,0.00230266321377671,0.0684800714388958,"ok"
"S4_quadratic_moderate",298,20870298,1,"scenario_matched_gap_adjusted_did","quadratic_gap",2,0.227657498484435,-0.166053077882405,-0.39371057636684,2.22765749848444,2.39371057636684,0.393710576366841,0.393710576366841,0.15500801794311,0.111170334357538,-0.00572129740951248,0.111389672664184,"ok"
"S4_quadratic_moderate",299,20870299,1,"scenario_matched_gap_adjusted_did","quadratic_gap",2,0.155735136327536,0.166301459242303,0.0105663229147666,2.15573513632754,1.98943367708523,-0.0105663229147666,0.0105663229147666,0.000111647179939121,-0.00672054742644494,0.00104555343361232,0.103463682972021,"ok"
"S4_quadratic_moderate",300,20870300,1,"scenario_matched_gap_adjusted_did","quadratic_gap",2,0.417229059541992,0.090073584285695,-0.327155475256297,2.41722905954199,2.3271554752563,0.327155475256297,0.327155475256297,0.107030704990174,0.053164521442464,-0.00197718640360722,0.0898639991497173,"ok"
"S4_quadratic_moderate",301,20870301,1,"scenario_matched_gap_adjusted_did","quadratic_gap",2,0.353515827600307,0.554827770581342,0.201311942981035,2.35351582760031,1.79868805701896,-0.201311942981035,0.201311942981035,0.0405264983867995,-0.019583122139662,0.00336115966557297,0.144668006066334,"ok"
"S4_quadratic_moderate",302,20870302,1,"scenario_matched_gap_adjusted_did","quadratic_gap",2,0.0241854798093492,0.340022495623853,0.315837015814504,2.02418547980935,1.6841629841855,-0.315837015814504,0.315837015814504,0.099753020558611,-0.0490306239241039,0.00371788985760399,0.09768306663522,"ok"
"S4_quadratic_moderate",303,20870303,1,"scenario_matched_gap_adjusted_did","quadratic_gap",2,0.371514944990953,0.417324608346659,0.0458096633557067,2.37151494499095,1.95419033664429,-0.0458096633557068,0.0458096633557068,0.00209852525676319,0.00545704144097448,0.00162427251016529,0.0861363769576235,"ok"
"S4_quadratic_moderate",304,20870304,1,"scenario_matched_gap_adjusted_did","quadratic_gap",2,0.29389202535641,0.596503938972521,0.302611913616111,2.29389202535641,1.69738808638389,-0.302611913616111,0.302611913616111,0.0915739702624043,-0.0407203753019324,0.00449421354623214,0.0943673065297297,"ok"
"S4_quadratic_moderate",305,20870305,1,"scenario_matched_gap_adjusted_did","quadratic_gap",2,0.368785704518533,0.0496517211328955,-0.319133983385637,2.36878570451853,2.31913398338564,0.319133983385638,0.319133983385638,0.101846499351584,0.0332293698888394,-0.00126556109442761,0.122361576566708,"ok"
"S4_quadratic_moderate",306,20870306,1,"scenario_matched_gap_adjusted_did","quadratic_gap",2,0.335183035021057,-0.111721858978812,-0.44690489399987,2.33518303502106,2.44690489399987,0.446904893999869,0.446904893999869,0.199723984281034,0.0725667618209584,-0.00374950512173909,0.164689920843402,"ok"
"S4_quadratic_moderate",307,20870307,1,"scenario_matched_gap_adjusted_did","quadratic_gap",2,0.305910063917632,0.704621275282015,0.398711211364383,2.30591006391763,1.60128878863562,-0.398711211364383,0.398711211364383,0.158970630067654,-0.109352616374336,0.0080514064433972,0.182140120966759,"ok"
"S4_quadratic_moderate",308,20870308,1,"scenario_matched_gap_adjusted_did","quadratic_gap",2,0.223936634714119,0.432258408566889,0.20832177385277,2.22393663471412,1.79167822614723,-0.20832177385277,0.20832177385277,0.0433979614611647,-0.0201309016036353,0.00283686906538765,0.127805593805489,"ok"
"S4_quadratic_moderate",309,20870309,1,"scenario_matched_gap_adjusted_did","quadratic_gap",2,0.18963042435638,0.126501555554391,-0.0631288688019889,2.18963042435638,2.06312886880199,0.0631288688019889,0.0631288688019889,0.00398525407621872,0.0253093529903839,-0.000566829735893048,0.118488185841844,"ok"
"S4_quadratic_moderate",310,20870310,1,"scenario_matched_gap_adjusted_did","quadratic_gap",2,0.0876627204536322,0.548741578738506,0.461078858284874,2.08766272045363,1.53892114171513,-0.461078858284874,0.461078858284874,0.212593713557283,-0.0430252601668122,0.00438355603167147,0.119027292835578,"ok"
"S4_quadratic_moderate",311,20870311,1,"scenario_matched_gap_adjusted_did","quadratic_gap",2,0.248716188871735,1.16805218933736,0.919336000465626,2.24871618887174,1.08066399953437,-0.919336000465626,0.919336000465626,0.845178681752133,-0.0828626899028961,0.00894035412701339,0.132879192553712,"ok"
"S4_quadratic_moderate",312,20870312,1,"scenario_matched_gap_adjusted_did","quadratic_gap",2,0.207229920415764,-0.00268491657398617,-0.20991483698975,2.20722992041576,2.20991483698975,0.209914836989751,0.209914836989751,0.0440642387884336,-0.0269536539249491,0.00119485801197987,0.142388317262382,"ok"
"S4_quadratic_moderate",313,20870313,1,"scenario_matched_gap_adjusted_did","quadratic_gap",2,0.401816622392826,0.324681807406168,-0.077134814986658,2.40181662239283,2.07713481498666,0.0771348149866582,0.0771348149866582,0.00594977968302599,0.0188422506836323,0.00061011627120826,0.160855724283428,"ok"
"S4_quadratic_moderate",314,20870314,1,"scenario_matched_gap_adjusted_did","quadratic_gap",2,0.334212160849732,0.523713862757995,0.189501701908263,2.33421216084973,1.81049829809174,-0.189501701908263,0.189501701908263,0.0359108950261283,-0.0333031284690253,0.00383617230200708,0.156681470147501,"ok"
"S4_quadratic_moderate",315,20870315,1,"scenario_matched_gap_adjusted_did","quadratic_gap",2,0.366973399503629,0.560361382180575,0.193387982676946,2.36697339950363,1.80661201732305,-0.193387982676945,0.193387982676945,0.0373989118438585,-0.0447103238487492,0.00451103561493164,0.136896485407719,"ok"
"S4_quadratic_moderate",316,20870316,1,"scenario_matched_gap_adjusted_did","quadratic_gap",2,0.403120419008226,0.201034816618645,-0.202085602389581,2.40312041900823,2.20208560238958,0.202085602389581,0.202085602389581,0.0408385906931599,0.00683666150962126,0.000594036723234773,0.120681997208666,"ok"
"S4_quadratic_moderate",317,20870317,1,"scenario_matched_gap_adjusted_did","quadratic_gap",2,0.273349394815491,0.945318286160387,0.671968891344897,2.27334939481549,1.3280311086551,-0.671968891344897,0.671968891344897,0.45154219093529,-0.0810454923792282,0.00786167108934031,0.0927457724832686,"ok"
"S4_quadratic_moderate",318,20870318,1,"scenario_matched_gap_adjusted_did","quadratic_gap",2,0.231072702492603,0.166907787207676,-0.0641649152849271,2.2310727024926,2.06416491528493,0.0641649152849277,0.0641649152849277,0.00411713635352195,-0.00195136803038229,0.000834722988857457,0.115868315838001,"ok"
"S4_quadratic_moderate",319,20870319,1,"scenario_matched_gap_adjusted_did","quadratic_gap",2,0.0257346957258981,-0.021956262021052,-0.0476909577469501,2.0257346957259,2.04769095774695,0.04769095774695,0.04769095774695,0.00227442745082137,-0.0180246130383718,0.000708760604608952,0.159798031859732,"ok"
"S4_quadratic_moderate",320,20870320,1,"scenario_matched_gap_adjusted_did","quadratic_gap",2,0.150717939681213,0.0714378146827372,-0.0792801249984763,2.15071793968121,2.07928012499848,0.0792801249984763,0.0792801249984763,0.00628533821977402,0.0243992083109929,-0.000772631052659067,0.149604546167011,"ok"
"S4_quadratic_moderate",321,20870321,1,"scenario_matched_gap_adjusted_did","quadratic_gap",2,0.471851295460315,-0.05199273016439,-0.523844025624705,2.47185129546032,2.52384402562471,0.523844025624705,0.523844025624705,0.274412563182697,0.0392452650021028,-0.00199005394112874,0.13986009723331,"ok"
"S4_quadratic_moderate",322,20870322,1,"scenario_matched_gap_adjusted_did","quadratic_gap",2,0.112860392099971,-0.0242826472701945,-0.137143039370165,2.11286039209997,2.13714303937016,0.137143039370165,0.137143039370165,0.0188082132476866,0.0093255158534296,-0.000526288682706674,0.0871085837252286,"ok"
"S4_quadratic_moderate",323,20870323,1,"scenario_matched_gap_adjusted_did","quadratic_gap",2,0.232440000453975,0.407214382717129,0.174774382263154,2.23244000045398,1.82522561773685,-0.174774382263154,0.174774382263154,0.030546084695467,0.0170324765539696,0.00106069977840642,0.125285381630936,"ok"
"S4_quadratic_moderate",324,20870324,1,"scenario_matched_gap_adjusted_did","quadratic_gap",2,0.323989681338994,0.618804401403557,0.294814720064564,2.32398968133899,1.70518527993544,-0.294814720064564,0.294814720064564,0.0869157191667472,-0.00316971921557585,0.0029126937025044,0.12748431864884,"ok"
"S4_quadratic_moderate",325,20870325,1,"scenario_matched_gap_adjusted_did","quadratic_gap",2,0.331844415825138,0.328124519476562,-0.00371989634857672,2.33184441582514,2.00371989634858,0.0037198963485765,0.0037198963485765,1.38376288441528e-05,-0.0565904488337155,0.00400311496035992,0.101754040457393,"ok"
"S4_quadratic_moderate",326,20870326,1,"scenario_matched_gap_adjusted_did","quadratic_gap",2,0.445409914689812,0.798348991746231,0.352939077056419,2.44540991468981,1.64706092294358,-0.35293907705642,0.35293907705642,0.124565992113437,-0.0452268236883137,0.00559977863565389,0.136642414143973,"ok"
"S4_quadratic_moderate",327,20870327,1,"scenario_matched_gap_adjusted_did","quadratic_gap",2,0.396901944489208,0.628349920750056,0.231447976260848,2.39690194448921,1.76855202373915,-0.231447976260847,0.231447976260847,0.0535681657152417,-0.0199715815851771,0.00370775702956042,0.130088776983417,"ok"
"S4_quadratic_moderate",328,20870328,1,"scenario_matched_gap_adjusted_did","quadratic_gap",2,0.246626951814141,0.14379589596279,-0.10283105585135,2.24662695181414,2.10283105585135,0.10283105585135,0.10283105585135,0.0105742260475035,0.0466700044492744,-0.00144583947102964,0.11063604234939,"ok"
"S4_quadratic_moderate",329,20870329,1,"scenario_matched_gap_adjusted_did","quadratic_gap",2,0.312831521448756,0.640118585236425,0.327287063787669,2.31283152144876,1.67271293621233,-0.327287063787669,0.327287063787669,0.107116822122754,-0.0138762542317696,0.0034875274368095,0.16020755528431,"ok"
"S4_quadratic_moderate",330,20870330,1,"scenario_matched_gap_adjusted_did","quadratic_gap",2,0.175974010227821,0.293105083948542,0.11713107372072,2.17597401022782,1.88286892627928,-0.11713107372072,0.11713107372072,0.0137196884309688,0.0387270158962042,-0.000421634664239552,0.120256218910911,"ok"
"S4_quadratic_moderate",331,20870331,1,"scenario_matched_gap_adjusted_did","quadratic_gap",2,0.35084741802717,0.0269401326288693,-0.3239072853983,2.35084741802717,2.3239072853983,0.3239072853983,0.3239072853983,0.104915929534096,0.0389439326546046,-0.00162313071903214,0.0930807973672421,"ok"
"S4_quadratic_moderate",332,20870332,1,"scenario_matched_gap_adjusted_did","quadratic_gap",2,0.296624475432516,-0.559143489924852,-0.855767965357368,2.29662447543252,2.85576796535737,0.855767965357368,0.855767965357368,0.732338810531889,0.0765866995514173,-0.0059328827706225,0.12636566359464,"ok"
"S4_quadratic_moderate",333,20870333,1,"scenario_matched_gap_adjusted_did","quadratic_gap",2,0.41450612709589,-0.0454927206631369,-0.459998847759027,2.41450612709589,2.45999884775903,0.459998847759027,0.459998847759027,0.211598939939632,0.00256648564185853,-0.000318616016783831,0.130981454445812,"ok"
"S4_quadratic_moderate",334,20870334,1,"scenario_matched_gap_adjusted_did","quadratic_gap",2,0.291541643723985,0.657926422423336,0.366384778699351,2.29154164372398,1.63361522130065,-0.366384778699351,0.366384778699351,0.134237806062573,0.00363325169526217,0.00278325629315245,0.10340732124175,"ok"
"S4_quadratic_moderate",335,20870335,1,"scenario_matched_gap_adjusted_did","quadratic_gap",2,0.257657786818712,0.275955122406847,0.0182973355881351,2.25765778681871,1.98170266441186,-0.0182973355881351,0.0182973355881351,0.000334792489624834,0.0403211271274437,-0.000569803651645926,0.12659375621159,"ok"
"S4_quadratic_moderate",336,20870336,1,"scenario_matched_gap_adjusted_did","quadratic_gap",2,0.208125193807805,-0.191448300378208,-0.399573494186012,2.2081251938078,2.39957349418601,0.399573494186012,0.399573494186012,0.159658977256019,0.0972988234506067,-0.00521389493231765,0.145160688204726,"ok"
"S4_quadratic_moderate",337,20870337,1,"scenario_matched_gap_adjusted_did","quadratic_gap",2,0.308118557339191,-0.478337517819404,-0.786456075158595,2.30811855733919,2.78645607515859,0.786456075158595,0.786456075158595,0.618513158153861,0.0804594573208952,-0.0057444720493807,0.115055587933191,"ok"
"S4_quadratic_moderate",338,20870338,1,"scenario_matched_gap_adjusted_did","quadratic_gap",2,-0.0334215136740529,-0.252840776999392,-0.219419263325339,1.96657848632595,2.21941926332534,0.219419263325339,0.219419263325339,0.0481448131182345,0.0210458356409399,-0.00207447373168115,0.0867052538964879,"ok"
"S4_quadratic_moderate",339,20870339,1,"scenario_matched_gap_adjusted_did","quadratic_gap",2,-0.0374662372415818,-1.09058194426246,-1.05311570702088,1.96253376275842,3.05311570702088,1.05311570702088,1.05311570702088,1.10905269237408,0.136495229054704,-0.0109949294095948,0.10293843060507,"ok"
"S4_quadratic_moderate",340,20870340,1,"scenario_matched_gap_adjusted_did","quadratic_gap",2,0.346257617363089,0.272478593775173,-0.073779023587916,2.34625761736309,2.07377902358792,0.0737790235879157,0.0737790235879157,0.00544334432158622,-0.00452627896892975,0.00142272261252748,0.0931407858621175,"ok"
"S4_quadratic_moderate",341,20870341,1,"scenario_matched_gap_adjusted_did","quadratic_gap",2,0.366608756160773,0.829357835719391,0.462749079558617,2.36660875616077,1.53725092044138,-0.462749079558617,0.462749079558617,0.214136710632347,-0.0877791475053419,0.0076439521377887,0.0795732489926129,"ok"
"S4_quadratic_moderate",342,20870342,1,"scenario_matched_gap_adjusted_did","quadratic_gap",2,0.313043342261016,0.279219147231411,-0.0338241950296048,2.31304334226102,2.0338241950296,0.033824195029605,0.033824195029605,0.00114407616940075,-0.00743837879129133,0.00158329672452683,0.108661213705965,"ok"
"S4_quadratic_moderate",343,20870343,1,"scenario_matched_gap_adjusted_did","quadratic_gap",2,0.0807105383015452,0.736621931583742,0.655911393282197,2.08071053830154,1.3440886067178,-0.655911393282197,0.655911393282197,0.430219755837393,-0.0883345005411984,0.00725358329998086,0.0808969109782352,"ok"
"S4_quadratic_moderate",344,20870344,1,"scenario_matched_gap_adjusted_did","quadratic_gap",2,0.485220250096299,1.0306785336321,0.545458283535799,2.4852202500963,1.4545417164642,-0.545458283535799,0.545458283535799,0.29752473907782,-0.0652797780791613,0.00753795364667333,0.102656553282073,"ok"
"S4_quadratic_moderate",345,20870345,1,"scenario_matched_gap_adjusted_did","quadratic_gap",2,0.23403198917419,0.483895339818606,0.249863350644416,2.23403198917419,1.75013664935558,-0.249863350644416,0.249863350644416,0.0624316939952542,-0.074770229105003,0.00551461625762076,0.145064338754472,"ok"
"S4_quadratic_moderate",346,20870346,1,"scenario_matched_gap_adjusted_did","quadratic_gap",2,0.294128355890381,0.194990880165965,-0.0991374757244158,2.29412835589038,2.09913747572442,0.0991374757244157,0.0991374757244157,0.00982823909300911,0.00652266677516054,0.000581033786929969,0.11443943552869,"ok"
"S4_quadratic_moderate",347,20870347,1,"scenario_matched_gap_adjusted_did","quadratic_gap",2,0.215294677735035,0.313644760190669,0.0983500824556341,2.21529467773504,1.90164991754437,-0.0983500824556338,0.0983500824556338,0.00967273871902997,-0.0677604964273456,0.00443843160207817,0.166788875456859,"ok"
"S4_quadratic_moderate",348,20870348,1,"scenario_matched_gap_adjusted_did","quadratic_gap",2,0.292460567853069,0.76565879893864,0.473198231085571,2.29246056785307,1.52680176891443,-0.473198231085571,0.473198231085571,0.223916565902513,-0.000644588553225642,0.0034571851543473,0.149506182228803,"ok"
"S4_quadratic_moderate",349,20870349,1,"scenario_matched_gap_adjusted_did","quadratic_gap",2,0.268974469387983,0.123796097361021,-0.145178372026962,2.26897446938798,2.14517837202696,0.145178372026962,0.145178372026962,0.021076759704399,-0.0426006281383271,0.00246180169586996,0.0886362167975517,"ok"
"S4_quadratic_moderate",350,20870350,1,"scenario_matched_gap_adjusted_did","quadratic_gap",2,0.138484403136314,0.762007867569192,0.623523464432878,2.13848440313631,1.37647653556712,-0.623523464432878,0.623523464432878,0.388781510698378,-0.0667815134929974,0.00640219254850373,0.156209246998573,"ok"
"S4_quadratic_moderate",351,20870351,1,"scenario_matched_gap_adjusted_did","quadratic_gap",2,0.049135535651992,0.31154660218507,0.262411066533078,2.04913553565199,1.73758893346692,-0.262411066533078,0.262411066533078,0.0688595678390277,-0.0701505226662643,0.00453605296498976,0.114130095603272,"ok"
"S4_quadratic_moderate",352,20870352,1,"scenario_matched_gap_adjusted_did","quadratic_gap",2,0.46863125157397,0.39130000751472,-0.0773312440592505,2.46863125157397,2.07733124405925,0.0773312440592506,0.0773312440592506,0.00598012130775138,0.0182141273581983,0.000936531644474941,0.144040242400504,"ok"
"S4_quadratic_moderate",353,20870353,1,"scenario_matched_gap_adjusted_did","quadratic_gap",2,0.148954543689466,-0.150297323114973,-0.299251866804439,2.14895454368947,2.29925186680444,0.299251866804439,0.299251866804439,0.0895516797859416,0.0255910957298917,-0.00181884304662936,0.115206501767564,"ok"
"S4_quadratic_moderate",354,20870354,1,"scenario_matched_gap_adjusted_did","quadratic_gap",2,0.176414106814004,0.00716014433083539,-0.169253962483168,2.176414106814,2.16925396248317,0.169253962483168,0.169253962483168,0.0286469038162537,0.00293612137333989,-9.94077734443141e-05,0.115593229276917,"ok"
"S4_quadratic_moderate",355,20870355,1,"scenario_matched_gap_adjusted_did","quadratic_gap",2,0.254119161491836,0.799537471688287,0.545418310196451,2.25411916149184,1.45458168980355,-0.545418310196452,0.545418310196452,0.297481133097553,-0.0353363322452807,0.0051622423618258,0.170873409329014,"ok"
"S4_quadratic_moderate",356,20870356,1,"scenario_matched_gap_adjusted_did","quadratic_gap",2,0.131957745553197,-0.343124797205102,-0.4750825427583,2.1319577455532,2.4750825427583,0.475082542758299,0.475082542758299,0.225703422433691,0.0484948215198929,-0.00370778960777925,0.134012407623991,"ok"
"S4_quadratic_moderate",357,20870357,1,"scenario_matched_gap_adjusted_did","quadratic_gap",2,0.204288219499032,1.17420325088206,0.969915031383032,2.20428821949903,1.03008496861697,-0.969915031383032,0.969915031383032,0.940735168102748,-0.162243496149846,0.0125222606524501,0.100839785256446,"ok"
"S4_quadratic_moderate",358,20870358,1,"scenario_matched_gap_adjusted_did","quadratic_gap",2,0.124175633655665,0.285393910695754,0.16121827704009,2.12417563365566,1.83878172295991,-0.161218277040089,0.161218277040089,0.025991332851775,-0.063941605137713,0.00414094012868455,0.0955279106276855,"ok"
"S4_quadratic_moderate",359,20870359,1,"scenario_matched_gap_adjusted_did","quadratic_gap",2,0.43107455212469,-0.227124337426597,-0.658198889551287,2.43107455212469,2.65819888955129,0.658198889551287,0.658198889551287,0.433225778206547,0.0451721853248408,-0.00303960980899256,0.126013063698243,"ok"
"S4_quadratic_moderate",360,20870360,1,"scenario_matched_gap_adjusted_did","quadratic_gap",2,0.428750036226366,0.564643181852147,0.135893145625781,2.42875003622637,1.86410685437422,-0.135893145625781,0.135893145625781,0.0184669470280697,-0.0191683785990719,0.00338653866198298,0.136986886180384,"ok"
"S4_quadratic_moderate",361,20870361,1,"scenario_matched_gap_adjusted_did","quadratic_gap",2,0.0720403975427213,0.10814806618622,0.0361076686434988,2.07204039754272,1.9638923313565,-0.0361076686434993,0.0361076686434993,0.00130376373486875,0.0132203541674532,-0.000107711084276024,0.186033825740284,"ok"
"S4_quadratic_moderate",362,20870362,1,"scenario_matched_gap_adjusted_did","quadratic_gap",2,0.223246553750435,0.370989087455693,0.147742533705258,2.22324655375043,1.85225746629474,-0.147742533705258,0.147742533705258,0.0218278562656494,-0.0826465391645721,0.00536173647358842,0.107979917706482,"ok"
"S4_quadratic_moderate",363,20870363,1,"scenario_matched_gap_adjusted_did","quadratic_gap",2,0.227886864749723,0.795670246550429,0.567783381800706,2.22788686474972,1.43221661819929,-0.567783381800706,0.567783381800706,0.322377968649046,-0.073450697116551,0.00685153978081764,0.133175698622189,"ok"
"S4_quadratic_moderate",364,20870364,1,"scenario_matched_gap_adjusted_did","quadratic_gap",2,0.134261536060852,0.214437915807658,0.0801763797468057,2.13426153606085,1.91982362025319,-0.0801763797468054,0.0801763797468054,0.00642825186930394,-0.0232426230712135,0.00200088423814833,0.182624566131208,"ok"
"S4_quadratic_moderate",365,20870365,1,"scenario_matched_gap_adjusted_did","quadratic_gap",2,0.437368692854539,-0.231806877595096,-0.669175570449635,2.43736869285454,2.66917557044963,0.669175570449635,0.669175570449635,0.447795944086594,0.0484976084174253,-0.00320947594822097,0.100372293276901,"ok"
"S4_quadratic_moderate",366,20870366,1,"scenario_matched_gap_adjusted_did","quadratic_gap",2,0.409287643300387,0.27808213397768,-0.131205509322707,2.40928764330039,2.13120550932271,0.131205509322708,0.131205509322708,0.0172148856766311,0.027771695286737,1.63513929989557e-06,0.0710560073640671,"ok"
"S4_quadratic_moderate",367,20870367,1,"scenario_matched_gap_adjusted_did","quadratic_gap",2,0.211531073061411,0.599308761124362,0.387777688062951,2.21153107306141,1.61222231193705,-0.387777688062951,0.387777688062951,0.150371535359448,-0.0305439356405193,0.00405111097401294,0.0957992250845566,"ok"
"S4_quadratic_moderate",368,20870368,1,"scenario_matched_gap_adjusted_did","quadratic_gap",2,0.362660391183119,1.55709172344323,1.19443133226011,2.36266039118312,0.805568667739887,-1.19443133226011,1.19443133226011,1.42666620748467,-0.166226479360468,0.0144150291808115,0.144244184199127,"ok"
"S4_quadratic_moderate",369,20870369,1,"scenario_matched_gap_adjusted_did","quadratic_gap",2,0.261396143902738,0.885315468906412,0.623919325003674,2.26139614390274,1.37608067499633,-0.623919325003674,0.623919325003674,0.38927532411304,-0.0567692221297994,0.0065060045830048,0.103390384806647,"ok"
"S4_quadratic_moderate",370,20870370,1,"scenario_matched_gap_adjusted_did","quadratic_gap",2,0.299318894228177,-0.0502674593890779,-0.349586353617254,2.29931889422818,2.34958635361725,0.349586353617255,0.349586353617255,0.122210618635408,0.0290280059081385,-0.00152483963494237,0.142480278048918,"ok"
"S4_quadratic_moderate",371,20870371,1,"scenario_matched_gap_adjusted_did","quadratic_gap",2,0.204922997507861,-0.262445747205267,-0.467368744713128,2.20492299750786,2.46736874471313,0.467368744713128,0.467368744713128,0.218433543534725,0.053066900348561,-0.00355126007772035,0.1215171472685,"ok"
"S4_quadratic_moderate",372,20870372,1,"scenario_matched_gap_adjusted_did","quadratic_gap",2,0.246378977638542,0.507258067250129,0.260879089611587,2.24637897763854,1.73912091038841,-0.260879089611588,0.260879089611588,0.0680578993965707,-0.0179105009540689,0.00307326750801859,0.118447621872273,"ok"
"S4_quadratic_moderate",373,20870373,1,"scenario_matched_gap_adjusted_did","quadratic_gap",2,0.371513918121182,0.0362629993489073,-0.335250918772275,2.37151391812118,2.33525091877227,0.335250918772275,0.335250918772275,0.112393178537655,0.0435213699479262,-0.00178634641849412,0.158948445295555,"ok"
"S4_quadratic_moderate",374,20870374,1,"scenario_matched_gap_adjusted_did","quadratic_gap",2,0.316277977157796,0.67284766457722,0.356569687419424,2.3162779771578,1.64343031258058,-0.356569687419424,0.356569687419424,0.127141941986386,-0.0191519107310192,0.00387029897860035,0.139901694776794,"ok"
"S4_quadratic_moderate",375,20870375,1,"scenario_matched_gap_adjusted_did","quadratic_gap",2,0.425793644332892,0.401213356244431,-0.0245802880884614,2.42579364433289,2.02458028808846,0.0245802880884614,0.0245802880884614,0.000604190562511755,0.00879616435738657,0.00140261960897268,0.0865193506359535,"ok"
"S4_quadratic_moderate",376,20870376,1,"scenario_matched_gap_adjusted_did","quadratic_gap",2,0.121359750763172,0.606908934939363,0.485549184176191,2.12135975076317,1.51445081582381,-0.485549184176191,0.485549184176191,0.235758010254165,-0.073153078549214,0.00599301367357389,0.0984183552195487,"ok"
"S4_quadratic_moderate",377,20870377,1,"scenario_matched_gap_adjusted_did","quadratic_gap",2,0.333577238039251,0.477245774129777,0.143668536090526,2.33357723803925,1.85633146390947,-0.143668536090526,0.143668536090526,0.0206406482623948,0.00230322939000218,0.00203379170252129,0.144095769991198,"ok"
"S4_quadratic_moderate",378,20870378,1,"scenario_matched_gap_adjusted_did","quadratic_gap",2,0.264267818358841,-0.521737640399285,-0.786005458758126,2.26426781835884,2.78600545875813,0.786005458758126,0.786005458758126,0.617804581197572,0.0559897177414864,-0.00484314097528723,0.147833072318548,"ok"
"S4_quadratic_moderate",379,20870379,1,"scenario_matched_gap_adjusted_did","quadratic_gap",2,0.112935779186379,0.459977223757357,0.347041444570978,2.11293577918638,1.65295855542902,-0.347041444570978,0.347041444570978,0.120437764249911,-0.0614894430481953,0.00481285815331034,0.077907504860445,"ok"
"S4_quadratic_moderate",380,20870380,1,"scenario_matched_gap_adjusted_did","quadratic_gap",2,0.267115909531599,0.477226159871404,0.210110250339805,2.2671159095316,1.78988974966019,-0.210110250339805,0.210110250339805,0.0441463172978556,-0.0603792279277073,0.00484038107081407,0.0871599672884639,"ok"
"S4_quadratic_moderate",381,20870381,1,"scenario_matched_gap_adjusted_did","quadratic_gap",2,0.412821335284091,0.0801014887514541,-0.332719846532637,2.41282133528409,2.33271984653264,0.332719846532637,0.332719846532637,0.110702496276701,0.0485288590063188,-0.00181427060288836,0.116187928466013,"ok"
"S4_quadratic_moderate",382,20870382,1,"scenario_matched_gap_adjusted_did","quadratic_gap",2,0.280023517207143,0.0403157605667169,-0.239707756640426,2.28002351720714,2.23970775664043,0.239707756640426,0.239707756640426,0.0574598085935857,0.0236492063081887,-0.000878401354545538,0.154993368254855,"ok"
"S4_quadratic_moderate",383,20870383,1,"scenario_matched_gap_adjusted_did","quadratic_gap",2,0.596661941659296,-0.211575906206349,-0.808237847865644,2.5966619416593,2.80823784786564,0.808237847865644,0.808237847865644,0.653248418722488,0.0407060309771727,-0.00277001290736452,0.133345309401569,"ok"
"S4_quadratic_moderate",384,20870384,1,"scenario_matched_gap_adjusted_did","quadratic_gap",2,0.226094801047961,-0.262694913849654,-0.488789714897615,2.22609480104796,2.48878971489762,0.488789714897615,0.488789714897615,0.238915385389692,0.0153116179001065,-0.00186184071425695,0.108322163566913,"ok"
"S4_quadratic_moderate",385,20870385,1,"scenario_matched_gap_adjusted_did","quadratic_gap",2,0.281290233944876,0.915733267925842,0.634443033980965,2.28129023394488,1.36555696601903,-0.634443033980965,0.634443033980965,0.402517963366972,-0.0356304122933019,0.00569568980981579,0.0948441618559494,"ok"
"S4_quadratic_moderate",386,20870386,1,"scenario_matched_gap_adjusted_did","quadratic_gap",2,0.330160822702238,0.634955724721816,0.304794902019579,2.33016082270224,1.69520509798042,-0.304794902019578,0.304794902019578,0.0928999322971244,-0.0376367364918945,0.00452831234167505,0.166112036065521,"ok"
"S4_quadratic_moderate",387,20870387,1,"scenario_matched_gap_adjusted_did","quadratic_gap",2,0.0722992668008299,0.755416034411281,0.683116767610451,2.07229926680083,1.31688323238955,-0.683116767610451,0.683116767610451,0.466648518190552,-0.0962786009446249,0.00769344198742178,0.137034446885673,"ok"
"S4_quadratic_moderate",388,20870388,1,"scenario_matched_gap_adjusted_did","quadratic_gap",2,0.524928992569014,0.95190362055461,0.426974627985596,2.52492899256901,1.5730253720144,-0.426974627985595,0.426974627985595,0.182307332943438,-0.0883516675563235,0.00821829983336348,0.130261311225925,"ok"
"S4_quadratic_moderate",389,20870389,1,"scenario_matched_gap_adjusted_did","quadratic_gap",2,0.292858373518129,0.400482261267078,0.107623887748949,2.29285837351813,1.89237611225105,-0.107623887748949,0.107623887748949,0.0115829012141984,-0.0339805002577485,0.00331471909184133,0.0878424512075644,"ok"
"S4_quadratic_moderate",390,20870390,1,"scenario_matched_gap_adjusted_did","quadratic_gap",2,0.249528861183247,0.41477496318572,0.165246102002474,2.24952886118325,1.83475389799753,-0.165246102002474,0.165246102002474,0.027306274227012,-0.0238060781879967,0.00292314512715979,0.113897333228528,"ok"
"S4_quadratic_moderate",391,20870391,1,"scenario_matched_gap_adjusted_did","quadratic_gap",2,0.283437628036162,0.199039666540385,-0.0843979614957764,2.28343762803616,2.08439796149578,0.0843979614957764,0.0843979614957764,0.00712301590464255,0.0145320881489587,0.000240531873361783,0.115445877333683,"ok"
"S4_quadratic_moderate",392,20870392,1,"scenario_matched_gap_adjusted_did","quadratic_gap",2,0.284083842978114,0.409843626041164,0.12575978306305,2.28408384297811,1.87424021693695,-0.12575978306305,0.12575978306305,0.0158155230360655,-0.0160713152569254,0.00255473184452426,0.162752103068658,"ok"
"S4_quadratic_moderate",393,20870393,1,"scenario_matched_gap_adjusted_did","quadratic_gap",2,0.309250357720424,0.399384301572954,0.09013394385253,2.30925035772042,1.90986605614747,-0.0901339438525302,0.0901339438525302,0.00812412783441106,0.00048351839567978,0.00176663784007234,0.122905629762055,"ok"
"S4_quadratic_moderate",394,20870394,1,"scenario_matched_gap_adjusted_did","quadratic_gap",2,0.266491058892071,-0.283996994633125,-0.550488053525196,2.26649105889207,2.5504880535252,0.550488053525196,0.550488053525196,0.303037097073959,0.0508370197158802,-0.00354791279906833,0.0911906075988648,"ok"
"S4_quadratic_moderate",395,20870395,1,"scenario_matched_gap_adjusted_did","quadratic_gap",2,0.324388946520896,0.775938160612154,0.451549214091259,2.3243889465209,1.54845078590874,-0.451549214091259,0.451549214091259,0.203896692746433,-0.0568492405845,0.00601983835727084,0.105100073219535,"ok"
"S4_quadratic_moderate",396,20870396,1,"scenario_matched_gap_adjusted_did","quadratic_gap",2,0.270154116118524,0.0309631612966188,-0.239190954821905,2.27015411611852,2.2391909548219,0.239190954821905,0.239190954821905,0.0572123128686145,-0.0157249229738247,0.000842742049409849,0.108867703444045,"ok"
"S4_quadratic_moderate",397,20870397,1,"scenario_matched_gap_adjusted_did","quadratic_gap",2,0.274228642354695,0.703902648225397,0.429674005870702,2.27422864235469,1.5703259941293,-0.429674005870703,0.429674005870703,0.184619751320977,-0.0181902616359434,0.00396629222948432,0.149305700788409,"ok"
"S4_quadratic_moderate",398,20870398,1,"scenario_matched_gap_adjusted_did","quadratic_gap",2,0.320990271248882,0.939147097766636,0.618156826517754,2.32099027124888,1.38184317348225,-0.618156826517754,0.618156826517754,0.382117862170501,-0.0870321664092716,0.00810209893369859,0.13111293377913,"ok"
"S4_quadratic_moderate",399,20870399,1,"scenario_matched_gap_adjusted_did","quadratic_gap",2,0.170208931209898,0.557308407457024,0.387099476247126,2.1702089312099,1.61290052375287,-0.387099476247126,0.387099476247126,0.1498460045108,-0.0331718750953057,0.00398071861974663,0.139254641562362,"ok"
"S4_quadratic_moderate",400,20870400,1,"scenario_matched_gap_adjusted_did","quadratic_gap",2,0.299588413839311,0.789155470878135,0.489567057038824,2.29958841383931,1.51043294296118,-0.489567057038824,0.489567057038824,0.239675903337655,-0.0447869826712703,0.00553891924294405,0.14038421373372,"ok"
"S4_quadratic_moderate",401,20870401,1,"scenario_matched_gap_adjusted_did","quadratic_gap",2,0.373604504767566,0.818477711772874,0.444873207005308,2.37360450476757,1.55512679299469,-0.444873207005308,0.444873207005308,0.197912170311188,-0.00242768388970582,0.00377352783882059,0.162632296824103,"ok"
"S4_quadratic_moderate",402,20870402,1,"scenario_matched_gap_adjusted_did","quadratic_gap",2,0.28280475984254,0.632048740475222,0.349243980632682,2.28280475984254,1.65075601936732,-0.349243980632682,0.349243980632682,0.121971358008161,0.022572807316584,0.00181934627153455,0.136988101583456,"ok"
"S4_quadratic_moderate",403,20870403,1,"scenario_matched_gap_adjusted_did","quadratic_gap",2,0.269761125580216,0.0950102228659577,-0.174750902714258,2.26976112558022,2.17475090271426,0.174750902714259,0.174750902714259,0.0305378779994484,-0.0117848965455633,0.000953100843231004,0.0965963717645891,"ok"
"S4_quadratic_moderate",404,20870404,1,"scenario_matched_gap_adjusted_did","quadratic_gap",2,0.201439348008982,0.459697166369006,0.258257818360024,2.20143934800898,1.74174218163998,-0.258257818360024,0.258257818360024,0.0666971007440791,-0.0453727140613506,0.00408995958350379,0.105864592321614,"ok"
"S4_quadratic_moderate",405,20870405,1,"scenario_matched_gap_adjusted_did","quadratic_gap",2,0.385726825502623,0.229106000683262,-0.156620824819361,2.38572682550262,2.15662082481936,0.156620824819361,0.156620824819361,0.0245300827670968,0.0308482676496608,-0.000355417951403043,0.0693318910387568,"ok"
"S4_quadratic_moderate",406,20870406,1,"scenario_matched_gap_adjusted_did","quadratic_gap",2,0.500398502512667,0.43181089081518,-0.0685876116974866,2.50039850251267,2.06858761169749,0.0685876116974864,0.0685876116974864,0.00470426047836517,-0.0194112621111186,0.00280264259071507,0.0856410324231897,"ok"
"S4_quadratic_moderate",407,20870407,1,"scenario_matched_gap_adjusted_did","quadratic_gap",2,0.298468716214646,-0.133665387140524,-0.432134103355169,2.29846871621465,2.43213410335517,0.432134103355169,0.432134103355169,0.186739883282576,0.0375687660366552,-0.00228068528734512,0.153122349253429,"ok"
"S4_quadratic_moderate",408,20870408,1,"scenario_matched_gap_adjusted_did","quadratic_gap",2,0.427773649755044,0.14109881986401,-0.286674829891033,2.42777364975504,2.28667482989103,0.286674829891034,0.286674829891034,0.0821824580930531,0.0307323118784934,-0.000744287905616078,0.0795416832634258,"ok"
"S4_quadratic_moderate",409,20870409,1,"scenario_matched_gap_adjusted_did","quadratic_gap",2,0.200424424921504,-0.0639487605789519,-0.264373185500456,2.2004244249215,2.26437318550046,0.264373185500456,0.264373185500456,0.0698931812116584,0.0228304841496751,-0.00130859821824942,0.149920508532222,"ok"
"S4_quadratic_moderate",410,20870410,1,"scenario_matched_gap_adjusted_did","quadratic_gap",2,0.49778699839597,0.594073022541147,0.0962860241451778,2.49778699839597,1.90371397585482,-0.096286024145178,0.096286024145178,0.00927099844568579,-0.00287221539116748,0.00278863511844547,0.110654802045934,"ok"
"S4_quadratic_moderate",411,20870411,1,"scenario_matched_gap_adjusted_did","quadratic_gap",2,0.159537600545349,0.77865559125567,0.619117990710321,2.15953760054535,1.38088200928968,-0.619117990710321,0.619117990710321,0.383307086421185,-0.0796746278012659,0.00705403822060446,0.141492533524431,"ok"
"S4_quadratic_moderate",412,20870412,1,"scenario_matched_gap_adjusted_did","quadratic_gap",2,0.169100898468907,-0.0766704242206408,-0.245771322689547,2.16910089846891,2.24577132268955,0.245771322689547,0.245771322689547,0.0604035430565697,0.0542227206993776,-0.00277118342334813,0.112608864869677,"ok"
"S4_quadratic_moderate",413,20870413,1,"scenario_matched_gap_adjusted_did","quadratic_gap",2,0.332783040001149,0.256988996944824,-0.0757940430563243,2.33278304000115,2.07579404305632,0.0757940430563244,0.0757940430563244,0.00574473696282396,0.0262036139905156,-2.25991475835751e-05,0.0771623353858738,"ok"
"S4_quadratic_moderate",414,20870414,1,"scenario_matched_gap_adjusted_did","quadratic_gap",2,0.507470963070749,0.67872699169699,0.171256028626241,2.50747096307075,1.82874397137376,-0.171256028626241,0.171256028626241,0.0293286273408318,-0.0137253534083741,0.00365364414528686,0.139963104984343,"ok"
"S4_quadratic_moderate",415,20870415,1,"scenario_matched_gap_adjusted_did","quadratic_gap",2,0.361258971623137,0.23379767677676,-0.127461294846377,2.36125897162314,2.12746129484638,0.127461294846376,0.127461294846376,0.0162463816839149,0.0423979777431743,-0.000851561644723803,0.135826736709996,"ok"
"S4_quadratic_moderate",416,20870416,1,"scenario_matched_gap_adjusted_did","quadratic_gap",2,0.294982403542799,-0.0261911169055085,-0.321173520448307,2.2949824035428,2.32117352044831,0.321173520448307,0.321173520448307,0.103152430237159,0.0526735804046414,-0.00247579218336682,0.118154330894833,"ok"
"S4_quadratic_moderate",417,20870417,1,"scenario_matched_gap_adjusted_did","quadratic_gap",2,0.446868343674494,0.624837737307682,0.177969393633188,2.44686834367449,1.82203060636681,-0.177969393633189,0.177969393633189,0.0316731050701648,-0.0195791091035271,0.00367445744034158,0.0987476922082221,"ok"
"S4_quadratic_moderate",418,20870418,1,"scenario_matched_gap_adjusted_did","quadratic_gap",2,0.195482032922148,0.742720321369026,0.547238288446878,2.19548203292215,1.45276171155312,-0.547238288446878,0.547238288446878,0.299469744342269,-0.0774401333211173,0.00679308203543373,0.114142989279914,"ok"
"S4_quadratic_moderate",419,20870419,1,"scenario_matched_gap_adjusted_did","quadratic_gap",2,0.337431154228655,-0.206075773955719,-0.543506928184374,2.33743115422866,2.54350692818437,0.543506928184374,0.543506928184374,0.295399780984414,0.0575513437227052,-0.00349965318440047,0.170029344188767,"ok"
"S4_quadratic_moderate",420,20870420,1,"scenario_matched_gap_adjusted_did","quadratic_gap",2,0.238396366990629,0.0874364725148394,-0.150959894475789,2.23839636699063,2.15095989447579,0.150959894475789,0.150959894475789,0.0227888897401414,-0.0225608123641816,0.00140169222159697,0.135608661256756,"ok"
"S4_quadratic_moderate",421,20870421,1,"scenario_matched_gap_adjusted_did","quadratic_gap",2,0.346071347383838,0.568907167956754,0.222835820572916,2.34607134738384,1.77716417942708,-0.222835820572916,0.222835820572916,0.0496558029304047,-0.00259681489383423,0.00266362082191834,0.110090262365931,"ok"
"S4_quadratic_moderate",422,20870422,1,"scenario_matched_gap_adjusted_did","quadratic_gap",2,0.219002715204543,0.831361417581587,0.612358702377044,2.21900271520454,1.38764129762296,-0.612358702377043,0.612358702377043,0.374983180376896,-0.106356409379672,0.00848474109572375,0.207307205031877,"ok"
"S4_quadratic_moderate",423,20870423,1,"scenario_matched_gap_adjusted_did","quadratic_gap",2,0.367651860187723,0.429097654026827,0.0614457938391036,2.36765186018772,1.9385542061609,-0.0614457938391033,0.0614457938391033,0.00377558558051759,-0.0238125647660481,0.00298756702248048,0.0741097086399088,"ok"
"S4_quadratic_moderate",424,20870424,1,"scenario_matched_gap_adjusted_did","quadratic_gap",2,0.274355216787327,0.0465022757365047,-0.227852941050823,2.27435521678733,2.22785294105082,0.227852941050823,0.227852941050823,0.0519169627455098,0.00860125412125272,-0.000176911636459802,0.0976459098237511,"ok"
"S4_quadratic_moderate",425,20870425,1,"scenario_matched_gap_adjusted_did","quadratic_gap",2,0.325534815498042,1.03110425728952,0.705569441791479,2.32553481549804,1.29443055820852,-0.705569441791479,0.705569441791479,0.497828237189939,-0.11188145573226,0.00962650215497963,0.0952640600313922,"ok"
"S4_quadratic_moderate",426,20870426,1,"scenario_matched_gap_adjusted_did","quadratic_gap",2,0.364768916151202,-0.306865531895555,-0.671634448046757,2.3647689161512,2.67163444804676,0.671634448046757,0.671634448046757,0.451092831803071,0.0961919312338021,-0.00568112616821004,0.106069503011485,"ok"
"S4_quadratic_moderate",427,20870427,1,"scenario_matched_gap_adjusted_did","quadratic_gap",2,0.278792681170427,-0.0761481145834092,-0.354940795753836,2.27879268117043,2.35494079575384,0.354940795753836,0.354940795753836,0.125982968490366,0.0610525566562555,-0.0030746582737879,0.147533849796471,"ok"
"S4_quadratic_moderate",428,20870428,1,"scenario_matched_gap_adjusted_did","quadratic_gap",2,0.220343887248193,0.733112423149362,0.512768535901169,2.22034388724819,1.48723146409883,-0.512768535901169,0.512768535901169,0.262931571410229,-0.100837827120914,0.00779771952697836,0.13962293853807,"ok"
"S4_quadratic_moderate",429,20870429,1,"scenario_matched_gap_adjusted_did","quadratic_gap",2,0.35601628299886,-0.0151079385810621,-0.371124221579922,2.35601628299886,2.37112422157992,0.371124221579922,0.371124221579922,0.137733187843303,0.0664938600556837,-0.00304498450360253,0.100172758259027,"ok"
"S4_quadratic_moderate",430,20870430,1,"scenario_matched_gap_adjusted_did","quadratic_gap",2,0.168136688771326,0.618171329011596,0.45003464024027,2.16813668877133,1.54996535975973,-0.45003464024027,0.45003464024027,0.202531177416189,-0.0591635225367704,0.00541704427334015,0.112698455510595,"ok"
"S4_quadratic_moderate",431,20870431,1,"scenario_matched_gap_adjusted_did","quadratic_gap",2,0.327482282765592,-0.261520411935764,-0.589002694701356,2.32748228276559,2.58900269470136,0.589002694701356,0.589002694701356,0.346924174365459,0.111005443883489,-0.00614137992882381,0.105313577273697,"ok"
"S4_quadratic_moderate",432,20870432,1,"scenario_matched_gap_adjusted_did","quadratic_gap",2,0.119545687684408,0.565786741805027,0.446241054120619,2.11954568768441,1.55375894587938,-0.446241054120619,0.446241054120619,0.199131078382681,-0.0482887132247103,0.00469555465993491,0.124455773148097,"ok"
"S4_quadratic_moderate",433,20870433,1,"scenario_matched_gap_adjusted_did","quadratic_gap",2,0.205897301600639,-0.328480953670253,-0.534378255270892,2.20589730160064,2.53437825527089,0.534378255270892,0.534378255270892,0.285560119706363,0.0312750266522577,-0.0028711845680276,0.143604860163198,"ok"
"S4_quadratic_moderate",434,20870434,1,"scenario_matched_gap_adjusted_did","quadratic_gap",2,0.356210969138302,-0.0364165633854002,-0.392627532523702,2.3562109691383,2.3926275325237,0.392627532523702,0.392627532523702,0.15415637929565,0.037454317340728,-0.00184011822444484,0.131875898075047,"ok"
"S4_quadratic_moderate",435,20870435,1,"scenario_matched_gap_adjusted_did","quadratic_gap",2,0.352727519152053,0.417011034761985,0.0642835156099314,2.35272751915205,1.93571648439007,-0.0642835156099313,0.0642835156099313,0.00413237037917228,-0.025394998098997,0.00300430305560577,0.130943233161603,"ok"
"S4_quadratic_moderate",436,20870436,1,"scenario_matched_gap_adjusted_did","quadratic_gap",2,0.325292600171083,0.689731111945033,0.364438511773949,2.32529260017108,1.63556148822605,-0.364438511773949,0.364438511773949,0.132815428864011,-0.0368827588763503,0.00473981507779941,0.160863392544568,"ok"
"S4_quadratic_moderate",437,20870437,1,"scenario_matched_gap_adjusted_did","quadratic_gap",2,0.326676884071014,0.635409194911269,0.308732310840255,2.32667688407101,1.69126768915975,-0.308732310840255,0.308732310840255,0.0953156397567636,-0.0565798485480755,0.0053785418525016,0.102723163387811,"ok"
"S4_quadratic_moderate",438,20870438,1,"scenario_matched_gap_adjusted_did","quadratic_gap",2,0.141128223029344,0.211057045017087,0.0699288219877439,2.14112822302934,1.93007117801226,-0.0699288219877439,0.0699288219877439,0.00489004014459357,-0.00158176227455208,0.00101585672132511,0.133260548393826,"ok"
"S4_quadratic_moderate",439,20870439,1,"scenario_matched_gap_adjusted_did","quadratic_gap",2,0.257872606385425,0.372539986012935,0.11466737962751,2.25787260638543,1.88533262037249,-0.11466737962751,0.11466737962751,0.0131486079506394,-0.0188043021055885,0.00251007316597979,0.113826314480739,"ok"
"S4_quadratic_moderate",440,20870440,1,"scenario_matched_gap_adjusted_did","quadratic_gap",2,0.131896496684601,0.664038011113744,0.532141514429142,2.1318964966846,1.46785848557086,-0.532141514429142,0.532141514429142,0.283174591378941,-0.0466325173775615,0.00506132769353444,0.0582082922176184,"ok"
"S4_quadratic_moderate",441,20870441,1,"scenario_matched_gap_adjusted_did","quadratic_gap",2,0.155184867731524,0.537842970528806,0.382658102797282,2.15518486773152,1.61734189720272,-0.382658102797282,0.382658102797282,0.146427223636416,-0.0269381379931639,0.0036144373901214,0.130092408793954,"ok"
"S4_quadratic_moderate",442,20870442,1,"scenario_matched_gap_adjusted_did","quadratic_gap",2,0.104996711264717,0.177641744533248,0.0726450332685311,2.10499671126472,1.92735496673147,-0.0726450332685311,0.0726450332685311,0.00527730085858599,-0.00123051256573966,0.000850508373987961,0.0731516539634095,"ok"
"S4_quadratic_moderate",443,20870443,1,"scenario_matched_gap_adjusted_did","quadratic_gap",2,0.387922082222539,0.418504836564934,0.0305827543423948,2.38792208222254,1.96941724565761,-0.0305827543423947,0.0305827543423947,0.000935304863167259,-0.027644025330784,0.00311169443226615,0.115409871748452,"ok"
"S4_quadratic_moderate",444,20870444,1,"scenario_matched_gap_adjusted_did","quadratic_gap",2,0.195121919228065,0.120914910417131,-0.0742070088109346,2.19512191922807,2.07420700881094,0.074207008810935,0.074207008810935,0.00550668015666619,0.000789300714693256,0.000506068223597902,0.127984629787785,"ok"
"S4_quadratic_moderate",445,20870445,1,"scenario_matched_gap_adjusted_did","quadratic_gap",2,0.2769049150345,0.310419477421929,0.0335145623874288,2.2769049150345,1.96648543761257,-0.0335145623874291,0.0335145623874291,0.00112322589202088,-0.0354840857227737,0.00297877761783433,0.0929762561389485,"ok"
"S4_quadratic_moderate",446,20870446,1,"scenario_matched_gap_adjusted_did","quadratic_gap",2,0.294866643629108,0.369394648504926,0.0745280048758182,2.29486664362911,1.92547199512418,-0.0745280048758183,0.0745280048758183,0.00555442351077,-0.0835852792841718,0.00539663033438796,0.121728546134553,"ok"
"S4_quadratic_moderate",447,20870447,1,"scenario_matched_gap_adjusted_did","quadratic_gap",2,0.068571725775475,0.578565227648657,0.509993501873182,2.06857172577547,1.49000649812682,-0.509993501873183,0.509993501873183,0.260093371952872,-0.0663037831127675,0.00555941668108806,0.14816314616504,"ok"
"S4_quadratic_moderate",448,20870448,1,"scenario_matched_gap_adjusted_did","quadratic_gap",2,0.304869199060616,0.589814439928238,0.284945240867622,2.30486919906062,1.71505475913238,-0.284945240867623,0.284945240867623,0.0811937902931074,0.0148491333879464,0.00197607360917362,0.157419165540203,"ok"
"S4_quadratic_moderate",449,20870449,1,"scenario_matched_gap_adjusted_did","quadratic_gap",2,0.490325180976776,0.787306984480424,0.296981803503648,2.49032518097678,1.70301819649635,-0.296981803503648,0.296981803503648,0.0881981916122794,-0.0181975486704754,0.0043400707665008,0.0656410670934692,"ok"
"S4_quadratic_moderate",450,20870450,1,"scenario_matched_gap_adjusted_did","quadratic_gap",2,0.166626643625151,0.333568097721672,0.166941454096521,2.16662664362515,1.83305854590348,-0.166941454096521,0.166941454096521,0.0278694490958608,-0.00844700821783039,0.00187181274582079,0.0958308664505805,"ok"
"S4_quadratic_moderate",451,20870451,1,"scenario_matched_gap_adjusted_did","quadratic_gap",2,0.420685405363746,0.355695031478307,-0.0649903738854392,2.42068540536375,2.06499037388544,0.0649903738854394,0.0649903738854394,0.0042237486977692,-0.00759217711644849,0.00193261254914683,0.125135201953012,"ok"
"S4_quadratic_moderate",452,20870452,1,"scenario_matched_gap_adjusted_did","quadratic_gap",2,0.240880119873685,0.522784228736643,0.281904108862958,2.24088011987369,1.71809589113704,-0.281904108862957,0.281904108862957,0.0794699265938182,-0.0917836859717174,0.00645054218710664,0.0963704596471356,"ok"
"S4_quadratic_moderate",453,20870453,1,"scenario_matched_gap_adjusted_did","quadratic_gap",2,0.307555165995204,0.020676238688171,-0.286878927307033,2.3075551659952,2.28687892730703,0.286878927307033,0.286878927307033,0.082299518932834,0.00158085910839028,2.17954370340367e-05,0.0862989944490244,"ok"
"S4_quadratic_moderate",454,20870454,1,"scenario_matched_gap_adjusted_did","quadratic_gap",2,0.108416104516979,0.662031916106851,0.553615811589872,2.10841610451698,1.44638418841013,-0.553615811589872,0.553615811589872,0.306490466842313,-0.0549940789548584,0.00542674345815867,0.112488878759668,"ok"
"S4_quadratic_moderate",455,20870455,1,"scenario_matched_gap_adjusted_did","quadratic_gap",2,0.296966033725504,-0.0390449857289282,-0.336011019454432,2.2969660337255,2.33601101945443,0.336011019454432,0.336011019454432,0.112903405194807,0.0508297075319114,-0.00245078534797631,0.148409298087889,"ok"
"S4_quadratic_moderate",456,20870456,1,"scenario_matched_gap_adjusted_did","quadratic_gap",2,0.24300465942228,0.749196836638865,0.506192177216585,2.24300465942228,1.49380782278341,-0.506192177216585,0.506192177216585,0.256230520275267,0.0186866168345924,0.00251789851474451,0.0683745347016439,"ok"
"S4_quadratic_moderate",457,20870457,1,"scenario_matched_gap_adjusted_did","quadratic_gap",2,0.117741695971502,0.170197315285029,0.0524556193135263,2.1177416959715,1.94754438068647,-0.0524556193135264,0.0524556193135264,0.0027515919975656,0.0160534858242749,4.32647330251324e-05,0.136283627765041,"ok"
"S4_quadratic_moderate",458,20870458,1,"scenario_matched_gap_adjusted_did","quadratic_gap",2,0.197432196194624,0.805378189395556,0.607945993200932,2.19743219619462,1.39205400679907,-0.607945993200931,0.607945993200931,0.369598330649067,-0.0663950339872098,0.00657908296687009,0.0910217003628814,"ok"
"S4_quadratic_moderate",459,20870459,1,"scenario_matched_gap_adjusted_did","quadratic_gap",2,0.351135568598979,-0.168319671308625,-0.519455239907604,2.35113556859898,2.5194552399076,0.519455239907604,0.519455239907604,0.269833746267466,0.0956912605933641,-0.00503835348018925,0.096686751045777,"ok"
"S4_quadratic_moderate",460,20870460,1,"scenario_matched_gap_adjusted_did","quadratic_gap",2,0.33336675932126,0.50329929148885,0.169932532167589,2.33336675932126,1.83006746783241,-0.16993253216759,0.16993253216759,0.0288770654888888,-0.0652221243428805,0.00517397254440741,0.155719717166975,"ok"
"S4_quadratic_moderate",461,20870461,1,"scenario_matched_gap_adjusted_did","quadratic_gap",2,0.0766259800630867,-0.308051398881796,-0.384677378944883,2.07662598006309,2.38467737894488,0.384677378944883,0.384677378944883,0.147976685871905,0.0183605702430629,-0.00220144970736907,0.11045359848389,"ok"
"S4_quadratic_moderate",462,20870462,1,"scenario_matched_gap_adjusted_did","quadratic_gap",2,0.230119939561978,0.425406819503625,0.195286879941647,2.23011993956198,1.80471312005835,-0.195286879941647,0.195286879941647,0.0381369654773433,0.00579824505231586,0.00164518374170358,0.0611934105959878,"ok"
"S4_quadratic_moderate",463,20870463,1,"scenario_matched_gap_adjusted_did","quadratic_gap",2,0.0989201993371596,0.256102920521219,0.15718272118406,2.09892019933716,1.84281727881594,-0.15718272118406,0.15718272118406,0.0247064078388259,-0.0451485017615505,0.0031683042006122,0.0630783255186723,"ok"
"S4_quadratic_moderate",464,20870464,1,"scenario_matched_gap_adjusted_did","quadratic_gap",2,0.203831448453714,0.422258505763686,0.218427057309972,2.20383144845371,1.78157294269003,-0.218427057309972,0.218427057309972,0.0477103793650938,-0.0732974196749119,0.00517268374259465,0.121595051234752,"ok"
"S4_quadratic_moderate",465,20870465,1,"scenario_matched_gap_adjusted_did","quadratic_gap",2,0.365582275074971,0.290414006032427,-0.0751682690425438,2.36558227507497,2.07516826904254,0.0751682690425439,0.0751682690425439,0.00565026867085227,-0.024468173433407,0.0023959510762679,0.0963236863930089,"ok"
"S4_quadratic_moderate",466,20870466,1,"scenario_matched_gap_adjusted_did","quadratic_gap",2,0.387926902738659,0.539749458532714,0.151822555794055,2.38792690273866,1.84817744420594,-0.151822555794056,0.151822555794056,0.0230500884478391,-0.00254037176713363,0.00253053660986888,0.132534696775132,"ok"
"S4_quadratic_moderate",467,20870467,1,"scenario_matched_gap_adjusted_did","quadratic_gap",2,0.256318457334829,-0.385880868645361,-0.64219932598019,2.25631845733483,2.64219932598019,0.642199325980191,0.642199325980191,0.412419974289411,0.0373185616739045,-0.00339880515843764,0.181078359196757,"ok"
"S4_quadratic_moderate",468,20870468,1,"scenario_matched_gap_adjusted_did","quadratic_gap",2,0.363174428843398,-0.280654030292647,-0.643828459136045,2.3631744288434,2.64382845913605,0.643828459136045,0.643828459136045,0.414515084793494,0.0535155182508215,-0.00365287707224267,0.0725099705359253,"ok"
"S4_quadratic_moderate",469,20870469,1,"scenario_matched_gap_adjusted_did","quadratic_gap",2,0.269730090808725,0.875050507529989,0.605320416721264,2.26973009080873,1.39467958327874,-0.605320416721264,0.605320416721264,0.366412806899605,-0.0905518329936044,0.00797269628716134,0.176508102715746,"ok"
"S4_quadratic_moderate",470,20870470,1,"scenario_matched_gap_adjusted_did","quadratic_gap",2,0.306869843015676,0.777821215458742,0.470951372443066,2.30686984301568,1.52904862755693,-0.470951372443066,0.470951372443066,0.221795195206008,-0.0247272008962061,0.00458996966158568,0.166655007977279,"ok"
"S4_quadratic_moderate",471,20870471,1,"scenario_matched_gap_adjusted_did","quadratic_gap",2,0.223232506143681,-0.324997633336871,-0.548230139480552,2.22323250614368,2.54823013948055,0.548230139480552,0.548230139480552,0.300556285834866,0.110965722312044,-0.00642382771548051,0.102486723922778,"ok"
"S4_quadratic_moderate",472,20870472,1,"scenario_matched_gap_adjusted_did","quadratic_gap",2,0.316576755092885,-0.0370393019803914,-0.353616057073277,2.31657675509289,2.35361605707328,0.353616057073276,0.353616057073276,0.125044315820051,0.0300966465326403,-0.00151345865958266,0.0884084356648851,"ok"
"S4_quadratic_moderate",473,20870473,1,"scenario_matched_gap_adjusted_did","quadratic_gap",2,0.291421645590852,1.02598555716379,0.734563911572936,2.29142164559085,1.26543608842706,-0.734563911572935,0.734563911572935,0.539584140185331,-0.0496169801758985,0.00681562101010197,0.146145367350503,"ok"
"S4_quadratic_moderate",474,20870474,1,"scenario_matched_gap_adjusted_did","quadratic_gap",2,0.338808953831427,-0.0618605008845017,-0.400669454715929,2.33880895383143,2.40066945471593,0.400669454715929,0.400669454715929,0.16053601194236,0.00262652263079099,-0.000394592808324231,0.0871590099771915,"ok"
"S4_quadratic_moderate",475,20870475,1,"scenario_matched_gap_adjusted_did","quadratic_gap",2,0.277602340895631,0.0891152576524761,-0.188487083243155,2.27760234089563,2.18848708324315,0.188487083243154,0.188487083243154,0.0355273805495118,0.0296446807538693,-0.000928350223371121,0.135272055457307,"ok"
"S4_quadratic_moderate",476,20870476,1,"scenario_matched_gap_adjusted_did","quadratic_gap",2,0.28863697809256,0.58628517270682,0.29764819461426,2.28863697809256,1.70235180538574,-0.29764819461426,0.29764819461426,0.0885944477571284,-0.0202451003252584,0.00353165451922121,0.0763607378103749,"ok"
"S4_quadratic_moderate",477,20870477,1,"scenario_matched_gap_adjusted_did","quadratic_gap",2,0.335209999502483,0.315348676813107,-0.0198613226893758,2.33520999950248,2.01986132268938,0.0198613226893758,0.0198613226893758,0.000394472138971514,8.01874002848408e-06,0.00141164995259473,0.163165268519244,"ok"
"S4_quadratic_moderate",478,20870478,1,"scenario_matched_gap_adjusted_did","quadratic_gap",2,0.214596759626924,0.255458005457212,0.0408612458302883,2.21459675962692,1.95913875416971,-0.0408612458302884,0.0408612458302884,0.00166964141080326,0.0356177912156158,-0.000450984656860953,0.146606271496481,"ok"
"S4_quadratic_moderate",479,20870479,1,"scenario_matched_gap_adjusted_did","quadratic_gap",2,0.164931437343364,-0.0682117880366154,-0.233143225379979,2.16493143734336,2.23314322537998,0.233143225379979,0.233143225379979,0.0543557635405796,0.0514291617363893,-0.00260822420328586,0.11559545510801,"ok"
"S4_quadratic_moderate",480,20870480,1,"scenario_matched_gap_adjusted_did","quadratic_gap",2,0.251963449027178,0.328302704190785,0.0763392551636077,2.25196344902718,1.92366074483639,-0.0763392551636077,0.0763392551636077,0.00582768187893441,-0.0330634353384937,0.00295046443690622,0.135665385857002,"ok"
"S4_quadratic_moderate",481,20870481,1,"scenario_matched_gap_adjusted_did","quadratic_gap",2,0.316869913491764,1.18617443050478,0.869304517013019,2.31686991349176,1.13069548298698,-0.869304517013019,0.869304517013019,0.755690343299238,-0.0540807557794001,0.00773275517148709,0.110975729099935,"ok"
"S4_quadratic_moderate",482,20870482,1,"scenario_matched_gap_adjusted_did","quadratic_gap",2,0.224505611856668,0.0605256644421181,-0.16397994741455,2.22450561185667,2.16397994741455,0.16397994741455,0.16397994741455,0.0268894231540785,0.0635512248518341,-0.00257456679437115,0.129593517921976,"ok"
"S4_quadratic_moderate",483,20870483,1,"scenario_matched_gap_adjusted_did","quadratic_gap",2,0.195267846548609,-0.0701417738882431,-0.265409620436852,2.19526784654861,2.26540962043685,0.265409620436852,0.265409620436852,0.0704422666204339,0.0179174630115851,-0.00111634210748102,0.132150147750494,"ok"
"S4_quadratic_moderate",484,20870484,1,"scenario_matched_gap_adjusted_did","quadratic_gap",2,0.321833068983957,0.0763522444131266,-0.24548082457083,2.32183306898396,2.24548082457083,0.24548082457083,0.24548082457083,0.0602608352319748,0.0331823213092733,-0.00114389985975943,0.190969550776752,"ok"
"S4_quadratic_moderate",485,20870485,1,"scenario_matched_gap_adjusted_did","quadratic_gap",2,0.279434538266651,0.0207360585905333,-0.258698479676118,2.27943453826665,2.25869847967612,0.258698479676118,0.258698479676118,0.066924903386735,0.036593233805261,-0.00154565498266601,0.0919344966104863,"ok"
"S4_quadratic_moderate",486,20870486,1,"scenario_matched_gap_adjusted_did","quadratic_gap",2,0.0243869107517041,0.40077039400696,0.376383483255256,2.0243869107517,1.62361651674474,-0.376383483255256,0.376383483255256,0.14166452646736,-0.00335686769276545,0.00194480181015499,0.127773305897624,"ok"
"S4_quadratic_moderate",487,20870487,1,"scenario_matched_gap_adjusted_did","quadratic_gap",2,0.157935825901743,0.893425024558228,0.735489198656485,2.15793582590174,1.26451080134352,-0.735489198656485,0.735489198656485,0.540944361340358,-0.0928900031931545,0.00815966443204376,0.117824003705526,"ok"
"S4_quadratic_moderate",488,20870488,1,"scenario_matched_gap_adjusted_did","quadratic_gap",2,0.281973931706585,0.100032388908129,-0.181941542798456,2.28197393170659,2.18194154279846,0.181941542798456,0.181941542798456,0.0331027249958824,-0.00347726663968159,0.000603604725246022,0.129916127248087,"ok"
"S4_quadratic_moderate",489,20870489,1,"scenario_matched_gap_adjusted_did","quadratic_gap",2,0.270474087234653,0.362509023159135,0.0920349359244829,2.27047408723465,1.90796506407552,-0.092034935924483,0.092034935924483,0.00847042943062369,0.0437874727044887,-0.000337458375607842,0.0967645459526523,"ok"
"S4_quadratic_moderate",490,20870490,1,"scenario_matched_gap_adjusted_did","quadratic_gap",2,0.329669491829737,-0.406912686213246,-0.736582178042983,2.32966949182974,2.73658217804298,0.736582178042983,0.736582178042983,0.542553305010545,0.0596891985256802,-0.00449464778270171,0.091251712948057,"ok"
"S4_quadratic_moderate",491,20870491,1,"scenario_matched_gap_adjusted_did","quadratic_gap",2,0.210326991018225,0.104087473837118,-0.106239517181106,2.21032699101823,2.10623951718111,0.106239517181106,0.106239517181106,0.0112868350108746,-0.00835703971845236,0.000840259123977502,0.0957406035022603,"ok"
"S4_quadratic_moderate",492,20870492,1,"scenario_matched_gap_adjusted_did","quadratic_gap",2,0.189224702252029,0.284247337354286,0.0950226351022563,2.18922470225203,1.90497736489774,-0.0950226351022563,0.0950226351022563,0.00902930118177655,0.0153001760954471,0.00058766675999917,0.118538193983073,"ok"
"S4_quadratic_moderate",493,20870493,1,"scenario_matched_gap_adjusted_did","quadratic_gap",2,0.348520242797692,0.312931660641563,-0.0355885821561294,2.34852024279769,2.03558858215613,0.0355885821561297,0.0355885821561297,0.00126654717988359,0.00920417298942215,0.000989059391406006,0.135257823637713,"ok"
"S4_quadratic_moderate",494,20870494,1,"scenario_matched_gap_adjusted_did","quadratic_gap",2,0.162725148294942,0.459661044635362,0.296935896340421,2.16272514829494,1.70306410365958,-0.296935896340421,0.296935896340421,0.0881709265354892,0.0299447940617038,0.000717372107544733,0.163764505504609,"ok"
"S4_quadratic_moderate",495,20870495,1,"scenario_matched_gap_adjusted_did","quadratic_gap",2,0.251636018073427,-0.463872728711332,-0.715508746784758,2.25163601807343,2.71550874678476,0.715508746784758,0.715508746784758,0.511952766725495,0.100026837959548,-0.00655585570883648,0.103891368466156,"ok"
"S4_quadratic_moderate",496,20870496,1,"scenario_matched_gap_adjusted_did","quadratic_gap",2,0.245369102958931,0.212878064871937,-0.0324910380869936,2.24536910295893,2.03249103808699,0.0324910380869934,0.0324910380869934,0.00105566755597045,0.0535045377806458,-0.0014425402071695,0.107010668189154,"ok"
"S4_quadratic_moderate",497,20870497,1,"scenario_matched_gap_adjusted_did","quadratic_gap",2,0.324464227261542,0.498575728342405,0.174111501080863,2.32446422726154,1.82588849891914,-0.174111501080863,0.174111501080863,0.0303148148086313,-0.0491088138331345,0.00443133074630037,0.143508039936698,"ok"
"S4_quadratic_moderate",498,20870498,1,"scenario_matched_gap_adjusted_did","quadratic_gap",2,0.161894563078932,0.480328948679268,0.318434385600335,2.16189456307893,1.68156561439966,-0.318434385600335,0.318434385600335,0.101400457932663,-0.0759483682253627,0.00555139983999804,0.0596994806094603,"ok"
"S4_quadratic_moderate",499,20870499,1,"scenario_matched_gap_adjusted_did","quadratic_gap",2,0.344832039137887,0.338811236600519,-0.00602080253736825,2.34483203913789,2.00602080253737,0.00602080253736847,0.00602080253736847,3.62500631939827e-05,0.0213162786666647,0.000562604999703904,0.180603655514087,"ok"
"S4_quadratic_moderate",500,20870500,1,"scenario_matched_gap_adjusted_did","quadratic_gap",2,0.44707884831395,0.418174293882028,-0.0289045544319219,2.44707884831395,2.02890455443192,0.028904554431922,0.028904554431922,0.00083547326690794,0.0331857649980758,0.000386492435378822,0.091796235115855,"ok"
"S5_quadratic_strong",1,20970001,1,"scenario_matched_gap_adjusted_did","quadratic_gap",2,0.755135094501702,0.498350751963388,-0.256784342538314,2.7551350945017,2.25678434253831,0.256784342538314,0.256784342538314,0.0659381985728343,0.0390117162084604,0.000484628014382616,0.0994088410415032,"ok"
"S5_quadratic_strong",2,20970002,1,"scenario_matched_gap_adjusted_did","quadratic_gap",2,1.08868134018332,1.21520874162215,0.126527401438838,3.08868134018332,1.87347259856116,-0.126527401438838,0.126527401438838,0.0160091833148649,0.00710877115859204,0.00512292998523687,0.131441246260347,"ok"
"S5_quadratic_strong",3,20970003,1,"scenario_matched_gap_adjusted_did","quadratic_gap",2,0.962008874728433,0.372513177428274,-0.589495697300159,2.96200887472843,2.58949569730016,0.58949569730016,0.58949569730016,0.347505177135402,0.0973251121103954,-0.0026898713895926,0.0947841917760531,"ok"
"S5_quadratic_strong",4,20970004,1,"scenario_matched_gap_adjusted_did","quadratic_gap",2,0.708648544817066,0.697953712618379,-0.0106948321986861,2.70864854481707,2.01069483219869,0.0106948321986859,0.0106948321986859,0.00011437943575805,-0.00993314258249109,0.00356993345571623,0.131689432256836,"ok"
"S5_quadratic_strong",5,20970005,1,"scenario_matched_gap_adjusted_did","quadratic_gap",2,0.893929431477197,1.66833299618135,0.774403564704155,2.8939294314772,1.22559643529584,-0.774403564704155,0.774403564704155,0.599700881026503,-0.0977529022092101,0.0118471433654035,0.0900902122455041,"ok"
"S5_quadratic_strong",6,20970006,1,"scenario_matched_gap_adjusted_did","quadratic_gap",2,0.819556372294626,0.205291013170703,-0.614265359123923,2.81955637229463,2.61426535912392,0.614265359123923,0.614265359123923,0.377321931419642,0.02248620374364,-8.76314519359564e-05,0.186120302359144,"ok"
"S5_quadratic_strong",7,20970007,1,"scenario_matched_gap_adjusted_did","quadratic_gap",2,1.15960776504346,0.263452532830558,-0.896155232212902,3.15960776504346,2.8961552322129,0.896155232212902,0.896155232212902,0.80309420022256,0.0832032337281465,-0.00254587972142197,0.136454170521439,"ok"
"S5_quadratic_strong",8,20970008,1,"scenario_matched_gap_adjusted_did","quadratic_gap",2,0.80304657065952,0.833437143367705,0.0303905727081855,2.80304657065952,1.96960942729181,-0.0303905727081855,0.0303905727081855,0.000923586909531507,-0.0215543436412951,0.00469692796916712,0.091675059909585,"ok"
"S5_quadratic_strong",9,20970009,1,"scenario_matched_gap_adjusted_did","quadratic_gap",2,0.992638852145807,0.988784767636056,-0.00385408450975067,2.99263885214581,2.00385408450975,0.00385408450975078,0.00385408450975078,1.48539674083009e-05,-0.0403601341593247,0.00623456466819091,0.13600233051435,"ok"
"S5_quadratic_strong",10,20970010,1,"scenario_matched_gap_adjusted_did","quadratic_gap",2,0.878479872924151,0.756407062329212,-0.122072810594939,2.87847987292415,2.12207281059494,0.122072810594938,0.122072810594938,0.0149017710865477,-0.0385801722685705,0.00511436769409664,0.162795336735184,"ok"
"S5_quadratic_strong",11,20970011,1,"scenario_matched_gap_adjusted_did","quadratic_gap",2,0.94652956179229,0.403453438132006,-0.543076123660283,2.94652956179229,2.54307612366028,0.543076123660283,0.543076123660283,0.294931676089879,0.0821860413721229,-0.00187346406980249,0.0981024268034564,"ok"
"S5_quadratic_strong",12,20970012,1,"scenario_matched_gap_adjusted_did","quadratic_gap",2,1.06382212500013,0.481756891583689,-0.582065233416446,3.06382212500013,2.58206523341645,0.582065233416446,0.582065233416446,0.338799935952142,0.0538084725903928,-0.000252214183523462,0.114804198585902,"ok"
"S5_quadratic_strong",13,20970013,1,"scenario_matched_gap_adjusted_did","quadratic_gap",2,0.902401335325948,1.10841987656715,0.206018541241198,2.90240133532595,1.7939814587588,-0.206018541241198,0.206018541241198,0.0424436393351513,-0.0363962052311411,0.00659275490542638,0.0599177354347877,"ok"
"S5_quadratic_strong",14,20970014,1,"scenario_matched_gap_adjusted_did","quadratic_gap",2,0.986783718015561,1.14745847858459,0.160674760569029,2.98678371801556,1.83932523943097,-0.160674760569029,0.160674760569029,0.0258163786839148,-0.0551177522545312,0.00760583284088016,0.10494121481748,"ok"
"S5_quadratic_strong",15,20970015,1,"scenario_matched_gap_adjusted_did","quadratic_gap",2,0.876001854220347,0.882849849913352,0.00684799569300543,2.87600185422035,1.993152004307,-0.00684799569300498,0.00684799569300498,4.68950450114148e-05,-0.0503342742798575,0.00620683250468027,0.125473938766776,"ok"
"S5_quadratic_strong",16,20970016,1,"scenario_matched_gap_adjusted_did","quadratic_gap",2,0.846892219429589,1.30303868098204,0.45614646155245,2.84689221942959,1.54385353844755,-0.45614646155245,0.45614646155245,0.208069594386821,-0.0622025233541046,0.00861968916950635,0.157668047384044,"ok"
"S5_quadratic_strong",17,20970017,1,"scenario_matched_gap_adjusted_did","quadratic_gap",2,0.771014554052219,1.00424212220531,0.23322756815309,2.77101455405222,1.76677243184691,-0.23322756815309,0.23322756815309,0.0543950985466041,-0.00858705409563731,0.00488110147684335,0.127425739106896,"ok"
"S5_quadratic_strong",18,20970018,1,"scenario_matched_gap_adjusted_did","quadratic_gap",2,0.903741499219848,1.59486942678137,0.691127927561518,2.90374149921985,1.30887207243848,-0.691127927561518,0.691127927561518,0.477657812255479,-0.0593904232577484,0.00980047907175604,0.128919336278513,"ok"
"S5_quadratic_strong",19,20970019,1,"scenario_matched_gap_adjusted_did","quadratic_gap",2,1.11487652448039,1.13261465943688,0.0177381349564922,3.11487652448039,1.98226186504351,-0.0177381349564922,0.0177381349564922,0.000314641431734732,0.000988598400195203,0.00502714332284297,0.115127297080353,"ok"
"S5_quadratic_strong",20,20970020,1,"scenario_matched_gap_adjusted_did","quadratic_gap",2,0.652451621589346,0.836393876247175,0.183942254657829,2.65245162158935,1.81605774534217,-0.183942254657829,0.183942254657829,0.0338347530486056,-0.0142960315196875,0.00438516802139127,0.0831472029782538,"ok"
"S5_quadratic_strong",21,20970021,1,"scenario_matched_gap_adjusted_did","quadratic_gap",2,0.692953305729529,1.6035678369531,0.910614531223566,2.69295330572953,1.08938546877643,-0.910614531223566,0.910614531223566,0.829218824475515,-0.150647256993291,0.0139255540606836,0.137296217476798,"ok"
"S5_quadratic_strong",22,20970022,1,"scenario_matched_gap_adjusted_did","quadratic_gap",2,0.953367309979331,1.11991966676258,0.166552356783252,2.95336730997933,1.83344764321675,-0.166552356783252,0.166552356783252,0.0277396875500558,-0.0568297141366601,0.00755917973789187,0.1342891338051,"ok"
"S5_quadratic_strong",23,20970023,1,"scenario_matched_gap_adjusted_did","quadratic_gap",2,1.10624662189176,1.2708710711978,0.164624449306045,3.10624662189176,1.83537555069396,-0.164624449306045,0.164624449306045,0.0271012093093186,-0.0245616060434312,0.00679024088790499,0.131144271112875,"ok"
"S5_quadratic_strong",24,20970024,1,"scenario_matched_gap_adjusted_did","quadratic_gap",2,1.06554866887581,1.31027450940634,0.244725840530532,3.06554866887581,1.75527415946947,-0.244725840530532,0.244725840530532,0.0598907370233755,-0.0365849669134843,0.00750503363525902,0.11997744307028,"ok"
"S5_quadratic_strong",25,20970025,1,"scenario_matched_gap_adjusted_did","quadratic_gap",2,0.949111879597928,1.46380207169491,0.514690192096985,2.94911187959793,1.48530980790302,-0.514690192096985,0.514690192096985,0.264905993840831,-0.046724645584315,0.00864648594420028,0.137109481705273,"ok"
"S5_quadratic_strong",26,20970026,1,"scenario_matched_gap_adjusted_did","quadratic_gap",2,0.851129203271333,0.60365639298327,-0.247472810288063,2.85112920327133,2.24747281028806,0.247472810288063,0.247472810288063,0.0612427918318718,0.00357615545021663,0.00254281270961688,0.0539573224291415,"ok"
"S5_quadratic_strong",27,20970027,1,"scenario_matched_gap_adjusted_did","quadratic_gap",2,0.828502029237058,1.27505563997737,0.44655361074031,2.82850202923706,1.55344638925969,-0.44655361074031,0.44655361074031,0.199410127265208,-0.0547569637496695,0.00816100870510774,0.086394166287431,"ok"
"S5_quadratic_strong",28,20970028,1,"scenario_matched_gap_adjusted_did","quadratic_gap",2,0.913271246859882,0.728421611907107,-0.184849634952774,2.91327124685988,2.18484963495277,0.184849634952775,0.184849634952775,0.034169387542174,0.019296444044906,0.00239756942443902,0.120769462867422,"ok"
"S5_quadratic_strong",29,20970029,1,"scenario_matched_gap_adjusted_did","quadratic_gap",2,0.998368243443308,2.0677624397102,1.06939419626689,2.99836824344331,0.930605803733112,-1.06939419626689,1.06939419626689,1.1436039470093,-0.102453280674047,0.0138460981184358,0.154592205325072,"ok"
"S5_quadratic_strong",30,20970030,1,"scenario_matched_gap_adjusted_did","quadratic_gap",2,0.781576610339259,1.44178421365017,0.660207603310915,2.78157661033926,1.33979239668909,-0.660207603310915,0.660207603310915,0.435874079469542,-0.071428035927564,0.00965402047578723,0.099303253247957,"ok"
"S5_quadratic_strong",31,20970031,1,"scenario_matched_gap_adjusted_did","quadratic_gap",2,0.986484949768829,1.52318964975203,0.536704699983202,2.98648494976883,1.4632953000168,-0.536704699983201,0.536704699983201,0.288051934984058,-0.133612910538556,0.0128029197991236,0.113168639946242,"ok"
"S5_quadratic_strong",32,20970032,1,"scenario_matched_gap_adjusted_did","quadratic_gap",2,1.18945024839929,0.965354413905232,-0.224095834494056,3.18945024839929,2.22409583449406,0.224095834494056,0.224095834494056,0.0502189430375872,0.038205452221307,0.00261179055981565,0.119591522619393,"ok"
"S5_quadratic_strong",33,20970033,1,"scenario_matched_gap_adjusted_did","quadratic_gap",2,0.799474599814762,1.09423991388909,0.294765314074326,2.79947459981476,1.70523468592567,-0.294765314074326,0.294765314074326,0.0868865903813362,0.00206917197623068,0.00480693221250798,0.0678829799230047,"ok"
"S5_quadratic_strong",34,20970034,1,"scenario_matched_gap_adjusted_did","quadratic_gap",2,0.886857461608213,1.17094449967397,0.284087038065752,2.88685746160821,1.71591296193425,-0.284087038065752,0.284087038065752,0.0807054451969722,-0.0370111429129386,0.00690025042747769,0.109334779703043,"ok"
"S5_quadratic_strong",35,20970035,1,"scenario_matched_gap_adjusted_did","quadratic_gap",2,0.907616255421357,0.360325433601957,-0.5472908218194,2.90761625542136,2.5472908218194,0.547290821819401,0.547290821819401,0.299527243647755,0.0195854172470951,0.000736438482676147,0.143157645076013,"ok"
"S5_quadratic_strong",36,20970036,1,"scenario_matched_gap_adjusted_did","quadratic_gap",2,0.875728403051184,1.64800734691187,0.772278943860685,2.87572840305118,1.22772105613932,-0.772278943860685,0.772278943860685,0.596414767130575,-0.0823399036042047,0.0110659987296444,0.145480544770492,"ok"
"S5_quadratic_strong",37,20970037,1,"scenario_matched_gap_adjusted_did","quadratic_gap",2,0.881640686423948,0.999870575377264,0.118229888953316,2.88164068642395,1.88177011104668,-0.118229888953317,0.118229888953317,0.0139783066419136,0.0200899179675939,0.00357748386134922,0.188575812171723,"ok"
"S5_quadratic_strong",38,20970038,1,"scenario_matched_gap_adjusted_did","quadratic_gap",2,1.09024108670857,0.534674179663543,-0.555566907045026,3.09024108670857,2.55556690704503,0.555566907045026,0.555566907045026,0.308654588203577,0.0635464133183711,-0.000451298299344037,0.095499257106797,"ok"
"S5_quadratic_strong",39,20970039,1,"scenario_matched_gap_adjusted_did","quadratic_gap",2,0.902986183229887,1.4007591227193,0.497772939489412,2.90298618322989,1.50222706051059,-0.497772939489411,0.497772939489411,0.247777899287929,-0.0874685851765147,0.0101885595872438,0.147581099885817,"ok"
"S5_quadratic_strong",40,20970040,1,"scenario_matched_gap_adjusted_did","quadratic_gap",2,0.879481554153426,0.60662575307763,-0.272855801075796,2.87948155415343,2.2728558010758,0.272855801075796,0.272855801075796,0.0744502881807145,0.0176805280540916,0.00192456928001514,0.10916791428244,"ok"
"S5_quadratic_strong",41,20970041,1,"scenario_matched_gap_adjusted_did","quadratic_gap",2,1.1877561591489,1.28790975533884,0.100153596189942,3.1877561591489,1.89984640381006,-0.100153596189942,0.100153596189942,0.0100307428297781,0.00150475031180944,0.00569938321889885,0.163144112358457,"ok"
"S5_quadratic_strong",42,20970042,1,"scenario_matched_gap_adjusted_did","quadratic_gap",2,0.90166608289105,0.87171360096769,-0.0299524819233599,2.90166608289105,2.02995248192336,0.0299524819233596,0.0299524819233596,0.000897151173369186,-0.0259094121937896,0.00506331816226382,0.133298587632403,"ok"
"S5_quadratic_strong",43,20970043,1,"scenario_matched_gap_adjusted_did","quadratic_gap",2,0.683667603627655,1.09755054402632,0.41388294039867,2.68366760362766,1.58611705960133,-0.41388294039867,0.41388294039867,0.171299088353049,-0.106956933860147,0.00970352186251253,0.129917528618969,"ok"
"S5_quadratic_strong",44,20970044,1,"scenario_matched_gap_adjusted_did","quadratic_gap",2,1.19943564449175,1.78016176124589,0.580726116754142,3.19943564449175,1.41927388324586,-0.580726116754142,0.580726116754142,0.337242822680346,-0.0747751415081084,0.0113190142223596,0.159061558017014,"ok"
"S5_quadratic_strong",45,20970045,1,"scenario_matched_gap_adjusted_did","quadratic_gap",2,0.681257051466257,0.634408685166723,-0.0468483662995343,2.68125705146626,2.04684836629953,0.0468483662995345,0.0468483662995345,0.00219476942493536,-0.00996625456984494,0.00328688610835152,0.167138639616993,"ok"
"S5_quadratic_strong",46,20970046,1,"scenario_matched_gap_adjusted_did","quadratic_gap",2,0.776989526670156,1.27234668246894,0.495357155798786,2.77698952667016,1.50464284420121,-0.495357155798786,0.495357155798786,0.245378711801063,-0.0655382203802939,0.00863162187882932,0.134741417588054,"ok"
"S5_quadratic_strong",47,20970047,1,"scenario_matched_gap_adjusted_did","quadratic_gap",2,0.928231332725685,1.84114111695699,0.912909784231303,2.92823133272569,1.0870902157687,-0.912909784231302,0.912909784231302,0.833404274145243,-0.127263196711344,0.0139422675406139,0.117890767386968,"ok"
"S5_quadratic_strong",48,20970048,1,"scenario_matched_gap_adjusted_did","quadratic_gap",2,0.951304941152755,1.54314722682238,0.591842285669629,2.95130494115275,1.40815771433037,-0.59184228566963,0.59184228566963,0.350277291106652,-0.0735491127147338,0.010202858301357,0.136411877570525,"ok"
"S5_quadratic_strong",49,20970049,1,"scenario_matched_gap_adjusted_did","quadratic_gap",2,0.839179399657956,0.47790794192219,-0.361271457735766,2.83917939965796,2.36127145773577,0.361271457735766,0.361271457735766,0.130517066174525,0.0477315752415494,2.65159480610152e-06,0.118021200382825,"ok"
"S5_quadratic_strong",50,20970050,1,"scenario_matched_gap_adjusted_did","quadratic_gap",2,0.799337440544418,0.967330895207605,0.167993454663187,2.79933744054442,1.83200654533681,-0.167993454663187,0.167993454663187,0.0282218008096723,0.00762065974639854,0.00399010879586695,0.0922528339649819,"ok"
"S5_quadratic_strong",51,20970051,1,"scenario_matched_gap_adjusted_did","quadratic_gap",2,0.683620481499847,0.722469053665549,0.0388485721657019,2.68362048149985,1.9611514278343,-0.0388485721657017,0.0388485721657017,0.00150921155931373,-0.023795408667014,0.00430040212090607,0.144664009521922,"ok"
"S5_quadratic_strong",52,20970052,1,"scenario_matched_gap_adjusted_did","quadratic_gap",2,0.861468204761428,1.1120935858905,0.250625381129076,2.86146820476143,1.74937461887092,-0.250625381129076,0.250625381129076,0.0628130816660946,-0.0308588724669918,0.00636126407713622,0.113671577626728,"ok"
"S5_quadratic_strong",53,20970053,1,"scenario_matched_gap_adjusted_did","quadratic_gap",2,0.774075095462423,-0.182146621021008,-0.956221716483431,2.77407509546242,2.95622171648343,0.956221716483431,0.956221716483431,0.914359971074519,0.0881073414597294,-0.00476068672664912,0.0767518341767416,"ok"
"S5_quadratic_strong",54,20970054,1,"scenario_matched_gap_adjusted_did","quadratic_gap",2,1.18614311439798,0.905739191278244,-0.280403923119735,3.18614311439798,2.28040392311974,0.280403923119735,0.280403923119735,0.0786263601009385,0.0602594753949837,0.00135736315221675,0.0734073315269654,"ok"
"S5_quadratic_strong",55,20970055,1,"scenario_matched_gap_adjusted_did","quadratic_gap",2,0.957517020068358,0.327560632252866,-0.629956387815492,2.95751702006836,2.62995638781549,0.629956387815492,0.629956387815492,0.396845050549543,0.0865839832852883,-0.00241020537582097,0.12348551816203,"ok"
"S5_quadratic_strong",56,20970056,1,"scenario_matched_gap_adjusted_did","quadratic_gap",2,1.04427255975314,0.560902934674862,-0.48336962507828,3.04427255975314,2.48336962507828,0.48336962507828,0.48336962507828,0.233646194448317,0.0327922528896029,0.0010431958467709,0.0679446176890956,"ok"
"S5_quadratic_strong",57,20970057,1,"scenario_matched_gap_adjusted_did","quadratic_gap",2,0.756929595556718,1.43803003620447,0.681100440647754,2.75692959555672,1.31889955935225,-0.681100440647754,0.681100440647754,0.463897810250564,-0.0967496121777446,0.0107710126476802,0.110080431431052,"ok"
"S5_quadratic_strong",58,20970058,1,"scenario_matched_gap_adjusted_did","quadratic_gap",2,0.827332501856505,1.16599183539231,0.338659333535802,2.82733250185651,1.6613406664642,-0.338659333535802,0.338659333535802,0.114690144190914,0.0070191561301442,0.00490656839145164,0.072570424341207,"ok"
"S5_quadratic_strong",59,20970059,1,"scenario_matched_gap_adjusted_did","quadratic_gap",2,0.938676972093298,0.568524510038095,-0.370152462055203,2.9386769720933,2.3701524620552,0.370152462055203,0.370152462055203,0.137012845165529,0.0556118936790746,5.55473428985787e-05,0.128926992903113,"ok"
"S5_quadratic_strong",60,20970060,1,"scenario_matched_gap_adjusted_did","quadratic_gap",2,1.08410265283395,1.23367011296634,0.149567460132389,3.08410265283395,1.85043253986761,-0.149567460132389,0.149567460132389,0.0223704251304537,-0.0833382090096606,0.00925545762565497,0.15236381857006,"ok"
"S5_quadratic_strong",61,20970061,1,"scenario_matched_gap_adjusted_did","quadratic_gap",2,0.939132833914229,1.35212600458453,0.412993170670305,2.93913283391423,1.58700682932969,-0.412993170670305,0.412993170670305,0.170563359020312,-0.0693499420298365,0.00915951682783388,0.089851193939024,"ok"
"S5_quadratic_strong",62,20970062,1,"scenario_matched_gap_adjusted_did","quadratic_gap",2,0.818433840219029,0.630723606209904,-0.187710234009125,2.81843384021903,2.18771023400913,0.187710234009126,0.187710234009126,0.0352351319517608,-0.0287999703635106,0.00411368646199258,0.0944047788600779,"ok"
"S5_quadratic_strong",63,20970063,1,"scenario_matched_gap_adjusted_did","quadratic_gap",2,0.941733055135824,1.14972543217194,0.207992377036112,2.94173305513582,1.79200762296389,-0.207992377036112,0.207992377036112,0.0432608289051322,0.0424961898347713,0.00324520985294428,0.127979221022446,"ok"
"S5_quadratic_strong",64,20970064,1,"scenario_matched_gap_adjusted_did","quadratic_gap",2,0.858684747540481,0.564652780652805,-0.294031966887676,2.85868474754048,2.29403196688768,0.294031966887676,0.294031966887676,0.0864547975518354,0.0502429340956597,0.000278612416550183,0.158513278366395,"ok"
"S5_quadratic_strong",65,20970065,1,"scenario_matched_gap_adjusted_did","quadratic_gap",2,0.810806748980251,0.9938558621551,0.183049113174849,2.81080674898025,1.81695088682515,-0.183049113174849,0.183049113174849,0.0335069778340985,-0.0545070783825817,0.00689071632528769,0.108840670351108,"ok"
"S5_quadratic_strong",66,20970066,1,"scenario_matched_gap_adjusted_did","quadratic_gap",2,0.926541610261353,1.12505384400589,0.198512233744536,2.92654161026135,1.80148776625546,-0.198512233744536,0.198512233744536,0.0394071069462453,-0.0348953745217292,0.00660003398159633,0.056697122780917,"ok"
"S5_quadratic_strong",67,20970067,1,"scenario_matched_gap_adjusted_did","quadratic_gap",2,1.01613491484098,0.672488020970245,-0.343646893870732,3.01613491484098,2.34364689387073,0.343646893870732,0.343646893870732,0.118093187667002,0.0854176281839784,-0.000813529526281521,0.135062288946231,"ok"
"S5_quadratic_strong",68,20970068,1,"scenario_matched_gap_adjusted_did","quadratic_gap",2,0.981607100285607,1.29688876089534,0.315281660609736,2.98160710028561,1.68471833939026,-0.315281660609736,0.315281660609736,0.0994025255168326,-0.0381397774871572,0.00751471583179215,0.184466911177606,"ok"
"S5_quadratic_strong",69,20970069,1,"scenario_matched_gap_adjusted_did","quadratic_gap",2,1.00874322046865,1.10536936636529,0.0966261458966329,3.00874322046865,1.90337385410337,-0.0966261458966324,0.0966261458966324,0.0093366120708373,0.00642236903372255,0.0046618463105734,0.0619608134194163,"ok"
"S5_quadratic_strong",70,20970070,1,"scenario_matched_gap_adjusted_did","quadratic_gap",2,0.848536102826647,1.26569328010441,0.417157177277759,2.84853610282665,1.58284282272224,-0.417157177277759,0.417157177277759,0.174020110554348,-0.0376284385847835,0.00735213880277123,0.122440044953655,"ok"
"S5_quadratic_strong",71,20970071,1,"scenario_matched_gap_adjusted_did","quadratic_gap",2,0.874474627146801,0.95193106531727,0.0774564381704688,2.8744746271468,1.92254356182953,-0.0774564381704688,0.0774564381704688,0.00599949981405565,0.0509794692863481,0.00197971510053935,0.168097469448043,"ok"
"S5_quadratic_strong",72,20970072,1,"scenario_matched_gap_adjusted_did","quadratic_gap",2,1.01769835552876,0.768320004255703,-0.249378351273054,3.01769835552876,2.24937835127305,0.249378351273054,0.249378351273054,0.0621895620836666,0.0989040076875874,-0.000988298832627627,0.114641600448183,"ok"
"S5_quadratic_strong",73,20970073,1,"scenario_matched_gap_adjusted_did","quadratic_gap",2,0.844193894925182,0.471660911924278,-0.372532983000904,2.84419389492518,2.3725329830009,0.372532983000903,0.372532983000903,0.138780823423551,0.0474610487578813,-1.32070551695584e-05,0.180878505606875,"ok"
"S5_quadratic_strong",74,20970074,1,"scenario_matched_gap_adjusted_did","quadratic_gap",2,1.06899026378626,1.13423603217137,0.0652457683851115,3.06899026378626,1.93475423161489,-0.065245768385112,0.065245768385112,0.00425701029216368,-0.0377817396634804,0.00677038848719184,0.160295985427676,"ok"
"S5_quadratic_strong",75,20970075,1,"scenario_matched_gap_adjusted_did","quadratic_gap",2,1.13005762521375,1.33437060517113,0.204312979957374,3.13005762521375,1.79568702004263,-0.204312979957374,0.204312979957374,0.0417437937790624,-0.0655358965076031,0.00890923688170369,0.109049617715922,"ok"
"S5_quadratic_strong",76,20970076,1,"scenario_matched_gap_adjusted_did","quadratic_gap",2,1.23314928402653,1.57418563575054,0.341036351724008,3.23314928402653,1.65896364827599,-0.341036351724007,0.341036351724007,0.116305793197221,-0.0900962747469201,0.0110827539547152,0.15965618785788,"ok"
"S5_quadratic_strong",77,20970077,1,"scenario_matched_gap_adjusted_did","quadratic_gap",2,0.743295923647478,1.31099486547573,0.567698941828256,2.74329592364748,1.43230105817174,-0.567698941828256,0.567698941828256,0.322282088552921,-0.0974562077279178,0.0102338370571115,0.15430304846274,"ok"
"S5_quadratic_strong",78,20970078,1,"scenario_matched_gap_adjusted_did","quadratic_gap",2,0.637477093223988,0.645398149084064,0.00792105586007652,2.63747709322399,1.99207894413992,-0.00792105586007641,0.00792105586007641,6.27431259384508e-05,0.0151625855406135,0.00221092071796088,0.143542110560954,"ok"
"S5_quadratic_strong",79,20970079,1,"scenario_matched_gap_adjusted_did","quadratic_gap",2,0.942064718540198,0.725484035474566,-0.216580683065633,2.9420647185402,2.21658068306563,0.216580683065633,0.216580683065633,0.0469071922771761,0.0214243620117443,0.00228913618816622,0.198894015488514,"ok"
"S5_quadratic_strong",80,20970080,1,"scenario_matched_gap_adjusted_did","quadratic_gap",2,0.932593810650885,0.44299238315022,-0.489601427500665,2.93259381065088,2.48960142750066,0.489601427500665,0.489601427500665,0.239709557810689,0.0619706337959819,-0.000791256514072829,0.141963696928738,"ok"
"S5_quadratic_strong",81,20970081,1,"scenario_matched_gap_adjusted_did","quadratic_gap",2,1.16285231794317,1.54073782951669,0.377885511573517,3.16285231794317,1.62211448842648,-0.377885511573517,0.377885511573517,0.142797459857179,-0.0296554884746303,0.00822668379520742,0.08637820629841,"ok"
"S5_quadratic_strong",82,20970082,1,"scenario_matched_gap_adjusted_did","quadratic_gap",2,1.02320717894504,0.415740360348888,-0.607466818596153,3.02320717894504,2.60746681859615,0.607466818596153,0.607466818596153,0.369015935695332,0.104955121150324,-0.0028379590350195,0.114475477714423,"ok"
"S5_quadratic_strong",83,20970083,1,"scenario_matched_gap_adjusted_did","quadratic_gap",2,1.09096695887887,0.374771541228312,-0.716195417650555,3.09096695887887,2.71619541765055,0.716195417650555,0.716195417650555,0.512935876263653,0.0827014349986557,-0.00202496780041005,0.2224020122902,"ok"
"S5_quadratic_strong",84,20970084,1,"scenario_matched_gap_adjusted_did","quadratic_gap",2,0.839880692539771,1.03729937490646,0.197418682366694,2.83988069253977,1.80258131763331,-0.197418682366694,0.197418682366694,0.0389741361474017,-0.0120064677375273,0.00518222709976898,0.121728061996648,"ok"
"S5_quadratic_strong",85,20970085,1,"scenario_matched_gap_adjusted_did","quadratic_gap",2,0.891872943115287,0.754609333423254,-0.137263609692033,2.89187294311529,2.13726360969203,0.137263609692033,0.137263609692033,0.0188412985456868,0.0449811637638418,0.00136476580202166,0.126753158855008,"ok"
"S5_quadratic_strong",86,20970086,1,"scenario_matched_gap_adjusted_did","quadratic_gap",2,0.900969466702702,0.947518654861857,0.0465491881591547,2.9009694667027,1.95345081184085,-0.0465491881591547,0.0465491881591547,0.00216682691827638,-0.026943820619452,0.00544906057189422,0.147315387320794,"ok"
"S5_quadratic_strong",87,20970087,1,"scenario_matched_gap_adjusted_did","quadratic_gap",2,1.14092294674006,1.69652425157552,0.555601304835464,3.14092294674006,1.44439869516454,-0.555601304835464,0.555601304835464,0.30869280993487,-0.0702628256189506,0.0107424739153658,0.129483276787451,"ok"
"S5_quadratic_strong",88,20970088,1,"scenario_matched_gap_adjusted_did","quadratic_gap",2,0.850935924734004,0.929729066389631,0.0787931416556271,2.850935924734,1.92120685834437,-0.0787931416556269,0.0787931416556269,0.00620835917196369,0.0127059757270376,0.00359404168262353,0.0898516206581938,"ok"
"S5_quadratic_strong",89,20970089,1,"scenario_matched_gap_adjusted_did","quadratic_gap",2,0.813946605083261,1.29519933927768,0.481252734194422,2.81394660508326,1.51874726580558,-0.481252734194422,0.481252734194422,0.231604194169607,-0.0707012923027771,0.00896512953271099,0.0699651917996033,"ok"
"S5_quadratic_strong",90,20970090,1,"scenario_matched_gap_adjusted_did","quadratic_gap",2,1.06812128497445,0.272368031784813,-0.795753253189638,3.06812128497445,2.79575325318964,0.795753253189639,0.795753253189639,0.633223239961893,0.0830067676207249,-0.00249716258696613,0.104539086444352,"ok"
"S5_quadratic_strong",91,20970091,1,"scenario_matched_gap_adjusted_did","quadratic_gap",2,0.938154357811642,1.09540946058645,0.15725510277481,2.93815435781164,1.84274489722519,-0.15725510277481,0.15725510277481,0.0247291673487161,0.00158244530801714,0.00483396272017738,0.152210323473645,"ok"
"S5_quadratic_strong",92,20970092,1,"scenario_matched_gap_adjusted_did","quadratic_gap",2,0.801968011213664,0.477298333481897,-0.324669677731767,2.80196801121366,2.32466967773177,0.324669677731768,0.324669677731768,0.10541039963845,0.00460210601533896,0.00193109226863511,0.146151871653176,"ok"
"S5_quadratic_strong",93,20970093,1,"scenario_matched_gap_adjusted_did","quadratic_gap",2,0.862892813071537,0.68856232807183,-0.174330484999706,2.86289281307154,2.17433048499971,0.174330484999706,0.174330484999706,0.0303911180002329,0.00223572544549945,0.00298300779231419,0.123545966903225,"ok"
"S5_quadratic_strong",94,20970094,1,"scenario_matched_gap_adjusted_did","quadratic_gap",2,0.868168849586624,0.91024791591485,0.0420790663282262,2.86816884958662,1.95792093367177,-0.0420790663282262,0.0420790663282262,0.00177064782305526,-0.0248515362033746,0.00518849228932207,0.118170478207097,"ok"
"S5_quadratic_strong",95,20970095,1,"scenario_matched_gap_adjusted_did","quadratic_gap",2,0.924075137383626,0.836924483180984,-0.0871506542026426,2.92407513738363,2.08715065420264,0.0871506542026421,0.0871506542026421,0.0075952365279485,-0.00816816097461816,0.00411316161012164,0.0832854997193233,"ok"
"S5_quadratic_strong",96,20970096,1,"scenario_matched_gap_adjusted_did","quadratic_gap",2,0.970425393264648,1.51349166293652,0.543066269671872,2.97042539326465,1.45693373032813,-0.543066269671873,0.543066269671873,0.294920973255323,-0.0305491506907973,0.00814470076049773,0.162428587567791,"ok"
"S5_quadratic_strong",97,20970097,1,"scenario_matched_gap_adjusted_did","quadratic_gap",2,0.910534670354235,1.06536589310728,0.154831222753045,2.91053467035423,1.84516877724695,-0.154831222753045,0.154831222753045,0.0239727075392031,0.00445426505011473,0.00457085034002746,0.172619090611525,"ok"
"S5_quadratic_strong",98,20970098,1,"scenario_matched_gap_adjusted_did","quadratic_gap",2,0.762462485232789,0.519234856439828,-0.243227628792961,2.76246248523279,2.24322762879296,0.243227628792961,0.243227628792961,0.0591596794082464,0.0392300792906555,0.000568361478507192,0.137939307992129,"ok"
"S5_quadratic_strong",99,20970099,1,"scenario_matched_gap_adjusted_did","quadratic_gap",2,0.957424223990023,0.7477491213203,-0.209675102669723,2.95742422399002,2.20967510266972,0.209675102669722,0.209675102669722,0.0439636486795586,0.00652353359125216,0.0030560318749602,0.130402772398828,"ok"
"S5_quadratic_strong",100,20970100,1,"scenario_matched_gap_adjusted_did","quadratic_gap",2,0.945125975841563,0.679038832474007,-0.266087143367556,2.94512597584156,2.26608714336756,0.266087143367556,0.266087143367556,0.0708023678655064,0.011046645358829,0.00254584647262261,0.123620036099144,"ok"
"S5_quadratic_strong",101,20970101,1,"scenario_matched_gap_adjusted_did","quadratic_gap",2,0.71147260614235,1.40176721351801,0.690294607375657,2.71147260614235,1.30970539262434,-0.690294607375657,0.690294607375657,0.476506644971912,-0.0520278033900721,0.0086061727496361,0.0860707044823463,"ok"
"S5_quadratic_strong",102,20970102,1,"scenario_matched_gap_adjusted_did","quadratic_gap",2,0.79449402030283,0.791809958555693,-0.00268406174713709,2.79449402030283,2.00268406174714,0.00268406174713709,0.00268406174713709,7.20418746244461e-06,0.00252942371393458,0.00343215994664036,0.166872481130379,"ok"
"S5_quadratic_strong",103,20970103,1,"scenario_matched_gap_adjusted_did","quadratic_gap",2,0.888693262081087,0.624477145753917,-0.26421611632717,2.88869326208109,2.26421611632717,0.264216116327169,0.264216116327169,0.0698101561270123,0.0513333474747844,0.000497658228385398,0.0825653273208955,"ok"
"S5_quadratic_strong",104,20970104,1,"scenario_matched_gap_adjusted_did","quadratic_gap",2,1.09929401940775,1.80592202476982,0.706628005362074,3.09929401940775,1.29337199463793,-0.706628005362074,0.706628005362074,0.499323137961983,-0.134306396923726,0.0140999372865989,0.122520165447742,"ok"
"S5_quadratic_strong",105,20970105,1,"scenario_matched_gap_adjusted_did","quadratic_gap",2,1.26373198300193,0.92095143254135,-0.342780550460577,3.26373198300193,2.34278055046058,0.342780550460577,0.342780550460577,0.117498505774056,0.0349232295511216,0.00255993643446328,0.145415746547962,"ok"
"S5_quadratic_strong",106,20970106,1,"scenario_matched_gap_adjusted_did","quadratic_gap",2,1.16592806349985,0.804225281129733,-0.36170278237012,3.16592806349985,2.36170278237012,0.36170278237012,0.36170278237012,0.130828902774287,0.0131119737714728,0.00301390541827614,0.100968026345367,"ok"
"S5_quadratic_strong",107,20970107,1,"scenario_matched_gap_adjusted_did","quadratic_gap",2,0.757836491621817,1.06714983465695,0.30931334303513,2.75783649162182,1.69068665696487,-0.30931334303513,0.30931334303513,0.0956747441795682,0.00240182946723027,0.00467073823873722,0.157907652494199,"ok"
"S5_quadratic_strong",108,20970108,1,"scenario_matched_gap_adjusted_did","quadratic_gap",2,0.91198621943542,0.196699223394635,-0.715286996040785,2.91198621943542,2.71528699604079,0.715286996040785,0.715286996040785,0.51163548670505,0.0947859115397715,-0.00336340250150633,0.100312876637665,"ok"
"S5_quadratic_strong",109,20970109,1,"scenario_matched_gap_adjusted_did","quadratic_gap",2,0.823128211098174,0.890301495471799,0.0671732843736248,2.82312821109817,1.93282671562637,-0.067173284373625,0.067173284373625,0.0045122501335399,0.0337552083676296,0.00247499736624852,0.112507937166304,"ok"
"S5_quadratic_strong",110,20970110,1,"scenario_matched_gap_adjusted_did","quadratic_gap",2,0.963541307139983,1.4933649619934,0.529823654853422,2.96354130713998,1.47017634514658,-0.529823654853422,0.529823654853422,0.280713105242238,-0.088881071099985,0.0106664582372832,0.126000048919576,"ok"
"S5_quadratic_strong",111,20970111,1,"scenario_matched_gap_adjusted_did","quadratic_gap",2,0.691278523829265,0.956436880685969,0.265158356856704,2.69127852382926,1.7348416431433,-0.265158356856704,0.265158356856704,0.0703089542109473,-0.034218458716245,0.00581472299036606,0.113933061726193,"ok"
"S5_quadratic_strong",112,20970112,1,"scenario_matched_gap_adjusted_did","quadratic_gap",2,0.912508687321319,0.638489446678871,-0.274019240642448,2.91250868732132,2.27401924064245,0.274019240642448,0.274019240642448,0.0750865442422639,0.030640321550367,0.00148695327391881,0.119793501441134,"ok"
"S5_quadratic_strong",113,20970113,1,"scenario_matched_gap_adjusted_did","quadratic_gap",2,1.15898453153112,0.620828753867813,-0.538155777663307,3.15898453153112,2.53815577766331,0.538155777663307,0.538155777663307,0.289611641032399,0.0615659795884431,2.31445879852922e-05,0.112522472892309,"ok"
"S5_quadratic_strong",114,20970114,1,"scenario_matched_gap_adjusted_did","quadratic_gap",2,0.793140571359598,0.97273325634597,0.179592684986372,2.7931405713596,1.82040731501363,-0.179592684986372,0.179592684986372,0.0322535325006144,-0.0673230811293341,0.00736998836256408,0.120262685648548,"ok"
"S5_quadratic_strong",115,20970115,1,"scenario_matched_gap_adjusted_did","quadratic_gap",2,0.968211564145555,1.49648973714709,0.528278173001533,2.96821156414556,1.47172182699847,-0.528278173001532,0.528278173001532,0.279077828069837,-0.0258534444216369,0.00785831722998563,0.129917742564609,"ok"
"S5_quadratic_strong",116,20970116,1,"scenario_matched_gap_adjusted_did","quadratic_gap",2,0.757523079742014,0.923295048096976,0.165771968354961,2.75752307974201,1.83422803164504,-0.165771968354961,0.165771968354961,0.0274803454922783,-0.0379283566134998,0.00583244155626257,0.108318548694373,"ok"
"S5_quadratic_strong",117,20970117,1,"scenario_matched_gap_adjusted_did","quadratic_gap",2,0.75004466737851,0.913308975243881,0.163264307865371,2.75004466737851,1.83673569213463,-0.163264307865371,0.163264307865371,0.0266552342227587,-0.0186628866884359,0.00492509481549958,0.124609768348146,"ok"
"S5_quadratic_strong",118,20970118,1,"scenario_matched_gap_adjusted_did","quadratic_gap",2,0.892882203885405,0.734027755541544,-0.158854448343861,2.8928822038854,2.15885444834386,0.158854448343861,0.158854448343861,0.0252347357586325,-0.00232515534158291,0.00339080287592853,0.0528753125618063,"ok"
"S5_quadratic_strong",119,20970119,1,"scenario_matched_gap_adjusted_did","quadratic_gap",2,0.888044397728329,0.947938206075126,0.0598938083467969,2.88804439772833,1.9401061916532,-0.0598938083467973,0.0598938083467973,0.00358726827828288,0.00272529776951711,0.00412247117185054,0.101440356582972,"ok"
"S5_quadratic_strong",120,20970120,1,"scenario_matched_gap_adjusted_did","quadratic_gap",2,1.1146319969502,1.39419737626813,0.279565379317933,3.1146319969502,1.72043462068207,-0.279565379317933,0.279565379317933,0.0781568013131798,-0.00462079748479316,0.00644957619902714,0.117454135996402,"ok"
"S5_quadratic_strong",121,20970121,1,"scenario_matched_gap_adjusted_did","quadratic_gap",2,1.08055874938995,1.59636599165635,0.515807242266396,3.08055874938995,1.4841927577336,-0.515807242266396,0.515807242266396,0.266057111174465,-0.0288892146612849,0.0084414543504591,0.139387224532689,"ok"
"S5_quadratic_strong",122,20970122,1,"scenario_matched_gap_adjusted_did","quadratic_gap",2,0.888493540952191,0.918974748712,0.0304812077598087,2.88849354095219,1.96951879224019,-0.0304812077598084,0.0304812077598084,0.000929104026496607,-0.0215046419356745,0.00507770672269587,0.131799510220803,"ok"
"S5_quadratic_strong",123,20970123,1,"scenario_matched_gap_adjusted_did","quadratic_gap",2,0.835788015529069,1.02372960157961,0.187941586050545,2.83578801552907,1.81205841394946,-0.187941586050544,0.187941586050544,0.0353220397671942,-0.029685997638383,0.00591308766252288,0.121827138172176,"ok"
"S5_quadratic_strong",124,20970124,1,"scenario_matched_gap_adjusted_did","quadratic_gap",2,0.828677980661418,0.619890672103828,-0.20878730855759,2.82867798066142,2.20878730855759,0.20878730855759,0.20878730855759,0.0435921402147222,0.0311066091045706,0.00138279663160353,0.179743917585904,"ok"
"S5_quadratic_strong",125,20970125,1,"scenario_matched_gap_adjusted_did","quadratic_gap",2,0.563737522295532,0.661183990311783,0.0974464680162513,2.56373752229553,1.90255353198375,-0.0974464680162515,0.0974464680162515,0.00949581412884232,0.00169344822018393,0.00288469929004453,0.185962508723423,"ok"
"S5_quadratic_strong",126,20970126,1,"scenario_matched_gap_adjusted_did","quadratic_gap",2,0.834152175389389,0.739426374501972,-0.0947258008874163,2.83415217538939,2.09472580088742,0.0947258008874163,0.0947258008874163,0.00897297735376244,-0.0183378848783105,0.00413196368635109,0.170508407731994,"ok"
"S5_quadratic_strong",127,20970127,1,"scenario_matched_gap_adjusted_did","quadratic_gap",2,0.855191117135983,1.27599899853345,0.420807881397463,2.85519111713598,1.57919211860254,-0.420807881397463,0.420807881397463,0.177079273046221,-0.0617683623245487,0.00847917591841313,0.0401847514469112,"ok"
"S5_quadratic_strong",128,20970128,1,"scenario_matched_gap_adjusted_did","quadratic_gap",2,0.971016228417195,0.463582333500112,-0.507433894917083,2.9710162284172,2.50743389491708,0.507433894917083,0.507433894917083,0.257489157710722,0.0453498459831689,4.5151673142196e-05,0.135495391296447,"ok"
"S5_quadratic_strong",129,20970129,1,"scenario_matched_gap_adjusted_did","quadratic_gap",2,0.706755550475111,0.00727282543713159,-0.69948272503798,2.70675555047511,2.69948272503798,0.69948272503798,0.69948272503798,0.489276082626558,0.093612253564085,-0.00415902855315098,0.0834546660772741,"ok"
"S5_quadratic_strong",130,20970130,1,"scenario_matched_gap_adjusted_did","quadratic_gap",2,0.633669804139807,0.656062251074673,0.0223924469348659,2.63366980413981,1.97760755306513,-0.0223924469348658,0.0223924469348658,0.000501421679730779,-0.0192899398506256,0.00380132081901909,0.122515449970601,"ok"
"S5_quadratic_strong",131,20970131,1,"scenario_matched_gap_adjusted_did","quadratic_gap",2,1.00482983976299,1.76958423183546,0.76475439207247,3.00482983976299,1.23524560792753,-0.76475439207247,0.76475439207247,0.584849280194133,-0.116370219889214,0.0131341183465415,0.108007802537542,"ok"
"S5_quadratic_strong",132,20970132,1,"scenario_matched_gap_adjusted_did","quadratic_gap",2,0.955486713003479,0.768287602120334,-0.187199110883145,2.95548671300348,2.18719911088315,0.187199110883145,0.187199110883145,0.03504350711544,0.0604830255435122,0.000731898567247219,0.101478409472595,"ok"
"S5_quadratic_strong",133,20970133,1,"scenario_matched_gap_adjusted_did","quadratic_gap",2,0.985068700723043,0.802547199535971,-0.182521501187073,2.98506870072304,2.18252150118707,0.182521501187073,0.182521501187073,0.0333140983955826,0.0627058517146217,0.000785770219655611,0.111404366422817,"ok"
"S5_quadratic_strong",134,20970134,1,"scenario_matched_gap_adjusted_did","quadratic_gap",2,0.936499163250411,1.56661265469667,0.630113491446258,2.93649916325041,1.36988650855374,-0.630113491446259,0.630113491446259,0.397043012102594,-0.0459660553537572,0.0090728651114966,0.156683393661836,"ok"
"S5_quadratic_strong",135,20970135,1,"scenario_matched_gap_adjusted_did","quadratic_gap",2,0.780177830547849,1.21536217465219,0.435184344104345,2.78017783054785,1.56481565589566,-0.435184344104345,0.435184344104345,0.189385413353529,-0.0627167716844215,0.00825013384252123,0.122397662141461,"ok"
"S5_quadratic_strong",136,20970136,1,"scenario_matched_gap_adjusted_did","quadratic_gap",2,1.13423442958109,1.13669539260262,0.00246096302152976,3.13423442958109,1.99753903697847,-0.00246096302152976,0.00246096302152976,6.05633899333689e-06,0.00568530131466368,0.00483511513189244,0.132900902624255,"ok"
"S5_quadratic_strong",137,20970137,1,"scenario_matched_gap_adjusted_did","quadratic_gap",2,0.84360656553041,1.12677730491172,0.283170739381313,2.84360656553041,1.71682926061869,-0.283170739381313,0.283170739381313,0.0801856676417592,-0.0200723099600934,0.00594403166199697,0.152296462779056,"ok"
"S5_quadratic_strong",138,20970138,1,"scenario_matched_gap_adjusted_did","quadratic_gap",2,0.909060252895038,0.640082093407772,-0.268978159487266,2.90906025289504,2.26897815948727,0.268978159487265,0.268978159487265,0.0723492502811567,0.020878423295759,0.00193118444977694,0.0886647927789616,"ok"
"S5_quadratic_strong",139,20970139,1,"scenario_matched_gap_adjusted_did","quadratic_gap",2,0.911762564019256,1.18133007899332,0.269567514974066,2.91176256401926,1.73043248502593,-0.269567514974066,0.269567514974066,0.0726666451292931,-0.0239308744639704,0.00636106935955086,0.198066984877245,"ok"
"S5_quadratic_strong",140,20970140,1,"scenario_matched_gap_adjusted_did","quadratic_gap",2,0.95625074877577,0.874823503882741,-0.0814272448930289,2.95625074877577,2.08142724489303,0.0814272448930291,0.0814272448930291,0.00663039621086933,-0.0406507295179193,0.00573730208535194,0.109758892164323,"ok"
"S5_quadratic_strong",141,20970141,1,"scenario_matched_gap_adjusted_did","quadratic_gap",2,0.960117652562317,0.837346735930538,-0.122770916631779,2.96011765256232,2.12277091663178,0.122770916631779,0.122770916631779,0.0150726979706071,-0.00355856844179605,0.00390865262842611,0.142936326669899,"ok"
"S5_quadratic_strong",142,20970142,1,"scenario_matched_gap_adjusted_did","quadratic_gap",2,1.01483180897058,1.13162507357349,0.116793264602901,3.01483180897058,1.8832067353971,-0.116793264602901,0.116793264602901,0.0136406666566032,-0.0318253124158202,0.00649199193014188,0.0666143357279175,"ok"
"S5_quadratic_strong",143,20970143,1,"scenario_matched_gap_adjusted_did","quadratic_gap",2,1.12127972694447,0.830472862029161,-0.29080686491531,3.12127972694447,2.29080686491531,0.29080686491531,0.29080686491531,0.0845686326818716,0.0980839307944592,-0.00067328259365118,0.127231447849342,"ok"
"S5_quadratic_strong",144,20970144,1,"scenario_matched_gap_adjusted_did","quadratic_gap",2,1.04576341283815,0.63447631239537,-0.411287100442781,3.04576341283815,2.41128710044278,0.41128710044278,0.41128710044278,0.16915707899063,0.0245570933570082,0.00174136736787443,0.0918278927204299,"ok"
"S5_quadratic_strong",145,20970145,1,"scenario_matched_gap_adjusted_did","quadratic_gap",2,0.916640637585284,0.501239340022399,-0.415401297562885,2.91664063758528,2.41540129756289,0.415401297562885,0.415401297562885,0.172558238016929,0.0252893389186936,0.00111199679478565,0.0918588494841995,"ok"
"S5_quadratic_strong",146,20970146,1,"scenario_matched_gap_adjusted_did","quadratic_gap",2,0.857628137015377,1.06319150549902,0.205563368483644,2.85762813701538,1.79443663151636,-0.205563368483645,0.205563368483645,0.0422562984623427,-0.0126001857407555,0.00532474640107422,0.149936743562268,"ok"
"S5_quadratic_strong",147,20970147,1,"scenario_matched_gap_adjusted_did","quadratic_gap",2,0.510104741859904,0.847394317591492,0.337289575731588,2.5101047418599,1.66271042426841,-0.337289575731588,0.337289575731588,0.113764257897195,-0.0531602144592488,0.00617461102470439,0.116496052268424,"ok"
"S5_quadratic_strong",148,20970148,1,"scenario_matched_gap_adjusted_did","quadratic_gap",2,0.874635981248599,0.653343437033588,-0.221292544215011,2.8746359812486,2.22129254421501,0.221292544215011,0.221292544215011,0.0489703901251525,0.017021707219043,0.00216325237989474,0.128326691931643,"ok"
"S5_quadratic_strong",149,20970149,1,"scenario_matched_gap_adjusted_did","quadratic_gap",2,0.85728520910386,0.407735494316626,-0.449549714787233,2.85728520910386,2.44954971478723,0.449549714787234,0.449549714787234,0.202094946065283,0.0798953576098956,-0.00175172275424924,0.145574089541668,"ok"
"S5_quadratic_strong",150,20970150,1,"scenario_matched_gap_adjusted_did","quadratic_gap",2,0.508571580479485,0.357077756068629,-0.151493824410857,2.50857158047949,2.15149382441086,0.151493824410857,0.151493824410857,0.0229503788346276,0.0176668565993987,0.000807802343617798,0.175971832054858,"ok"
"S5_quadratic_strong",151,20970151,1,"scenario_matched_gap_adjusted_did","quadratic_gap",2,0.837026918196579,-0.236337512550777,-1.07336443074736,2.83702691819658,3.07336443074736,1.07336443074736,1.07336443074736,1.1521112011936,0.115240676651378,-0.00621825796596072,0.0756365891569625,"ok"
"S5_quadratic_strong",152,20970152,1,"scenario_matched_gap_adjusted_did","quadratic_gap",2,0.920788744712002,1.08489750073483,0.164108756022832,2.920788744712,1.83589124397717,-0.164108756022832,0.164108756022832,0.0269316838033615,-0.0422435669819292,0.00674925300248116,0.103734318121041,"ok"
"S5_quadratic_strong",153,20970153,1,"scenario_matched_gap_adjusted_did","quadratic_gap",2,0.987442257455155,0.628907425637978,-0.358534831817177,2.98744225745515,2.35853483181718,0.358534831817177,0.358534831817177,0.128547225626171,0.0420224175320521,0.00093440261336175,0.128342576311385,"ok"
"S5_quadratic_strong",154,20970154,1,"scenario_matched_gap_adjusted_did","quadratic_gap",2,0.970891926709147,1.0940739340054,0.123182007296257,2.97089192670915,1.87681799270374,-0.123182007296256,0.123182007296256,0.015173806921535,-0.0175045630187302,0.0056826249142957,0.135705354532759,"ok"
"S5_quadratic_strong",155,20970155,1,"scenario_matched_gap_adjusted_did","quadratic_gap",2,1.00135873262779,1.65611479677819,0.6547560641504,3.00135873262779,1.3452439358496,-0.6547560641504,0.6547560641504,0.428705503541723,-0.141774798369732,0.0137635646886963,0.0969029873429227,"ok"
"S5_quadratic_strong",156,20970156,1,"scenario_matched_gap_adjusted_did","quadratic_gap",2,1.1781251681453,1.07468496899662,-0.103440199148682,3.1781251681453,2.10344019914868,0.103440199148682,0.103440199148682,0.0106998747999191,0.0551590778122088,0.00234221279496057,0.178546426122783,"ok"
"S5_quadratic_strong",157,20970157,1,"scenario_matched_gap_adjusted_did","quadratic_gap",2,0.933081689412393,0.571135449396962,-0.361946240015432,2.93308168941239,2.36194624001543,0.361946240015432,0.361946240015432,0.131005080661308,0.0833850584348149,-0.00117633642515457,0.152091455995928,"ok"
"S5_quadratic_strong",158,20970158,1,"scenario_matched_gap_adjusted_did","quadratic_gap",2,1.03257855762643,0.86937458030615,-0.163203977320275,3.03257855762643,2.16320397732028,0.163203977320276,0.163203977320276,0.026635538213157,0.0313598700783583,0.00248854871428015,0.121786400170156,"ok"
"S5_quadratic_strong",159,20970159,1,"scenario_matched_gap_adjusted_did","quadratic_gap",2,0.965912535869233,0.904322547264682,-0.0615899886045517,2.96591253586923,2.06158998860455,0.0615899886045512,0.0615899886045512,0.00379332669630875,-0.0406132322326833,0.00586770837130529,0.110503700773608,"ok"
"S5_quadratic_strong",160,20970160,1,"scenario_matched_gap_adjusted_did","quadratic_gap",2,1.04477254224492,0.88823738302623,-0.156535159218692,3.04477254224492,2.15653515921869,0.156535159218692,0.156535159218692,0.0245032560716214,-0.0150950310382492,0.00465307922421816,0.128892652478934,"ok"
"S5_quadratic_strong",161,20970161,1,"scenario_matched_gap_adjusted_did","quadratic_gap",2,0.770355751768808,1.20885657794533,0.438500826176518,2.77035575176881,1.56149917382348,-0.438500826176519,0.438500826176519,0.192282974557489,-0.103171906411605,0.010032428248036,0.126078245000746,"ok"
"S5_quadratic_strong",162,20970162,1,"scenario_matched_gap_adjusted_did","quadratic_gap",2,0.875399498039879,0.62856441373965,-0.246835084300229,2.87539949803988,2.24683508430023,0.246835084300229,0.246835084300229,0.0609275588415013,0.0137113235344299,0.0022005276644568,0.145856381516347,"ok"
"S5_quadratic_strong",163,20970163,1,"scenario_matched_gap_adjusted_did","quadratic_gap",2,0.921348003078875,0.89937327831223,-0.0219747247666453,2.92134800307888,2.02197472476665,0.0219747247666455,0.0219747247666455,0.000482888528569824,-0.00383546831079392,0.00419878191680673,0.086017093479718,"ok"
"S5_quadratic_strong",164,20970164,1,"scenario_matched_gap_adjusted_did","quadratic_gap",2,0.932922951687286,0.462316370611356,-0.47060658107593,2.93292295168729,2.47060658107593,0.47060658107593,0.47060658107593,0.221470554151976,0.0274762370311719,0.000839794031192403,0.154145614285218,"ok"
"S5_quadratic_strong",165,20970165,1,"scenario_matched_gap_adjusted_did","quadratic_gap",2,0.717392490303697,1.16108626460802,0.443693774304328,2.7173924903037,1.55630622569567,-0.443693774304328,0.443693774304328,0.19686416535642,-0.0933489180486204,0.00937869602280998,0.128237723612621,"ok"
"S5_quadratic_strong",166,20970166,1,"scenario_matched_gap_adjusted_did","quadratic_gap",2,0.964011679820463,1.2022920621948,0.238280382374335,2.96401167982046,1.76171961762567,-0.238280382374335,0.238280382374335,0.0567775406244593,-0.0143953830582624,0.00602796668407801,0.148865391251601,"ok"
"S5_quadratic_strong",167,20970167,1,"scenario_matched_gap_adjusted_did","quadratic_gap",2,0.983665204914085,0.335244305671668,-0.648420899242417,2.98366520491409,2.64842089924242,0.648420899242417,0.648420899242417,0.420449662574345,0.0307112764305387,0.000125962125520659,0.0857173472388104,"ok"
"S5_quadratic_strong",168,20970168,1,"scenario_matched_gap_adjusted_did","quadratic_gap",2,0.834480139664339,0.839343179307956,0.00486303964361712,2.83448013966434,1.99513696035638,-0.00486303964361734,0.00486303964361734,2.36491545753939e-05,0.0342572079371924,0.0022243482086688,0.139064467309599,"ok"
"S5_quadratic_strong",169,20970169,1,"scenario_matched_gap_adjusted_did","quadratic_gap",2,1.00243722827903,1.59930461750168,0.596867389222647,3.00243722827903,1.40313261077735,-0.596867389222647,0.596867389222647,0.356250680317459,-0.0977092878358127,0.0115361081904171,0.112898345611898,"ok"
"S5_quadratic_strong",170,20970170,1,"scenario_matched_gap_adjusted_did","quadratic_gap",2,1.05313804351376,0.19313847789752,-0.859999565616235,3.05313804351376,2.85999956561623,0.859999565616235,0.859999565616235,0.739599252860113,0.0664952320370887,-0.00211259929465686,0.168985786855386,"ok"
"S5_quadratic_strong",171,20970171,1,"scenario_matched_gap_adjusted_did","quadratic_gap",2,1.03617837907201,0.705768547308903,-0.330409831763107,3.03617837907201,2.33040983176311,0.330409831763108,0.330409831763108,0.109170656925725,0.0732323361241401,-0.000118902151936559,0.0753424979101482,"ok"
"S5_quadratic_strong",172,20970172,1,"scenario_matched_gap_adjusted_did","quadratic_gap",2,0.864812847242579,0.398452205890981,-0.466360641351597,2.86481284724258,2.4663606413516,0.466360641351597,0.466360641351597,0.217492247801873,0.0153221612085868,0.00109804743494827,0.18779444476557,"ok"
"S5_quadratic_strong",173,20970173,1,"scenario_matched_gap_adjusted_did","quadratic_gap",2,1.06484798405777,1.32009629109363,0.255248307035862,3.06484798405777,1.74475169296414,-0.255248307035862,0.255248307035862,0.0651516982446737,-0.0436240675381562,0.007864195372277,0.159531465164047,"ok"
"S5_quadratic_strong",174,20970174,1,"scenario_matched_gap_adjusted_did","quadratic_gap",2,0.921573500713073,0.717192492330557,-0.204381008382516,2.92157350071307,2.20438100838252,0.204381008382516,0.204381008382516,0.041771596587454,0.00879540269232934,0.00281748566600267,0.115659026204734,"ok"
"S5_quadratic_strong",175,20970175,1,"scenario_matched_gap_adjusted_did","quadratic_gap",2,0.55461404323717,0.791870107797405,0.237256064560235,2.55461404323717,1.76274393543977,-0.237256064560235,0.237256064560235,0.0562904401706103,-0.0301363771041955,0.00489507706942997,0.145553973562174,"ok"
"S5_quadratic_strong",176,20970176,1,"scenario_matched_gap_adjusted_did","quadratic_gap",2,0.977962330450706,0.732473465276186,-0.24548886517452,2.97796233045071,2.24548886517452,0.24548886517452,0.24548886517452,0.0602647829246736,-0.020651188447146,0.00420441201379543,0.15200056273584,"ok"
"S5_quadratic_strong",177,20970177,1,"scenario_matched_gap_adjusted_did","quadratic_gap",2,0.817809124658407,1.02792860397878,0.210119479320373,2.81780912465841,1.78988052067963,-0.210119479320373,0.210119479320373,0.0441501955898645,-0.00757993662708565,0.00494206553843121,0.198118014956795,"ok"
"S5_quadratic_strong",178,20970178,1,"scenario_matched_gap_adjusted_did","quadratic_gap",2,1.11004988963801,1.15304883208627,0.0429989424482562,3.11004988963801,1.95700105755174,-0.0429989424482562,0.0429989424482562,0.00184890905166845,-0.0472936032901364,0.00728052924621328,0.111300667352899,"ok"
"S5_quadratic_strong",179,20970179,1,"scenario_matched_gap_adjusted_did","quadratic_gap",2,1.1286466277803,0.862976287579773,-0.265670340200528,3.1286466277803,2.26567034020053,0.265670340200528,0.265670340200528,0.0705807296622642,0.00177651113461841,0.00378452765477726,0.104262662572624,"ok"
"S5_quadratic_strong",180,20970180,1,"scenario_matched_gap_adjusted_did","quadratic_gap",2,1.14063113797106,1.35262598790632,0.211994849935262,3.14063113797106,1.78800515006474,-0.211994849935262,0.211994849935262,0.0449418163990741,-0.0310237289743471,0.00744565646708863,0.127784885125622,"ok"
"S5_quadratic_strong",181,20970181,1,"scenario_matched_gap_adjusted_did","quadratic_gap",2,0.887178371726851,0.110860736274876,-0.776317635451975,2.88717837172685,2.77631763545198,0.776317635451975,0.776317635451975,0.602669071113746,0.109441884166242,-0.00440399151666064,0.103111201149305,"ok"
"S5_quadratic_strong",182,20970182,1,"scenario_matched_gap_adjusted_did","quadratic_gap",2,0.641619369359459,0.680435943419043,0.0388165740595834,2.64161936935946,1.96118342594042,-0.0388165740595834,0.0388165740595834,0.00150672642172312,0.0108685722835127,0.00256007561455484,0.138175160564545,"ok"
"S5_quadratic_strong",183,20970183,1,"scenario_matched_gap_adjusted_did","quadratic_gap",2,1.03238967815432,1.10526126387139,0.0728715857170692,3.03238967815432,1.92712841428293,-0.0728715857170694,0.0728715857170694,0.0053102680049202,-0.00569519300646996,0.00520393967434069,0.101117969864606,"ok"
"S5_quadratic_strong",184,20970184,1,"scenario_matched_gap_adjusted_did","quadratic_gap",2,0.940609611401253,0.793168430305339,-0.147441181095914,2.94060961140125,2.14744118109591,0.147441181095914,0.147441181095914,0.0217389018829581,0.0580631196889626,0.000951659254100207,0.128358130047886,"ok"
"S5_quadratic_strong",185,20970185,1,"scenario_matched_gap_adjusted_did","quadratic_gap",2,0.961480346612529,0.512489229857312,-0.448991116755217,2.96148034661253,2.44899111675522,0.448991116755217,0.448991116755217,0.201593022925097,0.053945665884542,-0.000120749682036303,0.165441763664187,"ok"
"S5_quadratic_strong",186,20970186,1,"scenario_matched_gap_adjusted_did","quadratic_gap",2,0.873490116284723,0.306796796464753,-0.56669331981997,2.87349011628472,2.56669331981997,0.56669331981997,0.56669331981997,0.321141318728579,0.0431912568427424,-0.000560219874459721,0.100236311400583,"ok"
"S5_quadratic_strong",187,20970187,1,"scenario_matched_gap_adjusted_did","quadratic_gap",2,0.993216756143427,0.586037093728698,-0.407179662414729,2.99321675614343,2.40717966241473,0.407179662414729,0.407179662414729,0.165795277484173,0.00814315296064195,0.00225942789905498,0.0868953927015642,"ok"
"S5_quadratic_strong",188,20970188,1,"scenario_matched_gap_adjusted_did","quadratic_gap",2,0.694606577383765,0.733720761644306,0.0391141842605409,2.69460657738376,1.96088581573946,-0.0391141842605411,0.0391141842605411,0.00152991941036756,0.0166335216583059,0.00254053229131902,0.146581817174435,"ok"
"S5_quadratic_strong",189,20970189,1,"scenario_matched_gap_adjusted_did","quadratic_gap",2,0.644446363855866,0.990719804329807,0.346273440473941,2.64444636385587,1.65372655952606,-0.346273440473941,0.346273440473941,0.11990529557766,-0.0850061713879688,0.00824230530541565,0.123134298381405,"ok"
"S5_quadratic_strong",190,20970190,1,"scenario_matched_gap_adjusted_did","quadratic_gap",2,0.973739836941401,1.40926654082399,0.435526703882594,2.9737398369414,1.56447329611741,-0.435526703882594,0.435526703882594,0.189683509794837,-0.0704621258269431,0.00946516924967206,0.152499268044053,"ok"
"S5_quadratic_strong",191,20970191,1,"scenario_matched_gap_adjusted_did","quadratic_gap",2,0.808206112682854,1.05973524654966,0.251529133866804,2.80820611268285,1.7484708661332,-0.251529133866804,0.251529133866804,0.0632669051837844,-0.00721728762127943,0.00506824532580202,0.12501329600935,"ok"
"S5_quadratic_strong",192,20970192,1,"scenario_matched_gap_adjusted_did","quadratic_gap",2,0.883258650584246,0.663312481382636,-0.219946169201611,2.88325865058425,2.21994616920161,0.219946169201611,0.219946169201611,0.0483763173464638,-0.0142178865175226,0.00360667767115461,0.142673531877134,"ok"
"S5_quadratic_strong",193,20970193,1,"scenario_matched_gap_adjusted_did","quadratic_gap",2,0.934511336615028,1.15812539529108,0.223614058676054,2.93451133661503,1.77638594132395,-0.223614058676054,0.223614058676054,0.0500032472375778,-0.059754593318463,0.00786121490362259,0.144055704821103,"ok"
"S5_quadratic_strong",194,20970194,1,"scenario_matched_gap_adjusted_did","quadratic_gap",2,1.10721201882686,0.135806560582087,-0.971405458244776,3.10721201882686,2.97140545824478,0.971405458244776,0.971405458244776,0.943628564307744,0.122073023276605,-0.00485786718888343,0.118540754515949,"ok"
"S5_quadratic_strong",195,20970195,1,"scenario_matched_gap_adjusted_did","quadratic_gap",2,1.05831278458039,1.11567846608345,0.0573656815030608,3.05831278458039,1.94263431849694,-0.0573656815030608,0.0573656815030608,0.00329082141431061,0.0330057798190464,0.00351770448310291,0.102542998571773,"ok"
"S5_quadratic_strong",196,20970196,1,"scenario_matched_gap_adjusted_did","quadratic_gap",2,0.86205418606496,0.179996386991358,-0.682057799073602,2.86205418606496,2.6820577990736,0.682057799073602,0.682057799073602,0.465202841277126,0.0481412689262497,-0.00134962523404988,0.0985633455824315,"ok"
"S5_quadratic_strong",197,20970197,1,"scenario_matched_gap_adjusted_did","quadratic_gap",2,0.712971591840697,1.0552280596317,0.342256467791006,2.7129715918407,1.65774353220899,-0.342256467791006,0.342256467791006,0.117139489744776,-0.0339158058199425,0.00624351993058714,0.163235498503072,"ok"
"S5_quadratic_strong",198,20970198,1,"scenario_matched_gap_adjusted_did","quadratic_gap",2,0.866828942753577,0.393934395804391,-0.472894546949185,2.86682894275358,2.47289454694919,0.472894546949185,0.472894546949185,0.223629252534275,0.0514871476125145,-0.000541509314869048,0.119993851064187,"ok"
"S5_quadratic_strong",199,20970199,1,"scenario_matched_gap_adjusted_did","quadratic_gap",2,0.747611037546111,0.793887991311749,0.0462769537656386,2.74761103754611,1.95372304623436,-0.0462769537656387,0.0462769537656387,0.00214155644982706,-0.0148310670662746,0.00421879997899028,0.149435282831679,"ok"
"S5_quadratic_strong",200,20970200,1,"scenario_matched_gap_adjusted_did","quadratic_gap",2,1.15992200037708,0.555310768803689,-0.604611231573387,3.15992200037708,2.60461123157339,0.604611231573387,0.604611231573387,0.365554741344688,0.016350032347393,0.0017543751283422,0.139354315732379,"ok"
"S5_quadratic_strong",201,20970201,1,"scenario_matched_gap_adjusted_did","quadratic_gap",2,0.977002339603466,0.756298415157653,-0.220703924445813,2.97700233960347,2.22070392444581,0.220703924445814,0.220703924445814,0.0487102222657834,-0.00222796706454705,0.00348617053344682,0.168541693479326,"ok"
"S5_quadratic_strong",202,20970202,1,"scenario_matched_gap_adjusted_did","quadratic_gap",2,0.854513614562779,0.767683227386669,-0.0868303871761107,2.85451361456278,2.08683038717611,0.0868303871761107,0.0868303871761107,0.00753951613715329,0.0113844933861093,0.00292763415011452,0.172966777554362,"ok"
"S5_quadratic_strong",203,20970203,1,"scenario_matched_gap_adjusted_did","quadratic_gap",2,1.18605246965862,-0.0810332564006182,-1.26708572605924,3.18605246965862,3.26708572605924,1.26708572605924,1.26708572605924,1.60550623718306,0.18719818518402,-0.00874484376824248,0.126945241126329,"ok"
"S5_quadratic_strong",204,20970204,1,"scenario_matched_gap_adjusted_did","quadratic_gap",2,1.14410701164866,1.12627279215424,-0.0178342194944128,3.14410701164866,2.01783421949441,0.0178342194944126,0.0178342194944126,0.000318059384974885,0.0388319787829531,0.00330426718354349,0.0894073386962632,"ok"
"S5_quadratic_strong",205,20970205,1,"scenario_matched_gap_adjusted_did","quadratic_gap",2,0.66039113287164,0.544087808172134,-0.116303324699506,2.66039113287164,2.11630332469951,0.116303324699506,0.116303324699506,0.0135264633361587,0.0113254309768471,0.00192910521673282,0.123968801318369,"ok"
"S5_quadratic_strong",206,20970206,1,"scenario_matched_gap_adjusted_did","quadratic_gap",2,0.906572023206391,0.60303251941381,-0.303539503792582,2.90657202320639,2.30353950379258,0.303539503792582,0.303539503792582,0.0921362303626467,0.0024219783474623,0.00259169881763815,0.156217529558867,"ok"
"S5_quadratic_strong",207,20970207,1,"scenario_matched_gap_adjusted_did","quadratic_gap",2,1.0122875416087,1.29056919016658,0.278281648557878,3.0122875416087,1.72171835144212,-0.278281648557878,0.278281648557878,0.0774406759240902,-0.0507754251040663,0.00805219451286823,0.0763545080565543,"ok"
"S5_quadratic_strong",208,20970208,1,"scenario_matched_gap_adjusted_did","quadratic_gap",2,0.924217096224105,1.51306609374505,0.588848997520948,2.9242170962241,1.41115100247905,-0.588848997520948,0.588848997520948,0.346743141881425,-0.082979830664115,0.0104904376136696,0.137105286757434,"ok"
"S5_quadratic_strong",209,20970209,1,"scenario_matched_gap_adjusted_did","quadratic_gap",2,0.63531388023187,1.60412438461142,0.968810504379553,2.63531388023187,1.03118949562045,-0.968810504379553,0.968810504379553,0.938593793396163,-0.0690595592577861,0.0102748655695043,0.0699375314252539,"ok"
"S5_quadratic_strong",210,20970210,1,"scenario_matched_gap_adjusted_did","quadratic_gap",2,0.99586453299673,1.00957003138244,0.0137054983857124,2.99586453299673,1.98629450161429,-0.0137054983857126,0.0137054983857126,0.000187840686000769,-0.0123852798285256,0.00507502759552701,0.142499480403948,"ok"
"S5_quadratic_strong",211,20970211,1,"scenario_matched_gap_adjusted_did","quadratic_gap",2,0.604881337835756,0.897483256277873,0.292601918442117,2.60488133783576,1.70739808155788,-0.292601918442117,0.292601918442117,0.0856158826760074,-0.0273783263009842,0.00524447695203454,0.0770632593211679,"ok"
"S5_quadratic_strong",212,20970212,1,"scenario_matched_gap_adjusted_did","quadratic_gap",2,0.774136946006434,0.256816812095561,-0.517320133910874,2.77413694600643,2.51732013391087,0.517320133910874,0.517320133910874,0.267620120949564,0.115653473141703,-0.00402858769845435,0.0941461609718889,"ok"
"S5_quadratic_strong",213,20970213,1,"scenario_matched_gap_adjusted_did","quadratic_gap",2,0.765100124386353,0.430374208261837,-0.334725916124516,2.76510012438635,2.33472591612452,0.334725916124515,0.334725916124515,0.112041438925396,0.048324513400353,-0.000236735488395642,0.125029141970355,"ok"
"S5_quadratic_strong",214,20970214,1,"scenario_matched_gap_adjusted_did","quadratic_gap",2,0.88446402124404,0.830793372074379,-0.0536706491696612,2.88446402124404,2.05367064916966,0.053670649169661,0.053670649169661,0.00288053858229284,-0.0130163759106576,0.00430279312469084,0.172202084454317,"ok"
"S5_quadratic_strong",215,20970215,1,"scenario_matched_gap_adjusted_did","quadratic_gap",2,1.01126199778663,0.117884490297313,-0.893377507489314,3.01126199778663,2.89337750748931,0.893377507489315,0.893377507489315,0.79812337088782,0.073312621346616,-0.00275481368583066,0.134231819437573,"ok"
"S5_quadratic_strong",216,20970216,1,"scenario_matched_gap_adjusted_did","quadratic_gap",2,0.983073548777479,1.04878721663835,0.0657136678608746,2.98307354877748,1.93428633213913,-0.065713667860875,0.065713667860875,0.00431828614372939,-0.0194132727854662,0.00556531318429709,0.0929519577782295,"ok"
"S5_quadratic_strong",217,20970217,1,"scenario_matched_gap_adjusted_did","quadratic_gap",2,0.65073660574396,0.878676584767353,0.227939979023393,2.65073660574396,1.77206002097661,-0.227939979023392,0.227939979023392,0.0519566340371846,-0.0649245305265135,0.00684144129865293,0.117354380432831,"ok"
"S5_quadratic_strong",218,20970218,1,"scenario_matched_gap_adjusted_did","quadratic_gap",2,0.762356210140816,0.644803613171435,-0.117552596969381,2.76235621014082,2.11755259696938,0.117552596969381,0.117552596969381,0.0138186130542457,-0.0260304163256104,0.00405272138698898,0.0749004123681162,"ok"
"S5_quadratic_strong",219,20970219,1,"scenario_matched_gap_adjusted_did","quadratic_gap",2,0.747962807495826,1.08785454232229,0.339891734826461,2.74796280749583,1.66010826517354,-0.339891734826461,0.339891734826461,0.115526391403341,-0.0463847929995174,0.00694792151783938,0.139312122683693,"ok"
"S5_quadratic_strong",220,20970220,1,"scenario_matched_gap_adjusted_did","quadratic_gap",2,0.749580826216665,0.797606358082348,0.0480255318656824,2.74958082621667,1.95197446813432,-0.0480255318656826,0.0480255318656826,0.00230645171098169,-0.0184492561910964,0.00439745785071632,0.134193210067795,"ok"
"S5_quadratic_strong",221,20970221,1,"scenario_matched_gap_adjusted_did","quadratic_gap",2,0.864129357817939,1.54661790726466,0.682488549446725,2.86412935781794,1.31751145055327,-0.682488549446725,0.682488549446725,0.465790620125895,-0.0987186294434695,0.0113453919479076,0.154974139576963,"ok"
"S5_quadratic_strong",222,20970222,1,"scenario_matched_gap_adjusted_did","quadratic_gap",2,0.846928151768706,0.49173303375185,-0.355195118016855,2.84692815176871,2.35519511801686,0.355195118016856,0.355195118016856,0.126163571863008,0.0237469830246155,0.00113849195599565,0.113590475309247,"ok"
"S5_quadratic_strong",223,20970223,1,"scenario_matched_gap_adjusted_did","quadratic_gap",2,0.604206149220249,0.626347571546316,0.0221414223260679,2.60420614922025,1.97785857767393,-0.0221414223260679,0.0221414223260679,0.000490242582621296,0.0388151281612923,0.00106655055194057,0.124258759419426,"ok"
"S5_quadratic_strong",224,20970224,1,"scenario_matched_gap_adjusted_did","quadratic_gap",2,1.20919271241811,1.27711096333736,0.0679182509192475,3.20919271241811,1.93208174908075,-0.067918250919248,0.067918250919248,0.00461288880792993,-0.0208667845003871,0.00665274093287118,0.153868566427108,"ok"
"S5_quadratic_strong",225,20970225,1,"scenario_matched_gap_adjusted_did","quadratic_gap",2,1.14147970990993,0.690144990664435,-0.451334719245492,3.14147970990993,2.45133471924549,0.451334719245492,0.451334719245492,0.203703028796407,0.025742080283476,0.00193757099028212,0.129820130074151,"ok"
"S5_quadratic_strong",226,20970226,1,"scenario_matched_gap_adjusted_did","quadratic_gap",2,0.674659981906822,0.296204927658927,-0.378455054247895,2.67465998190682,2.37845505424789,0.378455054247895,0.378455054247895,0.143228228085777,0.0394555783297434,-0.000440376965545553,0.18407282661372,"ok"
"S5_quadratic_strong",227,20970227,1,"scenario_matched_gap_adjusted_did","quadratic_gap",2,0.591561136008054,0.5207605353902,-0.0708006006178535,2.59156113600805,2.07080060061785,0.0708006006178534,0.0708006006178534,0.00501272504784879,-0.0144565505667047,0.00297907182562946,0.111402369184533,"ok"
"S5_quadratic_strong",228,20970228,1,"scenario_matched_gap_adjusted_did","quadratic_gap",2,1.01884241382994,0.950922590530547,-0.0679198232993964,3.01884241382994,2.0679198232994,0.0679198232993965,0.0679198232993965,0.00461310239702124,0.00490575085333109,0.00403820185968911,0.114951571800754,"ok"
"S5_quadratic_strong",229,20970229,1,"scenario_matched_gap_adjusted_did","quadratic_gap",2,0.809379916349191,0.139105006632635,-0.670274909716557,2.80937991634919,2.67027490971656,0.670274909716557,0.670274909716557,0.449268454595538,0.069586002841649,-0.00249293293336055,0.14404087943039,"ok"
"S5_quadratic_strong",230,20970230,1,"scenario_matched_gap_adjusted_did","quadratic_gap",2,1.05494848903303,1.15679717559397,0.101848686560942,3.05494848903303,1.89815131343906,-0.101848686560941,0.101848686560941,0.0103731549541889,0.0286406495122335,0.00389727170360433,0.136472602787383,"ok"
"S5_quadratic_strong",231,20970231,1,"scenario_matched_gap_adjusted_did","quadratic_gap",2,0.962596912021748,1.11280798458626,0.15021107256451,2.96259691202175,1.84978892743549,-0.15021107256451,0.15021107256451,0.0225633663209805,-0.0276617872600838,0.00622130980830043,0.0998601626751006,"ok"
"S5_quadratic_strong",232,20970232,1,"scenario_matched_gap_adjusted_did","quadratic_gap",2,1.01700778396636,1.36150216650804,0.34449438254168,3.01700778396636,1.65550561745832,-0.34449438254168,0.34449438254168,0.118676379602773,-0.0510590327163976,0.008382503703009,0.0895628689280023,"ok"
"S5_quadratic_strong",233,20970233,1,"scenario_matched_gap_adjusted_did","quadratic_gap",2,0.956596088207385,1.43652574021301,0.479929652005622,2.95659608820738,1.52007034799438,-0.479929652005622,0.479929652005622,0.230332470874237,-0.0655231902078839,0.00936607899533662,0.168052903219286,"ok"
"S5_quadratic_strong",234,20970234,1,"scenario_matched_gap_adjusted_did","quadratic_gap",2,1.0597573211088,0.605453006997589,-0.45430431411121,3.0597573211088,2.45430431411121,0.45430431411121,0.45430431411121,0.206392409820057,0.00911490752148855,0.0023028534258927,0.0673981617212229,"ok"
"S5_quadratic_strong",235,20970235,1,"scenario_matched_gap_adjusted_did","quadratic_gap",2,1.25850402671531,0.882082852064533,-0.376421174650776,3.25850402671531,2.37642117465078,0.376421174650776,0.376421174650776,0.14169290072547,0.0135920295283793,0.0033410263736451,0.108967583199439,"ok"
"S5_quadratic_strong",236,20970236,1,"scenario_matched_gap_adjusted_did","quadratic_gap",2,0.889302739330664,0.183444950644264,-0.705857788686399,2.88930273933066,2.7058577886864,0.705857788686399,0.705857788686399,0.498235217849253,0.0510166729885056,-0.00146293333988414,0.128317929441525,"ok"
"S5_quadratic_strong",237,20970237,1,"scenario_matched_gap_adjusted_did","quadratic_gap",2,1.13929678142672,1.21421176832941,0.0749149869026926,3.13929678142672,1.92508501309731,-0.0749149869026926,0.0749149869026926,0.0056122552626306,-0.0387538778082133,0.007172017371992,0.134787254043044,"ok"
"S5_quadratic_strong",238,20970238,1,"scenario_matched_gap_adjusted_did","quadratic_gap",2,1.01818441906397,0.325217059708608,-0.692967359355364,3.01818441906397,2.69296735935536,0.692967359355364,0.692967359355364,0.480203761131947,0.12874642723559,-0.00430856960886845,0.133880152301927,"ok"
"S5_quadratic_strong",239,20970239,1,"scenario_matched_gap_adjusted_did","quadratic_gap",2,0.982037192542859,1.36764912921754,0.385611936674685,2.98203719254286,1.61438806332532,-0.385611936674685,0.385611936674685,0.148696565706001,-0.0498742339790917,0.00835697672690356,0.0958115311296996,"ok"
"S5_quadratic_strong",240,20970240,1,"scenario_matched_gap_adjusted_did","quadratic_gap",2,1.24390885857974,0.91376118319157,-0.330147675388174,3.24390885857974,2.33014767538817,0.330147675388174,0.330147675388174,0.108997487564215,0.0265031454945367,0.0029047599772218,0.0991300029583038,"ok"
"S5_quadratic_strong",241,20970241,1,"scenario_matched_gap_adjusted_did","quadratic_gap",2,1.15891389525116,1.00826180465166,-0.150652090599497,3.15891389525116,2.1506520905995,0.150652090599497,0.150652090599497,0.022696052401999,0.0715732678258381,0.00130983190922365,0.0623407738120053,"ok"
"S5_quadratic_strong",242,20970242,1,"scenario_matched_gap_adjusted_did","quadratic_gap",2,1.03014304057725,1.1328189607272,0.102675920149947,3.03014304057725,1.89732407985005,-0.102675920149948,0.102675920149948,0.0105423445786385,-0.0018850596376724,0.00515672936016681,0.18605331644204,"ok"
"S5_quadratic_strong",243,20970243,1,"scenario_matched_gap_adjusted_did","quadratic_gap",2,0.924972307018024,1.53148049973248,0.606508192714456,2.92497230701802,1.39349180728554,-0.606508192714455,0.606508192714455,0.367852187829755,-0.0522183298716725,0.00919550954529495,0.151974668945134,"ok"
"S5_quadratic_strong",244,20970244,1,"scenario_matched_gap_adjusted_did","quadratic_gap",2,0.943075574312061,0.880941294806379,-0.0621342795056823,2.94307557431206,2.06213427950568,0.0621342795056821,0.0621342795056821,0.00386066868969022,-0.0419577796811844,0.00582321981321592,0.151494667246022,"ok"
"S5_quadratic_strong",245,20970245,1,"scenario_matched_gap_adjusted_did","quadratic_gap",2,1.05750770104114,0.682297290055274,-0.375210410985864,3.05750770104114,2.37521041098586,0.375210410985864,0.375210410985864,0.140782852512181,0.0792177231155291,-0.000491999736268731,0.151143451316163,"ok"
"S5_quadratic_strong",246,20970246,1,"scenario_matched_gap_adjusted_did","quadratic_gap",2,1.14317868115506,1.74510932959626,0.601930648441194,3.14317868115506,1.39806935155881,-0.601930648441194,0.601930648441194,0.362320505532837,-0.0565057788430392,0.0103440318717611,0.114340613458639,"ok"
"S5_quadratic_strong",247,20970247,1,"scenario_matched_gap_adjusted_did","quadratic_gap",2,0.713484388515233,0.727730927003313,0.0142465384880801,2.71348438851523,1.98575346151192,-0.0142465384880799,0.0142465384880799,0.000202963858892341,0.0195255359781729,0.00238421895770859,0.101647514459359,"ok"
"S5_quadratic_strong",248,20970248,1,"scenario_matched_gap_adjusted_did","quadratic_gap",2,0.563867238227511,-0.175855962399639,-0.73972320062715,2.56386723822751,2.73972320062715,0.739723200627149,0.739723200627149,0.547190413546074,0.119267770272247,-0.00612776267965125,0.105399211849582,"ok"
"S5_quadratic_strong",249,20970249,1,"scenario_matched_gap_adjusted_did","quadratic_gap",2,0.803403119996989,0.148493420524788,-0.654909699472202,2.80340311999699,2.6549096994722,0.654909699472202,0.654909699472202,0.42890671446277,0.0835039798075486,-0.00307408825768969,0.131394662143717,"ok"
"S5_quadratic_strong",250,20970250,1,"scenario_matched_gap_adjusted_did","quadratic_gap",2,0.731421647745333,0.0494492179693656,-0.681972429775967,2.73142164774533,2.68197242977597,0.681972429775967,0.681972429775967,0.465086394974537,0.0487586337812796,-0.00196180799929894,0.113921503408515,"ok"
"S5_quadratic_strong",251,20970251,1,"scenario_matched_gap_adjusted_did","quadratic_gap",2,0.981667946243098,1.61279230474204,0.631124358498943,2.9816679462431,1.36887564150106,-0.631124358498943,0.631124358498943,0.398317955890703,-0.0925433686745639,0.0113651910066613,0.167741882519246,"ok"
"S5_quadratic_strong",252,20970252,1,"scenario_matched_gap_adjusted_did","quadratic_gap",2,1.18580800130696,1.2599353324177,0.0741273311107378,3.18580800130696,1.92587266888926,-0.0741273311107375,0.0741273311107375,0.00549486121760092,-0.0224928478622482,0.00664864393003067,0.121707184217233,"ok"
"S5_quadratic_strong",253,20970253,1,"scenario_matched_gap_adjusted_did","quadratic_gap",2,0.964091721782312,1.61326891855348,0.649177196771169,2.96409172178231,1.35082280322883,-0.649177196771169,0.649177196771169,0.421431032807673,-0.083376836680052,0.0109568833672567,0.155553799442207,"ok"
"S5_quadratic_strong",254,20970254,1,"scenario_matched_gap_adjusted_did","quadratic_gap",2,0.979851624429218,1.05527312122815,0.0754214967989361,2.97985162442922,1.92457850320106,-0.0754214967989359,0.0754214967989359,0.00568840217939191,0.0323525817862678,0.00327648046283049,0.156727744793417,"ok"
"S5_quadratic_strong",255,20970255,1,"scenario_matched_gap_adjusted_did","quadratic_gap",2,0.923963989268998,0.423772679610891,-0.500191309658107,2.923963989269,2.50019130965811,0.500191309658107,0.500191309658107,0.250191346257493,0.0708027907416157,-0.00127278460211313,0.112323003011512,"ok"
"S5_quadratic_strong",256,20970256,1,"scenario_matched_gap_adjusted_did","quadratic_gap",2,0.907414775535978,0.460009933622434,-0.447404841913544,2.90741477553598,2.44740484191354,0.447404841913544,0.447404841913544,0.200171092567684,0.0206445330571976,0.00113536389425578,0.113487846879103,"ok"
"S5_quadratic_strong",257,20970257,1,"scenario_matched_gap_adjusted_did","quadratic_gap",2,0.816983638957955,0.366574530119829,-0.450409108838126,2.81698363895796,2.45040910883813,0.450409108838126,0.450409108838126,0.202868365324355,0.0988719966184326,-0.00278572583312461,0.111153667689219,"ok"
"S5_quadratic_strong",258,20970258,1,"scenario_matched_gap_adjusted_did","quadratic_gap",2,0.929458146206914,1.10273639109617,0.173278244889253,2.92945814620691,1.82672175511075,-0.173278244889253,0.173278244889253,0.0300253501518999,-0.0625454499828495,0.00773816816831938,0.126656342529055,"ok"
"S5_quadratic_strong",259,20970259,1,"scenario_matched_gap_adjusted_did","quadratic_gap",2,1.07336579796501,1.09157381318523,0.018208015220218,3.07336579796501,1.98179198477978,-0.018208015220218,0.018208015220218,0.000331531818259689,-0.0327938298218555,0.00635602437941993,0.12267352079138,"ok"
"S5_quadratic_strong",260,20970260,1,"scenario_matched_gap_adjusted_did","quadratic_gap",2,0.808261765840119,0.965596783603917,0.157335017763799,2.80826176584012,1.8426649822362,-0.157335017763799,0.157335017763799,0.0247543078147349,-0.0140028757304236,0.00495056212346934,0.140261800700562,"ok"
"S5_quadratic_strong",261,20970261,1,"scenario_matched_gap_adjusted_did","quadratic_gap",2,0.938472060084241,1.14332447557356,0.204852415489324,2.93847206008424,1.79514758451068,-0.204852415489324,0.204852415489324,0.0419645121318106,-0.0271583773022455,0.00633541006834039,0.0935419105755901,"ok"
"S5_quadratic_strong",262,20970262,1,"scenario_matched_gap_adjusted_did","quadratic_gap",2,0.877728416863783,0.606822491562374,-0.270905925301408,2.87772841686378,2.27090592530141,0.270905925301408,0.270905925301408,0.0733900203634122,0.0371804480389819,0.00105231945301144,0.120938323661999,"ok"
"S5_quadratic_strong",263,20970263,1,"scenario_matched_gap_adjusted_did","quadratic_gap",2,0.979565606101719,0.956328336891686,-0.0232372692100333,2.97956560610172,2.02323726921003,0.0232372692100338,0.0232372692100338,0.000539970680339584,-0.00343246981945866,0.00443575985859525,0.0957467156072274,"ok"
"S5_quadratic_strong",264,20970264,1,"scenario_matched_gap_adjusted_did","quadratic_gap",2,1.03613416874441,1.04662275302664,0.0104885842822366,3.03613416874441,1.98951141571776,-0.0104885842822364,0.0104885842822364,0.000110010400245577,0.0148067703714271,0.00402338081781659,0.145083122890349,"ok"
"S5_quadratic_strong",265,20970265,1,"scenario_matched_gap_adjusted_did","quadratic_gap",2,1.02489309748411,1.05542021555,0.0305271180658901,3.02489309748411,1.96947288193411,-0.0305271180658901,0.0305271180658901,0.000931904937408797,-0.0196717125668071,0.00560658510993166,0.11350707660066,"ok"
"S5_quadratic_strong",266,20970266,1,"scenario_matched_gap_adjusted_did","quadratic_gap",2,1.26222814255775,0.824578119666318,-0.437650022891429,3.26222814255775,2.43765002289143,0.43765002289143,0.43765002289143,0.191537542536869,0.0596994767034222,0.00101902993715864,0.102854481619637,"ok"
"S5_quadratic_strong",267,20970267,1,"scenario_matched_gap_adjusted_did","quadratic_gap",2,1.00515074843294,0.481654344466716,-0.523496403966227,3.00515074843294,2.52349640396623,0.523496403966227,0.523496403966227,0.274048484965571,0.103301863426435,-0.00246879532745208,0.124450014617928,"ok"
"S5_quadratic_strong",268,20970268,1,"scenario_matched_gap_adjusted_did","quadratic_gap",2,0.881186385158858,0.430739556486441,-0.450446828672417,2.88118638515886,2.45044682867242,0.450446828672417,0.450446828672417,0.202902345461038,0.0704533485055525,-0.00122594296374217,0.107835604322811,"ok"
"S5_quadratic_strong",269,20970269,1,"scenario_matched_gap_adjusted_did","quadratic_gap",2,0.609176607347253,0.993953972596895,0.384777365249642,2.60917660734725,1.61522263475036,-0.384777365249642,0.384777365249642,0.148053620808457,-0.0273819231132679,0.00567659643461003,0.123356499249925,"ok"
"S5_quadratic_strong",270,20970270,1,"scenario_matched_gap_adjusted_did","quadratic_gap",2,0.84890648917935,1.53072632664119,0.68181983746184,2.84890648917935,1.31818016253816,-0.68181983746184,0.68181983746184,0.46487829075649,-0.0889781501096177,0.0108380947510628,0.102513527621449,"ok"
"S5_quadratic_strong",271,20970271,1,"scenario_matched_gap_adjusted_did","quadratic_gap",2,0.889508866070051,1.18190273333545,0.292393867265396,2.88950886607005,1.7076061327346,-0.292393867265396,0.292393867265396,0.0854941736144141,-0.0441527024662031,0.00726908846864543,0.132460202856934,"ok"
"S5_quadratic_strong",272,20970272,1,"scenario_matched_gap_adjusted_did","quadratic_gap",2,0.737086663684947,0.566356861781332,-0.170729801903614,2.73708666368495,2.17072980190361,0.170729801903615,0.170729801903615,0.0291486652580475,-0.0120273456191778,0.00307446411032736,0.15616571759261,"ok"
"S5_quadratic_strong",273,20970273,1,"scenario_matched_gap_adjusted_did","quadratic_gap",2,0.71833999815045,1.09241103280643,0.374071034655978,2.71833999815045,1.62592896534402,-0.374071034655978,0.374071034655978,0.139929138968594,-0.0842678872268357,0.00866458166451397,0.0888774421852316,"ok"
"S5_quadratic_strong",274,20970274,1,"scenario_matched_gap_adjusted_did","quadratic_gap",2,0.699522742225866,0.0189412381148182,-0.680581504111048,2.69952274222587,2.68058150411105,0.680581504111048,0.680581504111048,0.463191183738057,0.0429080926279464,-0.00183644636491633,0.146838364034928,"ok"
"S5_quadratic_strong",275,20970275,1,"scenario_matched_gap_adjusted_did","quadratic_gap",2,1.0149150898457,0.919712669768164,-0.095202420077535,3.0149150898457,2.09520242007754,0.0952024200775354,0.0952024200775354,0.00906350078861952,-0.000286709366298111,0.00413095416461707,0.149313230554442,"ok"
"S5_quadratic_strong",276,20970276,1,"scenario_matched_gap_adjusted_did","quadratic_gap",2,0.880591384938341,0.764940233514483,-0.115651151423858,2.88059138493834,2.11565115142386,0.115651151423858,0.115651151423858,0.013375188825664,0.00904127328114175,0.00302027239120776,0.186248840674925,"ok"
"S5_quadratic_strong",277,20970277,1,"scenario_matched_gap_adjusted_did","quadratic_gap",2,1.10553059252827,0.53129963765622,-0.574230954872053,3.10553059252827,2.57423095487205,0.574230954872053,0.574230954872053,0.32974118953327,0.0268261481453053,0.00117778278896941,0.114625618436495,"ok"
"S5_quadratic_strong",278,20970278,1,"scenario_matched_gap_adjusted_did","quadratic_gap",2,0.916376853804174,0.762530294654774,-0.1538465591494,2.91637685380417,2.1538465591494,0.1538465591494,0.1538465591494,0.0236687637621099,0.0583889440188845,0.00079988442298177,0.115928285346804,"ok"
"S5_quadratic_strong",279,20970279,1,"scenario_matched_gap_adjusted_did","quadratic_gap",2,1.04089494103565,1.04462931955482,0.00373437851917413,3.04089494103565,1.99626562148083,-0.00373437851917413,0.00373437851917413,1.39455829244692e-05,0.00337608207552209,0.00452627686029673,0.145326732425321,"ok"
"S5_quadratic_strong",280,20970280,1,"scenario_matched_gap_adjusted_did","quadratic_gap",2,0.831720875153981,0.475618631614262,-0.356102243539719,2.83172087515398,2.35610224353972,0.356102243539719,0.356102243539719,0.126808807854021,0.0165690265615335,0.001387738952234,0.100091914590895,"ok"
"S5_quadratic_strong",281,20970281,1,"scenario_matched_gap_adjusted_did","quadratic_gap",2,0.636397393139553,0.80519124968198,0.168793856542427,2.63639739313955,1.83120614345757,-0.168793856542427,0.168793856542427,0.0284913660064655,-0.0780196393133062,0.00709875063947034,0.0948104943143267,"ok"
"S5_quadratic_strong",282,20970282,1,"scenario_matched_gap_adjusted_did","quadratic_gap",2,1.01720780846777,0.306186486266171,-0.7110213222016,3.01720780846777,2.7110213222016,0.7110213222016,0.7110213222016,0.505551320625311,0.0536137486038428,-0.00102963134226384,0.089082578048052,"ok"
"S5_quadratic_strong",283,20970283,1,"scenario_matched_gap_adjusted_did","quadratic_gap",2,0.983389361533833,0.0910170401077573,-0.892372321426076,2.98338936153383,2.89237232142608,0.892372321426075,0.892372321426075,0.796328360047363,0.11047261295107,-0.00453899592269973,0.0869963769702208,"ok"
"S5_quadratic_strong",284,20970284,1,"scenario_matched_gap_adjusted_did","quadratic_gap",2,0.853557041190582,0.711516360581387,-0.142040680609196,2.85355704119058,2.1420406806092,0.142040680609195,0.142040680609195,0.0201755549479235,0.0227484333878342,0.00216730758225244,0.111603101351757,"ok"
"S5_quadratic_strong",285,20970285,1,"scenario_matched_gap_adjusted_did","quadratic_gap",2,0.717521761251825,0.4951677377932,-0.222354023458626,2.71752176125183,2.22235402345863,0.222354023458626,0.222354023458626,0.0494413117482391,0.0449028462652149,0.000206593769288286,0.116192338708714,"ok"
"S5_quadratic_strong",286,20970286,1,"scenario_matched_gap_adjusted_did","quadratic_gap",2,0.743880496140026,0.902163988778997,0.15828349263897,2.74388049614003,1.84171650736103,-0.15828349263897,0.15828349263897,0.025053664041991,-0.00910869250919793,0.00444739215166109,0.12009606638082,"ok"
"S5_quadratic_strong",287,20970287,1,"scenario_matched_gap_adjusted_did","quadratic_gap",2,0.800093006917489,0.521640281296136,-0.278452725621353,2.80009300691749,2.27845272562135,0.278452725621352,0.278452725621352,0.0775359204059602,0.0716626852036476,-0.000873074197344805,0.10769276211468,"ok"
"S5_quadratic_strong",288,20970288,1,"scenario_matched_gap_adjusted_did","quadratic_gap",2,1.11654843698588,1.07607006071016,-0.0404783762757162,3.11654843698588,2.04047837627572,0.0404783762757162,0.0404783762757162,0.00163849894591846,0.0287258407594651,0.00353199247663663,0.141565830749906,"ok"
"S5_quadratic_strong",289,20970289,1,"scenario_matched_gap_adjusted_did","quadratic_gap",2,1.14505801944379,1.00852992922824,-0.136528090215551,3.14505801944379,2.13652809021555,0.136528090215552,0.136528090215552,0.0186399194179058,0.071862569835094,0.00129807864571926,0.152943522130906,"ok"
"S5_quadratic_strong",290,20970290,1,"scenario_matched_gap_adjusted_did","quadratic_gap",2,0.97835547211667,1.20647071805133,0.228115245934657,2.97835547211667,1.77188475406534,-0.228115245934657,0.228115245934657,0.0520365654278291,0.000301531734974334,0.00538860627179814,0.11469425467764,"ok"
"S5_quadratic_strong",291,20970291,1,"scenario_matched_gap_adjusted_did","quadratic_gap",2,0.78128458176853,0.498553303189361,-0.282731278579169,2.78128458176853,2.28273127857917,0.282731278579169,0.282731278579169,0.0799369758870117,0.0488928836106737,4.30946287281658e-05,0.118513363239856,"ok"
"S5_quadratic_strong",292,20970292,1,"scenario_matched_gap_adjusted_did","quadratic_gap",2,1.00138373261439,1.37359224023122,0.372208507616831,3.00138373261439,1.62779149238317,-0.372208507616831,0.372208507616831,0.138539173142349,0.0017913819906202,0.00607020188205231,0.149641175977094,"ok"
"S5_quadratic_strong",293,20970293,1,"scenario_matched_gap_adjusted_did","quadratic_gap",2,0.966576996312058,1.81199768915681,0.845420692844749,2.96657699631206,1.15457930715525,-0.845420692844749,0.845420692844749,0.714736147890096,-0.0939171006132897,0.0123186657998046,0.149293740454895,"ok"
"S5_quadratic_strong",294,20970294,1,"scenario_matched_gap_adjusted_did","quadratic_gap",2,0.957709115642685,0.686861560026049,-0.270847555616637,2.95770911564269,2.27084755561664,0.270847555616637,0.270847555616637,0.073358398383507,0.0177450183151922,0.00228094646361549,0.14804005516024,"ok"
"S5_quadratic_strong",295,20970295,1,"scenario_matched_gap_adjusted_did","quadratic_gap",2,0.582791190551542,0.757566596984081,0.174775406432539,2.58279119055154,1.82522459356746,-0.174775406432538,0.174775406432538,0.0305464426936589,-0.0352851783811157,0.00497202260057569,0.102406912483711,"ok"
"S5_quadratic_strong",296,20970296,1,"scenario_matched_gap_adjusted_did","quadratic_gap",2,0.977131742324325,1.11805056274643,0.140918820422107,2.97713174232432,1.85908117957789,-0.140918820422107,0.140918820422107,0.0198581139491581,-0.0358666015479164,0.00661216378309968,0.105664462095253,"ok"
"S5_quadratic_strong",297,20970297,1,"scenario_matched_gap_adjusted_did","quadratic_gap",2,0.999271055166694,1.89266572317984,0.89339466801315,2.99927105516669,1.10660533198685,-0.89339466801315,0.89339466801315,0.798154032834327,-0.132862420797514,0.0144236862589029,0.0944811599901245,"ok"
"S5_quadratic_strong",298,20970298,1,"scenario_matched_gap_adjusted_did","quadratic_gap",2,0.99875139764254,1.28088313843293,0.282131740790388,2.99875139764254,1.71786825920961,-0.282131740790388,0.282131740790388,0.0795983191614148,-0.0222284929862922,0.00673060329087694,0.103651203689012,"ok"
"S5_quadratic_strong",299,20970299,1,"scenario_matched_gap_adjusted_did","quadratic_gap",2,0.73497074584156,0.979735398824963,0.244764652983402,2.73497074584156,1.7552353470166,-0.244764652983403,0.244764652983403,0.0599097353500856,-0.0364678153275299,0.00601976217358326,0.114178666472288,"ok"
"S5_quadratic_strong",300,20970300,1,"scenario_matched_gap_adjusted_did","quadratic_gap",2,0.820208250993923,0.921080485856064,0.100872234862141,2.82020825099392,1.89912776513786,-0.100872234862141,0.100872234862141,0.010175207766083,0.025235242864566,0.00299430473377793,0.137655562691683,"ok"
"S5_quadratic_strong",301,20970301,1,"scenario_matched_gap_adjusted_did","quadratic_gap",2,0.721980126676259,0.618790121852016,-0.103190004824243,2.72198012667626,2.10319000482424,0.103190004824244,0.103190004824244,0.0106481770956275,0.059658115469512,9.94431365234139e-05,0.107623022536956,"ok"
"S5_quadratic_strong",302,20970302,1,"scenario_matched_gap_adjusted_did","quadratic_gap",2,1.05150817400267,1.30155837763799,0.250050203635319,3.05150817400267,1.74994979636468,-0.250050203635319,0.250050203635319,0.0625251043380646,-0.0647303505694608,0.00872624723880268,0.119654033188389,"ok"
"S5_quadratic_strong",303,20970303,1,"scenario_matched_gap_adjusted_did","quadratic_gap",2,0.833224906047983,0.689171337729642,-0.14405356831834,2.83322490604798,2.14405356831834,0.144053568318341,0.144053568318341,0.0207514305452469,-0.012351151306627,0.00363887843639961,0.138393986931628,"ok"
"S5_quadratic_strong",304,20970304,1,"scenario_matched_gap_adjusted_did","quadratic_gap",2,0.768351590723358,-0.23783046175192,-1.00618205247528,2.76835159072336,3.00618205247528,1.00618205247528,1.00618205247528,1.01240232272336,0.0284202669457253,-0.00233746178153361,0.157276788534455,"ok"
"S5_quadratic_strong",305,20970305,1,"scenario_matched_gap_adjusted_did","quadratic_gap",2,0.808479977717101,0.485592092382345,-0.322887885334756,2.8084799777171,2.32288788533476,0.322887885334757,0.322887885334757,0.104256586495951,0.0144512117541539,0.00152722376794391,0.15869448301674,"ok"
"S5_quadratic_strong",306,20970306,1,"scenario_matched_gap_adjusted_did","quadratic_gap",2,0.961322447597897,1.38066507469969,0.419342627101793,2.9613224475979,1.58065737289821,-0.419342627101793,0.419342627101793,0.175848238904633,-0.102446422176481,0.0107692356558112,0.0768179828007203,"ok"
"S5_quadratic_strong",307,20970307,1,"scenario_matched_gap_adjusted_did","quadratic_gap",2,0.953546140824346,1.02204367041476,0.0684975295904127,2.95354614082435,1.93150247040959,-0.0684975295904129,0.0684975295904129,0.00469191155998949,-0.00607504687235641,0.004848331966291,0.187925492251598,"ok"
"S5_quadratic_strong",308,20970308,1,"scenario_matched_gap_adjusted_did","quadratic_gap",2,0.847202376439757,1.27724984833102,0.430047471891258,2.84720237643976,1.56995252810874,-0.430047471891258,0.430047471891258,0.184940828080062,-0.0413304188862321,0.00756964494265673,0.118240214320078,"ok"
"S5_quadratic_strong",309,20970309,1,"scenario_matched_gap_adjusted_did","quadratic_gap",2,0.91904819392829,0.846886384942853,-0.0721618089854372,2.91904819392829,2.07216180898544,0.0721618089854372,0.0721618089854372,0.00520732667605073,-0.00293997607034783,0.00392366930886417,0.160543897881354,"ok"
"S5_quadratic_strong",310,20970310,1,"scenario_matched_gap_adjusted_did","quadratic_gap",2,1.03484520083538,1.59839987175368,0.563554670918302,3.03484520083538,1.4364453290817,-0.563554670918302,0.563554670918302,0.317593867113836,-0.0737924112105875,0.0104611521665353,0.152510103073217,"ok"
"S5_quadratic_strong",311,20970311,1,"scenario_matched_gap_adjusted_did","quadratic_gap",2,0.753086394245953,0.843922755020352,0.0908363607743989,2.75308639424595,1.9091636392256,-0.0908363607743987,0.0908363607743987,0.00825124443873672,0.0297195214739954,0.00244803376244954,0.137574942597524,"ok"
"S5_quadratic_strong",312,20970312,1,"scenario_matched_gap_adjusted_did","quadratic_gap",2,0.918384478537387,0.950170943881437,0.0317864653440505,2.91838447853739,1.96821353465595,-0.0317864653440505,0.0317864653440505,0.00101037937906852,0.00370872352696316,0.00408843451617226,0.106352685689045,"ok"
"S5_quadratic_strong",313,20970313,1,"scenario_matched_gap_adjusted_did","quadratic_gap",2,0.587318345371865,0.132128889868965,-0.4551894555029,2.58731834537187,2.4551894555029,0.4551894555029,0.4551894555029,0.207197440401027,0.0885674342437167,-0.00337408411597703,0.10560669779662,"ok"
"S5_quadratic_strong",314,20970314,1,"scenario_matched_gap_adjusted_did","quadratic_gap",2,0.862052897795521,0.826693984798173,-0.0353589129973477,2.86205289779552,2.03535891299735,0.0353589129973475,0.0353589129973475,0.00125025272835399,0.0365026520441133,0.00206716775085242,0.131552195766053,"ok"
"S5_quadratic_strong",315,20970315,1,"scenario_matched_gap_adjusted_did","quadratic_gap",2,0.823341746240271,0.372423645856261,-0.45091810038401,2.82334174624027,2.45091810038401,0.450918100384011,0.450918100384011,0.203327133253925,0.0531769332440033,-0.000713488148882563,0.115455398070977,"ok"
"S5_quadratic_strong",316,20970316,1,"scenario_matched_gap_adjusted_did","quadratic_gap",2,1.10067356138848,1.55660508688237,0.45593152549389,3.10067356138848,1.54406847450611,-0.45593152549389,0.45593152549389,0.207873555939185,-0.0946398987531918,0.0112074809302132,0.115265052784324,"ok"
"S5_quadratic_strong",317,20970317,1,"scenario_matched_gap_adjusted_did","quadratic_gap",2,0.975038758563665,1.15516954535201,0.18013078678834,2.97503875856366,1.81986921321166,-0.18013078678834,0.18013078678834,0.0324471003489865,-0.0510908204423254,0.00746004962585937,0.0915169750608781,"ok"
"S5_quadratic_strong",318,20970318,1,"scenario_matched_gap_adjusted_did","quadratic_gap",2,1.00547478257486,0.780268365652254,-0.225206416922602,3.00547478257486,2.2252064169226,0.225206416922602,0.225206416922602,0.0507179302231169,0.0711881532945987,0.000306209698684778,0.155999191780577,"ok"
"S5_quadratic_strong",319,20970319,1,"scenario_matched_gap_adjusted_did","quadratic_gap",2,0.896701930080486,0.686953803655471,-0.209748126425015,2.89670193008049,2.20974812642502,0.209748126425015,0.209748126425015,0.0439942765388041,0.0328818045589162,0.00160359294656556,0.125031281375095,"ok"
"S5_quadratic_strong",320,20970320,1,"scenario_matched_gap_adjusted_did","quadratic_gap",2,0.763015333152944,0.330892794199187,-0.432122538953757,2.76301533315294,2.43212253895376,0.432122538953757,0.432122538953757,0.186729888671841,0.106165567395348,-0.00327207259591474,0.0960211356195102,"ok"
"S5_quadratic_strong",321,20970321,1,"scenario_matched_gap_adjusted_did","quadratic_gap",2,1.12304881323968,1.13259519113053,0.009546377890848,3.12304881323968,1.99045362210915,-0.009546377890848,0.009546377890848,9.11333308348715e-05,-0.00256140198870467,0.00518601139261603,0.137823465829141,"ok"
"S5_quadratic_strong",322,20970322,1,"scenario_matched_gap_adjusted_did","quadratic_gap",2,1.09923434334319,1.46296201743176,0.36372767408857,3.09923434334319,1.63627232591143,-0.36372767408857,0.36372767408857,0.132297820897881,-0.0306129839327003,0.00792130682130789,0.121823776037096,"ok"
"S5_quadratic_strong",323,20970323,1,"scenario_matched_gap_adjusted_did","quadratic_gap",2,0.818796472062612,0.825751442520837,0.00695497045822457,2.81879647206261,1.99304502954178,-0.0069549704582248,0.0069549704582248,4.83716140747796e-05,0.0158004172289376,0.00298991315029012,0.122397135003005,"ok"
"S5_quadratic_strong",324,20970324,1,"scenario_matched_gap_adjusted_did","quadratic_gap",2,0.648492713863354,0.268066510560507,-0.380426203302847,2.64849271386335,2.38042620330285,0.380426203302847,0.380426203302847,0.144724096159419,0.0194415228671247,0.000329781859205641,0.103748338979441,"ok"
"S5_quadratic_strong",325,20970325,1,"scenario_matched_gap_adjusted_did","quadratic_gap",2,0.925509884002466,0.981776665525391,0.0562667815229252,2.92550988400247,1.94373321847707,-0.0562667815229254,0.0562667815229254,0.00316595070294862,-0.00210230661522633,0.00449014805228801,0.119331078584136,"ok"
"S5_quadratic_strong",326,20970326,1,"scenario_matched_gap_adjusted_did","quadratic_gap",2,0.819243558073921,1.05738328103221,0.238139722958287,2.81924355807392,1.76186027704171,-0.238139722958287,0.238139722958287,0.0567105276506497,0.0114834723478296,0.00422036667561453,0.110224422411765,"ok"
"S5_quadratic_strong",327,20970327,1,"scenario_matched_gap_adjusted_did","quadratic_gap",2,0.946198982454099,0.936409427827276,-0.00978955462682252,2.9461989824541,2.00978955462682,0.00978955462682229,0.00978955462682229,9.58353797915378e-05,0.0139934809171796,0.00356630426263648,0.161354838208355,"ok"
"S5_quadratic_strong",328,20970328,1,"scenario_matched_gap_adjusted_did","quadratic_gap",2,1.00732385999806,0.906468818012122,-0.100855041985941,3.00732385999806,2.10085504198594,0.100855041985941,0.100855041985941,0.0101717394939859,0.0107199442102718,0.00357881810108688,0.182207085541739,"ok"
"S5_quadratic_strong",329,20970329,1,"scenario_matched_gap_adjusted_did","quadratic_gap",2,1.01516715125709,1.0578079132781,0.0426407620210159,3.01516715125709,1.95735923797898,-0.0426407620210156,0.0426407620210156,0.00181823458573289,-0.0253840553305401,0.00587305283544853,0.0739732695649477,"ok"
"S5_quadratic_strong",330,20970330,1,"scenario_matched_gap_adjusted_did","quadratic_gap",2,1.15340451814604,1.22928939156079,0.0758848734147519,3.15340451814604,1.92411512658525,-0.0758848734147517,0.0758848734147517,0.00575851401317289,0.0166397754791178,0.00475921628404305,0.119081037377004,"ok"
"S5_quadratic_strong",331,20970331,1,"scenario_matched_gap_adjusted_did","quadratic_gap",2,1.14127692779907,0.796411340081418,-0.344865587717654,3.14127692779907,2.34486558771765,0.344865587717654,0.344865587717654,0.118932273591843,0.0701356778162389,0.00042561744142849,0.123548851554584,"ok"
"S5_quadratic_strong",332,20970332,1,"scenario_matched_gap_adjusted_did","quadratic_gap",2,0.943836125797516,0.984229241138976,0.0403931153414596,2.94383612579752,1.95960688465854,-0.0403931153414594,0.0403931153414594,0.00163160376698844,0.0219182290762654,0.00342558335989398,0.0824097605466926,"ok"
"S5_quadratic_strong",333,20970333,1,"scenario_matched_gap_adjusted_did","quadratic_gap",2,1.01713309529979,1.13808853522065,0.120955439920865,3.01713309529979,1.87904456007914,-0.120955439920865,0.120955439920865,0.0146302184464499,-0.0248785475665679,0.00620988363083432,0.0707037802707843,"ok"
"S5_quadratic_strong",334,20970334,1,"scenario_matched_gap_adjusted_did","quadratic_gap",2,0.939199009906617,1.37907094413976,0.439871934233142,2.93919900990662,1.56012806576686,-0.439871934233142,0.439871934233142,0.193487318526006,-0.0300775765949969,0.00752170168696893,0.10359875900629,"ok"
"S5_quadratic_strong",335,20970335,1,"scenario_matched_gap_adjusted_did","quadratic_gap",2,0.952179397701567,0.82743394559079,-0.124745452110777,2.95217939770157,2.12474545211078,0.124745452110777,0.124745452110777,0.0155614278223222,0.0228927825384908,0.00267987815017559,0.0933062629369459,"ok"
"S5_quadratic_strong",336,20970336,1,"scenario_matched_gap_adjusted_did","quadratic_gap",2,0.916915872984605,1.05192091571449,0.135005042729881,2.9169158729846,1.86499495727012,-0.135005042729882,0.135005042729882,0.0182263615624972,-0.00263669305914391,0.00482815453569818,0.130726601346588,"ok"
"S5_quadratic_strong",337,20970337,1,"scenario_matched_gap_adjusted_did","quadratic_gap",2,0.732462194185122,0.92035129850139,0.187889104316269,2.73246219418512,1.81211089568373,-0.187889104316269,0.187889104316269,0.0353023155207697,0.0378914719355766,0.00242434289169683,0.120267954856654,"ok"
"S5_quadratic_strong",338,20970338,1,"scenario_matched_gap_adjusted_did","quadratic_gap",2,1.01827366513063,0.429719671660769,-0.588553993469858,3.01827366513063,2.58855399346986,0.588553993469858,0.588553993469858,0.346395803229318,0.101838560377129,-0.00263581760646501,0.175312024582601,"ok"
"S5_quadratic_strong",339,20970339,1,"scenario_matched_gap_adjusted_did","quadratic_gap",2,1.11376212683767,1.1120253488013,-0.00173677803636618,3.11376212683767,2.00173677803637,0.00173677803636618,0.00173677803636618,3.01639794760397e-06,-0.00665621668465717,0.00527725753275167,0.0831501524100445,"ok"
"S5_quadratic_strong",340,20970340,1,"scenario_matched_gap_adjusted_did","quadratic_gap",2,0.848575024792719,0.785878684558722,-0.0626963402339975,2.84857502479272,2.062696340234,0.0626963402339973,0.0626963402339973,0.00393083107873715,0.0444512501508523,0.0015285052972397,0.175608595433393,"ok"
"S5_quadratic_strong",341,20970341,1,"scenario_matched_gap_adjusted_did","quadratic_gap",2,1.14407798021244,1.9889619889611,0.844884008748662,3.14407798021244,1.15511599125134,-0.844884008748662,0.844884008748662,0.713828988239208,-0.0841754600387916,0.0126748504000702,0.123898749911518,"ok"
"S5_quadratic_strong",342,20970342,1,"scenario_matched_gap_adjusted_did","quadratic_gap",2,0.746888024293348,0.476741284630343,-0.270146739663005,2.74688802429335,2.27014673966301,0.270146739663006,0.270146739663006,0.0729792609505517,0.0296106607203957,0.000808811988476355,0.125111982770655,"ok"
"S5_quadratic_strong",343,20970343,1,"scenario_matched_gap_adjusted_did","quadratic_gap",2,0.77601401258132,0.753331707064036,-0.0226823055172846,2.77601401258132,2.02268230551728,0.0226823055172845,0.0226823055172845,0.000514486983579433,-0.0176178924499979,0.00416198790252544,0.122912652833052,"ok"
"S5_quadratic_strong",344,20970344,1,"scenario_matched_gap_adjusted_did","quadratic_gap",2,0.742187659015454,0.826133818623432,0.0839461596079785,2.74218765901545,1.91605384039202,-0.0839461596079789,0.0839461596079789,0.00704695771292827,-0.0454289840350674,0.00573324026406316,0.0874459756933302,"ok"
"S5_quadratic_strong",345,20970345,1,"scenario_matched_gap_adjusted_did","quadratic_gap",2,0.8901511385461,1.08094712387802,0.190795985331917,2.8901511385461,1.80920401466808,-0.190795985331917,0.190795985331917,0.0364031080187769,-0.0252688601022635,0.00597150324582381,0.0901314790036528,"ok"
"S5_quadratic_strong",346,20970346,1,"scenario_matched_gap_adjusted_did","quadratic_gap",2,0.988509522072789,0.936434578963993,-0.0520749431087956,2.98850952207279,2.0520749431088,0.0520749431087957,0.0520749431087957,0.00271179969978431,0.0324360086892329,0.00274063205405223,0.0643508098109056,"ok"
"S5_quadratic_strong",347,20970347,1,"scenario_matched_gap_adjusted_did","quadratic_gap",2,0.897015393824545,0.561576325502965,-0.335439068321581,2.89701539382455,2.33543906832158,0.33543906832158,0.33543906832158,0.11251936855645,0.0820108653942755,-0.00115760744077518,0.160818250036574,"ok"
"S5_quadratic_strong",348,20970348,1,"scenario_matched_gap_adjusted_did","quadratic_gap",2,1.01516451072073,0.239581652691937,-0.775582858028792,3.01516451072073,2.77558285802879,0.775582858028792,0.775582858028792,0.601528769668109,0.0178470550335965,0.000273631801593901,0.121409029313067,"ok"
"S5_quadratic_strong",349,20970349,1,"scenario_matched_gap_adjusted_did","quadratic_gap",2,0.752742614277035,0.657924664126116,-0.0948179501509189,2.75274261427704,2.09481795015092,0.0948179501509192,0.0948179501509192,0.0089904436708222,-0.00347857074669042,0.00310168823101352,0.0683489428241137,"ok"
"S5_quadratic_strong",350,20970350,1,"scenario_matched_gap_adjusted_did","quadratic_gap",2,0.596264842465417,0.480531416844918,-0.1157334256205,2.59626484246542,2.1157334256205,0.115733425620499,0.115733425620499,0.0133942258058557,0.044251072834281,0.000170241888815408,0.100913468468529,"ok"
"S5_quadratic_strong",351,20970351,1,"scenario_matched_gap_adjusted_did","quadratic_gap",2,0.926572770353513,0.883055335462309,-0.0435174348912039,2.92657277035351,2.0435174348912,0.043517434891204,0.043517434891204,0.00189376713951018,-0.00803322106594487,0.00431367557964966,0.11151878361466,"ok"
"S5_quadratic_strong",352,20970352,1,"scenario_matched_gap_adjusted_did","quadratic_gap",2,1.24990587369771,2.14964343120993,0.899737557512215,3.24990587369771,1.10026244248779,-0.899737557512215,0.899737557512215,0.809527672398046,-0.0686453807545363,0.0126989428600983,0.067466557229112,"ok"
"S5_quadratic_strong",353,20970353,1,"scenario_matched_gap_adjusted_did","quadratic_gap",2,0.992651272722514,1.3599118164289,0.367260543706381,2.99265127272251,1.63273945629362,-0.367260543706381,0.367260543706381,0.134880306963507,-0.00219253271946608,0.00618733049383682,0.140056358030292,"ok"
"S5_quadratic_strong",354,20970354,1,"scenario_matched_gap_adjusted_did","quadratic_gap",2,1.05663812716669,0.792245447165016,-0.264392680001677,3.05663812716669,2.26439268000168,0.264392680001677,0.264392680001677,0.0699034892384693,0.00220762930586235,0.00344851860047638,0.0835629007348754,"ok"
"S5_quadratic_strong",355,20970355,1,"scenario_matched_gap_adjusted_did","quadratic_gap",2,1.013809088996,1.37673327807782,0.362924189081819,3.013809088996,1.63707581091818,-0.362924189081819,0.362924189081819,0.131713967020696,-0.0203240770116569,0.00707451066355695,0.124125764569337,"ok"
"S5_quadratic_strong",356,20970356,1,"scenario_matched_gap_adjusted_did","quadratic_gap",2,1.19750578745117,1.37120284372594,0.173697056274773,3.19750578745117,1.82630294372523,-0.173697056274773,0.173697056274773,0.0301706673585215,-0.0359225952410746,0.007748188639418,0.0850618171635083,"ok"
"S5_quadratic_strong",357,20970357,1,"scenario_matched_gap_adjusted_did","quadratic_gap",2,0.591624317447122,0.274985695822536,-0.316638621624586,2.59162431744712,2.31663862162459,0.316638621624586,0.316638621624586,0.100260016704318,0.0866980499684967,-0.00265072300236909,0.111447743237964,"ok"
"S5_quadratic_strong",358,20970358,1,"scenario_matched_gap_adjusted_did","quadratic_gap",2,0.93432910284519,0.600471988918923,-0.333857113926267,2.93432910284519,2.33385711392627,0.333857113926267,0.333857113926267,0.111460572519177,0.0716422216146076,-0.000519180121912623,0.119247203566611,"ok"
"S5_quadratic_strong",359,20970359,1,"scenario_matched_gap_adjusted_did","quadratic_gap",2,0.866163164646915,0.835152050581826,-0.0310111140650888,2.86616316464691,2.03101111406509,0.0310111140650888,0.0310111140650888,0.00096168919555795,0.0196086831465977,0.0028614860557426,0.112595864026359,"ok"
"S5_quadratic_strong",360,20970360,1,"scenario_matched_gap_adjusted_did","quadratic_gap",2,0.691921289236077,1.36575583775842,0.673834548522342,2.69192128923608,1.32616545147766,-0.673834548522342,0.673834548522342,0.454052998782308,-0.0350348870928595,0.00768405093441946,0.120601708046585,"ok"
"S5_quadratic_strong",361,20970361,1,"scenario_matched_gap_adjusted_did","quadratic_gap",2,1.17992213816335,1.24702986899698,0.0671077308336308,3.17992213816335,1.93289226916637,-0.0671077308336305,0.0671077308336305,0.00450344753763901,-0.0433686150143128,0.00752559411555271,0.147375101642619,"ok"
"S5_quadratic_strong",362,20970362,1,"scenario_matched_gap_adjusted_did","quadratic_gap",2,0.968017655244847,1.11526510047269,0.147247445227845,2.96801765524485,1.85275255477216,-0.147247445227845,0.147247445227845,0.0216818101261272,-0.0185849363905257,0.0058258856613938,0.117782994478819,"ok"
"S5_quadratic_strong",363,20970363,1,"scenario_matched_gap_adjusted_did","quadratic_gap",2,1.01571941418402,0.599591291363359,-0.416128122820663,3.01571941418402,2.41612812282066,0.416128122820663,0.416128122820663,0.173162614602249,0.0165823103630229,0.00194224561671551,0.149038653515765,"ok"
"S5_quadratic_strong",364,20970364,1,"scenario_matched_gap_adjusted_did","quadratic_gap",2,0.808264196233782,-0.0662932630797173,-0.8745574593135,2.80826419623378,2.8745574593135,0.8745574593135,0.8745574593135,0.764850749640884,0.0922219167559626,-0.00442617506256422,0.0928956163249441,"ok"
"S5_quadratic_strong",365,20970365,1,"scenario_matched_gap_adjusted_did","quadratic_gap",2,1.11157875972084,1.22319207369296,0.111613313972122,3.11157875972084,1.88838668602788,-0.111613313972123,0.111613313972123,0.0124575318558397,-0.0355596209200677,0.00706920126668793,0.16540442674534,"ok"
"S5_quadratic_strong",366,20970366,1,"scenario_matched_gap_adjusted_did","quadratic_gap",2,0.958501557288241,1.21696148385938,0.258459926571134,2.95850155728824,1.74154007342887,-0.258459926571134,0.258459926571134,0.0668015336431561,-0.0497847886637016,0.00767825091267041,0.11946299968647,"ok"
"S5_quadratic_strong",367,20970367,1,"scenario_matched_gap_adjusted_did","quadratic_gap",2,1.03640530742014,0.778447088620358,-0.257958218799778,3.03640530742014,2.25795821879978,0.257958218799778,0.257958218799778,0.066542442646354,0.0138169977754345,0.00286691243671349,0.0858527589615511,"ok"
"S5_quadratic_strong",368,20970368,1,"scenario_matched_gap_adjusted_did","quadratic_gap",2,1.09799240558669,0.832055415177414,-0.265936990409274,3.09799240558669,2.26593699040927,0.265936990409274,0.265936990409274,0.0707224828679421,0.00103362912458813,0.00367933936088746,0.0933744447749173,"ok"
"S5_quadratic_strong",369,20970369,1,"scenario_matched_gap_adjusted_did","quadratic_gap",2,0.841073305969018,1.08376493002213,0.242691624053111,2.84107330596902,1.75730837594689,-0.242691624053111,0.242691624053111,0.0588992243855364,-0.011824035604672,0.0053821132212038,0.122592029422445,"ok"
"S5_quadratic_strong",370,20970370,1,"scenario_matched_gap_adjusted_did","quadratic_gap",2,1.11227173168792,1.35143478154805,0.239163049860128,3.11227173168792,1.76083695013987,-0.239163049860128,0.239163049860128,0.0571989644183983,-0.0507834300066908,0.00832508544006696,0.138704711022517,"ok"
"S5_quadratic_strong",371,20970371,1,"scenario_matched_gap_adjusted_did","quadratic_gap",2,1.06208004411266,1.80899637456422,0.74691633045156,3.06208004411266,1.25308366954844,-0.74691633045156,0.74691633045156,0.557884004695225,-0.034923549673462,0.0096637247968605,0.131512175063002,"ok"
"S5_quadratic_strong",372,20970372,1,"scenario_matched_gap_adjusted_did","quadratic_gap",2,0.934301025962842,0.566378358998947,-0.367922666963895,2.93430102596284,2.3679226669639,0.367922666963896,0.367922666963896,0.135367088865826,0.09249247890506,-0.00160543177635069,0.0652461193828579,"ok"
"S5_quadratic_strong",373,20970373,1,"scenario_matched_gap_adjusted_did","quadratic_gap",2,0.708234372621719,0.657049384254344,-0.0511849883673745,2.70823437262172,2.05118498836737,0.0511849883673738,0.0511849883673738,0.0026199030341682,0.0374870280686219,0.00126348852343937,0.0889701177159776,"ok"
"S5_quadratic_strong",374,20970374,1,"scenario_matched_gap_adjusted_did","quadratic_gap",2,1.02078695412779,1.36995873663488,0.349171782507093,3.02078695412779,1.65082821749291,-0.349171782507093,0.349171782507093,0.121920933699181,-0.0192898441171611,0.00699786796032757,0.107719236938702,"ok"
"S5_quadratic_strong",375,20970375,1,"scenario_matched_gap_adjusted_did","quadratic_gap",2,1.09568206790339,0.337714122917668,-0.757967944985721,3.09568206790339,2.75796794498572,0.757967944985721,0.757967944985721,0.574515405625877,0.107344114085742,-0.00329430008032724,0.165366423672025,"ok"
"S5_quadratic_strong",376,20970376,1,"scenario_matched_gap_adjusted_did","quadratic_gap",2,0.905585025993979,1.35188928768123,0.446304261687248,2.90558502599398,1.55369573831275,-0.446304261687248,0.446304261687248,0.1991874940002,0.00351621050412541,0.00589579335510436,0.159406560203574,"ok"
"S5_quadratic_strong",377,20970377,1,"scenario_matched_gap_adjusted_did","quadratic_gap",2,0.870236675009819,1.17561636592157,0.305379690911747,2.87023667500982,1.69462030908825,-0.305379690911747,0.305379690911747,0.093256755621354,0.0127598229315878,0.00469261852211502,0.140856911943958,"ok"
"S5_quadratic_strong",378,20970378,1,"scenario_matched_gap_adjusted_did","quadratic_gap",2,1.09322847544276,1.34679245486971,0.253563979426951,3.09322847544276,1.74643602057305,-0.253563979426951,0.253563979426951,0.0642946916628313,-0.040766013258545,0.00785575785427685,0.147517406174343,"ok"
"S5_quadratic_strong",379,20970379,1,"scenario_matched_gap_adjusted_did","quadratic_gap",2,0.853203096046951,0.728071768088114,-0.125131327958837,2.85320309604695,2.12513132795884,0.125131327958837,0.125131327958837,0.015657849236742,-0.00468658782124864,0.00346987005806239,0.136621147412899,"ok"
"S5_quadratic_strong",380,20970380,1,"scenario_matched_gap_adjusted_did","quadratic_gap",2,0.692504187035793,0.632272790336384,-0.0602313966994084,2.69250418703579,2.06023139669941,0.0602313966994084,0.0602313966994084,0.0036278211483615,-0.0132805570007511,0.00342572400153983,0.136736873197406,"ok"
"S5_quadratic_strong",381,20970381,1,"scenario_matched_gap_adjusted_did","quadratic_gap",2,1.02870283460022,1.05908495081034,0.0303821162101106,3.02870283460022,1.96961788378989,-0.0303821162101103,0.0303821162101103,0.000923072985404649,-0.0011327351276325,0.00479289090486564,0.149391340086573,"ok"
"S5_quadratic_strong",382,20970382,1,"scenario_matched_gap_adjusted_did","quadratic_gap",2,1.08638783436427,1.20063554383888,0.114247709474601,3.08638783436427,1.8857522905254,-0.114247709474602,0.114247709474602,0.013052539120193,-0.057575413914347,0.00795398365514483,0.09576584443396,"ok"
"S5_quadratic_strong",383,20970383,1,"scenario_matched_gap_adjusted_did","quadratic_gap",2,0.761546191641127,0.571257132730672,-0.190289058910456,2.76154619164113,2.19028905891046,0.190289058910456,0.190289058910456,0.0362099259410268,0.00298967220515355,0.0024240018388618,0.128936370507412,"ok"
"S5_quadratic_strong",384,20970384,1,"scenario_matched_gap_adjusted_did","quadratic_gap",2,0.927133706131092,0.905904816955459,-0.0212288891756331,2.92713370613109,2.02122888917563,0.0212288891756334,0.0212288891756334,0.000450665735631324,-0.00195190699762174,0.00414368904596273,0.110286764035698,"ok"
"S5_quadratic_strong",385,20970385,1,"scenario_matched_gap_adjusted_did","quadratic_gap",2,0.812642065066166,1.04840995370682,0.235767888640656,2.81264206506617,1.76423211135934,-0.235767888640657,0.235767888640657,0.0555864973140732,0.0133075563041934,0.00409851219700696,0.102205075735278,"ok"
"S5_quadratic_strong",386,20970386,1,"scenario_matched_gap_adjusted_did","quadratic_gap",2,1.08535172499787,1.46567819648824,0.38032647149037,3.08535172499787,1.61967352850963,-0.38032647149037,0.38032647149037,0.144648224916315,-0.0791035804529129,0.0101046895567942,0.104316623901786,"ok"
"S5_quadratic_strong",387,20970387,1,"scenario_matched_gap_adjusted_did","quadratic_gap",2,0.972870168977998,1.3372359871155,0.364365818137501,2.972870168978,1.6356341818625,-0.364365818137501,0.364365818137501,0.13276244942701,-0.0411165723664856,0.00782866437662845,0.130045996465676,"ok"
"S5_quadratic_strong",388,20970388,1,"scenario_matched_gap_adjusted_did","quadratic_gap",2,1.31774099479358,1.14623395704444,-0.171507037749134,3.31774099479358,2.17150703774913,0.171507037749134,0.171507037749134,0.0294146639974828,-0.00381577771211301,0.00530324657089062,0.125911705124617,"ok"
"S5_quadratic_strong",389,20970389,1,"scenario_matched_gap_adjusted_did","quadratic_gap",2,0.789731466844958,0.495763753671883,-0.293967713173075,2.78973146684496,2.29396771317308,0.293967713173075,0.293967713173075,0.0864170163882074,0.033825660315749,0.000705255897825637,0.130774591968142,"ok"
"S5_quadratic_strong",390,20970390,1,"scenario_matched_gap_adjusted_did","quadratic_gap",2,0.953681753999366,1.41768605999454,0.464004305995172,2.95368175399937,1.53599569400483,-0.464004305995172,0.464004305995172,0.215299995982062,-0.0529678360425144,0.00871954218098366,0.0859665636287025,"ok"
"S5_quadratic_strong",391,20970391,1,"scenario_matched_gap_adjusted_did","quadratic_gap",2,0.982595579660372,0.648138879278706,-0.334456700381666,2.98259557966037,2.33445670038167,0.334456700381666,0.334456700381666,0.111861284430191,0.0718439830362386,-0.000314780377986626,0.154699685615577,"ok"
"S5_quadratic_strong",392,20970392,1,"scenario_matched_gap_adjusted_did","quadratic_gap",2,0.994832904198831,1.03091884242202,0.0360859382231904,2.99483290419883,1.96391406177681,-0.0360859382231904,0.0360859382231904,0.00130219493744791,0.0468667516241989,0.00251754325155238,0.0718534906737584,"ok"
"S5_quadratic_strong",393,20970393,1,"scenario_matched_gap_adjusted_did","quadratic_gap",2,1.01242655606868,1.91757039655196,0.905143840483278,3.01242655606868,1.09485615951672,-0.905143840483278,0.905143840483278,0.819285371964818,-0.115152325634811,0.0137422103861197,0.0734358068660512,"ok"
"S5_quadratic_strong",394,20970394,1,"scenario_matched_gap_adjusted_did","quadratic_gap",2,0.711257983865117,1.19436740820174,0.483109424336622,2.71125798386512,1.51689057566338,-0.483109424336621,0.483109424336621,0.233394715882862,-0.0514284945650682,0.00765068218142875,0.107845740353924,"ok"
"S5_quadratic_strong",395,20970395,1,"scenario_matched_gap_adjusted_did","quadratic_gap",2,0.661124219277625,0.862179893098712,0.201055673821087,2.66112421927763,1.79894432617891,-0.201055673821087,0.201055673821087,0.0404233839756512,0.00651564280581826,0.00356876178376356,0.101858729870945,"ok"
"S5_quadratic_strong",396,20970396,1,"scenario_matched_gap_adjusted_did","quadratic_gap",2,0.897172927213391,0.496715956793207,-0.400456970420184,2.89717292721339,2.40045697042018,0.400456970420184,0.400456970420184,0.160365785158112,0.0417843718942314,0.000353159273959219,0.0922691266464915,"ok"
"S5_quadratic_strong",397,20970397,1,"scenario_matched_gap_adjusted_did","quadratic_gap",2,1.04060084307255,0.820454529553269,-0.220146313519283,3.04060084307255,2.22014631351928,0.220146313519283,0.220146313519283,0.0484643993561303,0.0513331332887413,0.00137517849253368,0.117189290758585,"ok"
"S5_quadratic_strong",398,20970398,1,"scenario_matched_gap_adjusted_did","quadratic_gap",2,0.63790196140275,1.13716323752616,0.499261276123411,2.63790196140275,1.50073872387659,-0.499261276123411,0.499261276123411,0.249261821836377,-0.039180207524285,0.00684611334075677,0.156424619543093,"ok"
"S5_quadratic_strong",399,20970399,1,"scenario_matched_gap_adjusted_did","quadratic_gap",2,0.826695530496028,0.0203786815719752,-0.806316848924052,2.82669553049603,2.80631684892405,0.806316848924052,0.806316848924052,0.650146860858813,0.0547044613669079,-0.00235820566610644,0.163195566060672,"ok"
"S5_quadratic_strong",400,20970400,1,"scenario_matched_gap_adjusted_did","quadratic_gap",2,1.06239490029614,1.36698986755448,0.304594967258345,3.06239490029614,1.69540503274165,-0.304594967258345,0.304594967258345,0.0927780940791124,-0.0351868974388624,0.00769638287437212,0.154651379004391,"ok"
"S5_quadratic_strong",401,20970401,1,"scenario_matched_gap_adjusted_did","quadratic_gap",2,1.08721048614992,2.35774545066997,1.27053496452006,3.08721048614992,0.729465035479943,-1.27053496452006,1.27053496452006,1.61425909606798,-0.159684374083577,0.0177071157828616,0.0903163709415173,"ok"
"S5_quadratic_strong",402,20970402,1,"scenario_matched_gap_adjusted_did","quadratic_gap",2,0.942876719957194,0.936608771332234,-0.00626794862495972,2.94287671995719,2.00626794862496,0.00626794862496016,0.00626794862496016,3.928717996514e-05,-0.00815245486973937,0.00455880591058042,0.0845921503280085,"ok"
"S5_quadratic_strong",403,20970403,1,"scenario_matched_gap_adjusted_did","quadratic_gap",2,0.953861072337594,0.6902262726666,-0.263634799670994,2.95386107233759,2.26363479967099,0.263634799670994,0.263634799670994,0.0695033075975649,0.0350282745830941,0.00152213519478653,0.192673431768521,"ok"
"S5_quadratic_strong",404,20970404,1,"scenario_matched_gap_adjusted_did","quadratic_gap",2,0.921680399393327,0.481718056776759,-0.439962342616568,2.92168039939333,2.43996234261657,0.439962342616568,0.439962342616568,0.193566862920658,0.0146176047051567,0.00150242690921728,0.125264184528219,"ok"
"S5_quadratic_strong",405,20970405,1,"scenario_matched_gap_adjusted_did","quadratic_gap",2,0.777799625903401,0.511868755191933,-0.265930870711469,2.7777996259034,2.26593087071147,0.265930870711468,0.265930870711468,0.0707192279973596,0.0186152398872201,0.00145843144620775,0.134216104413054,"ok"
"S5_quadratic_strong",406,20970406,1,"scenario_matched_gap_adjusted_did","quadratic_gap",2,0.856349593171317,0.759368468584292,-0.0969811245870249,2.85634959317132,2.09698112458702,0.0969811245870247,0.0969811245870247,0.009405338526164,0.0116651168900001,0.0028778386553028,0.14260584132229,"ok"
"S5_quadratic_strong",407,20970407,1,"scenario_matched_gap_adjusted_did","quadratic_gap",2,1.1261081621723,1.445809498555,0.319701336382702,3.1261081621723,1.6802986636173,-0.319701336382702,0.319701336382702,0.102208944484886,-0.00330269093327915,0.00662165555770654,0.105980466140093,"ok"
"S5_quadratic_strong",408,20970408,1,"scenario_matched_gap_adjusted_did","quadratic_gap",2,0.753470591343237,0.464749484536185,-0.288721106807052,2.75347059134324,2.28872110680705,0.288721106807052,0.288721106807052,0.0833598775158893,0.0378971493033367,0.00038408055896784,0.0837461258596316,"ok"
"S5_quadratic_strong",409,20970409,1,"scenario_matched_gap_adjusted_did","quadratic_gap",2,0.911621756980102,0.758877209215724,-0.152744547764378,2.9116217569801,2.15274454776438,0.152744547764378,0.152744547764378,0.0233308968717444,0.0466356687492754,0.00130979338084912,0.103020125910814,"ok"
"S5_quadratic_strong",410,20970410,1,"scenario_matched_gap_adjusted_did","quadratic_gap",2,1.11598234367249,1.12438953650911,0.00840719283662228,3.11598234367249,1.99159280716338,-0.00840719283662272,0.00840719283662272,7.06808913921604e-05,0.026645716994855,0.00384148820848011,0.119219326980926,"ok"
"S5_quadratic_strong",411,20970411,1,"scenario_matched_gap_adjusted_did","quadratic_gap",2,0.8505661439298,1.19161672208206,0.341050578152263,2.8505661439298,1.65894942184774,-0.341050578152263,0.341050578152263,0.116315496857993,-0.0413520544141407,0.00718718178906031,0.0810751449842427,"ok"
"S5_quadratic_strong",412,20970412,1,"scenario_matched_gap_adjusted_did","quadratic_gap",2,1.09572559735045,1.46777021893322,0.372044621582764,3.09572559735045,1.62795537841724,-0.372044621582764,0.372044621582764,0.138417200448662,-0.0185996232774171,0.0074049244106301,0.122365946254554,"ok"
"S5_quadratic_strong",413,20970413,1,"scenario_matched_gap_adjusted_did","quadratic_gap",2,0.873657235824672,0.999601640941408,0.125944405116736,2.87365723582467,1.87405559488326,-0.125944405116736,0.125944405116736,0.0158619931802086,0.000801350908110593,0.00443994685907598,0.141245923023675,"ok"
"S5_quadratic_strong",414,20970414,1,"scenario_matched_gap_adjusted_did","quadratic_gap",2,1.13686596961376,0.856224396780154,-0.280641572833601,3.13686596961376,2.2806415728336,0.280641572833601,0.280641572833601,0.0787596924025175,0.0349743769212319,0.00226782370552762,0.164698206267957,"ok"
"S5_quadratic_strong",415,20970415,1,"scenario_matched_gap_adjusted_did","quadratic_gap",2,1.04238936913234,1.18321209174383,0.140822722611488,3.04238936913234,1.85917727738851,-0.140822722611488,0.140822722611488,0.0198310392037121,-0.000186183766623274,0.00530630117646296,0.0790994381848122,"ok"
"S5_quadratic_strong",416,20970416,1,"scenario_matched_gap_adjusted_did","quadratic_gap",2,1.01363848853265,0.811214285844607,-0.202424202688039,3.01363848853265,2.20242420268804,0.202424202688039,0.202424202688039,0.0409755578338885,-0.0193179134785377,0.00449728397297008,0.0957745197157966,"ok"
"S5_quadratic_strong",417,20970417,1,"scenario_matched_gap_adjusted_did","quadratic_gap",2,0.873756720213208,1.48174184738327,0.607985127170064,2.87375672021321,1.39201487282994,-0.607985127170064,0.607985127170064,0.369645914859999,-0.0521819494345291,0.00897117018684431,0.0919566636010909,"ok"
"S5_quadratic_strong",418,20970418,1,"scenario_matched_gap_adjusted_did","quadratic_gap",2,0.946376742936779,1.1847769928768,0.238400249940016,2.94637674293678,1.76159975005998,-0.238400249940017,0.238400249940017,0.0568346791714624,-0.0476042255416411,0.00743650409683526,0.0981452186774746,"ok"
"S5_quadratic_strong",419,20970419,1,"scenario_matched_gap_adjusted_did","quadratic_gap",2,0.891932399984197,0.78349297374402,-0.108439426240177,2.8919323999842,2.10843942624018,0.108439426240176,0.108439426240176,0.0117591091632986,0.0175658867916275,0.00272164524997498,0.108395098951972,"ok"
"S5_quadratic_strong",420,20970420,1,"scenario_matched_gap_adjusted_did","quadratic_gap",2,1.11464466489192,0.699893049909975,-0.414751614981945,3.11464466489192,2.41475161498195,0.414751614981945,0.414751614981945,0.172018902130132,-0.00800163853722738,0.00349213179977126,0.0984722736388528,"ok"
"S5_quadratic_strong",421,20970421,1,"scenario_matched_gap_adjusted_did","quadratic_gap",2,0.914152404647817,1.33226687958092,0.4181144749331,2.91415240464782,1.5818855250669,-0.4181144749331,0.4181144749331,0.174819714148582,-0.0242616648830202,0.00705171729139307,0.163902128523448,"ok"
"S5_quadratic_strong",422,20970422,1,"scenario_matched_gap_adjusted_did","quadratic_gap",2,0.900490468137701,0.75675153318395,-0.143738934953751,2.9004904681377,2.14373893495375,0.143738934953751,0.143738934953751,0.0206608814216386,0.0428733073433468,0.00146873937201708,0.0860352600895696,"ok"
"S5_quadratic_strong",423,20970423,1,"scenario_matched_gap_adjusted_did","quadratic_gap",2,0.646059978183648,0.926934798450102,0.280874820266454,2.64605997818365,1.71912517973355,-0.280874820266454,0.280874820266454,0.0788906646597128,-0.000582947366194782,0.00417655644229276,0.0991378741960559,"ok"
"S5_quadratic_strong",424,20970424,1,"scenario_matched_gap_adjusted_did","quadratic_gap",2,0.895420805626581,0.936134652968251,0.0407138473416697,2.89542080562658,1.95928615265833,-0.0407138473416699,0.0407138473416699,0.0016576173653608,-0.00246959274714845,0.0043022264795809,0.162672600986528,"ok"
"S5_quadratic_strong",425,20970425,1,"scenario_matched_gap_adjusted_did","quadratic_gap",2,0.998592208468509,0.792753323396845,-0.205838885071664,2.99859220846851,2.20583888507166,0.205838885071664,0.205838885071664,0.0423696466075457,0.0388347269203994,0.00181077337698292,0.107478229900433,"ok"
"S5_quadratic_strong",426,20970426,1,"scenario_matched_gap_adjusted_did","quadratic_gap",2,0.951849119462042,0.457107348483512,-0.49474177097853,2.95184911946204,2.49474177097853,0.49474177097853,0.49474177097853,0.244769419950972,0.0355291042664851,0.000455893906650721,0.150678981563202,"ok"
"S5_quadratic_strong",427,20970427,1,"scenario_matched_gap_adjusted_did","quadratic_gap",2,0.905302497203131,0.588880569404235,-0.316421927798896,2.90530249720313,2.3164219277989,0.316421927798896,0.316421927798896,0.100122836391969,0.0499205200043306,0.000401531504601174,0.136309655842728,"ok"
"S5_quadratic_strong",428,20970428,1,"scenario_matched_gap_adjusted_did","quadratic_gap",2,1.13568389635159,0.646171383848456,-0.489512512503137,3.13568389635159,2.48951251250314,0.489512512503137,0.489512512503137,0.239622499897134,0.076445960747961,-0.000529648762527555,0.0881856295604479,"ok"
"S5_quadratic_strong",429,20970429,1,"scenario_matched_gap_adjusted_did","quadratic_gap",2,1.09614081760234,0.369553958196863,-0.726586859405477,3.09614081760234,2.72658685940548,0.726586859405477,0.726586859405477,0.527928464260714,0.0694709359007341,-0.00145591970512154,0.0950940978124806,"ok"
"S5_quadratic_strong",430,20970430,1,"scenario_matched_gap_adjusted_did","quadratic_gap",2,0.725320284066363,1.03735881956589,0.312038535499524,2.72532028406636,1.68796146450048,-0.312038535499523,0.312038535499523,0.0973680476366873,-0.0474570200345901,0.00676983143244084,0.0998773762553767,"ok"
"S5_quadratic_strong",431,20970431,1,"scenario_matched_gap_adjusted_did","quadratic_gap",2,0.787845714453846,0.58519785051886,-0.202647863934987,2.78784571445385,2.20264786393499,0.202647863934987,0.202647863934987,0.0410661567574131,0.069585972681194,-0.000495500938625734,0.124867531616316,"ok"
"S5_quadratic_strong",432,20970432,1,"scenario_matched_gap_adjusted_did","quadratic_gap",2,0.737291797388858,0.757650432473101,0.0203586350842437,2.73729179738886,1.97964136491576,-0.0203586350842437,0.0203586350842437,0.0004144740224934,-0.000372632878669562,0.00340914967728267,0.115234365329783,"ok"
"S5_quadratic_strong",433,20970433,1,"scenario_matched_gap_adjusted_did","quadratic_gap",2,1.05768862138868,0.827435598612543,-0.230253022776139,3.05768862138868,2.23025302277614,0.230253022776139,0.230253022776139,0.0530164544975494,-0.00662737248363622,0.00400168353783092,0.131002154015045,"ok"
"S5_quadratic_strong",434,20970434,1,"scenario_matched_gap_adjusted_did","quadratic_gap",2,0.908263758232492,1.56982436212586,0.661560603893372,2.90826375823249,1.33843939610663,-0.661560603893372,0.661560603893372,0.437662432623763,-0.0549305523329842,0.00948864127815988,0.123855715330479,"ok"
"S5_quadratic_strong",435,20970435,1,"scenario_matched_gap_adjusted_did","quadratic_gap",2,1.00387825187101,0.696101564892841,-0.307776686978167,3.00387825187101,2.30777668697817,0.307776686978167,0.307776686978167,0.0947264890472568,0.03579995708334,0.00151388952563929,0.146389093976869,"ok"
"S5_quadratic_strong",436,20970436,1,"scenario_matched_gap_adjusted_did","quadratic_gap",2,0.938077140534851,0.804840655928102,-0.133236484606749,2.93807714053485,2.13323648460675,0.13323648460675,0.13323648460675,0.0177519608303646,-0.00617881582266317,0.00388042752606597,0.133627291766649,"ok"
"S5_quadratic_strong",437,20970437,1,"scenario_matched_gap_adjusted_did","quadratic_gap",2,0.920060319086761,0.423003191754561,-0.4970571273322,2.92006031908676,2.4970571273322,0.497057127332201,0.497057127332201,0.24706578783174,0.04376463254112,-6.55662701043501e-05,0.19216287171634,"ok"
"S5_quadratic_strong",438,20970438,1,"scenario_matched_gap_adjusted_did","quadratic_gap",2,1.10274416250864,1.91756727277062,0.814823110261975,3.10274416250864,1.18517688973803,-0.814823110261974,0.814823110261974,0.663936701016998,-0.0859993886848867,0.0124368410132216,0.132878174035856,"ok"
"S5_quadratic_strong",439,20970439,1,"scenario_matched_gap_adjusted_did","quadratic_gap",2,1.07895340934187,1.35023633333853,0.271282923996661,3.07895340934187,1.72871707600334,-0.271282923996661,0.271282923996661,0.0735944248521779,-0.0550978909011677,0.00851290407022482,0.109515513956937,"ok"
"S5_quadratic_strong",440,20970440,1,"scenario_matched_gap_adjusted_did","quadratic_gap",2,0.791212146572278,1.61640697828185,0.82519483170957,2.79121214657228,1.17480516829043,-0.82519483170957,0.82519483170957,0.680946510280186,-0.0920994691677247,0.0113615000147422,0.112923236420105,"ok"
"S5_quadratic_strong",441,20970441,1,"scenario_matched_gap_adjusted_did","quadratic_gap",2,1.06577992956771,1.20534707931741,0.139567149749706,3.06577992956771,1.86043285025029,-0.139567149749705,0.139567149749705,0.0194789892892567,-0.0265273260041364,0.00658486719115871,0.157427028974668,"ok"
"S5_quadratic_strong",442,20970442,1,"scenario_matched_gap_adjusted_did","quadratic_gap",2,0.769202237050863,0.744131348210415,-0.0250708888404478,2.76920223705086,2.02507088884045,0.0250708888404483,0.0250708888404483,0.000628549467250114,-0.0323864654240862,0.00478207165276691,0.139403527500223,"ok"
"S5_quadratic_strong",443,20970443,1,"scenario_matched_gap_adjusted_did","quadratic_gap",2,0.810245564026709,1.54711350396788,0.736867939941168,2.81024556402671,1.26313206005883,-0.736867939941168,0.736867939941168,0.54297436091314,-0.117527329001358,0.0121897916148423,0.125723678031825,"ok"
"S5_quadratic_strong",444,20970444,1,"scenario_matched_gap_adjusted_did","quadratic_gap",2,1.07214578280979,0.765231256666657,-0.306914526143133,3.07214578280979,2.30691452614313,0.306914526143133,0.306914526143133,0.0941965263576636,0.0419230381206456,0.00154925765131433,0.126440638598715,"ok"
"S5_quadratic_strong",445,20970445,1,"scenario_matched_gap_adjusted_did","quadratic_gap",2,0.865203527540121,0.705824196189882,-0.159379331350239,2.86520352754012,2.15937933135024,0.159379331350239,0.159379331350239,0.0254017712616493,0.0559741768046059,0.000654100424524582,0.104555224936616,"ok"
"S5_quadratic_strong",446,20970446,1,"scenario_matched_gap_adjusted_did","quadratic_gap",2,0.976920869435815,1.01602400445744,0.0391031350216292,2.97692086943582,1.96089686497837,-0.0391031350216289,0.0391031350216289,0.00152905516851974,-0.00726761199569105,0.00487477667648219,0.107850370294252,"ok"
"S5_quadratic_strong",447,20970447,1,"scenario_matched_gap_adjusted_did","quadratic_gap",2,0.873822947480077,1.01512114788118,0.141298200401104,2.87382294748008,1.8587017995989,-0.141298200401104,0.141298200401104,0.0199651814365904,-0.0128849573362125,0.00512225696079092,0.0842415494888036,"ok"
"S5_quadratic_strong",448,20970448,1,"scenario_matched_gap_adjusted_did","quadratic_gap",2,0.854908839284222,1.09539315660119,0.240484317316964,2.85490883928422,1.75951568268304,-0.240484317316964,0.240484317316964,0.057832706875406,0.00400740758500254,0.00472530931679624,0.13211246293468,"ok"
"S5_quadratic_strong",449,20970449,1,"scenario_matched_gap_adjusted_did","quadratic_gap",2,0.692297975535434,0.511460281265048,-0.180837694270386,2.69229797553543,2.18083769427039,0.180837694270386,0.180837694270386,0.0327022716690294,0.00904137713574647,0.00188528288018321,0.124533080167821,"ok"
"S5_quadratic_strong",450,20970450,1,"scenario_matched_gap_adjusted_did","quadratic_gap",2,1.22147397885325,1.51356836937856,0.292094390525309,3.22147397885325,1.70790560947469,-0.292094390525309,0.292094390525309,0.085319132976352,-0.00980742848288213,0.00721631039197335,0.127180850264185,"ok"
"S5_quadratic_strong",451,20970451,1,"scenario_matched_gap_adjusted_did","quadratic_gap",2,0.981051093958878,1.17502431757326,0.193973223614384,2.98105109395888,1.80602677638562,-0.193973223614384,0.193973223614384,0.0376256114793558,-0.00442433049887574,0.00545940726520307,0.075361219962244,"ok"
"S5_quadratic_strong",452,20970452,1,"scenario_matched_gap_adjusted_did","quadratic_gap",2,1.14564637254911,1.10988677981248,-0.0357595927366292,3.14564637254911,2.03575959273663,0.0357595927366292,0.0357595927366292,0.00127874847268958,-0.00646921068867548,0.00525930844790701,0.129535668795159,"ok"
"S5_quadratic_strong",453,20970453,1,"scenario_matched_gap_adjusted_did","quadratic_gap",2,1.06865283780445,1.56285587615094,0.494203038346489,3.06865283780445,1.50579696165351,-0.494203038346489,0.494203038346489,0.244236643110901,-0.0476770371947793,0.00913265484223311,0.0993259193655846,"ok"
"S5_quadratic_strong",454,20970454,1,"scenario_matched_gap_adjusted_did","quadratic_gap",2,0.876273938737899,0.358186507677401,-0.518087431060498,2.8762739387379,2.5180874310605,0.518087431060498,0.518087431060498,0.268414586222866,0.0470665193592513,-0.000503635907082591,0.0723009883254141,"ok"
"S5_quadratic_strong",455,20970455,1,"scenario_matched_gap_adjusted_did","quadratic_gap",2,0.764699729449334,0.958369319196094,0.193669589746761,2.76469972944933,1.80633041025324,-0.193669589746761,0.193669589746761,0.0375079099926786,-0.0276708472918442,0.00553019906916957,0.159876725208207,"ok"
"S5_quadratic_strong",456,20970456,1,"scenario_matched_gap_adjusted_did","quadratic_gap",2,0.853709711041388,0.600904646782444,-0.252805064258945,2.85370971104139,2.25280506425894,0.252805064258945,0.252805064258945,0.0639104005149692,0.000964312863995834,0.00264743963347382,0.132633473260477,"ok"
"S5_quadratic_strong",457,20970457,1,"scenario_matched_gap_adjusted_did","quadratic_gap",2,0.944184994690895,0.826398239875651,-0.117786754815244,2.94418499469089,2.11778675481524,0.117786754815243,0.117786754815243,0.0138737196099063,0.0137738777609077,0.00308354983104436,0.13987950391375,"ok"
"S5_quadratic_strong",458,20970458,1,"scenario_matched_gap_adjusted_did","quadratic_gap",2,0.973033919998858,1.20246909090141,0.229435170902554,2.97303391999886,1.77056482909745,-0.229435170902554,0.229435170902554,0.052640497647084,-0.0356263409401273,0.00697939925508665,0.165582282145639,"ok"
"S5_quadratic_strong",459,20970459,1,"scenario_matched_gap_adjusted_did","quadratic_gap",2,0.704681997851133,0.678415249571519,-0.0262667482796137,2.70468199785113,2.02626674827961,0.0262667482796139,0.0262667482796139,0.000689942065184602,-0.0134508371948183,0.00363995651426732,0.134982480978024,"ok"
"S5_quadratic_strong",460,20970460,1,"scenario_matched_gap_adjusted_did","quadratic_gap",2,1.03022567169955,1.33663791450026,0.306412242800709,3.03022567169955,1.69358775719929,-0.306412242800708,0.306412242800708,0.0938884625381602,-0.00226037109701759,0.00608615653195719,0.106360799983002,"ok"
"S5_quadratic_strong",461,20970461,1,"scenario_matched_gap_adjusted_did","quadratic_gap",2,0.889744261923876,1.3884632347968,0.498718972872927,2.88974426192388,1.50128102712707,-0.498718972872927,0.498718972872927,0.248720613903428,-0.0519137956166152,0.00854149786998338,0.124984389843028,"ok"
"S5_quadratic_strong",462,20970462,1,"scenario_matched_gap_adjusted_did","quadratic_gap",2,0.90357938220364,0.239481152808131,-0.664098229395508,2.90357938220364,2.66409822939551,0.664098229395508,0.664098229395508,0.441026458286249,0.0611658829046663,-0.0016664672070382,0.120685148791581,"ok"
"S5_quadratic_strong",463,20970463,1,"scenario_matched_gap_adjusted_did","quadratic_gap",2,0.613136759033213,0.693484141781763,0.0803473827485498,2.61313675903321,1.91965261725145,-0.0803473827485499,0.0803473827485499,0.00645570191454198,-0.0355776902498871,0.00469818378036105,0.10309661922782,"ok"
"S5_quadratic_strong",464,20970464,1,"scenario_matched_gap_adjusted_did","quadratic_gap",2,1.1124914037792,1.3102013064817,0.197709902702495,3.1124914037792,1.80229009729751,-0.197709902702494,0.197709902702494,0.0390892056266297,-0.0224856212211526,0.00687339187474577,0.120413136556207,"ok"
"S5_quadratic_strong",465,20970465,1,"scenario_matched_gap_adjusted_did","quadratic_gap",2,0.958451147846371,0.867606925521428,-0.0908442223249436,2.95845114784637,2.09084422232494,0.0908442223249439,0.0908442223249439,0.00825267272982384,0.00685788680968176,0.00357773757055796,0.0968313290350162,"ok"
"S5_quadratic_strong",466,20970466,1,"scenario_matched_gap_adjusted_did","quadratic_gap",2,1.09050883093543,1.46653407245847,0.376025241523038,3.09050883093543,1.62397475847696,-0.376025241523038,0.376025241523038,0.141394982262459,-0.0311380516567208,0.0079608115926523,0.116071788747725,"ok"
"S5_quadratic_strong",467,20970467,1,"scenario_matched_gap_adjusted_did","quadratic_gap",2,0.829420134198666,1.02960044099051,0.200180306791846,2.82942013419867,1.79981969320815,-0.200180306791846,0.200180306791846,0.0400721552272775,-0.0335512782296686,0.00611244726845014,0.138633257800931,"ok"
"S5_quadratic_strong",468,20970468,1,"scenario_matched_gap_adjusted_did","quadratic_gap",2,0.930946421631617,1.59451692480267,0.663570503171057,2.93094642163162,1.33642949682894,-0.663570503171058,0.663570503171058,0.440325812678691,-0.0736460089298254,0.0104372105108997,0.10868942519706,"ok"
"S5_quadratic_strong",469,20970469,1,"scenario_matched_gap_adjusted_did","quadratic_gap",2,1.24703999277607,0.523053208605326,-0.723986784170742,3.24703999277607,2.72398678417074,0.723986784170742,0.723986784170742,0.524156863653892,0.0189921936291638,0.00149163256259861,0.166437729737081,"ok"
"S5_quadratic_strong",470,20970470,1,"scenario_matched_gap_adjusted_did","quadratic_gap",2,0.813003331425805,0.802684295632882,-0.0103190357929235,2.81300333142581,2.01031903579292,0.0103190357929237,0.0103190357929237,0.000106482499695641,-0.0133948223029143,0.00419387694923295,0.0981141775070232,"ok"
"S5_quadratic_strong",471,20970471,1,"scenario_matched_gap_adjusted_did","quadratic_gap",2,0.926340710077554,1.09259738227263,0.166256672195081,2.92634071007755,1.83374332780492,-0.166256672195081,0.166256672195081,0.0276412810493825,-0.00775000427189093,0.00523924220145468,0.123354201859589,"ok"
"S5_quadratic_strong",472,20970472,1,"scenario_matched_gap_adjusted_did","quadratic_gap",2,0.824126938293601,1.21479630185565,0.390669363562046,2.8241269382936,1.60933063643795,-0.390669363562046,0.390669363562046,0.152622551625974,-0.0147304541556342,0.00609895900035219,0.113879275240826,"ok"
"S5_quadratic_strong",473,20970473,1,"scenario_matched_gap_adjusted_did","quadratic_gap",2,1.05998169322856,1.79548552773454,0.735503834505988,3.05998169322856,1.26449616549401,-0.735503834505988,0.735503834505988,0.540965890573012,-0.0719738247668005,0.0112621960092651,0.0699571704648791,"ok"
"S5_quadratic_strong",474,20970474,1,"scenario_matched_gap_adjusted_did","quadratic_gap",2,1.12239418461162,1.35039419976358,0.228000015151957,3.12239418461162,1.77199998484804,-0.228000015151957,0.228000015151957,0.0519840069092927,-0.0349788387895181,0.00761275785518847,0.154598639904852,"ok"
"S5_quadratic_strong",475,20970475,1,"scenario_matched_gap_adjusted_did","quadratic_gap",2,0.919263420677988,0.181915015444014,-0.737348405233974,2.91926342067799,2.73734840523397,0.737348405233974,0.737348405233974,0.543682670701085,0.0914781203747159,-0.00328149039538721,0.148947467819364,"ok"
"S5_quadratic_strong",476,20970476,1,"scenario_matched_gap_adjusted_did","quadratic_gap",2,0.68048484778427,1.58176774510705,0.901282897322784,2.68048484778427,1.09871710267722,-0.901282897322784,0.901282897322784,0.812310861006552,-0.121419266732604,0.0125192257273124,0.111834948506076,"ok"
"S5_quadratic_strong",477,20970477,1,"scenario_matched_gap_adjusted_did","quadratic_gap",2,1.10976128913185,1.3467811618747,0.237019872742848,3.10976128913185,1.76298012725715,-0.237019872742848,0.237019872742848,0.0561784200750358,-0.00669692011923631,0.00633022550627043,0.12367439383695,"ok"
"S5_quadratic_strong",478,20970478,1,"scenario_matched_gap_adjusted_did","quadratic_gap",2,0.990847382241439,0.871019761669376,-0.119827620572063,2.99084738224144,2.11982762057206,0.119827620572063,0.119827620572063,0.0143586586519624,-0.0153435379777528,0.00458711257364285,0.120365977279255,"ok"
"S5_quadratic_strong",479,20970479,1,"scenario_matched_gap_adjusted_did","quadratic_gap",2,0.987393773224193,1.31785269512212,0.330458921897924,2.98739377322419,1.66954107810208,-0.330458921897925,0.330458921897925,0.109203099061939,-0.0447212201766675,0.00790327565771101,0.120380069834929,"ok"
"S5_quadratic_strong",480,20970480,1,"scenario_matched_gap_adjusted_did","quadratic_gap",2,0.819706348151345,0.930627823327838,0.110921475176494,2.81970634815134,1.88907852482351,-0.110921475176494,0.110921475176494,0.0123035736553295,-0.0255337119930448,0.00531029079070874,0.122798148825361,"ok"
"S5_quadratic_strong",481,20970481,1,"scenario_matched_gap_adjusted_did","quadratic_gap",2,0.988279402845299,1.21870785044842,0.230428447603125,2.9882794028453,1.76957155239688,-0.230428447603124,0.230428447603124,0.0530972694647859,-0.020120807321698,0.00635783249402419,0.1463460568167,"ok"
"S5_quadratic_strong",482,20970482,1,"scenario_matched_gap_adjusted_did","quadratic_gap",2,0.828467931405142,0.999164831663557,0.170696900258415,2.82846793140514,1.82930309974159,-0.170696900258415,0.170696900258415,0.0291374317578312,-0.0642397167846507,0.00735027760974655,0.148975496541879,"ok"
"S5_quadratic_strong",483,20970483,1,"scenario_matched_gap_adjusted_did","quadratic_gap",2,0.988823338816562,0.42859931339697,-0.560224025419592,2.98882333881656,2.56022402541959,0.560224025419592,0.560224025419592,0.313850958657331,0.0775042302658082,-0.00155123726534826,0.144699303928056,"ok"
"S5_quadratic_strong",484,20970484,1,"scenario_matched_gap_adjusted_did","quadratic_gap",2,0.797865614840165,0.52118148840802,-0.276684126432145,2.79786561484016,2.27668412643215,0.276684126432145,0.276684126432145,0.0765541058195193,0.0211575190891125,0.00138629685455326,0.114185976158379,"ok"
"S5_quadratic_strong",485,20970485,1,"scenario_matched_gap_adjusted_did","quadratic_gap",2,0.576376735418402,0.740093227630708,0.163716492212306,2.5763767354184,1.83628350778769,-0.163716492212306,0.163716492212306,0.0268030898223021,-0.0656527156268654,0.00625352410701207,0.132965907948635,"ok"
"S5_quadratic_strong",486,20970486,1,"scenario_matched_gap_adjusted_did","quadratic_gap",2,0.80445112621075,-0.046851636235748,-0.851302762446497,2.80445112621075,2.8513027624465,0.851302762446497,0.851302762446497,0.724716393349037,0.120300798538844,-0.00559638636548142,0.15922017013236,"ok"
"S5_quadratic_strong",487,20970487,1,"scenario_matched_gap_adjusted_did","quadratic_gap",2,0.773715352316644,0.633987717464692,-0.139727634851952,2.77371535231664,2.13972763485195,0.139727634851952,0.139727634851952,0.0195238119413203,-0.0310533575931433,0.00422919982117668,0.130412699093147,"ok"
"S5_quadratic_strong",488,20970488,1,"scenario_matched_gap_adjusted_did","quadratic_gap",2,0.843451820731974,1.22801746746807,0.384565646736093,2.84345182073197,1.61543435326391,-0.384565646736093,0.384565646736093,0.147890736649549,-0.0477729656078322,0.00763767368752114,0.084910406452341,"ok"
"S5_quadratic_strong",489,20970489,1,"scenario_matched_gap_adjusted_did","quadratic_gap",2,0.910300108891306,2.10754270441443,1.19724259552312,2.91030010889131,0.802757404476877,-1.19724259552312,1.19724259552312,1.43338983253494,-0.140723254002859,0.0157377996019837,0.147151576441751,"ok"
"S5_quadratic_strong",490,20970490,1,"scenario_matched_gap_adjusted_did","quadratic_gap",2,0.679912020619539,0.30555537631503,-0.374356644304509,2.67991202061954,2.37435664430451,0.374356644304509,0.374356644304509,0.140142897134933,0.0719411230446002,-0.00185308591401928,0.06147433017693,"ok"
"S5_quadratic_strong",491,20970491,1,"scenario_matched_gap_adjusted_did","quadratic_gap",2,1.02378696490655,1.24305691869164,0.219269953785095,3.02378696490655,1.78073004621491,-0.219269953785094,0.219269953785094,0.0480793126329174,-0.0805344166435746,0.00917194515728681,0.111162395267866,"ok"
"S5_quadratic_strong",492,20970492,1,"scenario_matched_gap_adjusted_did","quadratic_gap",2,1.02952667228606,0.672831028774168,-0.356695643511889,3.02952667228606,2.35669564351189,0.356695643511888,0.356695643511888,0.12723178210036,0.0266803208256396,0.00181803501724376,0.138306453546239,"ok"
"S5_quadratic_strong",493,20970493,1,"scenario_matched_gap_adjusted_did","quadratic_gap",2,0.862479521703001,1.20309234778834,0.340612826085334,2.862479521703,1.65938717391467,-0.340612826085335,0.340612826085335,0.116017097293838,-0.0159547378930647,0.00610137191068201,0.117348074881911,"ok"
"S5_quadratic_strong",494,20970494,1,"scenario_matched_gap_adjusted_did","quadratic_gap",2,0.890199224948672,0.297816788256267,-0.592382436692406,2.89019922494867,2.59238243669241,0.592382436692406,0.592382436692406,0.350916951301632,0.088427213053727,-0.00262591944304927,0.164683824276947,"ok"
"S5_quadratic_strong",495,20970495,1,"scenario_matched_gap_adjusted_did","quadratic_gap",2,0.803801075394732,1.06109159472248,0.257290519327746,2.80380107539473,1.74270948067225,-0.257290519327747,0.257290519327747,0.0661984113359416,-0.0723428004483262,0.00799038626510033,0.11313728235403,"ok"
"S5_quadratic_strong",496,20970496,1,"scenario_matched_gap_adjusted_did","quadratic_gap",2,1.10526644357278,0.770138000861121,-0.335128442711659,3.10526644357278,2.33512844271166,0.335128442711659,0.335128442711659,0.112311073114342,0.0391569008545352,0.00169508504021986,0.157445674680724,"ok"
"S5_quadratic_strong",497,20970497,1,"scenario_matched_gap_adjusted_did","quadratic_gap",2,0.91515798283009,0.334371034921071,-0.580786947909018,2.91515798283009,2.58078694790902,0.580786947909018,0.580786947909018,0.337313478861473,0.0497556399183496,-0.000730680735503393,0.123260577450397,"ok"
"S5_quadratic_strong",498,20970498,1,"scenario_matched_gap_adjusted_did","quadratic_gap",2,0.963378269098109,0.871511540922812,-0.0918667281752976,2.96337826909811,2.0918667281753,0.0918667281752974,0.0918667281752974,0.00843949574563398,0.0122405146482424,0.00335420773630024,0.118416809724969,"ok"
"S5_quadratic_strong",499,20970499,1,"scenario_matched_gap_adjusted_did","quadratic_gap",2,0.800474722323714,0.981515129340604,0.18104040701689,2.80047472232371,1.81895959298311,-0.18104040701689,0.18104040701689,0.0327756289728411,-0.0258398850565066,0.00555185364136867,0.0597790924811789,"ok"
"S5_quadratic_strong",500,20970500,1,"scenario_matched_gap_adjusted_did","quadratic_gap",2,0.939145991457258,1.08417085489836,0.145024863441104,2.93914599145726,1.8549751365589,-0.145024863441104,0.145024863441104,0.021032211016111,-0.00235662172938189,0.00496001674115902,0.0874061259231599,"ok"
"S6_linear_high_noise",1,21070001,1,"scenario_matched_gap_adjusted_did","linear_gap",2,0.444886876617931,1.04750878033704,0.602621903719107,2.44488687661793,1.39737809628089,-0.602621903719108,0.602621903719108,0.363153158842041,0.104750878033704,NA,0.44802784853455,"ok"
"S6_linear_high_noise",2,21070002,1,"scenario_matched_gap_adjusted_did","linear_gap",2,0.237255006017746,0.860111237499471,0.622856231481725,2.23725500601775,1.37714376851827,-0.622856231481725,0.622856231481725,0.387949885095617,0.0860111237499471,NA,0.530291389735572,"ok"
"S6_linear_high_noise",3,21070003,1,"scenario_matched_gap_adjusted_did","linear_gap",2,0.118818225758288,0.870176379546483,0.751358153788194,2.11881822575829,1.24864184621181,-0.751358153788194,0.751358153788194,0.564539075264003,0.0870176379546483,NA,0.443020319915268,"ok"
"S6_linear_high_noise",4,21070004,1,"scenario_matched_gap_adjusted_did","linear_gap",2,0.046632313961851,0.0248442867950344,-0.0217880271668167,2.04663231396185,2.02178802716682,0.0217880271668167,0.0217880271668167,0.000474718127821943,0.00248442867950344,NA,0.383439457390881,"ok"
"S6_linear_high_noise",5,21070005,1,"scenario_matched_gap_adjusted_did","linear_gap",2,0.333313475806377,-0.415289349335981,-0.748602825142358,2.33331347580638,2.74860282514236,0.748602825142358,0.748602825142358,0.560406189811119,-0.0415289349335981,NA,0.210759091270046,"ok"
"S6_linear_high_noise",6,21070006,1,"scenario_matched_gap_adjusted_did","linear_gap",2,0.0225919721446865,-0.0912827642118243,-0.113874736356511,2.02259197214469,2.11387473635651,0.11387473635651,0.11387473635651,0.0129674555802648,-0.00912827642118243,NA,0.308866111545384,"ok"
"S6_linear_high_noise",7,21070007,1,"scenario_matched_gap_adjusted_did","linear_gap",2,-0.322912723261537,0.308742606271591,0.631655329533128,1.67708727673846,1.36834467046687,-0.631655329533128,0.631655329533128,0.398988455327604,0.0308742606271591,NA,0.403124807244817,"ok"
"S6_linear_high_noise",8,21070008,1,"scenario_matched_gap_adjusted_did","linear_gap",2,0.454493366257801,0.230733457155151,-0.223759909102651,2.4544933662578,2.22375990910265,0.22375990910265,0.22375990910265,0.0500684969216263,0.0230733457155151,NA,0.378435935439473,"ok"
"S6_linear_high_noise",9,21070009,1,"scenario_matched_gap_adjusted_did","linear_gap",2,0.102755636991348,-0.216106779976644,-0.318862416967992,2.10275563699135,2.31886241696799,0.318862416967992,0.318862416967992,0.10167324095467,-0.0216106779976644,NA,0.293626215933592,"ok"
"S6_linear_high_noise",10,21070010,1,"scenario_matched_gap_adjusted_did","linear_gap",2,-0.296985373970805,0.0179081460633292,0.314893520034135,1.70301462602919,1.68510647996587,-0.314893520034135,0.314893520034135,0.0991579289594879,0.0017908146063329,NA,0.39778861681245,"ok"
"S6_linear_high_noise",11,21070011,1,"scenario_matched_gap_adjusted_did","linear_gap",2,0.144214470704992,0.101823819459348,-0.0423906512456439,2.14421447070499,2.04239065124564,0.0423906512456438,0.0423906512456438,0.0017969673130298,0.0101823819459348,NA,0.327229517009279,"ok"
"S6_linear_high_noise",12,21070012,1,"scenario_matched_gap_adjusted_did","linear_gap",2,0.334680499400829,-0.266311221856717,-0.600991721257545,2.33468049940083,2.60099172125754,0.600991721257545,0.600991721257545,0.361191049020107,-0.0266311221856717,NA,0.256444446343885,"ok"
"S6_linear_high_noise",13,21070013,1,"scenario_matched_gap_adjusted_did","linear_gap",2,0.0276435770754693,0.0890181688780466,0.0613745918025773,2.02764357707547,1.93862540819742,-0.0613745918025772,0.0613745918025772,0.00376684051893298,0.00890181688780466,NA,0.291674342917497,"ok"
"S6_linear_high_noise",14,21070014,1,"scenario_matched_gap_adjusted_did","linear_gap",2,0.159340929134082,0.450254290765623,0.290913361631541,2.15934092913408,1.70908663836846,-0.290913361631541,0.290913361631541,0.084630583975764,0.0450254290765623,NA,0.341998413095445,"ok"
"S6_linear_high_noise",15,21070015,1,"scenario_matched_gap_adjusted_did","linear_gap",2,0.356841690261092,0.57583397469142,0.218992284430328,2.35684169026109,1.78100771556967,-0.218992284430328,0.218992284430328,0.0479576206400136,0.0575833974691419,NA,0.389253194459798,"ok"
"S6_linear_high_noise",16,21070016,1,"scenario_matched_gap_adjusted_did","linear_gap",2,0.0637512775028443,0.804687327231822,0.740936049728978,2.06375127750284,1.25906395027102,-0.740936049728978,0.740936049728978,0.548986229787982,0.0804687327231822,NA,0.363004803785279,"ok"
"S6_linear_high_noise",17,21070017,1,"scenario_matched_gap_adjusted_did","linear_gap",2,0.207764953971903,0.0362726921153567,-0.171492261856546,2.2077649539719,2.17149226185655,0.171492261856546,0.171492261856546,0.0294095958766741,0.00362726921153565,NA,0.359201429488573,"ok"
"S6_linear_high_noise",18,21070018,1,"scenario_matched_gap_adjusted_did","linear_gap",2,0.26050436086503,0.173795997885542,-0.0867083629794884,2.26050436086503,2.08670836297949,0.0867083629794889,0.0867083629794889,0.0075183402105828,0.0173795997885542,NA,0.248642553954732,"ok"
"S6_linear_high_noise",19,21070019,1,"scenario_matched_gap_adjusted_did","linear_gap",2,-0.0682849343780182,0.437359072973766,0.505644007351785,1.93171506562198,1.49435599264822,-0.505644007351785,0.505644007351785,0.255675862170772,0.0437359072973766,NA,0.348012649374148,"ok"
"S6_linear_high_noise",20,21070020,1,"scenario_matched_gap_adjusted_did","linear_gap",2,0.070136955430859,0.0991850325590578,0.0290480771281988,2.07013695543086,1.9709519228718,-0.0290480771281991,0.0290480771281991,0.000843790784845805,0.00991850325590578,NA,0.330062777945653,"ok"
"S6_linear_high_noise",21,21070021,1,"scenario_matched_gap_adjusted_did","linear_gap",2,0.0698430476785886,0.07117067422603,0.00132762654744134,2.06984304767859,1.99867237345256,-0.00132762654744134,0.00132762654744134,1.76259224947101e-06,0.00711706742260298,NA,0.254975547668953,"ok"
"S6_linear_high_noise",22,21070022,1,"scenario_matched_gap_adjusted_did","linear_gap",2,0.0820096043024477,-0.00354144325908601,-0.0855510475615338,2.08200960430245,2.08555104756153,0.085551047561534,0.085551047561534,0.00731898173887585,-0.000354144325908639,NA,0.334457994379068,"ok"
"S6_linear_high_noise",23,21070023,1,"scenario_matched_gap_adjusted_did","linear_gap",2,0.18487335273963,-0.913416923176104,-1.09829027591573,2.18487335273963,3.09829027591573,1.09829027591573,1.09829027591573,1.20624153017106,-0.0913416923176104,NA,0.359590317075729,"ok"
"S6_linear_high_noise",24,21070024,1,"scenario_matched_gap_adjusted_did","linear_gap",2,0.35112464549959,0.410920860813262,0.0597962153136719,2.35112464549959,1.94020378468633,-0.0597962153136717,0.0597962153136717,0.00357558736583899,0.0410920860813262,NA,0.375834294539069,"ok"
"S6_linear_high_noise",25,21070025,1,"scenario_matched_gap_adjusted_did","linear_gap",2,0.131985349222107,0.603825481860478,0.47184013263837,2.13198534922211,1.52815986736163,-0.471840132638371,0.471840132638371,0.222633110768195,0.0603825481860478,NA,0.52106426904894,"ok"
"S6_linear_high_noise",26,21070026,1,"scenario_matched_gap_adjusted_did","linear_gap",2,0.349707797143494,0.693725582669267,0.344017785525773,2.34970779714349,1.65598221447423,-0.344017785525773,0.344017785525773,0.118348236758057,0.0693725582669266,NA,0.388119960295988,"ok"
"S6_linear_high_noise",27,21070027,1,"scenario_matched_gap_adjusted_did","linear_gap",2,0.114189047953557,-0.189333411053774,-0.30352245900733,2.11418904795356,2.30352245900733,0.30352245900733,0.30352245900733,0.0921258831218566,-0.0189333411053773,NA,0.216159470385311,"ok"
"S6_linear_high_noise",28,21070028,1,"scenario_matched_gap_adjusted_did","linear_gap",2,0.275721548188856,0.188279378654998,-0.0874421695338574,2.27572154818886,2.08744216953386,0.0874421695338574,0.0874421695338574,0.00764613301278786,0.0188279378654998,NA,0.483921840104083,"ok"
"S6_linear_high_noise",29,21070029,1,"scenario_matched_gap_adjusted_did","linear_gap",2,0.251816074890657,-0.239408939254933,-0.49122501414559,2.25181607489066,2.49122501414559,0.49122501414559,0.49122501414559,0.241302014522336,-0.0239408939254933,NA,0.274231505927625,"ok"
"S6_linear_high_noise",30,21070030,1,"scenario_matched_gap_adjusted_did","linear_gap",2,-0.0224058933856754,0.154984311667577,0.177390205053253,1.97759410661432,1.82260979494675,-0.177390205053253,0.177390205053253,0.0314672848488351,0.0154984311667577,NA,0.329603542008029,"ok"
"S6_linear_high_noise",31,21070031,1,"scenario_matched_gap_adjusted_did","linear_gap",2,0.165125208869233,0.218444132853452,0.0533189239842189,2.16512520886923,1.94668107601578,-0.0533189239842187,0.0533189239842187,0.00284290765483489,0.0218444132853452,NA,0.393736339917203,"ok"
"S6_linear_high_noise",32,21070032,1,"scenario_matched_gap_adjusted_did","linear_gap",2,0.196368605654653,0.299100138156957,0.102731532502304,2.19636860565465,1.8972684674977,-0.102731532502303,0.102731532502303,0.0105537677702718,0.0299100138156957,NA,0.301728717275523,"ok"
"S6_linear_high_noise",33,21070033,1,"scenario_matched_gap_adjusted_did","linear_gap",2,0.225447570027345,0.392636385440038,0.167188815412693,2.22544757002734,1.83281118458731,-0.167188815412693,0.167188815412693,0.0279520999990996,0.0392636385440038,NA,0.393982929417065,"ok"
"S6_linear_high_noise",34,21070034,1,"scenario_matched_gap_adjusted_did","linear_gap",2,0.440249656168688,0.405528145186533,-0.034721510982155,2.44024965616869,2.03472151098216,0.034721510982155,0.034721510982155,0.00120558332488391,0.0405528145186533,NA,0.525385936645601,"ok"
"S6_linear_high_noise",35,21070035,1,"scenario_matched_gap_adjusted_did","linear_gap",2,0.502704840205485,0.036690725658695,-0.46601411454679,2.50270484020548,2.46601411454679,0.46601411454679,0.46601411454679,0.217169154956828,0.0036690725658695,NA,0.40030049051446,"ok"
"S6_linear_high_noise",36,21070036,1,"scenario_matched_gap_adjusted_did","linear_gap",2,0.552555297520661,0.754888550101724,0.202333252581063,2.55255529752066,1.79766674741894,-0.202333252581063,0.202333252581063,0.0409387451000321,0.0754888550101724,NA,0.303060585390596,"ok"
"S6_linear_high_noise",37,21070037,1,"scenario_matched_gap_adjusted_did","linear_gap",2,0.498106682032101,0.861192561041642,0.363085879009542,2.4981066820321,1.63691412099046,-0.363085879009542,0.363085879009542,0.131831355536132,0.0861192561041642,NA,0.531614193346804,"ok"
"S6_linear_high_noise",38,21070038,1,"scenario_matched_gap_adjusted_did","linear_gap",2,0.203483591020639,0.520041673553475,0.316558082532835,2.20348359102064,1.68344191746716,-0.316558082532836,0.316558082532836,0.100209019616866,0.0520041673553474,NA,0.352798161102637,"ok"
"S6_linear_high_noise",39,21070039,1,"scenario_matched_gap_adjusted_did","linear_gap",2,-0.233045127527098,0.637392648750482,0.870437776277581,1.7669548724729,1.12956222372242,-0.870437776277581,0.870437776277581,0.757661922371059,0.0637392648750482,NA,0.350491351318912,"ok"
"S6_linear_high_noise",40,21070040,1,"scenario_matched_gap_adjusted_did","linear_gap",2,0.329816980501938,-0.383547152072242,-0.71336413257418,2.32981698050194,2.71336413257418,0.71336413257418,0.71336413257418,0.508888385643312,-0.0383547152072242,NA,0.389237106993027,"ok"
"S6_linear_high_noise",41,21070041,1,"scenario_matched_gap_adjusted_did","linear_gap",2,0.626418567285928,0.32196588502717,-0.304452682258758,2.62641856728593,2.30445268225876,0.304452682258758,0.304452682258758,0.0926914357345524,0.032196588502717,NA,0.460817138189989,"ok"
"S6_linear_high_noise",42,21070042,1,"scenario_matched_gap_adjusted_did","linear_gap",2,0.46244667761686,0.239030671336766,-0.223416006280094,2.46244667761686,2.22341600628009,0.223416006280094,0.223416006280094,0.049914711862147,0.0239030671336766,NA,0.500216848906165,"ok"
"S6_linear_high_noise",43,21070043,1,"scenario_matched_gap_adjusted_did","linear_gap",2,0.248105188805558,0.553302703151112,0.305197514345554,2.24810518880556,1.69480248565445,-0.305197514345554,0.305197514345554,0.0931455227627046,0.0553302703151112,NA,0.428733585426707,"ok"
"S6_linear_high_noise",44,21070044,1,"scenario_matched_gap_adjusted_did","linear_gap",2,0.387686133031193,-0.314088212893101,-0.701774345924294,2.38768613303119,2.70177434592429,0.701774345924294,0.701774345924294,0.492487232597471,-0.0314088212893101,NA,0.449727600279408,"ok"
"S6_linear_high_noise",45,21070045,1,"scenario_matched_gap_adjusted_did","linear_gap",2,0.112536274715819,0.459378036629335,0.346841761913516,2.11253627471582,1.65315823808648,-0.346841761913516,0.346841761913516,0.120299207807272,0.0459378036629335,NA,0.282169912393848,"ok"
"S6_linear_high_noise",46,21070046,1,"scenario_matched_gap_adjusted_did","linear_gap",2,0.32010142448994,0.516660903966176,0.196559479476235,2.32010142448994,1.80344052052376,-0.196559479476235,0.196559479476235,0.0386356289719686,0.0516660903966175,NA,0.302020285058719,"ok"
"S6_linear_high_noise",47,21070047,1,"scenario_matched_gap_adjusted_did","linear_gap",2,0.119998908573986,0.379088510776302,0.259089602202316,2.11999890857399,1.74091039779768,-0.259089602202317,0.259089602202317,0.0671274219693548,0.0379088510776302,NA,0.312009922650788,"ok"
"S6_linear_high_noise",48,21070048,1,"scenario_matched_gap_adjusted_did","linear_gap",2,0.452573070516965,0.861241788240361,0.408668717723396,2.45257307051696,1.5913312822766,-0.408668717723396,0.408668717723396,0.167010120845685,0.0861241788240361,NA,0.390415878440677,"ok"
"S6_linear_high_noise",49,21070049,1,"scenario_matched_gap_adjusted_did","linear_gap",2,0.408101790240342,0.548613430712397,0.140511640472055,2.40810179024034,1.85948835952795,-0.140511640472055,0.140511640472055,0.019743521108148,0.0548613430712397,NA,0.767819265170646,"ok"
"S6_linear_high_noise",50,21070050,1,"scenario_matched_gap_adjusted_did","linear_gap",2,0.515183347635993,-0.781047252680884,-1.29623060031688,2.51518334763599,3.29623060031688,1.29623060031688,1.29623060031688,1.68021376919785,-0.0781047252680884,NA,0.356104209225656,"ok"
"S6_linear_high_noise",51,21070051,1,"scenario_matched_gap_adjusted_did","linear_gap",2,0.218447448849251,0.465935166683878,0.247487717834626,2.21844744884925,1.75251228216537,-0.247487717834627,0.247487717834627,0.0612501704789918,0.0465935166683877,NA,0.313915318304638,"ok"
"S6_linear_high_noise",52,21070052,1,"scenario_matched_gap_adjusted_did","linear_gap",2,0.213419393149896,0.0202269173859193,-0.193192475763977,2.2134193931499,2.19319247576398,0.193192475763977,0.193192475763977,0.0373233326918148,0.00202269173859193,NA,0.292101290632695,"ok"
"S6_linear_high_noise",53,21070053,1,"scenario_matched_gap_adjusted_did","linear_gap",2,0.0251921433781663,0.258633600970757,0.23344145759259,2.02519214337817,1.76655854240741,-0.23344145759259,0.23344145759259,0.0544949141229532,0.0258633600970757,NA,0.387772266058914,"ok"
"S6_linear_high_noise",54,21070054,1,"scenario_matched_gap_adjusted_did","linear_gap",2,0.0142603774705861,0.132730203427699,0.118469825957112,2.01426037747059,1.88153017404289,-0.118469825957112,0.118469825957112,0.0140350996623085,0.0132730203427698,NA,0.330529795748598,"ok"
"S6_linear_high_noise",55,21070055,1,"scenario_matched_gap_adjusted_did","linear_gap",2,0.0418742084459999,-0.138264649962543,-0.180138858408543,2.041874208446,2.18013885840854,0.180138858408543,0.180138858408543,0.0324500083087332,-0.0138264649962543,NA,0.499153315757806,"ok"
"S6_linear_high_noise",56,21070056,1,"scenario_matched_gap_adjusted_did","linear_gap",2,0.168504300421906,1.09464715617821,0.9261428557563,2.16850430042191,1.0738571442437,-0.9261428557563,0.9261428557563,0.857740589268435,0.109464715617821,NA,0.262503837881013,"ok"
"S6_linear_high_noise",57,21070057,1,"scenario_matched_gap_adjusted_did","linear_gap",2,0.516343206099923,0.442425122678914,-0.0739180834210089,2.51634320609992,2.07391808342101,0.0739180834210087,0.0739180834210087,0.0054638830566352,0.0442425122678914,NA,0.359976952142062,"ok"
"S6_linear_high_noise",58,21070058,1,"scenario_matched_gap_adjusted_did","linear_gap",2,0.180061106151127,0.0958433039043781,-0.084217802246749,2.18006110615113,2.08421780224675,0.0842178022467492,0.0842178022467492,0.00709263821527256,0.0095843303904378,NA,0.385396844065543,"ok"
"S6_linear_high_noise",59,21070059,1,"scenario_matched_gap_adjusted_did","linear_gap",2,0.0721368228034,-0.387776366108824,-0.459913188912224,2.0721368228034,2.45991318891222,0.459913188912224,0.459913188912224,0.211520141335411,-0.0387776366108824,NA,0.431625798367635,"ok"
"S6_linear_high_noise",60,21070060,1,"scenario_matched_gap_adjusted_did","linear_gap",2,0.0534005997776282,-0.569194974734625,-0.622595574512253,2.05340059977763,2.62259557451225,0.622595574512253,0.622595574512253,0.387625249402243,-0.0569194974734625,NA,0.352159091209394,"ok"
"S6_linear_high_noise",61,21070061,1,"scenario_matched_gap_adjusted_did","linear_gap",2,-0.19211715900906,0.600834682244498,0.792951841253558,1.80788284099094,1.20704815874644,-0.792951841253558,0.792951841253558,0.628772622547408,0.0600834682244498,NA,0.404072238469362,"ok"
"S6_linear_high_noise",62,21070062,1,"scenario_matched_gap_adjusted_did","linear_gap",2,0.212114009572033,0.212487784552653,0.000373774980620134,2.21211400957203,1.99962622501938,-0.000373774980620079,0.000373774980620079,1.3970773613754e-07,0.0212487784552653,NA,0.324722148684418,"ok"
"S6_linear_high_noise",63,21070063,1,"scenario_matched_gap_adjusted_did","linear_gap",2,0.358453242187107,1.06190482464855,0.703451582461446,2.35845324218711,1.29654841753855,-0.703451582461446,0.703451582461446,0.494844128867513,0.106190482464855,NA,0.335100271816426,"ok"
"S6_linear_high_noise",64,21070064,1,"scenario_matched_gap_adjusted_did","linear_gap",2,0.262211846201371,0.555018736916284,0.292806890714913,2.26221184620137,1.70719310928509,-0.292806890714913,0.292806890714913,0.0857358752501349,0.0555018736916284,NA,0.432142673826859,"ok"
"S6_linear_high_noise",65,21070065,1,"scenario_matched_gap_adjusted_did","linear_gap",2,0.774594530037838,0.192367564275191,-0.582226965762648,2.77459453003784,2.58222696576265,0.582226965762648,0.582226965762648,0.338988239661179,0.0192367564275191,NA,0.407005909768812,"ok"
"S6_linear_high_noise",66,21070066,1,"scenario_matched_gap_adjusted_did","linear_gap",2,0.143556260462577,0.600916574658256,0.457360314195679,2.14355626046258,1.54263968580432,-0.457360314195679,0.457360314195679,0.20917845700117,0.0600916574658256,NA,0.265933398680947,"ok"
"S6_linear_high_noise",67,21070067,1,"scenario_matched_gap_adjusted_did","linear_gap",2,0.0446621472852034,0.540724936037932,0.496062788752728,2.0446621472852,1.50393721124727,-0.496062788752728,0.496062788752728,0.246078290385134,0.0540724936037932,NA,0.464592292511902,"ok"
"S6_linear_high_noise",68,21070068,1,"scenario_matched_gap_adjusted_did","linear_gap",2,-0.0050573509177731,0.546158265306437,0.55121561622421,1.99494264908223,1.44878438377579,-0.55121561622421,0.55121561622421,0.303838655569436,0.0546158265306437,NA,0.511312999553776,"ok"
"S6_linear_high_noise",69,21070069,1,"scenario_matched_gap_adjusted_did","linear_gap",2,0.00307668248878637,0.0434412298066482,0.0403645473178619,2.00307668248879,1.95963545268214,-0.0403645473178618,0.0403645473178618,0.0016292966801759,0.00434412298066482,NA,0.337534105639934,"ok"
"S6_linear_high_noise",70,21070070,1,"scenario_matched_gap_adjusted_did","linear_gap",2,-0.0684130356955671,0.697551455817389,0.765964491512956,1.93158696430443,1.23403550848704,-0.765964491512956,0.765964491512956,0.586701602258702,0.0697551455817389,NA,0.365900568989829,"ok"
"S6_linear_high_noise",71,21070071,1,"scenario_matched_gap_adjusted_did","linear_gap",2,0.11490355599835,0.100016438413198,-0.0148871175851518,2.11490355599835,2.01488711758515,0.0148871175851517,0.0148871175851517,0.000221626269994133,0.0100016438413198,NA,0.365024113292827,"ok"
"S6_linear_high_noise",72,21070072,1,"scenario_matched_gap_adjusted_did","linear_gap",2,-0.246490888304046,0.314825576234773,0.56131646453882,1.75350911169595,1.43868353546118,-0.56131646453882,0.56131646453882,0.31507617336236,0.0314825576234773,NA,0.306917838947236,"ok"
"S6_linear_high_noise",73,21070073,1,"scenario_matched_gap_adjusted_did","linear_gap",2,0.355389226596681,0.526278363929322,0.170889137332641,2.35538922659668,1.82911086266736,-0.170889137332641,0.170889137332641,0.0292030972582943,0.0526278363929322,NA,0.282398895180476,"ok"
"S6_linear_high_noise",74,21070074,1,"scenario_matched_gap_adjusted_did","linear_gap",2,0.274002372156738,0.589506851980977,0.31550447982424,2.27400237215674,1.68449552017576,-0.315504479824239,0.315504479824239,0.0995430767891639,0.0589506851980977,NA,0.405531153710083,"ok"
"S6_linear_high_noise",75,21070075,1,"scenario_matched_gap_adjusted_did","linear_gap",2,0.485162752255664,0.219738704801276,-0.265424047454389,2.48516275225566,2.26542404745439,0.265424047454389,0.265424047454389,0.0704499249670696,0.0219738704801276,NA,0.397823757078588,"ok"
"S6_linear_high_noise",76,21070076,1,"scenario_matched_gap_adjusted_did","linear_gap",2,0.0983215703016169,0.472614669148081,0.374293098846465,2.09832157030162,1.62570690115354,-0.374293098846465,0.374293098846465,0.140095323844089,0.0472614669148081,NA,0.415999960515271,"ok"
"S6_linear_high_noise",77,21070077,1,"scenario_matched_gap_adjusted_did","linear_gap",2,-0.230681922649159,0.0233841783701821,0.254066101019341,1.76931807735084,1.74593389898066,-0.254066101019341,0.254066101019341,0.06454958368717,0.0023384178370182,NA,0.316766285904332,"ok"
"S6_linear_high_noise",78,21070078,1,"scenario_matched_gap_adjusted_did","linear_gap",2,0.483090570358984,0.33671123592837,-0.146379334430614,2.48309057035898,2.14637933443061,0.146379334430614,0.146379334430614,0.0214269095483496,0.033671123592837,NA,0.358292688530838,"ok"
"S6_linear_high_noise",79,21070079,1,"scenario_matched_gap_adjusted_did","linear_gap",2,0.00904403630744938,-0.140495272163739,-0.149539308471188,2.00904403630745,2.14953930847119,0.149539308471188,0.149539308471188,0.0223620047780411,-0.0140495272163739,NA,0.29922039721977,"ok"
"S6_linear_high_noise",80,21070080,1,"scenario_matched_gap_adjusted_did","linear_gap",2,0.543553843830254,0.519532784181961,-0.024021059648293,2.54355384383025,2.02402105964829,0.0240210596482933,0.0240210596482933,0.000577011306626863,0.0519532784181961,NA,0.5377045176834,"ok"
"S6_linear_high_noise",81,21070081,1,"scenario_matched_gap_adjusted_did","linear_gap",2,0.465716742693788,0.234950711513022,-0.230766031180766,2.46571674269379,2.23076603118077,0.230766031180766,0.230766031180766,0.0532529611469223,0.0234950711513022,NA,0.401483485786645,"ok"
"S6_linear_high_noise",82,21070082,1,"scenario_matched_gap_adjusted_did","linear_gap",2,0.231183713811751,-0.300120170915846,-0.531303884727597,2.23118371381175,2.5313038847276,0.531303884727597,0.531303884727597,0.282283817926635,-0.0300120170915846,NA,0.525933722264907,"ok"
"S6_linear_high_noise",83,21070083,1,"scenario_matched_gap_adjusted_did","linear_gap",2,0.41575061512044,0.000245507891196317,-0.415505107229244,2.41575061512044,2.41550510722924,0.415505107229244,0.415505107229244,0.172644494133586,2.4550789119635e-05,NA,0.386120374569264,"ok"
"S6_linear_high_noise",84,21070084,1,"scenario_matched_gap_adjusted_did","linear_gap",2,0.373224977274224,0.26083457482986,-0.112390402444364,2.37322497727422,2.11239040244436,0.112390402444364,0.112390402444364,0.012631602561606,0.026083457482986,NA,0.203570408078564,"ok"
"S6_linear_high_noise",85,21070085,1,"scenario_matched_gap_adjusted_did","linear_gap",2,-0.032450283150274,-0.16922466354834,-0.136774380398066,1.96754971684973,2.13677438039807,0.136774380398066,0.136774380398066,0.0187072311332748,-0.016922466354834,NA,0.394444722037607,"ok"
"S6_linear_high_noise",86,21070086,1,"scenario_matched_gap_adjusted_did","linear_gap",2,0.588842886879454,-0.0682363222441648,-0.657079209123619,2.58884288687945,2.65707920912362,0.657079209123619,0.657079209123619,0.431753087062521,-0.00682363222441648,NA,0.475903526385578,"ok"
"S6_linear_high_noise",87,21070087,1,"scenario_matched_gap_adjusted_did","linear_gap",2,0.0760413780013056,0.308490103133611,0.232448725132305,2.07604137800131,1.76755127486769,-0.232448725132305,0.232448725132305,0.0540324098156339,0.0308490103133611,NA,0.447398701144169,"ok"
"S6_linear_high_noise",88,21070088,1,"scenario_matched_gap_adjusted_did","linear_gap",2,0.119409435636423,0.66179675475776,0.542387319121337,2.11940943563642,1.45761268087866,-0.542387319121337,0.542387319121337,0.294184003943631,0.066179675475776,NA,0.348392853269884,"ok"
"S6_linear_high_noise",89,21070089,1,"scenario_matched_gap_adjusted_did","linear_gap",2,0.219661984764302,0.102686954704596,-0.116975030059706,2.2196619847643,2.11697503005971,0.116975030059706,0.116975030059706,0.0136831576574691,0.0102686954704596,NA,0.274890352352781,"ok"
"S6_linear_high_noise",90,21070090,1,"scenario_matched_gap_adjusted_did","linear_gap",2,-0.0401354828295383,0.117525891324497,0.157661374154035,1.95986451717046,1.84233862584596,-0.157661374154035,0.157661374154035,0.0248571089001387,0.0117525891324497,NA,0.366159469421282,"ok"
"S6_linear_high_noise",91,21070091,1,"scenario_matched_gap_adjusted_did","linear_gap",2,0.244684565010295,0.500606786799013,0.255922221788718,2.24468456501029,1.74407777821128,-0.255922221788718,0.255922221788718,0.0654961836052738,0.0500606786799013,NA,0.411761519451043,"ok"
"S6_linear_high_noise",92,21070092,1,"scenario_matched_gap_adjusted_did","linear_gap",2,0.323055721340583,-0.0345753597164244,-0.357631081057008,2.32305572134058,2.35763108105701,0.357631081057008,0.357631081057008,0.127899990138004,-0.00345753597164244,NA,0.232145124155331,"ok"
"S6_linear_high_noise",93,21070093,1,"scenario_matched_gap_adjusted_did","linear_gap",2,0.208667815124382,0.746980598279063,0.538312783154681,2.20866781512438,1.46168721684532,-0.538312783154681,0.538312783154681,0.289780652507739,0.0746980598279063,NA,0.55383913706229,"ok"
"S6_linear_high_noise",94,21070094,1,"scenario_matched_gap_adjusted_did","linear_gap",2,0.333948439462794,0.464538121141233,0.130589681678439,2.33394843946279,1.86941031832156,-0.130589681678439,0.130589681678439,0.017053664960876,0.0464538121141233,NA,0.458761673261318,"ok"
"S6_linear_high_noise",95,21070095,1,"scenario_matched_gap_adjusted_did","linear_gap",2,0.302957207122219,0.665590735214538,0.362633528092319,2.30295720712222,1.63736647190768,-0.362633528092319,0.362633528092319,0.131503075696683,0.0665590735214538,NA,0.409246179954885,"ok"
"S6_linear_high_noise",96,21070096,1,"scenario_matched_gap_adjusted_did","linear_gap",2,0.112993258898768,0.344230451286596,0.231237192387828,2.11299325889877,1.76876280761217,-0.231237192387828,0.231237192387828,0.0534706391434054,0.0344230451286596,NA,0.322468689200281,"ok"
"S6_linear_high_noise",97,21070097,1,"scenario_matched_gap_adjusted_did","linear_gap",2,0.16926091728171,-0.121969658357785,-0.291230575639495,2.16926091728171,2.2912305756395,0.291230575639495,0.291230575639495,0.0848152481873118,-0.0121969658357785,NA,0.260419588764214,"ok"
"S6_linear_high_noise",98,21070098,1,"scenario_matched_gap_adjusted_did","linear_gap",2,0.614055893767381,0.412182520094562,-0.201873373672819,2.61405589376738,2.20187337367282,0.201873373672819,0.201873373672819,0.0407528589980456,0.0412182520094562,NA,0.505710508452499,"ok"
"S6_linear_high_noise",99,21070099,1,"scenario_matched_gap_adjusted_did","linear_gap",2,0.375042532474117,0.31972038985283,-0.055322142621287,2.37504253247412,2.05532214262129,0.0553221426212871,0.0553221426212871,0.00306053946421003,0.031972038985283,NA,0.334426236549772,"ok"
"S6_linear_high_noise",100,21070100,1,"scenario_matched_gap_adjusted_did","linear_gap",2,0.336830601091741,0.259837478678946,-0.0769931224127943,2.33683060109174,2.07699312241279,0.0769931224127944,0.0769931224127944,0.00592794089887155,0.0259837478678946,NA,0.469617095781525,"ok"
"S6_linear_high_noise",101,21070101,1,"scenario_matched_gap_adjusted_did","linear_gap",2,0.0798082980019295,-0.0143180534997562,-0.0941263515016857,2.07980829800193,2.09412635150169,0.0941263515016857,0.0941263515016857,0.00885977004701889,-0.00143180534997564,NA,0.282495499111322,"ok"
"S6_linear_high_noise",102,21070102,1,"scenario_matched_gap_adjusted_did","linear_gap",2,0.263092919551905,0.15264278043214,-0.110450139119765,2.2630929195519,2.11045013911976,0.110450139119765,0.110450139119765,0.0121992332315754,0.015264278043214,NA,0.436178577630921,"ok"
"S6_linear_high_noise",103,21070103,1,"scenario_matched_gap_adjusted_did","linear_gap",2,0.265493346532001,-0.0185807612648632,-0.284074107796864,2.265493346532,2.28407410779686,0.284074107796864,0.284074107796864,0.0806980987205842,-0.00185807612648632,NA,0.480002124360735,"ok"
"S6_linear_high_noise",104,21070104,1,"scenario_matched_gap_adjusted_did","linear_gap",2,0.282484757006475,-0.12274665083147,-0.405231407837945,2.28248475700648,2.40523140783795,0.405231407837946,0.405231407837946,0.164212493898324,-0.012274665083147,NA,0.442926039299292,"ok"
"S6_linear_high_noise",105,21070105,1,"scenario_matched_gap_adjusted_did","linear_gap",2,0.305939424845792,0.498324826240608,0.192385401394816,2.30593942484579,1.80761459860518,-0.192385401394816,0.192385401394816,0.0370121426698444,0.0498324826240608,NA,0.404234809817395,"ok"
"S6_linear_high_noise",106,21070106,1,"scenario_matched_gap_adjusted_did","linear_gap",2,0.412635859292631,-0.405828272107212,-0.818464131399842,2.41263585929263,2.81846413139984,0.818464131399843,0.818464131399843,0.669883534388099,-0.0405828272107212,NA,0.337064223440306,"ok"
"S6_linear_high_noise",107,21070107,1,"scenario_matched_gap_adjusted_did","linear_gap",2,0.169095237073457,-0.566917716025374,-0.736012953098831,2.16909523707346,2.73601295309883,0.736012953098831,0.736012953098831,0.541715067129261,-0.0566917716025374,NA,0.344089138410066,"ok"
"S6_linear_high_noise",108,21070108,1,"scenario_matched_gap_adjusted_did","linear_gap",2,0.108652836089145,-0.404171284905697,-0.512824120994842,2.10865283608914,2.51282412099484,0.512824120994842,0.512824120994842,0.262988579074132,-0.0404171284905697,NA,0.522691554112337,"ok"
"S6_linear_high_noise",109,21070109,1,"scenario_matched_gap_adjusted_did","linear_gap",2,0.433039445744009,0.0944775497982816,-0.338561895945727,2.43303944574401,2.33856189594573,0.338561895945728,0.338561895945728,0.114624157386366,0.00944775497982817,NA,0.309250636137333,"ok"
"S6_linear_high_noise",110,21070110,1,"scenario_matched_gap_adjusted_did","linear_gap",2,0.284706665366167,0.695970347160229,0.411263681794062,2.28470666536617,1.58873631820594,-0.411263681794062,0.411263681794062,0.169137815962808,0.0695970347160229,NA,0.508651852013458,"ok"
"S6_linear_high_noise",111,21070111,1,"scenario_matched_gap_adjusted_did","linear_gap",2,0.657114574450408,0.122032647090368,-0.535081927360039,2.65711457445041,2.53508192736004,0.535081927360039,0.535081927360039,0.286312668987334,0.0122032647090368,NA,0.337292451821678,"ok"
"S6_linear_high_noise",112,21070112,1,"scenario_matched_gap_adjusted_did","linear_gap",2,0.393217500793726,0.700311416807284,0.307093916013558,2.39321750079373,1.69290608398644,-0.307093916013558,0.307093916013558,0.0943066732525425,0.0700311416807285,NA,0.60346155435935,"ok"
"S6_linear_high_noise",113,21070113,1,"scenario_matched_gap_adjusted_did","linear_gap",2,-0.0242901359559575,1.03207787344193,1.05636800939789,1.97570986404404,0.943631990602114,-1.05636800939789,1.05636800939789,1.11591337127925,0.103207787344193,NA,0.228486360047175,"ok"
"S6_linear_high_noise",114,21070114,1,"scenario_matched_gap_adjusted_did","linear_gap",2,0.225122887585215,0.285520284254782,0.0603973966695679,2.22512288758521,1.93960260333043,-0.0603973966695679,0.0603973966695679,0.00364784552446113,0.0285520284254783,NA,0.31555273064124,"ok"
"S6_linear_high_noise",115,21070115,1,"scenario_matched_gap_adjusted_did","linear_gap",2,0.0022780796963128,0.265541753931803,0.263263674235491,2.00227807969631,1.73673632576451,-0.263263674235491,0.263263674235491,0.0693077621719706,0.0265541753931803,NA,0.392942294322863,"ok"
"S6_linear_high_noise",116,21070116,1,"scenario_matched_gap_adjusted_did","linear_gap",2,0.42123073048482,0.307184079532194,-0.114046650952626,2.42123073048482,2.11404665095263,0.114046650952626,0.114046650952626,0.0130066385935101,0.0307184079532194,NA,0.370124803833502,"ok"
"S6_linear_high_noise",117,21070117,1,"scenario_matched_gap_adjusted_did","linear_gap",2,-0.268884559375266,0.334912230648784,0.60379679002405,1.73111544062473,1.39620320997595,-0.60379679002405,0.60379679002405,0.364570563643347,0.0334912230648784,NA,0.45007187777026,"ok"
"S6_linear_high_noise",118,21070118,1,"scenario_matched_gap_adjusted_did","linear_gap",2,0.315198503078048,0.49302475796573,0.177826254887682,2.31519850307805,1.82217374511232,-0.177826254887682,0.177826254887682,0.0316221769273787,0.049302475796573,NA,0.465506411975493,"ok"
"S6_linear_high_noise",119,21070119,1,"scenario_matched_gap_adjusted_did","linear_gap",2,0.220124494948454,0.617617897732627,0.397493402784172,2.22012449494845,1.60250659721583,-0.397493402784172,0.397493402784172,0.15800100525694,0.0617617897732627,NA,0.391841535292093,"ok"
"S6_linear_high_noise",120,21070120,1,"scenario_matched_gap_adjusted_did","linear_gap",2,0.314338065124933,0.0947354527977216,-0.219602612327212,2.31433806512493,2.21960261232721,0.219602612327212,0.219602612327212,0.0482253073409356,0.00947354527977215,NA,0.246290866936977,"ok"
"S6_linear_high_noise",121,21070121,1,"scenario_matched_gap_adjusted_did","linear_gap",2,-0.0125688052108617,0.250246791558847,0.262815596769709,1.98743119478914,1.73718440323029,-0.262815596769709,0.262815596769709,0.0690720379054185,0.0250246791558847,NA,0.437268132921273,"ok"
"S6_linear_high_noise",122,21070122,1,"scenario_matched_gap_adjusted_did","linear_gap",2,0.34472353747285,0.660647008651402,0.315923471178552,2.34472353747285,1.68407652882145,-0.315923471178552,0.315923471178552,0.0998076396415056,0.0660647008651402,NA,0.258161670068152,"ok"
"S6_linear_high_noise",123,21070123,1,"scenario_matched_gap_adjusted_did","linear_gap",2,0.0339844159047343,0.456968973646652,0.422984557741918,2.03398441590473,1.57701544225808,-0.422984557741918,0.422984557741918,0.178915936088126,0.0456968973646652,NA,0.489960741457418,"ok"
"S6_linear_high_noise",124,21070124,1,"scenario_matched_gap_adjusted_did","linear_gap",2,0.103042852935971,-0.134513435680642,-0.237556288616613,2.10304285293597,2.23755628861661,0.237556288616613,0.237556288616613,0.0564329902612997,-0.0134513435680642,NA,0.40008714289294,"ok"
"S6_linear_high_noise",125,21070125,1,"scenario_matched_gap_adjusted_did","linear_gap",2,-0.0962835557653264,-0.0985216091034263,-0.00223805333809984,1.90371644423467,2.0022380533381,0.0022380533380999,0.0022380533380999,5.0088827441801e-06,-0.00985216091034263,NA,0.337695912791706,"ok"
"S6_linear_high_noise",126,21070126,1,"scenario_matched_gap_adjusted_did","linear_gap",2,0.420084797310657,-0.0784348416641906,-0.498519638974848,2.42008479731066,2.49851963897485,0.498519638974848,0.498519638974848,0.248521830443612,-0.00784348416641905,NA,0.375988998198989,"ok"
"S6_linear_high_noise",127,21070127,1,"scenario_matched_gap_adjusted_did","linear_gap",2,0.0762613567211045,0.308317489176555,0.23205613245545,2.0762613567211,1.76794386754455,-0.23205613245545,0.23205613245545,0.0538500486101813,0.0308317489176555,NA,0.32980015571468,"ok"
"S6_linear_high_noise",128,21070128,1,"scenario_matched_gap_adjusted_did","linear_gap",2,-0.0503568445109003,0.742656518901585,0.793013363412486,1.9496431554891,1.20698663658751,-0.793013363412485,0.793013363412485,0.628870194550783,0.0742656518901585,NA,0.525938938889827,"ok"
"S6_linear_high_noise",129,21070129,1,"scenario_matched_gap_adjusted_did","linear_gap",2,0.33984921428994,-0.585024815375472,-0.924874029665412,2.33984921428994,2.92487402966541,0.924874029665411,0.924874029665411,0.855391970749536,-0.0585024815375472,NA,0.443226778928664,"ok"
"S6_linear_high_noise",130,21070130,1,"scenario_matched_gap_adjusted_did","linear_gap",2,0.198421269315328,-0.673690905670189,-0.872112174985517,2.19842126931533,2.87211217498552,0.872112174985517,0.872112174985517,0.760579645757969,-0.0673690905670189,NA,0.321092948757166,"ok"
"S6_linear_high_noise",131,21070131,1,"scenario_matched_gap_adjusted_did","linear_gap",2,0.230567449602757,0.10218200470489,-0.128385444897867,2.23056744960276,2.12838544489787,0.128385444897867,0.128385444897867,0.0164828224616232,0.010218200470489,NA,0.285929137504052,"ok"
"S6_linear_high_noise",132,21070132,1,"scenario_matched_gap_adjusted_did","linear_gap",2,0.34725240014138,0.335446540091753,-0.0118058600496265,2.34725240014138,2.01180586004963,0.011805860049626,0.011805860049626,0.000139378331511356,0.0335446540091753,NA,0.42120993455442,"ok"
"S6_linear_high_noise",133,21070133,1,"scenario_matched_gap_adjusted_did","linear_gap",2,0.599973830204133,0.204868449213068,-0.395105380991066,2.59997383020413,2.39510538099107,0.395105380991066,0.395105380991066,0.156108262088095,0.0204868449213067,NA,0.35058697631206,"ok"
"S6_linear_high_noise",134,21070134,1,"scenario_matched_gap_adjusted_did","linear_gap",2,0.00954650785997413,0.284576527141372,0.275030019281398,2.00954650785997,1.7249699807186,-0.275030019281398,0.275030019281398,0.0756415115059261,0.0284576527141372,NA,0.363226916537099,"ok"
"S6_linear_high_noise",135,21070135,1,"scenario_matched_gap_adjusted_did","linear_gap",2,0.463158170881432,-0.539818360948688,-1.00297653183012,2.46315817088143,3.00297653183012,1.00297653183012,1.00297653183012,1.00596192340198,-0.0539818360948688,NA,0.269196961564599,"ok"
"S6_linear_high_noise",136,21070136,1,"scenario_matched_gap_adjusted_did","linear_gap",2,0.349477656394175,0.394448937087375,0.0449712806931996,2.34947765639418,1.9550287193068,-0.0449712806931997,0.0449712806931997,0.00202241608718655,0.0394448937087375,NA,0.403618949623533,"ok"
"S6_linear_high_noise",137,21070137,1,"scenario_matched_gap_adjusted_did","linear_gap",2,0.0573603312766757,0.49843225163584,0.441071920359165,2.05736033127668,1.55892807964084,-0.441071920359165,0.441071920359165,0.194544438929321,0.049843225163584,NA,0.493887271633217,"ok"
"S6_linear_high_noise",138,21070138,1,"scenario_matched_gap_adjusted_did","linear_gap",2,-0.0901749675036207,0.0143524080581962,0.104527375561817,1.90982503249638,1.89547262443818,-0.104527375561817,0.104527375561817,0.0109259722418411,0.00143524080581962,NA,0.475551478541418,"ok"
"S6_linear_high_noise",139,21070139,1,"scenario_matched_gap_adjusted_did","linear_gap",2,0.301928651330253,-0.112656860913978,-0.414585512244231,2.30192865133025,2.41458551224423,0.414585512244232,0.414585512244232,0.171881146962812,-0.0112656860913978,NA,0.348851393842933,"ok"
"S6_linear_high_noise",140,21070140,1,"scenario_matched_gap_adjusted_did","linear_gap",2,0.387195486216649,-0.20153463953987,-0.588730125756519,2.38719548621665,2.58873012575652,0.588730125756519,0.588730125756519,0.346603160973287,-0.020153463953987,NA,0.207140166748403,"ok"
"S6_linear_high_noise",141,21070141,1,"scenario_matched_gap_adjusted_did","linear_gap",2,0.399678432500424,0.494936710504036,0.0952582780036119,2.39967843250042,1.90474172199639,-0.095258278003612,0.095258278003612,0.00907413952821342,0.0494936710504036,NA,0.445978352646308,"ok"
"S6_linear_high_noise",142,21070142,1,"scenario_matched_gap_adjusted_did","linear_gap",2,0.349988853285786,0.578159257624101,0.228170404338314,2.34998885328579,1.77182959566169,-0.228170404338314,0.228170404338314,0.0520617334159097,0.0578159257624101,NA,0.361824721439413,"ok"
"S6_linear_high_noise",143,21070143,1,"scenario_matched_gap_adjusted_did","linear_gap",2,0.117052474223895,0.268653051766714,0.151600577542819,2.11705247422389,1.84839942245718,-0.15160057754282,0.15160057754282,0.0229827351113164,0.0268653051766714,NA,0.267574130927418,"ok"
"S6_linear_high_noise",144,21070144,1,"scenario_matched_gap_adjusted_did","linear_gap",2,0.385172625262731,0.88654210241025,0.501369477147519,2.38517262526273,1.49863052285248,-0.501369477147519,0.501369477147519,0.251371352615177,0.088654210241025,NA,0.543139713139197,"ok"
"S6_linear_high_noise",145,21070145,1,"scenario_matched_gap_adjusted_did","linear_gap",2,0.15667979205057,0.346694134224385,0.190014342173815,2.15667979205057,1.80998565782619,-0.190014342173815,0.190014342173815,0.0361054502317475,0.0346694134224385,NA,0.405549363396488,"ok"
"S6_linear_high_noise",146,21070146,1,"scenario_matched_gap_adjusted_did","linear_gap",2,0.327246254880411,0.381263254896147,0.0540170000157358,2.32724625488041,1.94598299998426,-0.0540170000157358,0.0540170000157358,0.00291783629070001,0.0381263254896147,NA,0.202142157044845,"ok"
"S6_linear_high_noise",147,21070147,1,"scenario_matched_gap_adjusted_did","linear_gap",2,0.135044240140972,0.412178670600863,0.277134430459891,2.13504424014097,1.72286556954011,-0.277134430459891,0.277134430459891,0.0768034925463282,0.0412178670600863,NA,0.515637019773937,"ok"
"S6_linear_high_noise",148,21070148,1,"scenario_matched_gap_adjusted_did","linear_gap",2,-0.0979538649182627,0.0606166883606299,0.158570553278893,1.90204613508174,1.84142944672111,-0.158570553278893,0.158570553278893,0.0251446203671741,0.00606166883606299,NA,0.389293408869995,"ok"
"S6_linear_high_noise",149,21070149,1,"scenario_matched_gap_adjusted_did","linear_gap",2,0.462284829137128,0.558944892292286,0.0966600631551582,2.46228482913713,1.90333993684484,-0.0966600631551584,0.0966600631551584,0.00934316780915921,0.0558944892292286,NA,0.310694282663618,"ok"
"S6_linear_high_noise",150,21070150,1,"scenario_matched_gap_adjusted_did","linear_gap",2,0.410658098740035,0.918377849628155,0.50771975088812,2.41065809874004,1.49228024911188,-0.50771975088812,0.50771975088812,0.257779345441894,0.0918377849628155,NA,0.343303119380233,"ok"
"S6_linear_high_noise",151,21070151,1,"scenario_matched_gap_adjusted_did","linear_gap",2,0.140764943713408,-0.428720788135073,-0.569485731848481,2.14076494371341,2.56948573184848,0.569485731848481,0.569485731848481,0.324313998779,-0.0428720788135073,NA,0.455695110519618,"ok"
"S6_linear_high_noise",152,21070152,1,"scenario_matched_gap_adjusted_did","linear_gap",2,0.204984617633852,0.00293463888845884,-0.202049978745393,2.20498461763385,2.20204997874539,0.202049978745392,0.202049978745392,0.0408241939110135,0.000293463888845883,NA,0.392977175866868,"ok"
"S6_linear_high_noise",153,21070153,1,"scenario_matched_gap_adjusted_did","linear_gap",2,0.220351846034286,-0.0887729395631337,-0.30912478559742,2.22035184603429,2.30912478559742,0.30912478559742,0.30912478559742,0.0955581330706507,-0.00887729395631337,NA,0.32195130221114,"ok"
"S6_linear_high_noise",154,21070154,1,"scenario_matched_gap_adjusted_did","linear_gap",2,0.407318211943647,0.0302088167835327,-0.377109395160114,2.40731821194365,2.37710939516011,0.377109395160114,0.377109395160114,0.142211495918027,0.00302088167835327,NA,0.355774955021367,"ok"
"S6_linear_high_noise",155,21070155,1,"scenario_matched_gap_adjusted_did","linear_gap",2,-0.167069269449701,0.4790030748861,0.646072344335801,1.8329307305503,1.3539276556642,-0.646072344335801,0.646072344335801,0.417409474115558,0.0479003074886099,NA,0.540620250187996,"ok"
"S6_linear_high_noise",156,21070156,1,"scenario_matched_gap_adjusted_did","linear_gap",2,-0.251097105462984,0.0972075587605738,0.348304664223558,1.74890289453702,1.65169533577644,-0.348304664223558,0.348304664223558,0.121316139119886,0.00972075587605738,NA,0.318396542574594,"ok"
"S6_linear_high_noise",157,21070157,1,"scenario_matched_gap_adjusted_did","linear_gap",2,0.465020859572192,0.437379265093604,-0.0276415944785876,2.46502085957219,2.02764159447859,0.0276415944785873,0.0276415944785873,0.000764057745318666,0.0437379265093604,NA,0.525157411569764,"ok"
"S6_linear_high_noise",158,21070158,1,"scenario_matched_gap_adjusted_did","linear_gap",2,0.276341007938741,0.350351934734669,0.0740109267959277,2.27634100793874,1.92598907320407,-0.0740109267959279,0.0740109267959279,0.0054776172851922,0.0350351934734669,NA,0.457134971809377,"ok"
"S6_linear_high_noise",159,21070159,1,"scenario_matched_gap_adjusted_did","linear_gap",2,-0.0726421392309715,0.0752913432400567,0.147933482471028,1.92735786076903,1.85206651752897,-0.147933482471028,0.147933482471028,0.021884315236006,0.00752913432400566,NA,0.48404124215645,"ok"
"S6_linear_high_noise",160,21070160,1,"scenario_matched_gap_adjusted_did","linear_gap",2,-0.0847379245430483,-0.539173359317985,-0.454435434774937,1.91526207545695,2.45443543477494,0.454435434774937,0.454435434774937,0.206511564379086,-0.0539173359317986,NA,0.335352427037104,"ok"
"S6_linear_high_noise",161,21070161,1,"scenario_matched_gap_adjusted_did","linear_gap",2,0.568345592426236,-0.0239256783815537,-0.59227127080779,2.56834559242624,2.59227127080779,0.59227127080779,0.59227127080779,0.350785258224274,-0.00239256783815537,NA,0.366773035359219,"ok"
"S6_linear_high_noise",162,21070162,1,"scenario_matched_gap_adjusted_did","linear_gap",2,0.06354353014707,0.189831687406816,0.126288157259746,2.06354353014707,1.87371184274025,-0.126288157259746,0.126288157259746,0.0159486986640624,0.0189831687406816,NA,0.631839833763806,"ok"
"S6_linear_high_noise",163,21070163,1,"scenario_matched_gap_adjusted_did","linear_gap",2,0.144860569225626,0.233315050887813,0.0884544816621864,2.14486056922563,1.91154551833781,-0.0884544816621866,0.0884544816621866,0.00782419532612611,0.0233315050887813,NA,0.43214932017476,"ok"
"S6_linear_high_noise",164,21070164,1,"scenario_matched_gap_adjusted_did","linear_gap",2,0.422174180455213,0.314620440366824,-0.10755374008839,2.42217418045521,2.10755374008839,0.10755374008839,0.10755374008839,0.0115678070070009,0.0314620440366824,NA,0.480069759021363,"ok"
"S6_linear_high_noise",165,21070165,1,"scenario_matched_gap_adjusted_did","linear_gap",2,0.427935943064944,-0.0326149419116681,-0.460550884976612,2.42793594306494,2.46055088497661,0.460550884976612,0.460550884976612,0.212107117652741,-0.00326149419116682,NA,0.499057814260867,"ok"
"S6_linear_high_noise",166,21070166,1,"scenario_matched_gap_adjusted_did","linear_gap",2,0.174094114681907,0.643958490630712,0.469864375948805,2.17409411468191,1.5301356240512,-0.469864375948805,0.469864375948805,0.22077253178576,0.0643958490630712,NA,0.568202203372385,"ok"
"S6_linear_high_noise",167,21070167,1,"scenario_matched_gap_adjusted_did","linear_gap",2,0.551552330938597,0.003716745456459,-0.547835585482138,2.5515523309386,2.54783558548214,0.547835585482138,0.547835585482138,0.300123828720557,0.000371674545645903,NA,0.334658087812435,"ok"
"S6_linear_high_noise",168,21070168,1,"scenario_matched_gap_adjusted_did","linear_gap",2,0.238256386695447,0.720858534253013,0.482602147557566,2.23825638669545,1.51739785244243,-0.482602147557566,0.482602147557566,0.232904832827175,0.0720858534253013,NA,0.567098475379583,"ok"
"S6_linear_high_noise",169,21070169,1,"scenario_matched_gap_adjusted_did","linear_gap",2,0.276987039378179,0.844008163692794,0.567021124314615,2.27698703937818,1.43297887568538,-0.567021124314615,0.567021124314615,0.32151295541901,0.0844008163692794,NA,0.395343611575485,"ok"
"S6_linear_high_noise",170,21070170,1,"scenario_matched_gap_adjusted_did","linear_gap",2,0.0702558095075952,-0.154311471847044,-0.224567281354639,2.0702558095076,2.22456728135464,0.224567281354639,0.224567281354639,0.0504304638550136,-0.0154311471847044,NA,0.306028753547591,"ok"
"S6_linear_high_noise",171,21070171,1,"scenario_matched_gap_adjusted_did","linear_gap",2,0.23776172791977,0.0846815762028973,-0.153080151716872,2.23776172791977,2.15308015171687,0.153080151716873,0.153080151716873,0.0234335328496607,0.00846815762028973,NA,0.406960286873148,"ok"
"S6_linear_high_noise",172,21070172,1,"scenario_matched_gap_adjusted_did","linear_gap",2,0.183432014048627,0.138262046970667,-0.0451699670779599,2.18343201404863,2.04516996707796,0.0451699670779595,0.0451699670779595,0.00204032592582395,0.0138262046970667,NA,0.322925818764631,"ok"
"S6_linear_high_noise",173,21070173,1,"scenario_matched_gap_adjusted_did","linear_gap",2,0.377227292327554,0.34487722527531,-0.0323500670522439,2.37722729232755,2.03235006705224,0.0323500670522439,0.0323500670522439,0.00104652683828467,0.034487722527531,NA,0.293363166589083,"ok"
"S6_linear_high_noise",174,21070174,1,"scenario_matched_gap_adjusted_did","linear_gap",2,0.411001008689121,0.468539291076473,0.0575382823873526,2.41100100868912,1.94246171761265,-0.0575382823873523,0.0575382823873523,0.00331065394008669,0.0468539291076473,NA,0.454644145304953,"ok"
"S6_linear_high_noise",175,21070175,1,"scenario_matched_gap_adjusted_did","linear_gap",2,0.569482503055321,0.364924603985271,-0.204557899070051,2.56948250305532,2.20455789907005,0.204557899070051,0.204557899070051,0.0418439340719531,0.036492460398527,NA,0.541715054319364,"ok"
"S6_linear_high_noise",176,21070176,1,"scenario_matched_gap_adjusted_did","linear_gap",2,0.255182295081873,0.0418456718420961,-0.213336623239777,2.25518229508187,2.21333662323978,0.213336623239778,0.213336623239778,0.0455125148153508,0.00418456718420961,NA,0.412784747855149,"ok"
"S6_linear_high_noise",177,21070177,1,"scenario_matched_gap_adjusted_did","linear_gap",2,-0.0111462312908773,0.0834803097553273,0.0946265410462045,1.98885376870912,1.9053734589538,-0.0946265410462046,0.0946265410462046,0.00895418227036904,0.00834803097553272,NA,0.362586892361602,"ok"
"S6_linear_high_noise",178,21070178,1,"scenario_matched_gap_adjusted_did","linear_gap",2,0.302334164343204,0.109439414238024,-0.19289475010518,2.3023341643432,2.19289475010518,0.192894750105181,0.192894750105181,0.03720838461814,0.0109439414238024,NA,0.277971825467295,"ok"
"S6_linear_high_noise",179,21070179,1,"scenario_matched_gap_adjusted_did","linear_gap",2,0.279865771332783,0.515997108667238,0.236131337334455,2.27986577133278,1.76386866266555,-0.236131337334455,0.236131337334455,0.0557580084713581,0.0515997108667238,NA,0.351189877884938,"ok"
"S6_linear_high_noise",180,21070180,1,"scenario_matched_gap_adjusted_did","linear_gap",2,0.00345258003723327,0.0989838176534823,0.095531237616249,2.00345258003723,1.90446876238375,-0.0955312376162492,0.0955312376162492,0.00912621736049226,0.00989838176534823,NA,0.349297335063847,"ok"
"S6_linear_high_noise",181,21070181,1,"scenario_matched_gap_adjusted_did","linear_gap",2,0.332874867685001,0.0327992019352302,-0.300075665749771,2.332874867685,2.30007566574977,0.300075665749771,0.300075665749771,0.0900454051751683,0.00327992019352301,NA,0.41857142866566,"ok"
"S6_linear_high_noise",182,21070182,1,"scenario_matched_gap_adjusted_did","linear_gap",2,0.172302710474927,0.106658727169854,-0.0656439833050729,2.17230271047493,2.06564398330507,0.0656439833050726,0.0656439833050726,0.00430913254415665,0.0106658727169854,NA,0.374161790432234,"ok"
"S6_linear_high_noise",183,21070183,1,"scenario_matched_gap_adjusted_did","linear_gap",2,0.288404272916899,-0.492804094826049,-0.781208367742949,2.2884042729169,2.78120836774295,0.781208367742948,0.781208367742948,0.610286513831602,-0.0492804094826049,NA,0.68395042386199,"ok"
"S6_linear_high_noise",184,21070184,1,"scenario_matched_gap_adjusted_did","linear_gap",2,0.356192385515185,0.302657307521841,-0.0535350779933434,2.35619238551518,2.05353507799334,0.0535350779933434,0.0535350779933434,0.00286600457575337,0.0302657307521841,NA,0.431457203930068,"ok"
"S6_linear_high_noise",185,21070185,1,"scenario_matched_gap_adjusted_did","linear_gap",2,0.343459204020431,0.849724411890451,0.506265207870019,2.34345920402043,1.49373479212998,-0.50626520787002,0.50626520787002,0.256304460699674,0.0849724411890451,NA,0.410098210312539,"ok"
"S6_linear_high_noise",186,21070186,1,"scenario_matched_gap_adjusted_did","linear_gap",2,0.0951515716248628,-0.281491796858736,-0.376643368483598,2.09515157162486,2.3766433684836,0.376643368483598,0.376643368483598,0.141860227022672,-0.0281491796858736,NA,0.583700168982979,"ok"
"S6_linear_high_noise",187,21070187,1,"scenario_matched_gap_adjusted_did","linear_gap",2,0.168386509487806,0.166114649517346,-0.00227185997046084,2.16838650948781,2.00227185997046,0.00227185997046098,0.00227185997046098,5.16134772538295e-06,0.0166114649517346,NA,0.366555592285277,"ok"
"S6_linear_high_noise",188,21070188,1,"scenario_matched_gap_adjusted_did","linear_gap",2,-0.248137587798542,0.339066306437507,0.587203894236048,1.75186241220146,1.41279610576395,-0.587203894236048,0.587203894236048,0.34480841340598,0.0339066306437507,NA,0.419805914657391,"ok"
"S6_linear_high_noise",189,21070189,1,"scenario_matched_gap_adjusted_did","linear_gap",2,0.10139114396452,0.0832722398913658,-0.0181189040731537,2.10139114396452,2.01811890407315,0.018118904073154,0.018118904073154,0.000328294684812156,0.00832722398913658,NA,0.510477205527275,"ok"
"S6_linear_high_noise",190,21070190,1,"scenario_matched_gap_adjusted_did","linear_gap",2,0.174656497200132,-0.417020138525762,-0.591676635725894,2.17465649720013,2.59167663572589,0.591676635725895,0.591676635725895,0.350081241263913,-0.0417020138525762,NA,0.356799980526685,"ok"
"S6_linear_high_noise",191,21070191,1,"scenario_matched_gap_adjusted_did","linear_gap",2,0.456261204910302,-0.282874767626608,-0.73913597253691,2.4562612049103,2.73913597253691,0.73913597253691,0.73913597253691,0.546321985898083,-0.0282874767626608,NA,0.405347821664819,"ok"
"S6_linear_high_noise",192,21070192,1,"scenario_matched_gap_adjusted_did","linear_gap",2,0.145690101519716,0.338233586850992,0.192543485331275,2.14569010151972,1.80745651466872,-0.192543485331275,0.192543485331275,0.037072993743515,0.0338233586850992,NA,0.317853904492072,"ok"
"S6_linear_high_noise",193,21070193,1,"scenario_matched_gap_adjusted_did","linear_gap",2,0.175048301151999,0.704240453373331,0.529192152221332,2.175048301152,1.47080784777867,-0.529192152221332,0.529192152221332,0.280044333972645,0.0704240453373331,NA,0.419970509228347,"ok"
"S6_linear_high_noise",194,21070194,1,"scenario_matched_gap_adjusted_did","linear_gap",2,0.398195369820203,0.189655737051454,-0.208539632768749,2.3981953698202,2.20853963276875,0.208539632768749,0.208539632768749,0.0434887784353249,0.0189655737051454,NA,0.380171795236467,"ok"
"S6_linear_high_noise",195,21070195,1,"scenario_matched_gap_adjusted_did","linear_gap",2,0.693441400080121,0.101090349617849,-0.592351050462272,2.69344140008012,2.59235105046227,0.592351050462272,0.592351050462272,0.350879766983757,0.0101090349617849,NA,0.388157309814708,"ok"
"S6_linear_high_noise",196,21070196,1,"scenario_matched_gap_adjusted_did","linear_gap",2,-0.050878012611955,0.0417043634830292,0.0925823760949842,1.94912198738804,1.90741762390502,-0.0925823760949842,0.0925823760949842,0.0085714963633931,0.00417043634830292,NA,0.253290440896057,"ok"
"S6_linear_high_noise",197,21070197,1,"scenario_matched_gap_adjusted_did","linear_gap",2,0.166097420177111,0.11471996227993,-0.0513774578971808,2.16609742017711,2.05137745789718,0.0513774578971811,0.0513774578971811,0.00263964317997661,0.011471996227993,NA,0.456964704655935,"ok"
"S6_linear_high_noise",198,21070198,1,"scenario_matched_gap_adjusted_did","linear_gap",2,0.162328471342925,0.392752541830545,0.230424070487619,2.16232847134293,1.76957592951238,-0.230424070487619,0.230424070487619,0.0530952522600832,0.0392752541830545,NA,0.361014837661257,"ok"
"S6_linear_high_noise",199,21070199,1,"scenario_matched_gap_adjusted_did","linear_gap",2,-0.147256096739787,0.732379489166922,0.879635585906709,1.85274390326021,1.12036441409329,-0.879635585906708,0.879635585906708,0.773758763993438,0.0732379489166922,NA,0.382143397364813,"ok"
"S6_linear_high_noise",200,21070200,1,"scenario_matched_gap_adjusted_did","linear_gap",2,0.511641045603246,0.435116527164707,-0.0765245184385391,2.51164104560325,2.07652451843854,0.0765245184385388,0.0765245184385388,0.00585600192225027,0.0435116527164707,NA,0.244280048231456,"ok"
"S6_linear_high_noise",201,21070201,1,"scenario_matched_gap_adjusted_did","linear_gap",2,0.452187875968801,0.697933140951732,0.245745264982931,2.4521878759688,1.75425473501707,-0.245745264982931,0.245745264982931,0.060390735261531,0.0697933140951731,NA,0.460134470044282,"ok"
"S6_linear_high_noise",202,21070202,1,"scenario_matched_gap_adjusted_did","linear_gap",2,0.228816842327074,-0.232565049266792,-0.461381891593866,2.22881684232707,2.46138189159387,0.461381891593867,0.461381891593867,0.212873249890734,-0.0232565049266792,NA,0.341804342641998,"ok"
"S6_linear_high_noise",203,21070203,1,"scenario_matched_gap_adjusted_did","linear_gap",2,0.13023562528192,-0.168880660952545,-0.299116286234466,2.13023562528192,2.29911628623447,0.299116286234466,0.299116286234466,0.089470552690699,-0.0168880660952545,NA,0.389159055279659,"ok"
"S6_linear_high_noise",204,21070204,1,"scenario_matched_gap_adjusted_did","linear_gap",2,0.0308784355218543,0.113418680347176,0.0825402448253213,2.03087843552185,1.91745975517468,-0.0825402448253212,0.0825402448253212,0.00681289201582396,0.0113418680347176,NA,0.407084101482815,"ok"
"S6_linear_high_noise",205,21070205,1,"scenario_matched_gap_adjusted_did","linear_gap",2,0.618053531703271,0.512631836297805,-0.105421695405466,2.61805353170327,2.10542169540547,0.105421695405466,0.105421695405466,0.0111137338621628,0.0512631836297805,NA,0.29742400335675,"ok"
"S6_linear_high_noise",206,21070206,1,"scenario_matched_gap_adjusted_did","linear_gap",2,0.180173242002878,0.930471574521934,0.750298332519056,2.18017324200288,1.24970166748094,-0.750298332519056,0.750298332519056,0.562947587780875,0.0930471574521934,NA,0.43991391966697,"ok"
"S6_linear_high_noise",207,21070207,1,"scenario_matched_gap_adjusted_did","linear_gap",2,0.453118830313771,0.323076753483804,-0.130042076829967,2.45311883031377,2.13004207682997,0.130042076829967,0.130042076829967,0.0169109417462511,0.0323076753483804,NA,0.3978502581702,"ok"
"S6_linear_high_noise",208,21070208,1,"scenario_matched_gap_adjusted_did","linear_gap",2,-0.089090856887763,-0.233407016956303,-0.14431616006854,1.91090914311224,2.14431616006854,0.14431616006854,0.14431616006854,0.0208271540569284,-0.0233407016956303,NA,0.304947866610842,"ok"
"S6_linear_high_noise",209,21070209,1,"scenario_matched_gap_adjusted_did","linear_gap",2,0.203095451990181,0.475893114600139,0.272797662609958,2.20309545199018,1.72720233739004,-0.272797662609958,0.272797662609958,0.0744185647254562,0.0475893114600139,NA,0.405874401989228,"ok"
"S6_linear_high_noise",210,21070210,1,"scenario_matched_gap_adjusted_did","linear_gap",2,0.126327424463563,-0.335717110038883,-0.462044534502446,2.12632742446356,2.46204453450245,0.462044534502446,0.462044534502446,0.213485151863582,-0.0335717110038883,NA,0.365959675668833,"ok"
"S6_linear_high_noise",211,21070211,1,"scenario_matched_gap_adjusted_did","linear_gap",2,0.519273634483071,0.382157813892229,-0.137115820590842,2.51927363448307,2.13711582059084,0.137115820590842,0.137115820590842,0.0188007482563,0.0382157813892229,NA,0.289610949027768,"ok"
"S6_linear_high_noise",212,21070212,1,"scenario_matched_gap_adjusted_did","linear_gap",2,0.321700946053894,0.436379613067593,0.114678667013699,2.32170094605389,1.8853213329863,-0.114678667013698,0.114678667013698,0.0131511966680387,0.0436379613067593,NA,0.637572744969924,"ok"
"S6_linear_high_noise",213,21070213,1,"scenario_matched_gap_adjusted_did","linear_gap",2,0.721255762960485,-0.00908931705461891,-0.730345080015104,2.72125576296049,2.7303450800151,0.730345080015104,0.730345080015104,0.533403935902269,-0.000908931705461883,NA,0.437349986526839,"ok"
"S6_linear_high_noise",214,21070214,1,"scenario_matched_gap_adjusted_did","linear_gap",2,0.491595475577164,0.351786297172067,-0.139809178405097,2.49159547557716,2.1398091784051,0.139809178405097,0.139809178405097,0.0195466063663081,0.0351786297172067,NA,0.327312120998609,"ok"
"S6_linear_high_noise",215,21070215,1,"scenario_matched_gap_adjusted_did","linear_gap",2,0.382803542444926,-0.0556640785098619,-0.438467620954788,2.38280354244493,2.43846762095479,0.438467620954787,0.438467620954787,0.192253854625751,-0.00556640785098619,NA,0.242904131535992,"ok"
"S6_linear_high_noise",216,21070216,1,"scenario_matched_gap_adjusted_did","linear_gap",2,0.251721383072333,0.639179755966125,0.387458372893791,2.25172138307233,1.61254162710621,-0.387458372893791,0.387458372893791,0.150123990725504,0.0639179755966125,NA,0.459860942861364,"ok"
"S6_linear_high_noise",217,21070217,1,"scenario_matched_gap_adjusted_did","linear_gap",2,-0.154038184894631,0.0198340920433487,0.17387227693798,1.84596181510537,1.82612772306202,-0.17387227693798,0.17387227693798,0.0302315686875975,0.00198340920433487,NA,0.353398978877741,"ok"
"S6_linear_high_noise",218,21070218,1,"scenario_matched_gap_adjusted_did","linear_gap",2,0.113555498768509,0.790456186034535,0.676900687266026,2.11355549876851,1.32309931273397,-0.676900687266026,0.676900687266026,0.458194540421219,0.0790456186034535,NA,0.338565152024478,"ok"
"S6_linear_high_noise",219,21070219,1,"scenario_matched_gap_adjusted_did","linear_gap",2,-0.0913058722193811,0.846709641353212,0.938015513572593,1.90869412778062,1.06198448642741,-0.938015513572593,0.938015513572593,0.879873103702855,0.0846709641353212,NA,0.339967890848861,"ok"
"S6_linear_high_noise",220,21070220,1,"scenario_matched_gap_adjusted_did","linear_gap",2,0.450554287278446,0.506597696367245,0.0560434090887985,2.45055428727845,1.9439565909112,-0.0560434090887985,0.0560434090887985,0.00314086370229442,0.0506597696367245,NA,0.429507341257266,"ok"
"S6_linear_high_noise",221,21070221,1,"scenario_matched_gap_adjusted_did","linear_gap",2,0.435496915310758,0.361790531139272,-0.073706384171486,2.43549691531076,2.07370638417149,0.0737063841714862,0.0737063841714862,0.00543263106763472,0.0361790531139272,NA,0.276202018454184,"ok"
"S6_linear_high_noise",222,21070222,1,"scenario_matched_gap_adjusted_did","linear_gap",2,-0.0207823750520494,0.189840864068109,0.210623239120158,1.97921762494795,1.78937676087984,-0.210623239120158,0.210623239120158,0.0443621488574672,0.0189840864068108,NA,0.368397620489982,"ok"
"S6_linear_high_noise",223,21070223,1,"scenario_matched_gap_adjusted_did","linear_gap",2,0.671115718313941,0.0148665023874778,-0.656249215926464,2.67111571831394,2.65624921592646,0.656249215926464,0.656249215926464,0.430663033404098,0.00148665023874778,NA,0.515651888763189,"ok"
"S6_linear_high_noise",224,21070224,1,"scenario_matched_gap_adjusted_did","linear_gap",2,-0.00754160160288275,0.219688676090777,0.22723027769366,1.99245839839712,1.77276972230634,-0.22723027769366,0.22723027769366,0.0516335991007379,0.0219688676090777,NA,0.390974926878308,"ok"
"S6_linear_high_noise",225,21070225,1,"scenario_matched_gap_adjusted_did","linear_gap",2,-0.0991693456304512,-0.0633370275123879,0.0358323181180633,1.90083065436955,1.96416768188194,-0.0358323181180633,0.0358323181180633,0.00128395502171409,-0.0063337027512388,NA,0.256541541894943,"ok"
"S6_linear_high_noise",226,21070226,1,"scenario_matched_gap_adjusted_did","linear_gap",2,0.60427326287307,-0.0715957194221279,-0.675868982295198,2.60427326287307,2.6758689822952,0.675868982295198,0.675868982295198,0.456798881228747,-0.0071595719422128,NA,0.411864448509927,"ok"
"S6_linear_high_noise",227,21070227,1,"scenario_matched_gap_adjusted_did","linear_gap",2,0.0627652200752963,0.307786474856499,0.245021254781202,2.0627652200753,1.7549787452188,-0.245021254781203,0.245021254781203,0.0600354152945551,0.0307786474856499,NA,0.318564355186674,"ok"
"S6_linear_high_noise",228,21070228,1,"scenario_matched_gap_adjusted_did","linear_gap",2,0.228652146818011,0.347900167658992,0.119248020840981,2.22865214681801,1.88075197915902,-0.119248020840982,0.119248020840982,0.0142200904744912,0.0347900167658992,NA,0.385214885178443,"ok"
"S6_linear_high_noise",229,21070229,1,"scenario_matched_gap_adjusted_did","linear_gap",2,0.116724116278465,0.74180855053114,0.625084434252675,2.11672411627846,1.37491556574732,-0.625084434252675,0.625084434252675,0.390730549944987,0.0741808550531139,NA,0.394871005550746,"ok"
"S6_linear_high_noise",230,21070230,1,"scenario_matched_gap_adjusted_did","linear_gap",2,0.170864677956528,0.573834758469079,0.402970080512552,2.17086467795653,1.59702991948745,-0.402970080512552,0.402970080512552,0.162384885788293,0.0573834758469079,NA,0.318019217882807,"ok"
"S6_linear_high_noise",231,21070231,1,"scenario_matched_gap_adjusted_did","linear_gap",2,0.188868145399166,0.686290134033279,0.497421988634114,2.18886814539917,1.50257801136589,-0.497421988634114,0.497421988634114,0.247428634776717,0.0686290134033279,NA,0.437956992828694,"ok"
"S6_linear_high_noise",232,21070232,1,"scenario_matched_gap_adjusted_did","linear_gap",2,-0.126917282479994,0.575710990994215,0.70262827347421,1.87308271752001,1.29737172652579,-0.70262827347421,0.70262827347421,0.493686490685349,0.0575710990994215,NA,0.336468156821992,"ok"
"S6_linear_high_noise",233,21070233,1,"scenario_matched_gap_adjusted_did","linear_gap",2,0.411289860319488,0.327855247032271,-0.0834346132872165,2.41128986031949,2.08343461328722,0.0834346132872161,0.0834346132872161,0.0069613346943873,0.0327855247032271,NA,0.377851347054443,"ok"
"S6_linear_high_noise",234,21070234,1,"scenario_matched_gap_adjusted_did","linear_gap",2,0.465558074882349,0.809542289079574,0.343984214197225,2.46555807488235,1.65601578580277,-0.343984214197226,0.343984214197226,0.118325139616883,0.0809542289079574,NA,0.468559213784394,"ok"
"S6_linear_high_noise",235,21070235,1,"scenario_matched_gap_adjusted_did","linear_gap",2,0.261669801630331,0.18429926098669,-0.0773705406436409,2.26166980163033,2.07737054064364,0.0773705406436407,0.0773705406436407,0.00598620055948925,0.018429926098669,NA,0.347397508399493,"ok"
"S6_linear_high_noise",236,21070236,1,"scenario_matched_gap_adjusted_did","linear_gap",2,0.104091493245154,0.543139776310567,0.439048283065413,2.10409149324515,1.56095171693459,-0.439048283065413,0.439048283065413,0.192763394862687,0.0543139776310567,NA,0.384358539668527,"ok"
"S6_linear_high_noise",237,21070237,1,"scenario_matched_gap_adjusted_did","linear_gap",2,0.616740609385732,1.19029015750599,0.573549548120256,2.61674060938573,1.42645045187974,-0.573549548120256,0.573549548120256,0.32895908414895,0.119029015750599,NA,0.56718410766387,"ok"
"S6_linear_high_noise",238,21070238,1,"scenario_matched_gap_adjusted_did","linear_gap",2,0.44865967520757,0.855793722348068,0.407134047140498,2.44865967520757,1.5928659528595,-0.407134047140497,0.407134047140497,0.165758132341001,0.0855793722348068,NA,0.431389370771879,"ok"
"S6_linear_high_noise",239,21070239,1,"scenario_matched_gap_adjusted_did","linear_gap",2,0.128765634559131,0.77056175479412,0.641796120234989,2.12876563455913,1.35820387976501,-0.641796120234988,0.641796120234988,0.411902259948684,0.077056175479412,NA,0.404567542116702,"ok"
"S6_linear_high_noise",240,21070240,1,"scenario_matched_gap_adjusted_did","linear_gap",2,0.168402697195086,0.227176164647189,0.0587734674521023,2.16840269719509,1.9412265325479,-0.0587734674521023,0.0587734674521023,0.00345432047634333,0.0227176164647189,NA,0.279284190077318,"ok"
"S6_linear_high_noise",241,21070241,1,"scenario_matched_gap_adjusted_did","linear_gap",2,0.355500160821622,0.0753482117201403,-0.280151949101482,2.35550016082162,2.28015194910148,0.280151949101481,0.280151949101481,0.0784851145853588,0.00753482117201404,NA,0.47121642979049,"ok"
"S6_linear_high_noise",242,21070242,1,"scenario_matched_gap_adjusted_did","linear_gap",2,-0.117861709786156,0.420519888680192,0.538381598466348,1.88213829021384,1.46161840153365,-0.538381598466348,0.538381598466348,0.28985474556718,0.0420519888680192,NA,0.490717087936958,"ok"
"S6_linear_high_noise",243,21070243,1,"scenario_matched_gap_adjusted_did","linear_gap",2,0.271580504015481,0.919616047400178,0.648035543384697,2.27158050401548,1.3519644566153,-0.648035543384696,0.648035543384696,0.419950065489899,0.0919616047400178,NA,0.369803522938086,"ok"
"S6_linear_high_noise",244,21070244,1,"scenario_matched_gap_adjusted_did","linear_gap",2,0.0838540121768557,0.538806686747873,0.454952674571017,2.08385401217686,1.54504732542898,-0.454952674571017,0.454952674571017,0.206981936099322,0.0538806686747873,NA,0.385790726944786,"ok"
"S6_linear_high_noise",245,21070245,1,"scenario_matched_gap_adjusted_did","linear_gap",2,0.157779555481964,0.236029352440679,0.0782497969587147,2.15777955548196,1.92175020304129,-0.0782497969587148,0.0782497969587148,0.00612303072408009,0.0236029352440679,NA,0.507693873059577,"ok"
"S6_linear_high_noise",246,21070246,1,"scenario_matched_gap_adjusted_did","linear_gap",2,-0.00792445180400148,0.402954737303001,0.410879189107003,1.992075548196,1.589120810893,-0.410879189107002,0.410879189107002,0.168821708041228,0.0402954737303001,NA,0.430399689919993,"ok"
"S6_linear_high_noise",247,21070247,1,"scenario_matched_gap_adjusted_did","linear_gap",2,0.0763668390569717,0.131863581389876,0.055496742332904,2.07636683905697,1.9445032576671,-0.0554967423329042,0.0554967423329042,0.00307988840956477,0.0131863581389876,NA,0.568158098486469,"ok"
"S6_linear_high_noise",248,21070248,1,"scenario_matched_gap_adjusted_did","linear_gap",2,0.22394399635655,0.619658755350693,0.395714758994144,2.22394399635655,1.60428524100586,-0.395714758994144,0.395714758994144,0.156590170485793,0.0619658755350693,NA,0.343519603439915,"ok"
"S6_linear_high_noise",249,21070249,1,"scenario_matched_gap_adjusted_did","linear_gap",2,0.411908116674684,0.0842462613065889,-0.327661855368095,2.41190811667468,2.3276618553681,0.327661855368095,0.327661855368095,0.107362291463263,0.00842462613065889,NA,0.29104591262178,"ok"
"S6_linear_high_noise",250,21070250,1,"scenario_matched_gap_adjusted_did","linear_gap",2,0.202999641759449,0.373590976267185,0.170591334507736,2.20299964175945,1.82940866549226,-0.170591334507736,0.170591334507736,0.0291014034091304,0.0373590976267185,NA,0.424852056854247,"ok"
"S6_linear_high_noise",251,21070251,1,"scenario_matched_gap_adjusted_did","linear_gap",2,0.317123898862627,0.295948535431348,-0.0211753634312792,2.31712389886263,2.02117536343128,0.0211753634312792,0.0211753634312792,0.000448396016446758,0.0295948535431348,NA,0.31049518316521,"ok"
"S6_linear_high_noise",252,21070252,1,"scenario_matched_gap_adjusted_did","linear_gap",2,-0.353498816792937,0.638477148938274,0.991975965731211,1.64650118320706,1.00802403426879,-0.991975965731211,0.991975965731211,0.984016316588369,0.0638477148938274,NA,0.435595287778338,"ok"
"S6_linear_high_noise",253,21070253,1,"scenario_matched_gap_adjusted_did","linear_gap",2,0.00489474697308928,0.358862006333171,0.353967259360082,2.00489474697309,1.64603274063992,-0.353967259360082,0.353967259360082,0.125292820698888,0.0358862006333171,NA,0.23150100609775,"ok"
"S6_linear_high_noise",254,21070254,1,"scenario_matched_gap_adjusted_did","linear_gap",2,0.150767427315669,0.0914409523004223,-0.059326475015247,2.15076742731567,2.05932647501525,0.0593264750152467,0.0593264750152467,0.00351963063773469,0.00914409523004223,NA,0.417429483605784,"ok"
"S6_linear_high_noise",255,21070255,1,"scenario_matched_gap_adjusted_did","linear_gap",2,0.282269103209226,0.228464893445141,-0.0538042097640843,2.28226910320923,2.05380420976408,0.0538042097640843,0.0538042097640843,0.00289489298833758,0.0228464893445141,NA,0.317953307575427,"ok"
"S6_linear_high_noise",256,21070256,1,"scenario_matched_gap_adjusted_did","linear_gap",2,0.418514475091743,-0.00527643441739181,-0.423790909509135,2.41851447509174,2.42379090950913,0.423790909509134,0.423790909509134,0.179598734982579,-0.000527643441739186,NA,0.307991565007247,"ok"
"S6_linear_high_noise",257,21070257,1,"scenario_matched_gap_adjusted_did","linear_gap",2,0.298421157723646,0.173767344193419,-0.124653813530228,2.29842115772365,2.12465381353023,0.124653813530228,0.124653813530228,0.0155385732276287,0.0173767344193418,NA,0.335521494461586,"ok"
"S6_linear_high_noise",258,21070258,1,"scenario_matched_gap_adjusted_did","linear_gap",2,0.027198930326257,0.773113641581507,0.74591471125525,2.02719893032626,1.25408528874475,-0.74591471125525,0.74591471125525,0.556388756467004,0.0773113641581507,NA,0.307305744566805,"ok"
"S6_linear_high_noise",259,21070259,1,"scenario_matched_gap_adjusted_did","linear_gap",2,0.259043436282568,0.0697107766709301,-0.189332659611638,2.25904343628257,2.18933265961164,0.189332659611638,0.189332659611638,0.0358468559956162,0.00697107766709302,NA,0.597936654607781,"ok"
"S6_linear_high_noise",260,21070260,1,"scenario_matched_gap_adjusted_did","linear_gap",2,-0.0227331516336716,0.724449174626681,0.747182326260353,1.97726684836633,1.25281767373965,-0.747182326260353,0.747182326260353,0.558281428675833,0.0724449174626681,NA,0.273074813351864,"ok"
"S6_linear_high_noise",261,21070261,1,"scenario_matched_gap_adjusted_did","linear_gap",2,0.308088273278179,0.337489452026003,0.0294011787478247,2.30808827327818,1.97059882125218,-0.0294011787478246,0.0294011787478246,0.00086442931176153,0.0337489452026003,NA,0.42566944740671,"ok"
"S6_linear_high_noise",262,21070262,1,"scenario_matched_gap_adjusted_did","linear_gap",2,0.249973291775571,-0.0155116513467301,-0.265484943122301,2.24997329177557,2.2654849431223,0.265484943122301,0.265484943122301,0.0704822550246516,-0.001551165134673,NA,0.3698386954225,"ok"
"S6_linear_high_noise",263,21070263,1,"scenario_matched_gap_adjusted_did","linear_gap",2,0.255311307238868,0.205330736726763,-0.0499805705121048,2.25531130723887,2.04998057051211,0.0499805705121052,0.0499805705121052,0.00249805742871552,0.0205330736726763,NA,0.26051512831654,"ok"
"S6_linear_high_noise",264,21070264,1,"scenario_matched_gap_adjusted_did","linear_gap",2,0.0205547807646283,-0.119815124890443,-0.140369905655071,2.02055478076463,2.14036990565507,0.140369905655071,0.140369905655071,0.0197037104136134,-0.0119815124890443,NA,0.356416404036021,"ok"
"S6_linear_high_noise",265,21070265,1,"scenario_matched_gap_adjusted_did","linear_gap",2,0.236300261215921,-0.0608945831232036,-0.297194844339124,2.23630026121592,2.29719484433912,0.297194844339124,0.297194844339124,0.0883247755017562,-0.00608945831232037,NA,0.418051174400868,"ok"
"S6_linear_high_noise",266,21070266,1,"scenario_matched_gap_adjusted_did","linear_gap",2,0.235342465620433,0.0545233702866454,-0.180819095333787,2.23534246562043,2.18081909533379,0.180819095333787,0.180819095333787,0.0326955452373292,0.00545233702866453,NA,0.341503225204984,"ok"
"S6_linear_high_noise",267,21070267,1,"scenario_matched_gap_adjusted_did","linear_gap",2,0.204011520360334,0.225123774575825,0.021112254215491,2.20401152036033,1.97888774578451,-0.0211122542154913,0.0211122542154913,0.000445727278059532,0.0225123774575825,NA,0.367878834599539,"ok"
"S6_linear_high_noise",268,21070268,1,"scenario_matched_gap_adjusted_did","linear_gap",2,0.195255621908294,0.118706793267158,-0.0765488286411363,2.19525562190829,2.07654882864114,0.076548828641136,0.076548828641136,0.00585972316633,0.0118706793267158,NA,0.363121368129704,"ok"
"S6_linear_high_noise",269,21070269,1,"scenario_matched_gap_adjusted_did","linear_gap",2,-0.0503439683199327,0.182024715151137,0.232368683471069,1.94965603168007,1.76763131652893,-0.232368683471069,0.232368683471069,0.0539952050580779,0.0182024715151136,NA,0.397648125204612,"ok"
"S6_linear_high_noise",270,21070270,1,"scenario_matched_gap_adjusted_did","linear_gap",2,0.351748448417618,-0.258202571965881,-0.609951020383499,2.35174844841762,2.6099510203835,0.609951020383499,0.609951020383499,0.372040247266871,-0.0258202571965881,NA,0.387717503066664,"ok"
"S6_linear_high_noise",271,21070271,1,"scenario_matched_gap_adjusted_did","linear_gap",2,-0.0945207666640288,0.806632060092435,0.901152826756464,1.90547923333597,1.09884717324354,-0.901152826756464,0.901152826756464,0.812076417171166,0.0806632060092435,NA,0.409513520824317,"ok"
"S6_linear_high_noise",272,21070272,1,"scenario_matched_gap_adjusted_did","linear_gap",2,0.437800501701189,0.418790915914979,-0.01900958578621,2.43780050170119,2.01900958578621,0.0190095857862103,0.0190095857862103,0.000361364351763287,0.0418790915914979,NA,0.238983644866144,"ok"
"S6_linear_high_noise",273,21070273,1,"scenario_matched_gap_adjusted_did","linear_gap",2,0.338939663825809,-0.127755624556798,-0.466695288382607,2.33893966382581,2.46669528838261,0.466695288382607,0.466695288382607,0.217804492198525,-0.0127755624556798,NA,0.374568343422644,"ok"
"S6_linear_high_noise",274,21070274,1,"scenario_matched_gap_adjusted_did","linear_gap",2,0.432325127526117,0.219217686046965,-0.213107441479152,2.43232512752612,2.21310744147915,0.213107441479152,0.213107441479152,0.0454147816137901,0.0219217686046965,NA,0.330974068739984,"ok"
"S6_linear_high_noise",275,21070275,1,"scenario_matched_gap_adjusted_did","linear_gap",2,0.167816852782299,0.329123346449035,0.161306493666735,2.1678168527823,1.83869350633326,-0.161306493666735,0.161306493666735,0.0260197848990566,0.0329123346449035,NA,0.35499978879026,"ok"
"S6_linear_high_noise",276,21070276,1,"scenario_matched_gap_adjusted_did","linear_gap",2,0.0171311175073997,0.0547283875556202,0.0375972700482205,2.0171311175074,1.96240272995178,-0.0375972700482203,0.0375972700482203,0.00141355471507881,0.00547283875556202,NA,0.359468649258927,"ok"
"S6_linear_high_noise",277,21070277,1,"scenario_matched_gap_adjusted_did","linear_gap",2,0.431758446457028,0.348815081353549,-0.0829433651034784,2.43175844645703,2.08294336510348,0.0829433651034783,0.0829433651034783,0.00687960181468891,0.0348815081353549,NA,0.541968344536616,"ok"
"S6_linear_high_noise",278,21070278,1,"scenario_matched_gap_adjusted_did","linear_gap",2,0.419829930134201,0.18134970158276,-0.238480228551441,2.4198299301342,2.23848022855144,0.238480228551441,0.238480228551441,0.0568728194099475,0.018134970158276,NA,0.550335769436519,"ok"
"S6_linear_high_noise",279,21070279,1,"scenario_matched_gap_adjusted_did","linear_gap",2,0.197046619973754,0.785330501899713,0.588283881925959,2.19704661997375,1.41171611807404,-0.588283881925959,0.588283881925959,0.346077925733876,0.0785330501899713,NA,0.522748486880471,"ok"
"S6_linear_high_noise",280,21070280,1,"scenario_matched_gap_adjusted_did","linear_gap",2,0.328744210327936,0.315242810606846,-0.0135013997210903,2.32874421032794,2.01350139972109,0.0135013997210902,0.0135013997210902,0.000182287794428655,0.0315242810606846,NA,0.314043493085923,"ok"
"S6_linear_high_noise",281,21070281,1,"scenario_matched_gap_adjusted_did","linear_gap",2,0.475153125947383,0.319480496545555,-0.155672629401828,2.47515312594738,2.15567262940183,0.155672629401828,0.155672629401828,0.0242339675448788,0.0319480496545555,NA,0.328516879346245,"ok"
"S6_linear_high_noise",282,21070282,1,"scenario_matched_gap_adjusted_did","linear_gap",2,0.209133982108167,-0.125801404882306,-0.334935386990473,2.20913398210817,2.33493538699047,0.334935386990473,0.334935386990473,0.112181713458458,-0.0125801404882306,NA,0.455222852442597,"ok"
"S6_linear_high_noise",283,21070283,1,"scenario_matched_gap_adjusted_did","linear_gap",2,0.153727931340843,0.270438826269621,0.116710894928778,2.15372793134084,1.88328910507122,-0.116710894928778,0.116710894928778,0.0136214329950762,0.0270438826269621,NA,0.457731499947531,"ok"
"S6_linear_high_noise",284,21070284,1,"scenario_matched_gap_adjusted_did","linear_gap",2,-0.26437790111511,0.281219197809911,0.545597098925021,1.73562209888489,1.45440290107498,-0.545597098925021,0.545597098925021,0.297676194355399,0.0281219197809911,NA,0.360472810725226,"ok"
"S6_linear_high_noise",285,21070285,1,"scenario_matched_gap_adjusted_did","linear_gap",2,0.160832451869915,0.010182601780271,-0.150649850089644,2.16083245186991,2.15064985008964,0.150649850089644,0.150649850089644,0.0226953773320321,0.0010182601780271,NA,0.409372186869949,"ok"
"S6_linear_high_noise",286,21070286,1,"scenario_matched_gap_adjusted_did","linear_gap",2,-0.0151805736354576,0.510203129852084,0.525383703487541,1.98481942636454,1.47461629651246,-0.525383703487541,0.525383703487541,0.276028035890285,0.0510203129852084,NA,0.538982423615318,"ok"
"S6_linear_high_noise",287,21070287,1,"scenario_matched_gap_adjusted_did","linear_gap",2,0.299254009120603,0.973620777583665,0.674366768463062,2.2992540091206,1.32563323153694,-0.674366768463062,0.674366768463062,0.454770538407313,0.0973620777583665,NA,0.298480828804711,"ok"
"S6_linear_high_noise",288,21070288,1,"scenario_matched_gap_adjusted_did","linear_gap",2,-0.0537095459612696,-0.157159291359083,-0.103449745397813,1.94629045403873,2.10344974539781,0.103449745397813,0.103449745397813,0.0107018498228724,-0.0157159291359083,NA,0.160492420426652,"ok"
"S6_linear_high_noise",289,21070289,1,"scenario_matched_gap_adjusted_did","linear_gap",2,0.30018356449605,-0.0199446649742412,-0.320128229470291,2.30018356449605,2.32012822947029,0.320128229470291,0.320128229470291,0.102482083303783,-0.00199446649742412,NA,0.349605707393495,"ok"
"S6_linear_high_noise",290,21070290,1,"scenario_matched_gap_adjusted_did","linear_gap",2,0.468003516829839,0.409265596987897,-0.0587379198419422,2.46800351682984,2.05873791984194,0.058737919841942,0.058737919841942,0.0034501432273584,0.0409265596987897,NA,0.358254065027873,"ok"
"S6_linear_high_noise",291,21070291,1,"scenario_matched_gap_adjusted_did","linear_gap",2,0.0579880437751449,-0.0218253934053299,-0.0798134371804747,2.05798804377515,2.07981343718048,0.0798134371804751,0.0798134371804751,0.00637018475456164,-0.00218253934053299,NA,0.494739788505767,"ok"
"S6_linear_high_noise",292,21070292,1,"scenario_matched_gap_adjusted_did","linear_gap",2,0.288747047312082,0.493780320090044,0.205033272777962,2.28874704731208,1.79496672722204,-0.205033272777962,0.205033272777962,0.0420386429460421,0.0493780320090044,NA,0.334191555721683,"ok"
"S6_linear_high_noise",293,21070293,1,"scenario_matched_gap_adjusted_did","linear_gap",2,0.182598322669561,0.53466544592664,0.352067123257079,2.18259832266956,1.64793287674292,-0.35206712325708,0.35206712325708,0.123951259278516,0.053466544592664,NA,0.481819792123587,"ok"
"S6_linear_high_noise",294,21070294,1,"scenario_matched_gap_adjusted_did","linear_gap",2,0.592070107268193,0.000399031827121803,-0.591671075441071,2.59207010726819,2.59167107544107,0.591671075441071,0.591671075441071,0.350074661513594,3.99031827121783e-05,NA,0.419156455152095,"ok"
"S6_linear_high_noise",295,21070295,1,"scenario_matched_gap_adjusted_did","linear_gap",2,0.132311653758973,-0.273227900919791,-0.405539554678764,2.13231165375897,2.40553955467876,0.405539554678763,0.405539554678763,0.16446233040905,-0.0273227900919791,NA,0.389624383641806,"ok"
"S6_linear_high_noise",296,21070296,1,"scenario_matched_gap_adjusted_did","linear_gap",2,0.599230494804219,0.275920591739523,-0.323309903064696,2.59923049480422,2.3233099030647,0.323309903064696,0.323309903064696,0.104529293419703,0.0275920591739522,NA,0.371737981815987,"ok"
"S6_linear_high_noise",297,21070297,1,"scenario_matched_gap_adjusted_did","linear_gap",2,0.307631840130172,-0.217326035683119,-0.524957875813291,2.30763184013017,2.52495787581329,0.524957875813291,0.524957875813291,0.275580771378403,-0.0217326035683119,NA,0.300566975808942,"ok"
"S6_linear_high_noise",298,21070298,1,"scenario_matched_gap_adjusted_did","linear_gap",2,0.408845508739164,0.296983765402467,-0.111861743336697,2.40884550873916,2.1118617433367,0.111861743336696,0.111861743336696,0.0125130496223249,0.0296983765402467,NA,0.370712691506221,"ok"
"S6_linear_high_noise",299,21070299,1,"scenario_matched_gap_adjusted_did","linear_gap",2,0.256016991285016,-0.232699279399954,-0.48871627068497,2.25601699128502,2.48871627068497,0.48871627068497,0.48871627068497,0.238843593232225,-0.0232699279399954,NA,0.251361494882504,"ok"
"S6_linear_high_noise",300,21070300,1,"scenario_matched_gap_adjusted_did","linear_gap",2,0.202441548023262,0.537413921174644,0.334972373151382,2.20244154802326,1.66502762684862,-0.334972373151381,0.334972373151381,0.112206490774668,0.0537413921174644,NA,0.362608850080006,"ok"
"S6_linear_high_noise",301,21070301,1,"scenario_matched_gap_adjusted_did","linear_gap",2,0.184484770533008,0.522755913805754,0.338271143272746,2.18448477053301,1.66172885672725,-0.338271143272746,0.338271143272746,0.114427366371051,0.0522755913805754,NA,0.402253099266832,"ok"
"S6_linear_high_noise",302,21070302,1,"scenario_matched_gap_adjusted_did","linear_gap",2,0.413845877217709,0.549740163395748,0.135894286178039,2.41384587721771,1.86410571382196,-0.135894286178039,0.135894286178039,0.0184672570158388,0.0549740163395748,NA,0.353325002940829,"ok"
"S6_linear_high_noise",303,21070303,1,"scenario_matched_gap_adjusted_did","linear_gap",2,0.192483770384144,0.203186799957506,0.0107030295733624,2.19248377038414,1.98929697042664,-0.0107030295733623,0.0107030295733623,0.000114554842048269,0.0203186799957506,NA,0.379859595046485,"ok"
"S6_linear_high_noise",304,21070304,1,"scenario_matched_gap_adjusted_did","linear_gap",2,-0.0794391159763201,-0.548788878076348,-0.469349762100028,1.92056088402368,2.46934976210003,0.469349762100028,0.469349762100028,0.220289199183353,-0.0548788878076348,NA,0.326849770122913,"ok"
"S6_linear_high_noise",305,21070305,1,"scenario_matched_gap_adjusted_did","linear_gap",2,0.223321797362693,0.265717023416167,0.0423952260534746,2.22332179736269,1.95760477394653,-0.0423952260534746,0.0423952260534746,0.00179735519212521,0.0265717023416167,NA,0.510672229478814,"ok"
"S6_linear_high_noise",306,21070306,1,"scenario_matched_gap_adjusted_did","linear_gap",2,0.329470411706262,0.432098814068634,0.102628402362372,2.32947041170626,1.89737159763763,-0.102628402362372,0.102628402362372,0.0105325889714529,0.0432098814068634,NA,0.366830765609044,"ok"
"S6_linear_high_noise",307,21070307,1,"scenario_matched_gap_adjusted_did","linear_gap",2,0.354086695880203,0.203718383199787,-0.150368312680415,2.3540866958802,2.15036831268042,0.150368312680416,0.150368312680416,0.0226106294583552,0.0203718383199787,NA,0.307724232678799,"ok"
"S6_linear_high_noise",308,21070308,1,"scenario_matched_gap_adjusted_did","linear_gap",2,0.0910423234589211,-0.442588389546913,-0.533630713005834,2.09104232345892,2.53363071300583,0.533630713005834,0.533630713005834,0.284761737863114,-0.0442588389546913,NA,0.440049206601505,"ok"
"S6_linear_high_noise",309,21070309,1,"scenario_matched_gap_adjusted_did","linear_gap",2,0.302822256187076,0.523395149342544,0.220572893155468,2.30282225618708,1.77942710684453,-0.220572893155468,0.220572893155468,0.0486524011949735,0.0523395149342544,NA,0.431856233791034,"ok"
"S6_linear_high_noise",310,21070310,1,"scenario_matched_gap_adjusted_did","linear_gap",2,0.103528705837501,0.38647140922261,0.282942703385109,2.1035287058375,1.71705729661489,-0.282942703385109,0.282942703385109,0.0800565733988736,0.038647140922261,NA,0.279588725628273,"ok"
"S6_linear_high_noise",311,21070311,1,"scenario_matched_gap_adjusted_did","linear_gap",2,0.776681179953207,-0.103145108583865,-0.879826288537072,2.77668117995321,2.87982628853707,0.879826288537072,0.879826288537072,0.774094298000919,-0.0103145108583865,NA,0.344562398713965,"ok"
"S6_linear_high_noise",312,21070312,1,"scenario_matched_gap_adjusted_did","linear_gap",2,0.482274963017505,-0.0838709093177521,-0.566145872335258,2.48227496301751,2.56614587233526,0.566145872335258,0.566145872335258,0.32052114876225,-0.00838709093177521,NA,0.32135123747275,"ok"
"S6_linear_high_noise",313,21070313,1,"scenario_matched_gap_adjusted_did","linear_gap",2,0.289092710338813,0.0763589661091658,-0.212733744229648,2.28909271033881,2.21273374422965,0.212733744229648,0.212733744229648,0.0452556459339652,0.00763589661091657,NA,0.414170035443669,"ok"
"S6_linear_high_noise",314,21070314,1,"scenario_matched_gap_adjusted_did","linear_gap",2,-0.163689354285799,-0.205878959195548,-0.0421896049097493,1.8363106457142,2.04218960490975,0.0421896049097494,0.0421896049097494,0.00177996276244075,-0.0205878959195548,NA,0.354105855220732,"ok"
"S6_linear_high_noise",315,21070315,1,"scenario_matched_gap_adjusted_did","linear_gap",2,0.458633412923438,0.457439316939186,-0.00119409598425191,2.45863341292344,2.00119409598425,0.00119409598425158,0.00119409598425158,1.42586521960574e-06,0.0457439316939186,NA,0.433600774149365,"ok"
"S6_linear_high_noise",316,21070316,1,"scenario_matched_gap_adjusted_did","linear_gap",2,0.445503750832751,0.370071681022305,-0.0754320698104459,2.44550375083275,2.07543206981045,0.0754320698104456,0.0754320698104456,0.00568999715588794,0.0370071681022305,NA,0.436773674224392,"ok"
"S6_linear_high_noise",317,21070317,1,"scenario_matched_gap_adjusted_did","linear_gap",2,0.420064860013641,0.252493621375551,-0.16757123863809,2.42006486001364,2.16757123863809,0.167571238638089,0.167571238638089,0.0280801200187035,0.0252493621375551,NA,0.340265815902238,"ok"
"S6_linear_high_noise",318,21070318,1,"scenario_matched_gap_adjusted_did","linear_gap",2,0.16084476656115,-0.114703191384156,-0.275547957945306,2.16084476656115,2.27554795794531,0.275547957945306,0.275547957945306,0.0759266771278282,-0.0114703191384156,NA,0.340884351036827,"ok"
"S6_linear_high_noise",319,21070319,1,"scenario_matched_gap_adjusted_did","linear_gap",2,0.415719903356006,0.292291845897444,-0.123428057458562,2.41571990335601,2.12342805745856,0.123428057458562,0.123428057458562,0.0152344853679941,0.0292291845897444,NA,0.420524783730375,"ok"
"S6_linear_high_noise",320,21070320,1,"scenario_matched_gap_adjusted_did","linear_gap",2,0.294802418987121,-0.139246109162775,-0.434048528149897,2.29480241898712,2.4340485281499,0.434048528149896,0.434048528149896,0.188398124789091,-0.0139246109162775,NA,0.303549067278602,"ok"
"S6_linear_high_noise",321,21070321,1,"scenario_matched_gap_adjusted_did","linear_gap",2,0.182231634531463,0.33120472626032,0.148973091728857,2.18223163453146,1.85102690827114,-0.148973091728858,0.148973091728858,0.0221929820592546,0.033120472626032,NA,0.375277926735441,"ok"
"S6_linear_high_noise",322,21070322,1,"scenario_matched_gap_adjusted_did","linear_gap",2,0.439023623722545,0.646264421594071,0.207240797871526,2.43902362372254,1.79275920212847,-0.207240797871526,0.207240797871526,0.0429487483024268,0.0646264421594071,NA,0.315212484637664,"ok"
"S6_linear_high_noise",323,21070323,1,"scenario_matched_gap_adjusted_did","linear_gap",2,0.163156620495944,0.283167918912179,0.120011298416235,2.16315662049594,1.87998870158377,-0.120011298416234,0.120011298416234,0.0144027117475504,0.0283167918912179,NA,0.575587716589935,"ok"
"S6_linear_high_noise",324,21070324,1,"scenario_matched_gap_adjusted_did","linear_gap",2,-0.118692394621538,0.474673632132121,0.593366026753659,1.88130760537846,1.40663397324634,-0.593366026753659,0.593366026753659,0.352083241705424,0.0474673632132121,NA,0.471955910399806,"ok"
"S6_linear_high_noise",325,21070325,1,"scenario_matched_gap_adjusted_did","linear_gap",2,0.133739040050443,0.450041931205783,0.31630289115534,2.13373904005044,1.68369710884466,-0.31630289115534,0.31630289115534,0.100047518953227,0.0450041931205782,NA,0.369179876636476,"ok"
"S6_linear_high_noise",326,21070326,1,"scenario_matched_gap_adjusted_did","linear_gap",2,0.108793247480965,0.521252862422195,0.41245961494123,2.10879324748097,1.58754038505877,-0.41245961494123,0.41245961494123,0.170122933957467,0.0521252862422195,NA,0.251885330384593,"ok"
"S6_linear_high_noise",327,21070327,1,"scenario_matched_gap_adjusted_did","linear_gap",2,-0.00197493723655454,0.226718918385457,0.228693855622012,1.99802506276345,1.77130614437799,-0.228693855622012,0.228693855622012,0.0523008795992615,0.0226718918385457,NA,0.425710997095725,"ok"
"S6_linear_high_noise",328,21070328,1,"scenario_matched_gap_adjusted_did","linear_gap",2,-0.0906028116762379,0.101661183797439,0.192263995473677,1.90939718832376,1.80773600452632,-0.192263995473677,0.192263995473677,0.036965443955502,0.0101661183797439,NA,0.461962105633822,"ok"
"S6_linear_high_noise",329,21070329,1,"scenario_matched_gap_adjusted_did","linear_gap",2,-0.0364863462655837,0.181711843513014,0.218198189778598,1.96351365373442,1.7818018102214,-0.218198189778598,0.218198189778598,0.047610450022657,0.0181711843513014,NA,0.411379070339895,"ok"
"S6_linear_high_noise",330,21070330,1,"scenario_matched_gap_adjusted_did","linear_gap",2,0.190401168414169,0.658639003654427,0.468237835240258,2.19040116841417,1.53176216475974,-0.468237835240258,0.468237835240258,0.219246670350483,0.0658639003654427,NA,0.360503357563176,"ok"
"S6_linear_high_noise",331,21070331,1,"scenario_matched_gap_adjusted_did","linear_gap",2,0.190588531689561,0.556889496331686,0.366300964642125,2.19058853168956,1.63369903535787,-0.366300964642125,0.366300964642125,0.134176396697752,0.0556889496331686,NA,0.412026019624011,"ok"
"S6_linear_high_noise",332,21070332,1,"scenario_matched_gap_adjusted_did","linear_gap",2,0.321343386128487,0.939536820543403,0.618193434414916,2.32134338612849,1.38180656558508,-0.618193434414916,0.618193434414916,0.382163122353709,0.0939536820543403,NA,0.398381386694423,"ok"
"S6_linear_high_noise",333,21070333,1,"scenario_matched_gap_adjusted_did","linear_gap",2,0.272395177222785,-0.370652119492772,-0.643047296715558,2.27239517722279,2.64304729671556,0.643047296715558,0.643047296715558,0.413509825813186,-0.0370652119492772,NA,0.558286114552297,"ok"
"S6_linear_high_noise",334,21070334,1,"scenario_matched_gap_adjusted_did","linear_gap",2,0.0104933264066042,-0.0461817330967381,-0.0566750595033423,2.0104933264066,2.05667505950334,0.0566750595033425,0.0566750595033425,0.00321206236970741,-0.00461817330967381,NA,0.324691811317852,"ok"
"S6_linear_high_noise",335,21070335,1,"scenario_matched_gap_adjusted_did","linear_gap",2,0.17169815077746,0.208083332709582,0.0363851819321224,2.17169815077746,1.96361481806788,-0.0363851819321224,0.0363851819321224,0.00132388146423364,0.0208083332709582,NA,0.430237068433711,"ok"
"S6_linear_high_noise",336,21070336,1,"scenario_matched_gap_adjusted_did","linear_gap",2,-0.00547038571042613,0.0631335671339404,0.0686039528443665,1.99452961428957,1.93139604715563,-0.0686039528443665,0.0686039528443665,0.00470650234587206,0.00631335671339403,NA,0.169286960194619,"ok"
"S6_linear_high_noise",337,21070337,1,"scenario_matched_gap_adjusted_did","linear_gap",2,0.268756135806655,0.374574300684827,0.105818164878172,2.26875613580666,1.89418183512183,-0.105818164878172,0.105818164878172,0.0111974840181839,0.0374574300684827,NA,0.384045675980887,"ok"
"S6_linear_high_noise",338,21070338,1,"scenario_matched_gap_adjusted_did","linear_gap",2,0.445879717534404,0.20378718018496,-0.242092537349444,2.4458797175344,2.24209253734944,0.242092537349444,0.242092537349444,0.0586087966402919,0.020378718018496,NA,0.237575511975027,"ok"
"S6_linear_high_noise",339,21070339,1,"scenario_matched_gap_adjusted_did","linear_gap",2,0.251002434837346,0.359500397127653,0.108497962290307,2.25100243483735,1.89150203770969,-0.108497962290307,0.108497962290307,0.0117718078211489,0.0359500397127653,NA,0.411358274516627,"ok"
"S6_linear_high_noise",340,21070340,1,"scenario_matched_gap_adjusted_did","linear_gap",2,0.262064792050581,-0.110797358031253,-0.372862150081834,2.26206479205058,2.37286215008183,0.372862150081834,0.372862150081834,0.139026182963648,-0.0110797358031253,NA,0.335829498998845,"ok"
"S6_linear_high_noise",341,21070341,1,"scenario_matched_gap_adjusted_did","linear_gap",2,0.0590516775944234,0.0878312666060936,0.0287795890116702,2.05905167759442,1.97122041098833,-0.0287795890116702,0.0287795890116702,0.000828264743680649,0.00878312666060936,NA,0.433958770124969,"ok"
"S6_linear_high_noise",342,21070342,1,"scenario_matched_gap_adjusted_did","linear_gap",2,0.440359366505279,0.560126132272657,0.119766765767378,2.44035936650528,1.88023323423262,-0.119766765767378,0.119766765767378,0.0143440781823779,0.0560126132272657,NA,0.429892496845971,"ok"
"S6_linear_high_noise",343,21070343,1,"scenario_matched_gap_adjusted_did","linear_gap",2,0.554346474134335,0.742429480474942,0.188083006340607,2.55434647413434,1.81191699365939,-0.188083006340606,0.188083006340606,0.0353752172741206,0.0742429480474942,NA,0.26249506426827,"ok"
"S6_linear_high_noise",344,21070344,1,"scenario_matched_gap_adjusted_did","linear_gap",2,0.459118023748676,0.237844243953357,-0.221273779795319,2.45911802374868,2.22127377979532,0.221273779795319,0.221273779795319,0.0489620856249075,0.0237844243953357,NA,0.58139345841836,"ok"
"S6_linear_high_noise",345,21070345,1,"scenario_matched_gap_adjusted_did","linear_gap",2,0.397661578024498,0.255405766969036,-0.142255811055462,2.3976615780245,2.14225581105546,0.142255811055462,0.142255811055462,0.0202367157790474,0.0255405766969036,NA,0.417663907618389,"ok"
"S6_linear_high_noise",346,21070346,1,"scenario_matched_gap_adjusted_did","linear_gap",2,0.345208899858883,0.0841452906972331,-0.26106360916165,2.34520889985888,2.26106360916165,0.26106360916165,0.26106360916165,0.0681542080285065,0.00841452906972332,NA,0.316127939204176,"ok"
"S6_linear_high_noise",347,21070347,1,"scenario_matched_gap_adjusted_did","linear_gap",2,0.27137280531831,0.377007541552308,0.105634736233997,2.27137280531831,1.894365263766,-0.105634736233997,0.105634736233997,0.0111586974992262,0.0377007541552308,NA,0.406341689575483,"ok"
"S6_linear_high_noise",348,21070348,1,"scenario_matched_gap_adjusted_did","linear_gap",2,0.163807310709484,0.210416072102322,0.0466087613928378,2.16380731070948,1.95339123860716,-0.0466087613928376,0.0466087613928376,0.00217237663857447,0.0210416072102322,NA,0.399442955404036,"ok"
"S6_linear_high_noise",349,21070349,1,"scenario_matched_gap_adjusted_did","linear_gap",2,0.107685927593759,-0.0530964983996716,-0.160782425993431,2.10768592759376,2.16078242599343,0.160782425993431,0.160782425993431,0.0258509885083331,-0.00530964983996716,NA,0.349204479500475,"ok"
"S6_linear_high_noise",350,21070350,1,"scenario_matched_gap_adjusted_did","linear_gap",2,0.0936687825518277,0.00817117547360924,-0.0854976070782185,2.09366878255183,2.08549760707822,0.0854976070782185,0.0854976070782185,0.00730984081610144,0.000817117547360922,NA,0.326364907963754,"ok"
"S6_linear_high_noise",351,21070351,1,"scenario_matched_gap_adjusted_did","linear_gap",2,-0.023502632931386,0.0988317479591528,0.122334380890539,1.97649736706861,1.87766561910946,-0.122334380890539,0.122334380890539,0.0149657007478714,0.00988317479591529,NA,0.470101136103889,"ok"
"S6_linear_high_noise",352,21070352,1,"scenario_matched_gap_adjusted_did","linear_gap",2,0.00338602369186909,-0.257079071378988,-0.260465095070857,2.00338602369187,2.26046509507086,0.260465095070857,0.260465095070857,0.0678420657502708,-0.0257079071378988,NA,0.335479528565396,"ok"
"S6_linear_high_noise",353,21070353,1,"scenario_matched_gap_adjusted_did","linear_gap",2,0.298019106957297,0.113612690480728,-0.184406416476569,2.2980191069573,2.18440641647657,0.184406416476569,0.184406416476569,0.0340057264377299,0.0113612690480728,NA,0.462375988148552,"ok"
"S6_linear_high_noise",354,21070354,1,"scenario_matched_gap_adjusted_did","linear_gap",2,0.267052664579427,-0.00916105154638527,-0.276213716125812,2.26705266457943,2.27621371612581,0.276213716125812,0.276213716125812,0.0762940169760306,-0.000916105154638528,NA,0.472047130842576,"ok"
"S6_linear_high_noise",355,21070355,1,"scenario_matched_gap_adjusted_did","linear_gap",2,0.472288461684996,0.412490524517929,-0.0597979371670674,2.472288461685,2.05979793716707,0.059797937167068,0.059797937167068,0.00357579328943662,0.0412490524517929,NA,0.246514362638708,"ok"
"S6_linear_high_noise",356,21070356,1,"scenario_matched_gap_adjusted_did","linear_gap",2,0.0859710137830761,-0.0261472993804737,-0.11211831316355,2.08597101378308,2.11211831316355,0.11211831316355,0.11211831316355,0.0125705161466399,-0.00261472993804737,NA,0.315309894685334,"ok"
"S6_linear_high_noise",357,21070357,1,"scenario_matched_gap_adjusted_did","linear_gap",2,0.396208913235555,0.132092147281591,-0.264116765953965,2.39620891323556,2.26411676595396,0.264116765953965,0.264116765953965,0.0697576660579814,0.0132092147281591,NA,0.320829697853769,"ok"
"S6_linear_high_noise",358,21070358,1,"scenario_matched_gap_adjusted_did","linear_gap",2,0.0402431815695655,-0.826770238107708,-0.867013419677273,2.04024318156957,2.86701341967727,0.867013419677273,0.867013419677273,0.75171226990048,-0.0826770238107708,NA,0.409054085632089,"ok"
"S6_linear_high_noise",359,21070359,1,"scenario_matched_gap_adjusted_did","linear_gap",2,0.340633082476434,0.773365555235132,0.432732472758698,2.34063308247643,1.5672675272413,-0.432732472758698,0.432732472758698,0.187257392979857,0.0773365555235132,NA,0.424139810498477,"ok"
"S6_linear_high_noise",360,21070360,1,"scenario_matched_gap_adjusted_did","linear_gap",2,0.160351123625186,1.02111082671022,0.860759703085033,2.16035112362519,1.13924029691497,-0.860759703085033,0.860759703085033,0.740907266455034,0.102111082671022,NA,0.409997160283434,"ok"
"S6_linear_high_noise",361,21070361,1,"scenario_matched_gap_adjusted_did","linear_gap",2,0.287760823870563,-0.180269620237933,-0.468030444108497,2.28776082387056,2.4680304441085,0.468030444108496,0.468030444108496,0.219052496612396,-0.0180269620237933,NA,0.429068686926628,"ok"
"S6_linear_high_noise",362,21070362,1,"scenario_matched_gap_adjusted_did","linear_gap",2,0.114959150123707,-0.0242973517235001,-0.139256501847208,2.11495915012371,2.13925650184721,0.139256501847207,0.139256501847207,0.0193923733067213,-0.00242973517235002,NA,0.52916550916322,"ok"
"S6_linear_high_noise",363,21070363,1,"scenario_matched_gap_adjusted_did","linear_gap",2,-0.0509193026121436,0.67253687768025,0.723456180292394,1.94908069738786,1.27654381970761,-0.723456180292394,0.723456180292394,0.523388844803261,0.067253687768025,NA,0.480967028091148,"ok"
"S6_linear_high_noise",364,21070364,1,"scenario_matched_gap_adjusted_did","linear_gap",2,0.336301113471904,0.492330929952433,0.156029816480529,2.3363011134719,1.84397018351947,-0.156029816480529,0.156029816480529,0.0243453036309476,0.0492330929952433,NA,0.323751998850161,"ok"
"S6_linear_high_noise",365,21070365,1,"scenario_matched_gap_adjusted_did","linear_gap",2,0.35203745316752,0.618678610097259,0.266641156929739,2.35203745316752,1.73335884307026,-0.266641156929739,0.266641156929739,0.0710975065688299,0.0618678610097259,NA,0.356305834646903,"ok"
"S6_linear_high_noise",366,21070366,1,"scenario_matched_gap_adjusted_did","linear_gap",2,0.35807046048757,0.417688957677659,0.0596184971900888,2.35807046048757,1.94038150280991,-0.0596184971900886,0.0596184971900886,0.0035543652072046,0.0417688957677659,NA,0.344410471303117,"ok"
"S6_linear_high_noise",367,21070367,1,"scenario_matched_gap_adjusted_did","linear_gap",2,0.241240119063542,0.391874289473186,0.150634170409644,2.24124011906354,1.84936582959036,-0.150634170409644,0.150634170409644,0.0226906532950016,0.0391874289473186,NA,0.349140076454057,"ok"
"S6_linear_high_noise",368,21070368,1,"scenario_matched_gap_adjusted_did","linear_gap",2,-0.205980756540308,-0.683634048384632,-0.477653291844324,1.79401924345969,2.47765329184432,0.477653291844324,0.477653291844324,0.228152667209719,-0.0683634048384632,NA,0.376963677245553,"ok"
"S6_linear_high_noise",369,21070369,1,"scenario_matched_gap_adjusted_did","linear_gap",2,0.303511309592443,-0.477233475766704,-0.780744785359147,2.30351130959244,2.78074478535915,0.780744785359147,0.780744785359147,0.609562419865501,-0.0477233475766704,NA,0.361906727282607,"ok"
"S6_linear_high_noise",370,21070370,1,"scenario_matched_gap_adjusted_did","linear_gap",2,0.105361303239119,0.178685576355719,0.0733242731165993,2.10536130323912,1.9266757268834,-0.0733242731165997,0.0733242731165997,0.00537644902807771,0.0178685576355719,NA,0.369456504280003,"ok"
"S6_linear_high_noise",371,21070371,1,"scenario_matched_gap_adjusted_did","linear_gap",2,0.648957302433625,0.600282778603006,-0.048674523830619,2.64895730243362,2.04867452383062,0.0486745238306185,0.0486745238306185,0.00236920927013745,0.0600282778603006,NA,0.199511961617675,"ok"
"S6_linear_high_noise",372,21070372,1,"scenario_matched_gap_adjusted_did","linear_gap",2,-0.239458215672538,0.288094611950074,0.527552827622613,1.76054178432746,1.47244717237739,-0.527552827622613,0.527552827622613,0.278311985932614,0.0288094611950074,NA,0.30392762273648,"ok"
"S6_linear_high_noise",373,21070373,1,"scenario_matched_gap_adjusted_did","linear_gap",2,0.147441648001561,0.0861356437967994,-0.0613060042047613,2.14744164800156,2.06130600420476,0.0613060042047611,0.0613060042047611,0.00375842615155418,0.00861356437967994,NA,0.262822009295059,"ok"
"S6_linear_high_noise",374,21070374,1,"scenario_matched_gap_adjusted_did","linear_gap",2,0.325836867754503,0.750068779512767,0.424231911758264,2.3258368677545,1.57576808824174,-0.424231911758264,0.424231911758264,0.179972714954071,0.0750068779512767,NA,0.393723109148202,"ok"
"S6_linear_high_noise",375,21070375,1,"scenario_matched_gap_adjusted_did","linear_gap",2,0.158391266092292,0.397044668403285,0.238653402310993,2.15839126609229,1.76134659768901,-0.238653402310993,0.238653402310993,0.0569554464346126,0.0397044668403285,NA,0.21820710755176,"ok"
"S6_linear_high_noise",376,21070376,1,"scenario_matched_gap_adjusted_did","linear_gap",2,0.217218168943638,0.846314235176788,0.62909606623315,2.21721816894364,1.37090393376685,-0.62909606623315,0.62909606623315,0.395761860550023,0.0846314235176788,NA,0.291712082045119,"ok"
"S6_linear_high_noise",377,21070377,1,"scenario_matched_gap_adjusted_did","linear_gap",2,-0.0755994906339087,0.354911212216915,0.430510702850823,1.92440050936609,1.56948929714918,-0.430510702850823,0.430510702850823,0.18533946526911,0.0354911212216914,NA,0.39080873231787,"ok"
"S6_linear_high_noise",378,21070378,1,"scenario_matched_gap_adjusted_did","linear_gap",2,0.374489255526357,0.604096505536427,0.22960725001007,2.37448925552636,1.77039274998993,-0.22960725001007,0.22960725001007,0.0527194892571868,0.0604096505536427,NA,0.447856957601378,"ok"
"S6_linear_high_noise",379,21070379,1,"scenario_matched_gap_adjusted_did","linear_gap",2,0.484083493967395,0.615348507946654,0.131265013979259,2.48408349396739,1.86873498602074,-0.131265013979259,0.131265013979259,0.0172305038949751,0.0615348507946653,NA,0.404804443526988,"ok"
"S6_linear_high_noise",380,21070380,1,"scenario_matched_gap_adjusted_did","linear_gap",2,0.547625340722977,0.681984534077032,0.134359193354055,2.54762534072298,1.86564080664594,-0.134359193354055,0.134359193354055,0.0180523928387524,0.0681984534077032,NA,0.355638290048238,"ok"
"S6_linear_high_noise",381,21070381,1,"scenario_matched_gap_adjusted_did","linear_gap",2,-0.0476229422333936,-0.0602951072937617,-0.0126721650603681,1.95237705776661,2.01267216506037,0.0126721650603683,0.0126721650603683,0.000160583767317219,-0.00602951072937617,NA,0.337959554583468,"ok"
"S6_linear_high_noise",382,21070382,1,"scenario_matched_gap_adjusted_did","linear_gap",2,0.262510605068461,0.299131848980063,0.0366212439116014,2.26251060506846,1.9633787560884,-0.0366212439116012,0.0366212439116012,0.00134111550563298,0.0299131848980063,NA,0.396076590848579,"ok"
"S6_linear_high_noise",383,21070383,1,"scenario_matched_gap_adjusted_did","linear_gap",2,0.17690937138397,0.329041435838733,0.152132064454763,2.17690937138397,1.84786793554524,-0.152132064454763,0.152132064454763,0.023144165035268,0.0329041435838733,NA,0.310663037489925,"ok"
"S6_linear_high_noise",384,21070384,1,"scenario_matched_gap_adjusted_did","linear_gap",2,0.276079900158133,0.0837314147039897,-0.192348485454143,2.27607990015813,2.19234848545414,0.192348485454144,0.192348485454144,0.0369979398565029,0.00837314147039897,NA,0.506030062957742,"ok"
"S6_linear_high_noise",385,21070385,1,"scenario_matched_gap_adjusted_did","linear_gap",2,0.066270016673008,0.339132521291014,0.272862504618006,2.06627001667301,1.72713749538199,-0.272862504618006,0.272862504618006,0.0744539464264113,0.0339132521291014,NA,0.334239653965522,"ok"
"S6_linear_high_noise",386,21070386,1,"scenario_matched_gap_adjusted_did","linear_gap",2,0.279866361707095,0.729354036942067,0.449487675234972,2.27986636170709,1.55051232476503,-0.449487675234972,0.449487675234972,0.20203917018814,0.0729354036942066,NA,0.397931591418171,"ok"
"S6_linear_high_noise",387,21070387,1,"scenario_matched_gap_adjusted_did","linear_gap",2,0.33548997620298,0.252182830225743,-0.083307145977237,2.33548997620298,2.08330714597724,0.083307145977237,0.083307145977237,0.00694008057087267,0.0252182830225743,NA,0.223858915106814,"ok"
"S6_linear_high_noise",388,21070388,1,"scenario_matched_gap_adjusted_did","linear_gap",2,0.461804911715305,-0.0777219204801117,-0.539526832195417,2.46180491171531,2.53952683219542,0.539526832195417,0.539526832195417,0.291089202658822,-0.00777219204801116,NA,0.251761435086994,"ok"
"S6_linear_high_noise",389,21070389,1,"scenario_matched_gap_adjusted_did","linear_gap",2,0.502258244342477,-0.122859132100691,-0.625117376443168,2.50225824434248,2.62511737644317,0.625117376443169,0.625117376443169,0.39077173433119,-0.0122859132100691,NA,0.37120515627337,"ok"
"S6_linear_high_noise",390,21070390,1,"scenario_matched_gap_adjusted_did","linear_gap",2,0.703885641473139,0.688300680338349,-0.0155849611347899,2.70388564147314,2.01558496113479,0.0155849611347896,0.0155849611347896,0.000242891013572902,0.0688300680338349,NA,0.359341801743897,"ok"
"S6_linear_high_noise",391,21070391,1,"scenario_matched_gap_adjusted_did","linear_gap",2,0.170609795267908,-0.247057627097709,-0.417667422365617,2.17060979526791,2.41766742236562,0.417667422365618,0.417667422365618,0.174446075705539,-0.0247057627097709,NA,0.449129252424954,"ok"
"S6_linear_high_noise",392,21070392,1,"scenario_matched_gap_adjusted_did","linear_gap",2,-0.0479484600014571,0.379993911602604,0.427942371604061,1.95205153999854,1.57205762839594,-0.427942371604061,0.427942371604061,0.183134673414108,0.0379993911602604,NA,0.389383164632879,"ok"
"S6_linear_high_noise",393,21070393,1,"scenario_matched_gap_adjusted_did","linear_gap",2,0.543632352800522,0.607137327124312,0.0635049743237903,2.54363235280052,1.93649502567621,-0.0635049743237903,0.0635049743237903,0.00403288176386527,0.0607137327124312,NA,0.534468097338278,"ok"
"S6_linear_high_noise",394,21070394,1,"scenario_matched_gap_adjusted_did","linear_gap",2,0.418477863798421,0.267693130305744,-0.150784733492677,2.41847786379842,2.15078473349268,0.150784733492677,0.150784733492677,0.0227360358544576,0.0267693130305744,NA,0.442325798048453,"ok"
"S6_linear_high_noise",395,21070395,1,"scenario_matched_gap_adjusted_did","linear_gap",2,0.392674449865377,0.406713462375415,0.0140390125100372,2.39267444986538,1.98596098748996,-0.0140390125100371,0.0140390125100371,0.000197093872256979,0.0406713462375414,NA,0.357799972137651,"ok"
"S6_linear_high_noise",396,21070396,1,"scenario_matched_gap_adjusted_did","linear_gap",2,0.127363646540419,0.315490692031375,0.188127045490956,2.12736364654042,1.81187295450904,-0.188127045490956,0.188127045490956,0.0353917852451562,0.0315490692031375,NA,0.332731404661979,"ok"
"S6_linear_high_noise",397,21070397,1,"scenario_matched_gap_adjusted_did","linear_gap",2,0.202464023348789,-0.381760065066218,-0.584224088415007,2.20246402334879,2.58422408841501,0.584224088415007,0.584224088415007,0.341317785484346,-0.0381760065066218,NA,0.367951271181871,"ok"
"S6_linear_high_noise",398,21070398,1,"scenario_matched_gap_adjusted_did","linear_gap",2,-0.00711958684169139,-0.0189891162297047,-0.0118695293880133,1.99288041315831,2.01186952938801,0.0118695293880133,0.0118695293880133,0.000140885727892912,-0.00189891162297047,NA,0.439457314692875,"ok"
"S6_linear_high_noise",399,21070399,1,"scenario_matched_gap_adjusted_did","linear_gap",2,0.195236414064793,0.36035107575775,0.165114661692957,2.19523641406479,1.83488533830704,-0.165114661692957,0.165114661692957,0.0272628515059796,0.036035107575775,NA,0.443176149418285,"ok"
"S6_linear_high_noise",400,21070400,1,"scenario_matched_gap_adjusted_did","linear_gap",2,0.3845294431842,-0.0617781804131997,-0.4463076235974,2.3845294431842,2.4463076235974,0.4463076235974,0.4463076235974,0.199190494881158,-0.00617781804131997,NA,0.411798888557366,"ok"
"S6_linear_high_noise",401,21070401,1,"scenario_matched_gap_adjusted_did","linear_gap",2,-0.0605969485816058,0.174033555707006,0.234630504288612,1.93940305141839,1.76536949571139,-0.234630504288612,0.234630504288612,0.0550514735427284,0.0174033555707006,NA,0.470402055464191,"ok"
"S6_linear_high_noise",402,21070402,1,"scenario_matched_gap_adjusted_did","linear_gap",2,0.353474386392293,0.678737320722607,0.325262934330314,2.35347438639229,1.67473706566969,-0.325262934330314,0.325262934330314,0.105795976449166,0.0678737320722607,NA,0.317652412734727,"ok"
"S6_linear_high_noise",403,21070403,1,"scenario_matched_gap_adjusted_did","linear_gap",2,0.257731854846638,0.707564515666829,0.449832660820191,2.25773185484664,1.55016733917981,-0.44983266082019,0.44983266082019,0.202349422740572,0.0707564515666829,NA,0.361624538945927,"ok"
"S6_linear_high_noise",404,21070404,1,"scenario_matched_gap_adjusted_did","linear_gap",2,0.125675793981939,0.502878848173483,0.377203054191544,2.12567579398194,1.62279694580846,-0.377203054191544,0.377203054191544,0.142282144091429,0.0502878848173483,NA,0.487015566381307,"ok"
"S6_linear_high_noise",405,21070405,1,"scenario_matched_gap_adjusted_did","linear_gap",2,0.464031123382326,-0.265488657895802,-0.729519781278128,2.46403112338233,2.72951978127813,0.729519781278128,0.729519781278128,0.532199111276087,-0.0265488657895802,NA,0.489384189546075,"ok"
"S6_linear_high_noise",406,21070406,1,"scenario_matched_gap_adjusted_did","linear_gap",2,0.337063251307304,0.18890294646498,-0.148160304842324,2.3370632513073,2.14816030484232,0.148160304842325,0.148160304842325,0.0219514759309705,0.018890294646498,NA,0.282492709250574,"ok"
"S6_linear_high_noise",407,21070407,1,"scenario_matched_gap_adjusted_did","linear_gap",2,0.255023115543031,0.124324248803984,-0.130698866739047,2.25502311554303,2.13069886673905,0.130698866739047,0.130698866739047,0.0170821937668712,0.0124324248803984,NA,0.546514905687706,"ok"
"S6_linear_high_noise",408,21070408,1,"scenario_matched_gap_adjusted_did","linear_gap",2,0.198549676242698,-0.386009833845607,-0.584559510088305,2.1985496762427,2.5845595100883,0.584559510088305,0.584559510088305,0.341709820834679,-0.0386009833845607,NA,0.377727093183571,"ok"
"S6_linear_high_noise",409,21070409,1,"scenario_matched_gap_adjusted_did","linear_gap",2,0.15965641034405,-0.165810402399046,-0.325466812743097,2.15965641034405,2.3254668127431,0.325466812743097,0.325466812743097,0.10592864619715,-0.0165810402399046,NA,0.434691757878235,"ok"
"S6_linear_high_noise",410,21070410,1,"scenario_matched_gap_adjusted_did","linear_gap",2,0.230728787499398,0.00357513935501355,-0.227153648144384,2.2307287874994,2.22715364814438,0.227153648144384,0.227153648144384,0.0515987798653028,0.000357513935501348,NA,0.340120352752443,"ok"
"S6_linear_high_noise",411,21070411,1,"scenario_matched_gap_adjusted_did","linear_gap",2,0.390888179563046,-0.138552657896188,-0.529440837459234,2.39088817956305,2.52944083745923,0.529440837459234,0.529440837459234,0.280307600369535,-0.0138552657896188,NA,0.3268212519846,"ok"
"S6_linear_high_noise",412,21070412,1,"scenario_matched_gap_adjusted_did","linear_gap",2,0.209257304215246,0.320891036070225,0.111633731854979,2.20925730421525,1.88836626814502,-0.111633731854979,0.111633731854979,0.0124620900878694,0.0320891036070225,NA,0.366906702549254,"ok"
"S6_linear_high_noise",413,21070413,1,"scenario_matched_gap_adjusted_did","linear_gap",2,0.254450992152404,0.236330808572763,-0.0181201835796408,2.2544509921524,2.01812018357964,0.0181201835796405,0.0181201835796405,0.000328341052959874,0.0236330808572763,NA,0.345141544301563,"ok"
"S6_linear_high_noise",414,21070414,1,"scenario_matched_gap_adjusted_did","linear_gap",2,-0.0320339613534505,0.560098057056867,0.592132018410317,1.96796603864655,1.40786798158968,-0.592132018410318,0.592132018410318,0.350620327226677,0.0560098057056867,NA,0.452248679725338,"ok"
"S6_linear_high_noise",415,21070415,1,"scenario_matched_gap_adjusted_did","linear_gap",2,0.329356877725597,-0.134892355564555,-0.464249233290151,2.3293568777256,2.46424923329015,0.464249233290151,0.464249233290151,0.215527350610493,-0.0134892355564555,NA,0.431137938644083,"ok"
"S6_linear_high_noise",416,21070416,1,"scenario_matched_gap_adjusted_did","linear_gap",2,-0.0156975413550192,0.17358806992555,0.189285611280569,1.98430245864498,1.81071438871943,-0.189285611280569,0.189285611280569,0.0358290426378587,0.017358806992555,NA,0.461160136906934,"ok"
"S6_linear_high_noise",417,21070417,1,"scenario_matched_gap_adjusted_did","linear_gap",2,0.451206680888878,-0.344869825211406,-0.796076506100283,2.45120668088888,2.79607650610028,0.796076506100283,0.796076506100283,0.633737803564834,-0.0344869825211406,NA,0.379006254444903,"ok"
"S6_linear_high_noise",418,21070418,1,"scenario_matched_gap_adjusted_did","linear_gap",2,0.406930231178477,-0.345791353162004,-0.752721584340481,2.40693023117848,2.75272158434048,0.752721584340481,0.752721584340481,0.566589783532043,-0.0345791353162004,NA,0.294269767920942,"ok"
"S6_linear_high_noise",419,21070419,1,"scenario_matched_gap_adjusted_did","linear_gap",2,0.0347419025741999,0.185196488704232,0.150454586130032,2.0347419025742,1.84954541386997,-0.150454586130032,0.150454586130032,0.0226365824875593,0.0185196488704232,NA,0.455403842551217,"ok"
"S6_linear_high_noise",420,21070420,1,"scenario_matched_gap_adjusted_did","linear_gap",2,0.226238067987144,0.311049236496099,0.0848111685089553,2.22623806798714,1.91518883149105,-0.084811168508955,0.084811168508955,0.00719293430385436,0.0311049236496099,NA,0.262060604190695,"ok"
"S6_linear_high_noise",421,21070421,1,"scenario_matched_gap_adjusted_did","linear_gap",2,0.379985847605978,-0.0533950760320943,-0.433380923638073,2.37998584760598,2.43338092363807,0.433380923638073,0.433380923638073,0.187819024973389,-0.00533950760320943,NA,0.422489008271533,"ok"
"S6_linear_high_noise",422,21070422,1,"scenario_matched_gap_adjusted_did","linear_gap",2,0.640320610681873,0.359837601955649,-0.280483008726224,2.64032061068187,2.28048300872622,0.280483008726224,0.280483008726224,0.0786707181841151,0.0359837601955649,NA,0.33507320763693,"ok"
"S6_linear_high_noise",423,21070423,1,"scenario_matched_gap_adjusted_did","linear_gap",2,0.186543290747127,-0.179686645009595,-0.366229935756722,2.18654329074713,2.36622993575672,0.366229935756722,0.366229935756722,0.134124365844373,-0.0179686645009595,NA,0.424314222139789,"ok"
"S6_linear_high_noise",424,21070424,1,"scenario_matched_gap_adjusted_did","linear_gap",2,0.0740284030995401,0.361409412110495,0.287381009010955,2.07402840309954,1.71261899098905,-0.287381009010955,0.287381009010955,0.0825878443401546,0.0361409412110495,NA,0.408273430823351,"ok"
"S6_linear_high_noise",425,21070425,1,"scenario_matched_gap_adjusted_did","linear_gap",2,0.306660085969858,-0.232894618816416,-0.539554704786274,2.30666008596986,2.53955470478627,0.539554704786274,0.539554704786274,0.291119279457003,-0.0232894618816416,NA,0.414604455428048,"ok"
"S6_linear_high_noise",426,21070426,1,"scenario_matched_gap_adjusted_did","linear_gap",2,0.112227492984393,0.229760670754556,0.117533177770163,2.11222749298439,1.88246682222984,-0.117533177770163,0.117533177770163,0.0138140478767528,0.0229760670754556,NA,0.387835786128495,"ok"
"S6_linear_high_noise",427,21070427,1,"scenario_matched_gap_adjusted_did","linear_gap",2,0.23421050895995,0.373712826812946,0.139502317852996,2.23421050895995,1.860497682147,-0.139502317852996,0.139502317852996,0.0194608966863584,0.0373712826812946,NA,0.414949528024377,"ok"
"S6_linear_high_noise",428,21070428,1,"scenario_matched_gap_adjusted_did","linear_gap",2,0.112904665636121,-0.161876809299795,-0.274781474935916,2.11290466563612,2.27478147493592,0.274781474935916,0.274781474935916,0.0755048589679574,-0.0161876809299795,NA,0.37220993796378,"ok"
"S6_linear_high_noise",429,21070429,1,"scenario_matched_gap_adjusted_did","linear_gap",2,0.0371070996043508,0.286418890217898,0.249311790613547,2.03710709960435,1.75068820938645,-0.249311790613546,0.249311790613546,0.0621563689389327,0.0286418890217897,NA,0.314151938970542,"ok"
"S6_linear_high_noise",430,21070430,1,"scenario_matched_gap_adjusted_did","linear_gap",2,0.321605657142006,-0.364741511964033,-0.686347169106038,2.32160565714201,2.68634716910604,0.686347169106038,0.686347169106038,0.471072436539872,-0.0364741511964033,NA,0.401285919004435,"ok"
"S6_linear_high_noise",431,21070431,1,"scenario_matched_gap_adjusted_did","linear_gap",2,0.0686815610355249,-0.143416456856199,-0.212098017891724,2.06868156103552,2.21209801789172,0.212098017891724,0.212098017891724,0.044985569193598,-0.0143416456856199,NA,0.409379605751526,"ok"
"S6_linear_high_noise",432,21070432,1,"scenario_matched_gap_adjusted_did","linear_gap",2,0.554914007498135,0.135807642319343,-0.419106365178792,2.55491400749813,2.41910636517879,0.419106365178792,0.419106365178792,0.175650145333379,0.0135807642319342,NA,0.454740644408243,"ok"
"S6_linear_high_noise",433,21070433,1,"scenario_matched_gap_adjusted_did","linear_gap",2,0.62217337182815,0.454432092250304,-0.167741279577847,2.62217337182815,2.16774127957785,0.167741279577847,0.167741279577847,0.0281371368744134,0.0454432092250303,NA,0.425297800475413,"ok"
"S6_linear_high_noise",434,21070434,1,"scenario_matched_gap_adjusted_did","linear_gap",2,0.482759375191179,0.11422554979265,-0.368533825398529,2.48275937519118,2.36853382539853,0.368533825398528,0.368533825398528,0.135817180462873,0.011422554979265,NA,0.317849859659921,"ok"
"S6_linear_high_noise",435,21070435,1,"scenario_matched_gap_adjusted_did","linear_gap",2,0.405966057221992,-0.204767341881935,-0.610733399103927,2.40596605722199,2.61073339910393,0.610733399103927,0.610733399103927,0.372995284781037,-0.0204767341881935,NA,0.331448573516291,"ok"
"S6_linear_high_noise",436,21070436,1,"scenario_matched_gap_adjusted_did","linear_gap",2,0.331953809658073,-0.0877512116288811,-0.419705021286954,2.33195380965807,2.41970502128695,0.419705021286954,0.419705021286954,0.176152304893482,-0.0087751211628881,NA,0.400792301254834,"ok"
"S6_linear_high_noise",437,21070437,1,"scenario_matched_gap_adjusted_did","linear_gap",2,0.374587737519053,-0.5820037374291,-0.956591474948153,2.37458773751905,2.95659147494815,0.956591474948153,0.956591474948153,0.915067249943483,-0.05820037374291,NA,0.30810655149255,"ok"
"S6_linear_high_noise",438,21070438,1,"scenario_matched_gap_adjusted_did","linear_gap",2,0.20566760194791,0.317903151886201,0.112235549938292,2.20566760194791,1.88776445006171,-0.112235549938292,0.112235549938292,0.0125968186699509,0.0317903151886201,NA,0.303206003736234,"ok"
"S6_linear_high_noise",439,21070439,1,"scenario_matched_gap_adjusted_did","linear_gap",2,0.260929411390741,0.199756720984049,-0.0611726904066926,2.26092941139074,2.06117269040669,0.0611726904066927,0.0611726904066927,0.00374209805159307,0.0199756720984049,NA,0.499611647554393,"ok"
"S6_linear_high_noise",440,21070440,1,"scenario_matched_gap_adjusted_did","linear_gap",2,0.0563891245026265,0.546393519142505,0.490004394639879,2.05638912450263,1.50999560536012,-0.490004394639878,0.490004394639878,0.240104306766394,0.0546393519142505,NA,0.336004672580957,"ok"
"S6_linear_high_noise",441,21070441,1,"scenario_matched_gap_adjusted_did","linear_gap",2,0.529703387412237,0.254434246987709,-0.275269140424528,2.52970338741224,2.27526914042453,0.275269140424528,0.275269140424528,0.0757730996700586,0.0254434246987709,NA,0.286611216546047,"ok"
"S6_linear_high_noise",442,21070442,1,"scenario_matched_gap_adjusted_did","linear_gap",2,0.228590747152495,0.4157065640995,0.187115816947005,2.2285907471525,1.812884183053,-0.187115816947004,0.187115816947004,0.0350123289517449,0.04157065640995,NA,0.206111857199892,"ok"
"S6_linear_high_noise",443,21070443,1,"scenario_matched_gap_adjusted_did","linear_gap",2,0.233126171024167,-0.11952528916387,-0.352651460188036,2.23312617102417,2.35265146018804,0.352651460188036,0.352651460188036,0.124363052372754,-0.011952528916387,NA,0.411820140788896,"ok"
"S6_linear_high_noise",444,21070444,1,"scenario_matched_gap_adjusted_did","linear_gap",2,0.30780477987133,-0.0020298192611808,-0.309834599132511,2.30780477987133,2.30983459913251,0.309834599132511,0.309834599132511,0.0959974788196039,-0.000202981926118079,NA,0.344072203504058,"ok"
"S6_linear_high_noise",445,21070445,1,"scenario_matched_gap_adjusted_did","linear_gap",2,0.238954508429659,0.412558355381544,0.173603846951884,2.23895450842966,1.82639615304812,-0.173603846951885,0.173603846951885,0.0301382956764934,0.0412558355381543,NA,0.334176038996611,"ok"
"S6_linear_high_noise",446,21070446,1,"scenario_matched_gap_adjusted_did","linear_gap",2,0.29045041897794,-0.5775460735022,-0.86799649248014,2.29045041897794,2.86799649248014,0.86799649248014,0.86799649248014,0.753417910957826,-0.05775460735022,NA,0.488695677497956,"ok"
"S6_linear_high_noise",447,21070447,1,"scenario_matched_gap_adjusted_did","linear_gap",2,-0.0306087357047476,1.12544553369531,1.15605426940006,1.96939126429525,0.843945730599938,-1.15605426940006,1.15605426940006,1.33646147379811,0.112544553369531,NA,0.398981925239843,"ok"
"S6_linear_high_noise",448,21070448,1,"scenario_matched_gap_adjusted_did","linear_gap",2,0.150399339138796,0.174435310363376,0.02403597122458,2.1503993391388,1.97596402877542,-0.0240359712245799,0.0240359712245799,0.000577727912708833,0.0174435310363376,NA,0.306794166745187,"ok"
"S6_linear_high_noise",449,21070449,1,"scenario_matched_gap_adjusted_did","linear_gap",2,0.136672395387725,0.310523938780453,0.173851543392728,2.13667239538772,1.82614845660727,-0.173851543392728,0.173851543392728,0.0302243591400336,0.0310523938780453,NA,0.292607565572916,"ok"
"S6_linear_high_noise",450,21070450,1,"scenario_matched_gap_adjusted_did","linear_gap",2,0.288936538614667,0.0250413570530209,-0.263895181561646,2.28893653861467,2.26389518156165,0.263895181561646,0.263895181561646,0.0696406668514541,0.0025041357053021,NA,0.625784092868767,"ok"
"S6_linear_high_noise",451,21070451,1,"scenario_matched_gap_adjusted_did","linear_gap",2,0.351697592843417,0.0593765240331584,-0.292321068810258,2.35169759284342,2.29232106881026,0.292321068810258,0.292321068810258,0.0854516072703717,0.00593765240331583,NA,0.36163694721522,"ok"
"S6_linear_high_noise",452,21070452,1,"scenario_matched_gap_adjusted_did","linear_gap",2,0.348646564638006,0.523733818958894,0.175087254320888,2.34864656463801,1.82491274567911,-0.175087254320889,0.175087254320889,0.0306555466256276,0.0523733818958894,NA,0.481404016571793,"ok"
"S6_linear_high_noise",453,21070453,1,"scenario_matched_gap_adjusted_did","linear_gap",2,0.31928859854602,0.0175078246175065,-0.301780773928514,2.31928859854602,2.30178077392851,0.301780773928514,0.301780773928514,0.0910716355128927,0.00175078246175065,NA,0.233970542467606,"ok"
"S6_linear_high_noise",454,21070454,1,"scenario_matched_gap_adjusted_did","linear_gap",2,0.00796800951177387,-0.73097571405935,-0.738943723571124,2.00796800951177,2.73894372357112,0.738943723571124,0.738943723571124,0.546037826605157,-0.073097571405935,NA,0.357034281492551,"ok"
"S6_linear_high_noise",455,21070455,1,"scenario_matched_gap_adjusted_did","linear_gap",2,0.122436953378999,0.346174898481197,0.223737945102198,2.122436953379,1.7762620548978,-0.223737945102198,0.223737945102198,0.050058668078554,0.0346174898481197,NA,0.398927821385279,"ok"
"S6_linear_high_noise",456,21070456,1,"scenario_matched_gap_adjusted_did","linear_gap",2,0.0942616887140742,0.438294347171115,0.344032658457041,2.09426168871407,1.65596734154296,-0.344032658457041,0.344032658457041,0.118358470085019,0.0438294347171115,NA,0.441554320603604,"ok"
"S6_linear_high_noise",457,21070457,1,"scenario_matched_gap_adjusted_did","linear_gap",2,0.225202392353314,-0.0236418126288259,-0.24884420498214,2.22520239235331,2.24884420498214,0.24884420498214,0.24884420498214,0.0619234383531932,-0.0023641812628826,NA,0.489966676076846,"ok"
"S6_linear_high_noise",458,21070458,1,"scenario_matched_gap_adjusted_did","linear_gap",2,0.428478971602093,-0.0496064967558759,-0.478085468357969,2.42847897160209,2.47808546835797,0.478085468357969,0.478085468357969,0.228565715055059,-0.0049606496755876,NA,0.420283824858073,"ok"
"S6_linear_high_noise",459,21070459,1,"scenario_matched_gap_adjusted_did","linear_gap",2,0.178636189812367,0.271770301127887,0.0931341113155201,2.17863618981237,1.90686588868448,-0.0931341113155202,0.0931341113155202,0.00867396269053171,0.0271770301127887,NA,0.275801090286515,"ok"
"S6_linear_high_noise",460,21070460,1,"scenario_matched_gap_adjusted_did","linear_gap",2,0.311175123319813,0.154200102281067,-0.156975021038746,2.31117512331981,2.15697502103875,0.156975021038746,0.156975021038746,0.0246411572301147,0.0154200102281067,NA,0.498920293767296,"ok"
"S6_linear_high_noise",461,21070461,1,"scenario_matched_gap_adjusted_did","linear_gap",2,0.175464179193845,0.190335055778034,0.0148708765841891,2.17546417919384,1.98512912341581,-0.014870876584189,0.014870876584189,0.000221142970382179,0.0190335055778034,NA,0.273807300999388,"ok"
"S6_linear_high_noise",462,21070462,1,"scenario_matched_gap_adjusted_did","linear_gap",2,0.439767096374377,0.430467461490028,-0.00929963488434915,2.43976709637438,2.00929963488435,0.00929963488434904,0.00929963488434904,8.64832089822016e-05,0.0430467461490028,NA,0.36916639001171,"ok"
"S6_linear_high_noise",463,21070463,1,"scenario_matched_gap_adjusted_did","linear_gap",2,0.313163601191657,-0.283956939105275,-0.597120540296932,2.31316360119166,2.59712054029693,0.597120540296932,0.597120540296932,0.3565529396445,-0.0283956939105275,NA,0.275017305726154,"ok"
"S6_linear_high_noise",464,21070464,1,"scenario_matched_gap_adjusted_did","linear_gap",2,0.0496702257683355,0.72486955224437,0.675199326476035,2.04967022576834,1.32480067352397,-0.675199326476035,0.675199326476035,0.455894130473691,0.072486955224437,NA,0.500009401335345,"ok"
"S6_linear_high_noise",465,21070465,1,"scenario_matched_gap_adjusted_did","linear_gap",2,0.35080703487059,0.516394798293629,0.165587763423039,2.35080703487059,1.83441223657696,-0.165587763423038,0.165587763423038,0.0274193073954442,0.0516394798293629,NA,0.545448137648618,"ok"
"S6_linear_high_noise",466,21070466,1,"scenario_matched_gap_adjusted_did","linear_gap",2,-0.309512804850647,-0.512041806059902,-0.202529001209256,1.69048719514935,2.20252900120926,0.202529001209256,0.202529001209256,0.0410179963308186,-0.0512041806059903,NA,0.302009871293268,"ok"
"S6_linear_high_noise",467,21070467,1,"scenario_matched_gap_adjusted_did","linear_gap",2,0.0762973364212614,0.109333961770707,0.0330366253494455,2.07629733642126,1.96696337465055,-0.0330366253494452,0.0330366253494452,0.0010914186144796,0.0109333961770707,NA,0.26297540951022,"ok"
"S6_linear_high_noise",468,21070468,1,"scenario_matched_gap_adjusted_did","linear_gap",2,0.2792192961654,-0.477547826263891,-0.756767122429291,2.2792192961654,2.75676712242929,0.756767122429292,0.756767122429292,0.57269647758991,-0.0477547826263891,NA,0.428070259533122,"ok"
"S6_linear_high_noise",469,21070469,1,"scenario_matched_gap_adjusted_did","linear_gap",2,0.288722984008442,0.031454011360124,-0.257268972648317,2.28872298400844,2.25726897264832,0.257268972648317,0.257268972648317,0.0661873242875206,0.0031454011360124,NA,0.302587238255298,"ok"
"S6_linear_high_noise",470,21070470,1,"scenario_matched_gap_adjusted_did","linear_gap",2,-0.0756463724430314,0.096638404995863,0.172284777438894,1.92435362755697,1.82771522256111,-0.172284777438894,0.172284777438894,0.0296820445371694,0.00966384049958627,NA,0.390987310594583,"ok"
"S6_linear_high_noise",471,21070471,1,"scenario_matched_gap_adjusted_did","linear_gap",2,0.082806071466509,-0.0796868167926536,-0.162492888259163,2.08280607146651,2.16249288825916,0.162492888259163,0.162492888259163,0.0264039387348047,-0.00796868167926536,NA,0.311858504472348,"ok"
"S6_linear_high_noise",472,21070472,1,"scenario_matched_gap_adjusted_did","linear_gap",2,0.199750736342285,0.380617526056403,0.180866789714119,2.19975073634228,1.81913321028588,-0.180866789714119,0.180866789714119,0.0327127956214912,0.0380617526056403,NA,0.404144243249049,"ok"
"S6_linear_high_noise",473,21070473,1,"scenario_matched_gap_adjusted_did","linear_gap",2,0.614181553610553,0.0593982291340339,-0.554783324476519,2.61418155361055,2.55478332447652,0.554783324476519,0.554783324476519,0.307784537117219,0.00593982291340338,NA,0.353048903315113,"ok"
"S6_linear_high_noise",474,21070474,1,"scenario_matched_gap_adjusted_did","linear_gap",2,0.321342633216157,0.540273058286522,0.218930425070364,2.32134263321616,1.78106957492964,-0.218930425070364,0.218930425070364,0.0479305310214904,0.0540273058286522,NA,0.325860355779974,"ok"
"S6_linear_high_noise",475,21070475,1,"scenario_matched_gap_adjusted_did","linear_gap",2,0.0499119148396276,0.59521484540523,0.545302930565603,2.04991191483963,1.4546970694344,-0.545302930565602,0.545302930565602,0.297355286083434,0.059521484540523,NA,0.501684229176152,"ok"
"S6_linear_high_noise",476,21070476,1,"scenario_matched_gap_adjusted_did","linear_gap",2,-0.0733548740050082,-0.151762786584026,-0.0784079125790182,1.92664512599499,2.07840791257902,0.0784079125790185,0.0784079125790185,0.006147800754999,-0.0151762786584026,NA,0.20027218908238,"ok"
"S6_linear_high_noise",477,21070477,1,"scenario_matched_gap_adjusted_did","linear_gap",2,0.0686009454248977,-0.488499720154248,-0.557100665579145,2.0686009454249,2.55710066557915,0.557100665579146,0.557100665579146,0.310361151588727,-0.0488499720154248,NA,0.271306264469979,"ok"
"S6_linear_high_noise",478,21070478,1,"scenario_matched_gap_adjusted_did","linear_gap",2,0.449279949139309,0.432057102844792,-0.0172228462945176,2.44927994913931,2.01722284629452,0.0172228462945179,0.0172228462945179,0.000296626434484588,0.0432057102844792,NA,0.378990858815425,"ok"
"S6_linear_high_noise",479,21070479,1,"scenario_matched_gap_adjusted_did","linear_gap",2,0.101024826313813,-0.0217751880680365,-0.12280001438185,2.10102482631381,2.12280001438185,0.12280001438185,0.12280001438185,0.0150798435321826,-0.00217751880680365,NA,0.376291503075874,"ok"
"S6_linear_high_noise",480,21070480,1,"scenario_matched_gap_adjusted_did","linear_gap",2,0.455263947897959,0.18466668568669,-0.27059726221127,2.45526394789796,2.27059726221127,0.27059726221127,0.27059726221127,0.0732228783162346,0.018466668568669,NA,0.456365812906555,"ok"
"S6_linear_high_noise",481,21070481,1,"scenario_matched_gap_adjusted_did","linear_gap",2,0.477197883046781,0.330172485439925,-0.147025397606856,2.47719788304678,2.14702539760686,0.147025397606857,0.147025397606857,0.0216164675414542,0.0330172485439925,NA,0.299129744599934,"ok"
"S6_linear_high_noise",482,21070482,1,"scenario_matched_gap_adjusted_did","linear_gap",2,0.492460230574387,0.824989567721696,0.332529337147309,2.49246023057439,1.66747066285269,-0.332529337147309,0.332529337147309,0.110575760063629,0.0824989567721696,NA,0.37547102526092,"ok"
"S6_linear_high_noise",483,21070483,1,"scenario_matched_gap_adjusted_did","linear_gap",2,0.377029978419183,0.309708834189562,-0.0673211442296209,2.37702997841918,2.06732114422962,0.0673211442296209,0.0673211442296209,0.00453213646038542,0.0309708834189562,NA,0.434620732328321,"ok"
"S6_linear_high_noise",484,21070484,1,"scenario_matched_gap_adjusted_did","linear_gap",2,-0.00509868494043031,-0.12697715684384,-0.121878471903409,1.99490131505957,2.12187847190341,0.121878471903409,0.121878471903409,0.0148543619135102,-0.012697715684384,NA,0.400472275875918,"ok"
"S6_linear_high_noise",485,21070485,1,"scenario_matched_gap_adjusted_did","linear_gap",2,0.312885975133729,-0.212906391564794,-0.525792366698523,2.31288597513373,2.52579236669852,0.525792366698523,0.525792366698523,0.276457612878434,-0.0212906391564794,NA,0.50978488932895,"ok"
"S6_linear_high_noise",486,21070486,1,"scenario_matched_gap_adjusted_did","linear_gap",2,0.152067423346526,0.398493499322135,0.246426075975609,2.15206742334653,1.75357392402439,-0.246426075975609,0.246426075975609,0.0607258109207366,0.0398493499322134,NA,0.380254791590825,"ok"
"S6_linear_high_noise",487,21070487,1,"scenario_matched_gap_adjusted_did","linear_gap",2,0.0674292718533495,0.510203989341762,0.442774717488413,2.06742927185335,1.55722528251159,-0.442774717488413,0.442774717488413,0.196049450446944,0.0510203989341763,NA,0.366557187586863,"ok"
"S6_linear_high_noise",488,21070488,1,"scenario_matched_gap_adjusted_did","linear_gap",2,0.682483200285181,0.111739003565151,-0.57074419672003,2.68248320028518,2.57074419672003,0.570744196720029,0.570744196720029,0.325748938089591,0.0111739003565151,NA,0.376312805768623,"ok"
"S6_linear_high_noise",489,21070489,1,"scenario_matched_gap_adjusted_did","linear_gap",2,0.259830665238023,-0.275806237351946,-0.535636902589968,2.25983066523802,2.53563690258997,0.535636902589968,0.535636902589968,0.286906891416175,-0.0275806237351946,NA,0.425462193799083,"ok"
"S6_linear_high_noise",490,21070490,1,"scenario_matched_gap_adjusted_did","linear_gap",2,0.177066862498552,0.214492755761033,0.0374258932624816,2.17706686249855,1.96257410673752,-0.0374258932624818,0.0374258932624818,0.00140069748649468,0.0214492755761033,NA,0.516420097836664,"ok"
"S6_linear_high_noise",491,21070491,1,"scenario_matched_gap_adjusted_did","linear_gap",2,0.277169336938484,0.683888539174274,0.40671920223579,2.27716933693848,1.59328079776421,-0.40671920223579,0.40671920223579,0.165420509467317,0.0683888539174274,NA,0.346964871550832,"ok"
"S6_linear_high_noise",492,21070492,1,"scenario_matched_gap_adjusted_did","linear_gap",2,0.0779840908261325,-0.0604535317346803,-0.138437622560813,2.07798409082613,2.13843762256081,0.138437622560813,0.138437622560813,0.0191649753402901,-0.00604535317346803,NA,0.363734806047738,"ok"
"S6_linear_high_noise",493,21070493,1,"scenario_matched_gap_adjusted_did","linear_gap",2,0.178155231879488,-0.107980404802517,-0.286135636682005,2.17815523187949,2.28613563668201,0.286135636682005,0.286135636682005,0.0818736025794164,-0.0107980404802517,NA,0.396927128134757,"ok"
"S6_linear_high_noise",494,21070494,1,"scenario_matched_gap_adjusted_did","linear_gap",2,0.237215299510182,0.445410435795058,0.208195136284877,2.23721529951018,1.79180486371512,-0.208195136284877,0.208195136284877,0.0433452147726785,0.0445410435795058,NA,0.381182455033119,"ok"
"S6_linear_high_noise",495,21070495,1,"scenario_matched_gap_adjusted_did","linear_gap",2,0.340107260022159,0.445247101299314,0.105139841277155,2.34010726002216,1.89486015872285,-0.105139841277155,0.105139841277155,0.0110543862237853,0.0445247101299314,NA,0.461924637892517,"ok"
"S6_linear_high_noise",496,21070496,1,"scenario_matched_gap_adjusted_did","linear_gap",2,0.474791775080757,-0.113129817159665,-0.587921592240422,2.47479177508076,2.58792159224042,0.587921592240422,0.587921592240422,0.345651798622513,-0.0113129817159665,NA,0.421657306166384,"ok"
"S6_linear_high_noise",497,21070497,1,"scenario_matched_gap_adjusted_did","linear_gap",2,0.0698344997792656,0.159931299838122,0.090096800058856,2.06983449977927,1.90990319994114,-0.090096800058856,0.090096800058856,0.00811743338084548,0.0159931299838122,NA,0.435503609945751,"ok"
"S6_linear_high_noise",498,21070498,1,"scenario_matched_gap_adjusted_did","linear_gap",2,0.231217971559468,0.940213066508957,0.708995094949489,2.23121797155947,1.29100490505051,-0.708995094949489,0.708995094949489,0.502674044662434,0.0940213066508957,NA,0.222972492931608,"ok"
"S6_linear_high_noise",499,21070499,1,"scenario_matched_gap_adjusted_did","linear_gap",2,0.519707794047448,0.613467310362519,0.0937595163150708,2.51970779404745,1.90624048368493,-0.0937595163150706,0.0937595163150706,0.00879084689963599,0.0613467310362519,NA,0.341518286906047,"ok"
"S6_linear_high_noise",500,21070500,1,"scenario_matched_gap_adjusted_did","linear_gap",2,0.220200504750246,0.256577947149795,0.0363774423995487,2.22020050475025,1.96362255760045,-0.0363774423995484,0.0363774423995484,0.00132331831553246,0.0256577947149795,NA,0.529768606816284,"ok"
